threshold,pathogen,best_combo,dms_f1,n_gt_positions
10,SARS-CoV-2,E*rare + Wavelet(t=1.0),0.0413,126
10,SARS-CoV-2,E*rare + Wavelet(t=1.5),0.0417,126
10,SARS-CoV-2,E*rare + Wavelet(t=2.0),0.0476,126
10,SARS-CoV-2,E*rare + KDE(p=75),0.1406,126
10,SARS-CoV-2,E*rare + KDE(p=80),0.1111,126
10,SARS-CoV-2,E*rare + KDE(p=85),0.1079,126
10,SARS-CoV-2,E*rare + SlidingTest(p=0.01),0.037,126
10,SARS-CoV-2,E*rare + SlidingTest(p=0.05),0.0359,126
10,SARS-CoV-2,E*rare + LocalContrast(z=1.0),0.0356,126
10,SARS-CoV-2,E*rare + LocalContrast(z=1.5),0.0,126
10,SARS-CoV-2,E*rare + LocalContrast(z=2.0),0.0,126
10,SARS-CoV-2,"E*rare + CUSUM(d=0.3,h=3.0)",0.0,126
10,SARS-CoV-2,"E*rare + CUSUM(d=0.5,h=4.0)",0.0,126
10,SARS-CoV-2,"E*rare + CUSUM(d=0.5,h=5.0)",0.0,126
10,SARS-CoV-2,E*rare + AdaptiveKnee,0.0,126
10,SARS-CoV-2,E*rare + ScoreDBSCAN(ep=8),0.2069,126
10,SARS-CoV-2,E*rare + ScoreDBSCAN(ep=15),0.1997,126
10,SARS-CoV-2,E*rare + Spectral(z=1.5),0.0,126
10,SARS-CoV-2,E*rare + Spectral(z=2.0),0.0,126
10,SARS-CoV-2,E*rare + Bayes(prior=0.1),0.0,126
10,SARS-CoV-2,E*rare + Bayes(prior=0.15),0.0,126
10,SARS-CoV-2,E*rare + Ensemble(v>=2),0.0669,126
10,SARS-CoV-2,E*rare + Ensemble(v>=3),0.0,126
10,SARS-CoV-2,E*rare + AdaptWin(s=90),0.1797,126
10,SARS-CoV-2,E*rare + AdaptWin(s=85),0.1902,126
10,SARS-CoV-2,E*rare + FreqThresh(p=80),0.1657,126
10,SARS-CoV-2,E*rare + FreqThresh(p=85),0.129,126
10,SARS-CoV-2,E*rare + FreqThresh(p=90),0.0669,126
10,SARS-CoV-2,E*rare + FreqThresh(p=95),0.0,126
10,SARS-CoV-2,"E*rare + SWAN(w=10,k=1.0)",0.0667,126
10,SARS-CoV-2,"E*rare + SWAN(w=10,k=1.5)",0.0538,126
10,SARS-CoV-2,"E*rare + SWAN(w=10,k=2.0)",0.0274,126
10,SARS-CoV-2,"E*rare + SWAN(w=20,k=1.0)",0.1238,126
10,SARS-CoV-2,"E*rare + SWAN(w=20,k=1.5)",0.0549,126
10,SARS-CoV-2,"E*rare + SWAN(w=20,k=2.0)",0.0267,126
10,SARS-CoV-2,"E*rare + SWAN(w=50,k=1.0)",0.163,126
10,SARS-CoV-2,"E*rare + SWAN(w=50,k=1.5)",0.1041,126
10,SARS-CoV-2,"E*rare + SWAN(w=50,k=2.0)",0.0729,126
10,SARS-CoV-2,P*E*rare + Wavelet(t=1.0),0.1423,126
10,SARS-CoV-2,P*E*rare + Wavelet(t=1.5),0.0962,126
10,SARS-CoV-2,P*E*rare + Wavelet(t=2.0),0.0565,126
10,SARS-CoV-2,P*E*rare + KDE(p=75),0.1633,126
10,SARS-CoV-2,P*E*rare + KDE(p=80),0.1693,126
10,SARS-CoV-2,P*E*rare + KDE(p=85),0.1778,126
10,SARS-CoV-2,P*E*rare + SlidingTest(p=0.01),0.0272,126
10,SARS-CoV-2,P*E*rare + SlidingTest(p=0.05),0.0272,126
10,SARS-CoV-2,P*E*rare + LocalContrast(z=1.0),0.0776,126
10,SARS-CoV-2,P*E*rare + LocalContrast(z=1.5),0.0,126
10,SARS-CoV-2,P*E*rare + LocalContrast(z=2.0),0.0,126
10,SARS-CoV-2,"P*E*rare + CUSUM(d=0.3,h=3.0)",0.0,126
10,SARS-CoV-2,"P*E*rare + CUSUM(d=0.5,h=4.0)",0.0,126
10,SARS-CoV-2,"P*E*rare + CUSUM(d=0.5,h=5.0)",0.0,126
10,SARS-CoV-2,P*E*rare + AdaptiveKnee,0.0,126
10,SARS-CoV-2,P*E*rare + ScoreDBSCAN(ep=8),0.1932,126
10,SARS-CoV-2,P*E*rare + ScoreDBSCAN(ep=15),0.1932,126
10,SARS-CoV-2,P*E*rare + Spectral(z=1.5),0.0292,126
10,SARS-CoV-2,P*E*rare + Spectral(z=2.0),0.0148,126
10,SARS-CoV-2,P*E*rare + Bayes(prior=0.1),0.0,126
10,SARS-CoV-2,P*E*rare + Bayes(prior=0.15),0.0,126
10,SARS-CoV-2,P*E*rare + Ensemble(v>=2),0.073,126
10,SARS-CoV-2,P*E*rare + Ensemble(v>=3),0.0,126
10,SARS-CoV-2,P*E*rare + AdaptWin(s=90),0.1793,126
10,SARS-CoV-2,P*E*rare + AdaptWin(s=85),0.1838,126
10,SARS-CoV-2,P*E*rare + FreqThresh(p=80),0.1657,126
10,SARS-CoV-2,P*E*rare + FreqThresh(p=85),0.1282,126
10,SARS-CoV-2,P*E*rare + FreqThresh(p=90),0.0662,126
10,SARS-CoV-2,P*E*rare + FreqThresh(p=95),0.0,126
10,SARS-CoV-2,"P*E*rare + SWAN(w=10,k=1.0)",0.0,126
10,SARS-CoV-2,"P*E*rare + SWAN(w=10,k=1.5)",0.0,126
10,SARS-CoV-2,"P*E*rare + SWAN(w=10,k=2.0)",0.0,126
10,SARS-CoV-2,"P*E*rare + SWAN(w=20,k=1.0)",0.0,126
10,SARS-CoV-2,"P*E*rare + SWAN(w=20,k=1.5)",0.0,126
10,SARS-CoV-2,"P*E*rare + SWAN(w=20,k=2.0)",0.0,126
10,SARS-CoV-2,"P*E*rare + SWAN(w=50,k=1.0)",0.0,126
10,SARS-CoV-2,"P*E*rare + SWAN(w=50,k=1.5)",0.0,126
10,SARS-CoV-2,"P*E*rare + SWAN(w=50,k=2.0)",0.0,126
10,SARS-CoV-2,minority_E + Wavelet(t=1.0),0.0753,126
10,SARS-CoV-2,minority_E + Wavelet(t=1.5),0.0455,126
10,SARS-CoV-2,minority_E + Wavelet(t=2.0),0.0113,126
10,SARS-CoV-2,minority_E + KDE(p=75),0.1361,126
10,SARS-CoV-2,minority_E + KDE(p=80),0.1005,126
10,SARS-CoV-2,minority_E + KDE(p=85),0.0889,126
10,SARS-CoV-2,minority_E + SlidingTest(p=0.01),0.0255,126
10,SARS-CoV-2,minority_E + SlidingTest(p=0.05),0.0776,126
10,SARS-CoV-2,minority_E + GradPeak(p=0.2),0.0,126
10,SARS-CoV-2,minority_E + LocalContrast(z=1.0),0.025,126
10,SARS-CoV-2,minority_E + LocalContrast(z=1.5),0.0179,126
10,SARS-CoV-2,minority_E + LocalContrast(z=2.0),0.0096,126
10,SARS-CoV-2,"minority_E + CUSUM(d=0.3,h=3.0)",0.0107,126
10,SARS-CoV-2,"minority_E + CUSUM(d=0.5,h=4.0)",0.0,126
10,SARS-CoV-2,"minority_E + CUSUM(d=0.5,h=5.0)",0.0,126
10,SARS-CoV-2,minority_E + AdaptiveKnee,0.0093,126
10,SARS-CoV-2,minority_E + ScoreDBSCAN(ep=8),0.1929,126
10,SARS-CoV-2,minority_E + ScoreDBSCAN(ep=15),0.192,126
10,SARS-CoV-2,minority_E + Spectral(z=1.5),0.0092,126
10,SARS-CoV-2,minority_E + Spectral(z=2.0),0.01,126
10,SARS-CoV-2,minority_E + Bayes(prior=0.1),0.01,126
10,SARS-CoV-2,minority_E + Bayes(prior=0.15),0.0093,126
10,SARS-CoV-2,minority_E + Ensemble(v>=2),0.0159,126
10,SARS-CoV-2,minority_E + Ensemble(v>=3),0.0092,126
10,SARS-CoV-2,minority_E + AdaptWin(s=90),0.156,126
10,SARS-CoV-2,minority_E + AdaptWin(s=85),0.1957,126
10,SARS-CoV-2,minority_E + FreqThresh(p=80),0.0632,126
10,SARS-CoV-2,minority_E + FreqThresh(p=85),0.0253,126
10,SARS-CoV-2,minority_E + FreqThresh(p=90),0.0159,126
10,SARS-CoV-2,minority_E + FreqThresh(p=95),0.0106,126
10,SARS-CoV-2,"minority_E + SWAN(w=10,k=1.0)",0.0,126
10,SARS-CoV-2,"minority_E + SWAN(w=10,k=1.5)",0.0,126
10,SARS-CoV-2,"minority_E + SWAN(w=10,k=2.0)",0.0,126
10,SARS-CoV-2,"minority_E + SWAN(w=20,k=1.0)",0.0105,126
10,SARS-CoV-2,"minority_E + SWAN(w=20,k=1.5)",0.0114,126
10,SARS-CoV-2,"minority_E + SWAN(w=20,k=2.0)",0.0,126
10,SARS-CoV-2,"minority_E + SWAN(w=50,k=1.0)",0.0,126
10,SARS-CoV-2,"minority_E + SWAN(w=50,k=1.5)",0.0,126
10,SARS-CoV-2,"minority_E + SWAN(w=50,k=2.0)",0.0,126
10,SARS-CoV-2,minority_E + MutClust-Orig(g=10),0.1635,126
10,SARS-CoV-2,P*minority_E + Wavelet(t=1.0),0.024,126
10,SARS-CoV-2,P*minority_E + Wavelet(t=1.5),0.0,126
10,SARS-CoV-2,P*minority_E + Wavelet(t=2.0),0.0,126
10,SARS-CoV-2,P*minority_E + KDE(p=75),0.0862,126
10,SARS-CoV-2,P*minority_E + KDE(p=80),0.0794,126
10,SARS-CoV-2,P*minority_E + KDE(p=85),0.0381,126
10,SARS-CoV-2,P*minority_E + SlidingTest(p=0.01),0.012,126
10,SARS-CoV-2,P*minority_E + SlidingTest(p=0.05),0.0413,126
10,SARS-CoV-2,P*minority_E + LocalContrast(z=1.0),0.0169,126
10,SARS-CoV-2,P*minority_E + LocalContrast(z=1.5),0.0181,126
10,SARS-CoV-2,P*minority_E + LocalContrast(z=2.0),0.0096,126
10,SARS-CoV-2,"P*minority_E + CUSUM(d=0.3,h=3.0)",0.0,126
10,SARS-CoV-2,"P*minority_E + CUSUM(d=0.5,h=4.0)",0.0,126
10,SARS-CoV-2,"P*minority_E + CUSUM(d=0.5,h=5.0)",0.0,126
10,SARS-CoV-2,P*minority_E + AdaptiveKnee,0.0093,126
10,SARS-CoV-2,P*minority_E + ScoreDBSCAN(ep=8),0.1925,126
10,SARS-CoV-2,P*minority_E + ScoreDBSCAN(ep=15),0.1916,126
10,SARS-CoV-2,P*minority_E + Spectral(z=1.5),0.0094,126
10,SARS-CoV-2,P*minority_E + Spectral(z=2.0),0.0103,126
10,SARS-CoV-2,P*minority_E + Bayes(prior=0.1),0.0102,126
10,SARS-CoV-2,P*minority_E + Bayes(prior=0.15),0.0094,126
10,SARS-CoV-2,P*minority_E + Ensemble(v>=2),0.0079,126
10,SARS-CoV-2,P*minority_E + Ensemble(v>=3),0.0091,126
10,SARS-CoV-2,P*minority_E + AdaptWin(s=90),0.0932,126
10,SARS-CoV-2,P*minority_E + AdaptWin(s=85),0.1917,126
10,SARS-CoV-2,P*minority_E + FreqThresh(p=80),0.0526,126
10,SARS-CoV-2,P*minority_E + FreqThresh(p=85),0.0251,126
10,SARS-CoV-2,P*minority_E + FreqThresh(p=90),0.0079,126
10,SARS-CoV-2,P*minority_E + FreqThresh(p=95),0.0106,126
10,SARS-CoV-2,"P*minority_E + SWAN(w=10,k=1.0)",0.0,126
10,SARS-CoV-2,"P*minority_E + SWAN(w=10,k=1.5)",0.0,126
10,SARS-CoV-2,"P*minority_E + SWAN(w=10,k=2.0)",0.0,126
10,SARS-CoV-2,"P*minority_E + SWAN(w=20,k=1.0)",0.0109,126
10,SARS-CoV-2,"P*minority_E + SWAN(w=20,k=1.5)",0.0,126
10,SARS-CoV-2,"P*minority_E + SWAN(w=20,k=2.0)",0.0,126
10,SARS-CoV-2,"P*minority_E + SWAN(w=50,k=1.0)",0.0,126
10,SARS-CoV-2,"P*minority_E + SWAN(w=50,k=1.5)",0.0,126
10,SARS-CoV-2,"P*minority_E + SWAN(w=50,k=2.0)",0.0,126
10,SARS-CoV-2,P*minority_E + MutClust-Orig(g=10),0.1462,126
10,SARS-CoV-2,P*E + Wavelet(t=1.0),0.0643,126
10,SARS-CoV-2,P*E + Wavelet(t=1.5),0.0191,126
10,SARS-CoV-2,P*E + Wavelet(t=2.0),0.0,126
10,SARS-CoV-2,P*E + KDE(p=75),0.0998,126
10,SARS-CoV-2,P*E + KDE(p=80),0.0688,126
10,SARS-CoV-2,P*E + KDE(p=85),0.0571,126
10,SARS-CoV-2,P*E + SlidingTest(p=0.01),0.0133,126
10,SARS-CoV-2,P*E + SlidingTest(p=0.05),0.039,126
10,SARS-CoV-2,P*E + GradPeak(p=0.2),0.0,126
10,SARS-CoV-2,P*E + LocalContrast(z=1.0),0.0084,126
10,SARS-CoV-2,P*E + LocalContrast(z=1.5),0.009,126
10,SARS-CoV-2,P*E + LocalContrast(z=2.0),0.0095,126
10,SARS-CoV-2,"P*E + CUSUM(d=0.3,h=3.0)",0.0,126
10,SARS-CoV-2,"P*E + CUSUM(d=0.5,h=4.0)",0.0,126
10,SARS-CoV-2,"P*E + CUSUM(d=0.5,h=5.0)",0.0,126
10,SARS-CoV-2,P*E + AdaptiveKnee,0.0093,126
10,SARS-CoV-2,P*E + ScoreDBSCAN(ep=8),0.1929,126
10,SARS-CoV-2,P*E + ScoreDBSCAN(ep=15),0.1925,126
10,SARS-CoV-2,P*E + Spectral(z=1.5),0.0096,126
10,SARS-CoV-2,P*E + Spectral(z=2.0),0.0102,126
10,SARS-CoV-2,P*E + Bayes(prior=0.1),0.01,126
10,SARS-CoV-2,P*E + Bayes(prior=0.15),0.0093,126
10,SARS-CoV-2,P*E + Ensemble(v>=2),0.0078,126
10,SARS-CoV-2,P*E + Ensemble(v>=3),0.0091,126
10,SARS-CoV-2,P*E + AdaptWin(s=90),0.1563,126
10,SARS-CoV-2,P*E + AdaptWin(s=85),0.1869,126
10,SARS-CoV-2,P*E + FreqThresh(p=80),0.0847,126
10,SARS-CoV-2,P*E + FreqThresh(p=85),0.0306,126
10,SARS-CoV-2,P*E + FreqThresh(p=90),0.0079,126
10,SARS-CoV-2,P*E + FreqThresh(p=95),0.0105,126
10,SARS-CoV-2,"P*E + SWAN(w=10,k=1.0)",0.0,126
10,SARS-CoV-2,"P*E + SWAN(w=10,k=1.5)",0.0,126
10,SARS-CoV-2,"P*E + SWAN(w=10,k=2.0)",0.0,126
10,SARS-CoV-2,"P*E + SWAN(w=20,k=1.0)",0.0,126
10,SARS-CoV-2,"P*E + SWAN(w=20,k=1.5)",0.0,126
10,SARS-CoV-2,"P*E + SWAN(w=20,k=2.0)",0.0,126
10,SARS-CoV-2,"P*E + SWAN(w=50,k=1.0)",0.0,126
10,SARS-CoV-2,"P*E + SWAN(w=50,k=1.5)",0.0,126
10,SARS-CoV-2,"P*E + SWAN(w=50,k=2.0)",0.0,126
10,SARS-CoV-2,P*E + MutClust-Orig(g=10),0.1769,126
10,SARS-CoV-2,H-score + Wavelet(t=1.0),0.0872,126
10,SARS-CoV-2,H-score + Wavelet(t=1.5),0.0379,126
10,SARS-CoV-2,H-score + Wavelet(t=2.0),0.0364,126
10,SARS-CoV-2,H-score + KDE(p=75),0.1859,126
10,SARS-CoV-2,H-score + KDE(p=80),0.1693,126
10,SARS-CoV-2,H-score + KDE(p=85),0.1397,126
10,SARS-CoV-2,H-score + SlidingTest(p=0.01),0.038,126
10,SARS-CoV-2,H-score + SlidingTest(p=0.05),0.0845,126
10,SARS-CoV-2,H-score + GradPeak(p=0.2),0.0526,126
10,SARS-CoV-2,H-score + GradPeak(p=0.5),0.0526,126
10,SARS-CoV-2,H-score + LocalContrast(z=1.0),0.0084,126
10,SARS-CoV-2,H-score + LocalContrast(z=1.5),0.0086,126
10,SARS-CoV-2,H-score + LocalContrast(z=2.0),0.0091,126
10,SARS-CoV-2,"H-score + CUSUM(d=0.3,h=3.0)",0.0101,126
10,SARS-CoV-2,"H-score + CUSUM(d=0.5,h=4.0)",0.0,126
10,SARS-CoV-2,"H-score + CUSUM(d=0.5,h=5.0)",0.0,126
10,SARS-CoV-2,H-score + AdaptiveKnee,0.009,126
10,SARS-CoV-2,H-score + ScoreDBSCAN(ep=8),0.1936,126
10,SARS-CoV-2,H-score + ScoreDBSCAN(ep=15),0.1928,126
10,SARS-CoV-2,H-score + Spectral(z=1.5),0.0089,126
10,SARS-CoV-2,H-score + Spectral(z=2.0),0.0095,126
10,SARS-CoV-2,H-score + Bayes(prior=0.1),0.0093,126
10,SARS-CoV-2,H-score + Bayes(prior=0.15),0.0093,126
10,SARS-CoV-2,H-score + Ensemble(v>=2),0.0078,126
10,SARS-CoV-2,H-score + Ensemble(v>=3),0.0091,126
10,SARS-CoV-2,H-score + AdaptWin(s=90),0.1563,126
10,SARS-CoV-2,H-score + AdaptWin(s=85),0.1869,126
10,SARS-CoV-2,H-score + FreqThresh(p=80),0.0847,126
10,SARS-CoV-2,H-score + FreqThresh(p=85),0.0306,126
10,SARS-CoV-2,H-score + FreqThresh(p=90),0.0079,126
10,SARS-CoV-2,H-score + FreqThresh(p=95),0.0105,126
10,SARS-CoV-2,"H-score + SWAN(w=10,k=1.0)",0.0,126
10,SARS-CoV-2,"H-score + SWAN(w=10,k=1.5)",0.0,126
10,SARS-CoV-2,"H-score + SWAN(w=10,k=2.0)",0.0,126
10,SARS-CoV-2,"H-score + SWAN(w=20,k=1.0)",0.0102,126
10,SARS-CoV-2,"H-score + SWAN(w=20,k=1.5)",0.0113,126
10,SARS-CoV-2,"H-score + SWAN(w=20,k=2.0)",0.0,126
10,SARS-CoV-2,"H-score + SWAN(w=50,k=1.0)",0.0108,126
10,SARS-CoV-2,"H-score + SWAN(w=50,k=1.5)",0.012,126
10,SARS-CoV-2,"H-score + SWAN(w=50,k=2.0)",0.0,126
10,SARS-CoV-2,H-score + MutClust-Orig(g=10),0.1878,126
10,SARS-CoV-2,E_only + Wavelet(t=1.0),0.0665,126
10,SARS-CoV-2,E_only + Wavelet(t=1.5),0.0446,126
10,SARS-CoV-2,E_only + Wavelet(t=2.0),0.0237,126
10,SARS-CoV-2,E_only + KDE(p=75),0.1723,126
10,SARS-CoV-2,E_only + KDE(p=80),0.1693,126
10,SARS-CoV-2,E_only + KDE(p=85),0.1206,126
10,SARS-CoV-2,E_only + SlidingTest(p=0.01),0.0143,126
10,SARS-CoV-2,E_only + SlidingTest(p=0.05),0.067,126
10,SARS-CoV-2,E_only + GradPeak(p=0.2),0.0532,126
10,SARS-CoV-2,E_only + GradPeak(p=0.5),0.0,126
10,SARS-CoV-2,E_only + LocalContrast(z=1.0),0.0084,126
10,SARS-CoV-2,E_only + LocalContrast(z=1.5),0.0088,126
10,SARS-CoV-2,E_only + LocalContrast(z=2.0),0.0094,126
10,SARS-CoV-2,"E_only + CUSUM(d=0.3,h=3.0)",0.0106,126
10,SARS-CoV-2,"E_only + CUSUM(d=0.5,h=4.0)",0.0,126
10,SARS-CoV-2,"E_only + CUSUM(d=0.5,h=5.0)",0.0,126
10,SARS-CoV-2,E_only + AdaptiveKnee,0.009,126
10,SARS-CoV-2,E_only + ScoreDBSCAN(ep=8),0.195,126
10,SARS-CoV-2,E_only + ScoreDBSCAN(ep=15),0.1933,126
10,SARS-CoV-2,E_only + Spectral(z=1.5),0.0091,126
10,SARS-CoV-2,E_only + Spectral(z=2.0),0.01,126
10,SARS-CoV-2,E_only + Bayes(prior=0.1),0.0096,126
10,SARS-CoV-2,E_only + Bayes(prior=0.15),0.0093,126
10,SARS-CoV-2,E_only + Ensemble(v>=2),0.0079,126
10,SARS-CoV-2,E_only + Ensemble(v>=3),0.0093,126
10,SARS-CoV-2,E_only + AdaptWin(s=90),0.165,126
10,SARS-CoV-2,E_only + AdaptWin(s=85),0.1969,126
10,SARS-CoV-2,E_only + FreqThresh(p=80),0.1061,126
10,SARS-CoV-2,E_only + FreqThresh(p=85),0.0306,126
10,SARS-CoV-2,E_only + FreqThresh(p=90),0.0079,126
10,SARS-CoV-2,E_only + FreqThresh(p=95),0.0105,126
10,SARS-CoV-2,"E_only + SWAN(w=10,k=1.0)",0.0,126
10,SARS-CoV-2,"E_only + SWAN(w=10,k=1.5)",0.0,126
10,SARS-CoV-2,"E_only + SWAN(w=10,k=2.0)",0.0,126
10,SARS-CoV-2,"E_only + SWAN(w=20,k=1.0)",0.0103,126
10,SARS-CoV-2,"E_only + SWAN(w=20,k=1.5)",0.0,126
10,SARS-CoV-2,"E_only + SWAN(w=20,k=2.0)",0.0,126
10,SARS-CoV-2,"E_only + SWAN(w=50,k=1.0)",0.0112,126
10,SARS-CoV-2,"E_only + SWAN(w=50,k=1.5)",0.0,126
10,SARS-CoV-2,"E_only + SWAN(w=50,k=2.0)",0.0,126
10,SARS-CoV-2,E_only + MutClust-Orig(g=10),0.1849,126
10,SARS-CoV-2,P*E^2 + Wavelet(t=1.0),0.0526,126
10,SARS-CoV-2,P*E^2 + Wavelet(t=1.5),0.0271,126
10,SARS-CoV-2,P*E^2 + Wavelet(t=2.0),0.0,126
10,SARS-CoV-2,P*E^2 + KDE(p=75),0.0862,126
10,SARS-CoV-2,P*E^2 + KDE(p=80),0.0794,126
10,SARS-CoV-2,P*E^2 + KDE(p=85),0.0381,126
10,SARS-CoV-2,P*E^2 + SlidingTest(p=0.01),0.0125,126
10,SARS-CoV-2,P*E^2 + SlidingTest(p=0.05),0.0392,126
10,SARS-CoV-2,P*E^2 + GradPeak(p=0.2),0.0245,126
10,SARS-CoV-2,P*E^2 + GradPeak(p=0.5),0.0,126
10,SARS-CoV-2,P*E^2 + LocalContrast(z=1.0),0.0086,126
10,SARS-CoV-2,P*E^2 + LocalContrast(z=1.5),0.009,126
10,SARS-CoV-2,P*E^2 + LocalContrast(z=2.0),0.0096,126
10,SARS-CoV-2,"P*E^2 + CUSUM(d=0.3,h=3.0)",0.0,126
10,SARS-CoV-2,"P*E^2 + CUSUM(d=0.5,h=4.0)",0.0,126
10,SARS-CoV-2,"P*E^2 + CUSUM(d=0.5,h=5.0)",0.0,126
10,SARS-CoV-2,P*E^2 + AdaptiveKnee,0.0093,126
10,SARS-CoV-2,P*E^2 + ScoreDBSCAN(ep=8),0.1929,126
10,SARS-CoV-2,P*E^2 + ScoreDBSCAN(ep=15),0.1925,126
10,SARS-CoV-2,P*E^2 + Spectral(z=1.5),0.01,126
10,SARS-CoV-2,P*E^2 + Spectral(z=2.0),0.0107,126
10,SARS-CoV-2,P*E^2 + Bayes(prior=0.1),0.0104,126
10,SARS-CoV-2,P*E^2 + Bayes(prior=0.15),0.0094,126
10,SARS-CoV-2,P*E^2 + Ensemble(v>=2),0.0078,126
10,SARS-CoV-2,P*E^2 + Ensemble(v>=3),0.0089,126
10,SARS-CoV-2,P*E^2 + AdaptWin(s=90),0.1105,126
10,SARS-CoV-2,P*E^2 + AdaptWin(s=85),0.1814,126
10,SARS-CoV-2,P*E^2 + FreqThresh(p=80),0.1061,126
10,SARS-CoV-2,P*E^2 + FreqThresh(p=85),0.0306,126
10,SARS-CoV-2,P*E^2 + FreqThresh(p=90),0.0079,126
10,SARS-CoV-2,P*E^2 + FreqThresh(p=95),0.0104,126
10,SARS-CoV-2,"P*E^2 + SWAN(w=10,k=1.0)",0.0,126
10,SARS-CoV-2,"P*E^2 + SWAN(w=10,k=1.5)",0.0,126
10,SARS-CoV-2,"P*E^2 + SWAN(w=10,k=2.0)",0.0,126
10,SARS-CoV-2,"P*E^2 + SWAN(w=20,k=1.0)",0.0,126
10,SARS-CoV-2,"P*E^2 + SWAN(w=20,k=1.5)",0.0,126
10,SARS-CoV-2,"P*E^2 + SWAN(w=20,k=2.0)",0.0,126
10,SARS-CoV-2,"P*E^2 + SWAN(w=50,k=1.0)",0.0,126
10,SARS-CoV-2,"P*E^2 + SWAN(w=50,k=1.5)",0.0,126
10,SARS-CoV-2,"P*E^2 + SWAN(w=50,k=2.0)",0.0,126
10,SARS-CoV-2,P*E^2 + MutClust-Orig(g=10),0.181,126
10,SARS-CoV-2,rank(P*E) + Wavelet(t=1.0),0.0565,126
10,SARS-CoV-2,rank(P*E) + Wavelet(t=1.5),0.0486,126
10,SARS-CoV-2,rank(P*E) + Wavelet(t=2.0),0.0357,126
10,SARS-CoV-2,rank(P*E) + KDE(p=75),0.2313,126
10,SARS-CoV-2,rank(P*E) + KDE(p=80),0.2487,126
10,SARS-CoV-2,rank(P*E) + KDE(p=85),0.1905,126
10,SARS-CoV-2,rank(P*E) + SlidingTest(p=0.01),0.1958,126
10,SARS-CoV-2,rank(P*E) + SlidingTest(p=0.05),0.1757,126
10,SARS-CoV-2,rank(P*E) + GradPeak(p=0.2),0.0339,126
10,SARS-CoV-2,rank(P*E) + GradPeak(p=0.5),0.0,126
10,SARS-CoV-2,rank(P*E) + LocalContrast(z=1.0),0.0397,126
10,SARS-CoV-2,rank(P*E) + LocalContrast(z=1.5),0.0093,126
10,SARS-CoV-2,rank(P*E) + LocalContrast(z=2.0),0.0121,126
10,SARS-CoV-2,"rank(P*E) + CUSUM(d=0.3,h=3.0)",0.0674,126
10,SARS-CoV-2,"rank(P*E) + CUSUM(d=0.5,h=4.0)",0.0,126
10,SARS-CoV-2,"rank(P*E) + CUSUM(d=0.5,h=5.0)",0.0292,126
10,SARS-CoV-2,rank(P*E) + AdaptiveKnee,0.1698,126
10,SARS-CoV-2,rank(P*E) + ScoreDBSCAN(ep=8),0.1435,126
10,SARS-CoV-2,rank(P*E) + ScoreDBSCAN(ep=15),0.1799,126
10,SARS-CoV-2,rank(P*E) + Spectral(z=1.5),0.0233,126
10,SARS-CoV-2,rank(P*E) + Spectral(z=2.0),0.01,126
10,SARS-CoV-2,rank(P*E) + Ensemble(v>=2),0.0077,126
10,SARS-CoV-2,rank(P*E) + Ensemble(v>=3),0.0092,126
10,SARS-CoV-2,rank(P*E) + AdaptWin(s=90),0.1105,126
10,SARS-CoV-2,rank(P*E) + AdaptWin(s=85),0.18,126
10,SARS-CoV-2,rank(P*E) + FreqThresh(p=80),0.0847,126
10,SARS-CoV-2,rank(P*E) + FreqThresh(p=85),0.0306,126
10,SARS-CoV-2,rank(P*E) + FreqThresh(p=90),0.0079,126
10,SARS-CoV-2,rank(P*E) + FreqThresh(p=95),0.0105,126
10,SARS-CoV-2,"rank(P*E) + SWAN(w=10,k=1.0)",0.1664,126
10,SARS-CoV-2,"rank(P*E) + SWAN(w=10,k=1.5)",0.1502,126
10,SARS-CoV-2,"rank(P*E) + SWAN(w=10,k=2.0)",0.1636,126
10,SARS-CoV-2,"rank(P*E) + SWAN(w=20,k=1.0)",0.1749,126
10,SARS-CoV-2,"rank(P*E) + SWAN(w=20,k=1.5)",0.1652,126
10,SARS-CoV-2,"rank(P*E) + SWAN(w=20,k=2.0)",0.1663,126
10,SARS-CoV-2,"rank(P*E) + SWAN(w=50,k=1.0)",0.1727,126
10,SARS-CoV-2,"rank(P*E) + SWAN(w=50,k=1.5)",0.1724,126
10,SARS-CoV-2,"rank(P*E) + SWAN(w=50,k=2.0)",0.1821,126
10,SARS-CoV-2,rank(P*E) + MutClust-Orig(g=10),0.1819,126
20,SARS-CoV-2,E*rare + Wavelet(t=1.0),0.0978,252
20,SARS-CoV-2,E*rare + Wavelet(t=1.5),0.0755,252
20,SARS-CoV-2,E*rare + Wavelet(t=2.0),0.0612,252
20,SARS-CoV-2,E*rare + KDE(p=75),0.2575,252
20,SARS-CoV-2,E*rare + KDE(p=80),0.2024,252
20,SARS-CoV-2,E*rare + KDE(p=85),0.1905,252
20,SARS-CoV-2,E*rare + SlidingTest(p=0.01),0.0417,252
20,SARS-CoV-2,E*rare + SlidingTest(p=0.05),0.041,252
20,SARS-CoV-2,E*rare + LocalContrast(z=1.0),0.0513,252
20,SARS-CoV-2,E*rare + LocalContrast(z=1.5),0.0066,252
20,SARS-CoV-2,E*rare + LocalContrast(z=2.0),0.007,252
20,SARS-CoV-2,"E*rare + CUSUM(d=0.3,h=3.0)",0.0,252
20,SARS-CoV-2,"E*rare + CUSUM(d=0.5,h=4.0)",0.0,252
20,SARS-CoV-2,"E*rare + CUSUM(d=0.5,h=5.0)",0.0,252
20,SARS-CoV-2,E*rare + AdaptiveKnee,0.0,252
20,SARS-CoV-2,E*rare + ScoreDBSCAN(ep=8),0.3516,252
20,SARS-CoV-2,E*rare + ScoreDBSCAN(ep=15),0.3527,252
20,SARS-CoV-2,E*rare + Spectral(z=1.5),0.0142,252
20,SARS-CoV-2,E*rare + Spectral(z=2.0),0.0073,252
20,SARS-CoV-2,E*rare + Bayes(prior=0.1),0.0,252
20,SARS-CoV-2,E*rare + Bayes(prior=0.15),0.0,252
20,SARS-CoV-2,E*rare + Ensemble(v>=2),0.0759,252
20,SARS-CoV-2,E*rare + Ensemble(v>=3),0.0,252
20,SARS-CoV-2,E*rare + AdaptWin(s=90),0.2975,252
20,SARS-CoV-2,E*rare + AdaptWin(s=85),0.3044,252
20,SARS-CoV-2,E*rare + FreqThresh(p=80),0.1844,252
20,SARS-CoV-2,E*rare + FreqThresh(p=85),0.133,252
20,SARS-CoV-2,E*rare + FreqThresh(p=90),0.0759,252
20,SARS-CoV-2,E*rare + FreqThresh(p=95),0.0,252
20,SARS-CoV-2,"E*rare + SWAN(w=10,k=1.0)",0.071,252
20,SARS-CoV-2,"E*rare + SWAN(w=10,k=1.5)",0.0577,252
20,SARS-CoV-2,"E*rare + SWAN(w=10,k=2.0)",0.0368,252
20,SARS-CoV-2,"E*rare + SWAN(w=20,k=1.0)",0.1663,252
20,SARS-CoV-2,"E*rare + SWAN(w=20,k=1.5)",0.0714,252
20,SARS-CoV-2,"E*rare + SWAN(w=20,k=2.0)",0.058,252
20,SARS-CoV-2,"E*rare + SWAN(w=50,k=1.0)",0.231,252
20,SARS-CoV-2,"E*rare + SWAN(w=50,k=1.5)",0.157,252
20,SARS-CoV-2,"E*rare + SWAN(w=50,k=2.0)",0.1069,252
20,SARS-CoV-2,P*E*rare + Wavelet(t=1.0),0.2111,252
20,SARS-CoV-2,P*E*rare + Wavelet(t=1.5),0.1617,252
20,SARS-CoV-2,P*E*rare + Wavelet(t=2.0),0.1056,252
20,SARS-CoV-2,P*E*rare + KDE(p=75),0.3034,252
20,SARS-CoV-2,P*E*rare + KDE(p=80),0.2817,252
20,SARS-CoV-2,P*E*rare + KDE(p=85),0.263,252
20,SARS-CoV-2,P*E*rare + SlidingTest(p=0.01),0.0366,252
20,SARS-CoV-2,P*E*rare + SlidingTest(p=0.05),0.0366,252
20,SARS-CoV-2,P*E*rare + LocalContrast(z=1.0),0.0894,252
20,SARS-CoV-2,P*E*rare + LocalContrast(z=1.5),0.0065,252
20,SARS-CoV-2,P*E*rare + LocalContrast(z=2.0),0.0068,252
20,SARS-CoV-2,"P*E*rare + CUSUM(d=0.3,h=3.0)",0.0,252
20,SARS-CoV-2,"P*E*rare + CUSUM(d=0.5,h=4.0)",0.0,252
20,SARS-CoV-2,"P*E*rare + CUSUM(d=0.5,h=5.0)",0.0,252
20,SARS-CoV-2,P*E*rare + AdaptiveKnee,0.0,252
20,SARS-CoV-2,P*E*rare + ScoreDBSCAN(ep=8),0.3423,252
20,SARS-CoV-2,P*E*rare + ScoreDBSCAN(ep=15),0.3423,252
20,SARS-CoV-2,P*E*rare + Spectral(z=1.5),0.0304,252
20,SARS-CoV-2,P*E*rare + Spectral(z=2.0),0.023,252
20,SARS-CoV-2,P*E*rare + Bayes(prior=0.1),0.0,252
20,SARS-CoV-2,P*E*rare + Bayes(prior=0.15),0.0,252
20,SARS-CoV-2,P*E*rare + Ensemble(v>=2),0.08,252
20,SARS-CoV-2,P*E*rare + Ensemble(v>=3),0.0,252
20,SARS-CoV-2,P*E*rare + AdaptWin(s=90),0.2905,252
20,SARS-CoV-2,P*E*rare + AdaptWin(s=85),0.2956,252
20,SARS-CoV-2,P*E*rare + FreqThresh(p=80),0.1844,252
20,SARS-CoV-2,P*E*rare + FreqThresh(p=85),0.1324,252
20,SARS-CoV-2,P*E*rare + FreqThresh(p=90),0.0754,252
20,SARS-CoV-2,P*E*rare + FreqThresh(p=95),0.0,252
20,SARS-CoV-2,"P*E*rare + SWAN(w=10,k=1.0)",0.0,252
20,SARS-CoV-2,"P*E*rare + SWAN(w=10,k=1.5)",0.0,252
20,SARS-CoV-2,"P*E*rare + SWAN(w=10,k=2.0)",0.0,252
20,SARS-CoV-2,"P*E*rare + SWAN(w=20,k=1.0)",0.0,252
20,SARS-CoV-2,"P*E*rare + SWAN(w=20,k=1.5)",0.0,252
20,SARS-CoV-2,"P*E*rare + SWAN(w=20,k=2.0)",0.0,252
20,SARS-CoV-2,"P*E*rare + SWAN(w=50,k=1.0)",0.0,252
20,SARS-CoV-2,"P*E*rare + SWAN(w=50,k=1.5)",0.0,252
20,SARS-CoV-2,"P*E*rare + SWAN(w=50,k=2.0)",0.0,252
20,SARS-CoV-2,minority_E + Wavelet(t=1.0),0.1435,252
20,SARS-CoV-2,minority_E + Wavelet(t=1.5),0.104,252
20,SARS-CoV-2,minority_E + Wavelet(t=2.0),0.066,252
20,SARS-CoV-2,minority_E + KDE(p=75),0.1975,252
20,SARS-CoV-2,minority_E + KDE(p=80),0.1548,252
20,SARS-CoV-2,minority_E + KDE(p=85),0.1134,252
20,SARS-CoV-2,minority_E + SlidingTest(p=0.01),0.0353,252
20,SARS-CoV-2,minority_E + SlidingTest(p=0.05),0.1229,252
20,SARS-CoV-2,minority_E + GradPeak(p=0.2),0.0,252
20,SARS-CoV-2,minority_E + LocalContrast(z=1.0),0.082,252
20,SARS-CoV-2,minority_E + LocalContrast(z=1.5),0.0573,252
20,SARS-CoV-2,minority_E + LocalContrast(z=2.0),0.0478,252
20,SARS-CoV-2,"minority_E + CUSUM(d=0.3,h=3.0)",0.0256,252
20,SARS-CoV-2,"minority_E + CUSUM(d=0.5,h=4.0)",0.0222,252
20,SARS-CoV-2,"minority_E + CUSUM(d=0.5,h=5.0)",0.015,252
20,SARS-CoV-2,minority_E + AdaptiveKnee,0.0526,252
20,SARS-CoV-2,minority_E + ScoreDBSCAN(ep=8),0.3418,252
20,SARS-CoV-2,minority_E + ScoreDBSCAN(ep=15),0.3403,252
20,SARS-CoV-2,minority_E + Spectral(z=1.5),0.0523,252
20,SARS-CoV-2,minority_E + Spectral(z=2.0),0.0368,252
20,SARS-CoV-2,minority_E + Bayes(prior=0.1),0.0368,252
20,SARS-CoV-2,minority_E + Bayes(prior=0.15),0.0529,252
20,SARS-CoV-2,minority_E + Ensemble(v>=2),0.0688,252
20,SARS-CoV-2,minority_E + Ensemble(v>=3),0.0525,252
20,SARS-CoV-2,minority_E + AdaptWin(s=90),0.2687,252
20,SARS-CoV-2,minority_E + AdaptWin(s=85),0.3385,252
20,SARS-CoV-2,minority_E + FreqThresh(p=80),0.1383,252
20,SARS-CoV-2,minority_E + FreqThresh(p=85),0.095,252
20,SARS-CoV-2,minority_E + FreqThresh(p=90),0.0688,252
20,SARS-CoV-2,minority_E + FreqThresh(p=95),0.0254,252
20,SARS-CoV-2,"minority_E + SWAN(w=10,k=1.0)",0.038,252
20,SARS-CoV-2,"minority_E + SWAN(w=10,k=1.5)",0.0403,252
20,SARS-CoV-2,"minority_E + SWAN(w=10,k=2.0)",0.0424,252
20,SARS-CoV-2,"minority_E + SWAN(w=20,k=1.0)",0.0506,252
20,SARS-CoV-2,"minority_E + SWAN(w=20,k=1.5)",0.0464,252
20,SARS-CoV-2,"minority_E + SWAN(w=20,k=2.0)",0.0213,252
20,SARS-CoV-2,"minority_E + SWAN(w=50,k=1.0)",0.0392,252
20,SARS-CoV-2,"minority_E + SWAN(w=50,k=1.5)",0.0283,252
20,SARS-CoV-2,"minority_E + SWAN(w=50,k=2.0)",0.0293,252
20,SARS-CoV-2,minority_E + MutClust-Orig(g=10),0.3053,252
20,SARS-CoV-2,P*minority_E + Wavelet(t=1.0),0.0638,252
20,SARS-CoV-2,P*minority_E + Wavelet(t=1.5),0.0368,252
20,SARS-CoV-2,P*minority_E + Wavelet(t=2.0),0.0066,252
20,SARS-CoV-2,P*minority_E + KDE(p=75),0.1235,252
20,SARS-CoV-2,P*minority_E + KDE(p=80),0.0952,252
20,SARS-CoV-2,P*minority_E + KDE(p=85),0.0544,252
20,SARS-CoV-2,P*minority_E + SlidingTest(p=0.01),0.0205,252
20,SARS-CoV-2,P*minority_E + SlidingTest(p=0.05),0.0761,252
20,SARS-CoV-2,P*minority_E + LocalContrast(z=1.0),0.0663,252
20,SARS-CoV-2,P*minority_E + LocalContrast(z=1.5),0.0519,252
20,SARS-CoV-2,P*minority_E + LocalContrast(z=2.0),0.0418,252
20,SARS-CoV-2,"P*minority_E + CUSUM(d=0.3,h=3.0)",0.0207,252
20,SARS-CoV-2,"P*minority_E + CUSUM(d=0.5,h=4.0)",0.0149,252
20,SARS-CoV-2,"P*minority_E + CUSUM(d=0.5,h=5.0)",0.0075,252
20,SARS-CoV-2,P*minority_E + AdaptiveKnee,0.0528,252
20,SARS-CoV-2,P*minority_E + ScoreDBSCAN(ep=8),0.3411,252
20,SARS-CoV-2,P*minority_E + ScoreDBSCAN(ep=15),0.341,252
20,SARS-CoV-2,P*minority_E + Spectral(z=1.5),0.0413,252
20,SARS-CoV-2,P*minority_E + Spectral(z=2.0),0.025,252
20,SARS-CoV-2,P*minority_E + Bayes(prior=0.1),0.0248,252
20,SARS-CoV-2,P*minority_E + Bayes(prior=0.15),0.0473,252
20,SARS-CoV-2,P*minority_E + Ensemble(v>=2),0.0579,252
20,SARS-CoV-2,P*minority_E + Ensemble(v>=3),0.052,252
20,SARS-CoV-2,P*minority_E + AdaptWin(s=90),0.1747,252
20,SARS-CoV-2,P*minority_E + AdaptWin(s=85),0.3218,252
20,SARS-CoV-2,P*minority_E + FreqThresh(p=80),0.1225,252
20,SARS-CoV-2,P*minority_E + FreqThresh(p=85),0.0809,252
20,SARS-CoV-2,P*minority_E + FreqThresh(p=90),0.0579,252
20,SARS-CoV-2,P*minority_E + FreqThresh(p=95),0.0254,252
20,SARS-CoV-2,"P*minority_E + SWAN(w=10,k=1.0)",0.0385,252
20,SARS-CoV-2,"P*minority_E + SWAN(w=10,k=1.5)",0.0407,252
20,SARS-CoV-2,"P*minority_E + SWAN(w=10,k=2.0)",0.0218,252
20,SARS-CoV-2,"P*minority_E + SWAN(w=20,k=1.0)",0.0453,252
20,SARS-CoV-2,"P*minority_E + SWAN(w=20,k=1.5)",0.0281,252
20,SARS-CoV-2,"P*minority_E + SWAN(w=20,k=2.0)",0.0144,252
20,SARS-CoV-2,"P*minority_E + SWAN(w=50,k=1.0)",0.0278,252
20,SARS-CoV-2,"P*minority_E + SWAN(w=50,k=1.5)",0.0282,252
20,SARS-CoV-2,"P*minority_E + SWAN(w=50,k=2.0)",0.0,252
20,SARS-CoV-2,P*minority_E + MutClust-Orig(g=10),0.2617,252
20,SARS-CoV-2,P*E + Wavelet(t=1.0),0.0985,252
20,SARS-CoV-2,P*E + Wavelet(t=1.5),0.0239,252
20,SARS-CoV-2,P*E + Wavelet(t=2.0),0.0066,252
20,SARS-CoV-2,P*E + KDE(p=75),0.1446,252
20,SARS-CoV-2,P*E + KDE(p=80),0.1032,252
20,SARS-CoV-2,P*E + KDE(p=85),0.0726,252
20,SARS-CoV-2,P*E + SlidingTest(p=0.01),0.0072,252
20,SARS-CoV-2,P*E + SlidingTest(p=0.05),0.0483,252
20,SARS-CoV-2,P*E + GradPeak(p=0.2),0.0296,252
20,SARS-CoV-2,P*E + LocalContrast(z=1.0),0.0551,252
20,SARS-CoV-2,P*E + LocalContrast(z=1.5),0.0517,252
20,SARS-CoV-2,P*E + LocalContrast(z=2.0),0.0417,252
20,SARS-CoV-2,"P*E + CUSUM(d=0.3,h=3.0)",0.0203,252
20,SARS-CoV-2,"P*E + CUSUM(d=0.5,h=4.0)",0.0076,252
20,SARS-CoV-2,"P*E + CUSUM(d=0.5,h=5.0)",0.0,252
20,SARS-CoV-2,P*E + AdaptiveKnee,0.0528,252
20,SARS-CoV-2,P*E + ScoreDBSCAN(ep=8),0.3418,252
20,SARS-CoV-2,P*E + ScoreDBSCAN(ep=15),0.3411,252
20,SARS-CoV-2,P*E + Spectral(z=1.5),0.0299,252
20,SARS-CoV-2,P*E + Spectral(z=2.0),0.0248,252
20,SARS-CoV-2,P*E + Bayes(prior=0.1),0.0307,252
20,SARS-CoV-2,P*E + Bayes(prior=0.15),0.0529,252
20,SARS-CoV-2,P*E + Ensemble(v>=2),0.0472,252
20,SARS-CoV-2,P*E + Ensemble(v>=3),0.052,252
20,SARS-CoV-2,P*E + AdaptWin(s=90),0.2562,252
20,SARS-CoV-2,P*E + AdaptWin(s=85),0.3177,252
20,SARS-CoV-2,P*E + FreqThresh(p=80),0.127,252
20,SARS-CoV-2,P*E + FreqThresh(p=85),0.0706,252
20,SARS-CoV-2,P*E + FreqThresh(p=90),0.0475,252
20,SARS-CoV-2,P*E + FreqThresh(p=95),0.0252,252
20,SARS-CoV-2,"P*E + SWAN(w=10,k=1.0)",0.0383,252
20,SARS-CoV-2,"P*E + SWAN(w=10,k=1.5)",0.0344,252
20,SARS-CoV-2,"P*E + SWAN(w=10,k=2.0)",0.0292,252
20,SARS-CoV-2,"P*E + SWAN(w=20,k=1.0)",0.0385,252
20,SARS-CoV-2,"P*E + SWAN(w=20,k=1.5)",0.0279,252
20,SARS-CoV-2,"P*E + SWAN(w=20,k=2.0)",0.0217,252
20,SARS-CoV-2,"P*E + SWAN(w=50,k=1.0)",0.0334,252
20,SARS-CoV-2,"P*E + SWAN(w=50,k=1.5)",0.0282,252
20,SARS-CoV-2,"P*E + SWAN(w=50,k=2.0)",0.0,252
20,SARS-CoV-2,P*E + MutClust-Orig(g=10),0.3259,252
20,SARS-CoV-2,H-score + Wavelet(t=1.0),0.1574,252
20,SARS-CoV-2,H-score + Wavelet(t=1.5),0.0653,252
20,SARS-CoV-2,H-score + Wavelet(t=2.0),0.0481,252
20,SARS-CoV-2,H-score + KDE(p=75),0.2751,252
20,SARS-CoV-2,H-score + KDE(p=80),0.246,252
20,SARS-CoV-2,H-score + KDE(p=85),0.2132,252
20,SARS-CoV-2,H-score + SlidingTest(p=0.01),0.0423,252
20,SARS-CoV-2,H-score + SlidingTest(p=0.05),0.1239,252
20,SARS-CoV-2,H-score + GradPeak(p=0.2),0.0823,252
20,SARS-CoV-2,H-score + GradPeak(p=0.5),0.0823,252
20,SARS-CoV-2,H-score + LocalContrast(z=1.0),0.0551,252
20,SARS-CoV-2,H-score + LocalContrast(z=1.5),0.0559,252
20,SARS-CoV-2,H-score + LocalContrast(z=2.0),0.052,252
20,SARS-CoV-2,"H-score + CUSUM(d=0.3,h=3.0)",0.0369,252
20,SARS-CoV-2,"H-score + CUSUM(d=0.5,h=4.0)",0.0223,252
20,SARS-CoV-2,"H-score + CUSUM(d=0.5,h=5.0)",0.0153,252
20,SARS-CoV-2,H-score + AdaptiveKnee,0.0519,252
20,SARS-CoV-2,H-score + ScoreDBSCAN(ep=8),0.343,252
20,SARS-CoV-2,H-score + ScoreDBSCAN(ep=15),0.3415,252
20,SARS-CoV-2,H-score + Spectral(z=1.5),0.057,252
20,SARS-CoV-2,H-score + Spectral(z=2.0),0.0475,252
20,SARS-CoV-2,H-score + Bayes(prior=0.1),0.0529,252
20,SARS-CoV-2,H-score + Bayes(prior=0.15),0.0529,252
20,SARS-CoV-2,H-score + Ensemble(v>=2),0.0472,252
20,SARS-CoV-2,H-score + Ensemble(v>=3),0.052,252
20,SARS-CoV-2,H-score + AdaptWin(s=90),0.2562,252
20,SARS-CoV-2,H-score + AdaptWin(s=85),0.3177,252
20,SARS-CoV-2,H-score + FreqThresh(p=80),0.127,252
20,SARS-CoV-2,H-score + FreqThresh(p=85),0.0706,252
20,SARS-CoV-2,H-score + FreqThresh(p=90),0.0475,252
20,SARS-CoV-2,H-score + FreqThresh(p=95),0.0252,252
20,SARS-CoV-2,"H-score + SWAN(w=10,k=1.0)",0.0439,252
20,SARS-CoV-2,"H-score + SWAN(w=10,k=1.5)",0.04,252
20,SARS-CoV-2,"H-score + SWAN(w=10,k=2.0)",0.0423,252
20,SARS-CoV-2,"H-score + SWAN(w=20,k=1.0)",0.0495,252
20,SARS-CoV-2,"H-score + SWAN(w=20,k=1.5)",0.0462,252
20,SARS-CoV-2,"H-score + SWAN(w=20,k=2.0)",0.0404,252
20,SARS-CoV-2,"H-score + SWAN(w=50,k=1.0)",0.0513,252
20,SARS-CoV-2,"H-score + SWAN(w=50,k=1.5)",0.0411,252
20,SARS-CoV-2,"H-score + SWAN(w=50,k=2.0)",0.0074,252
20,SARS-CoV-2,H-score + MutClust-Orig(g=10),0.3379,252
20,SARS-CoV-2,E_only + Wavelet(t=1.0),0.1313,252
20,SARS-CoV-2,E_only + Wavelet(t=1.5),0.0571,252
20,SARS-CoV-2,E_only + Wavelet(t=2.0),0.0407,252
20,SARS-CoV-2,E_only + KDE(p=75),0.2575,252
20,SARS-CoV-2,E_only + KDE(p=80),0.246,252
20,SARS-CoV-2,E_only + KDE(p=85),0.1905,252
20,SARS-CoV-2,E_only + SlidingTest(p=0.01),0.0075,252
20,SARS-CoV-2,E_only + SlidingTest(p=0.05),0.1015,252
20,SARS-CoV-2,E_only + GradPeak(p=0.2),0.0828,252
20,SARS-CoV-2,E_only + GradPeak(p=0.5),0.03,252
20,SARS-CoV-2,E_only + LocalContrast(z=1.0),0.0551,252
20,SARS-CoV-2,E_only + LocalContrast(z=1.5),0.0565,252
20,SARS-CoV-2,E_only + LocalContrast(z=2.0),0.0533,252
20,SARS-CoV-2,"E_only + CUSUM(d=0.3,h=3.0)",0.0318,252
20,SARS-CoV-2,"E_only + CUSUM(d=0.5,h=4.0)",0.0148,252
20,SARS-CoV-2,"E_only + CUSUM(d=0.5,h=5.0)",0.0,252
20,SARS-CoV-2,E_only + AdaptiveKnee,0.0517,252
20,SARS-CoV-2,E_only + ScoreDBSCAN(ep=8),0.3452,252
20,SARS-CoV-2,E_only + ScoreDBSCAN(ep=15),0.3425,252
20,SARS-CoV-2,E_only + Spectral(z=1.5),0.0522,252
20,SARS-CoV-2,E_only + Spectral(z=2.0),0.0367,252
20,SARS-CoV-2,E_only + Bayes(prior=0.1),0.0419,252
20,SARS-CoV-2,E_only + Bayes(prior=0.15),0.0529,252
20,SARS-CoV-2,E_only + Ensemble(v>=2),0.0474,252
20,SARS-CoV-2,E_only + Ensemble(v>=3),0.0528,252
20,SARS-CoV-2,E_only + AdaptWin(s=90),0.2854,252
20,SARS-CoV-2,E_only + AdaptWin(s=85),0.3359,252
20,SARS-CoV-2,E_only + FreqThresh(p=80),0.1456,252
20,SARS-CoV-2,E_only + FreqThresh(p=85),0.0706,252
20,SARS-CoV-2,E_only + FreqThresh(p=90),0.0475,252
20,SARS-CoV-2,E_only + FreqThresh(p=95),0.0253,252
20,SARS-CoV-2,"E_only + SWAN(w=10,k=1.0)",0.038,252
20,SARS-CoV-2,"E_only + SWAN(w=10,k=1.5)",0.0393,252
20,SARS-CoV-2,"E_only + SWAN(w=10,k=2.0)",0.0352,252
20,SARS-CoV-2,"E_only + SWAN(w=20,k=1.0)",0.05,252
20,SARS-CoV-2,"E_only + SWAN(w=20,k=1.5)",0.0396,252
20,SARS-CoV-2,"E_only + SWAN(w=20,k=2.0)",0.0353,252
20,SARS-CoV-2,"E_only + SWAN(w=50,k=1.0)",0.0459,252
20,SARS-CoV-2,"E_only + SWAN(w=50,k=1.5)",0.0342,252
20,SARS-CoV-2,"E_only + SWAN(w=50,k=2.0)",0.0295,252
20,SARS-CoV-2,E_only + MutClust-Orig(g=10),0.3358,252
20,SARS-CoV-2,P*E^2 + Wavelet(t=1.0),0.0663,252
20,SARS-CoV-2,P*E^2 + Wavelet(t=1.5),0.0288,252
20,SARS-CoV-2,P*E^2 + Wavelet(t=2.0),0.0,252
20,SARS-CoV-2,P*E^2 + KDE(p=75),0.1129,252
20,SARS-CoV-2,P*E^2 + KDE(p=80),0.0952,252
20,SARS-CoV-2,P*E^2 + KDE(p=85),0.0544,252
20,SARS-CoV-2,P*E^2 + SlidingTest(p=0.01),0.007,252
20,SARS-CoV-2,P*E^2 + SlidingTest(p=0.05),0.0364,252
20,SARS-CoV-2,P*E^2 + GradPeak(p=0.2),0.0554,252
20,SARS-CoV-2,P*E^2 + GradPeak(p=0.5),0.0,252
20,SARS-CoV-2,P*E^2 + LocalContrast(z=1.0),0.0559,252
20,SARS-CoV-2,P*E^2 + LocalContrast(z=1.5),0.0519,252
20,SARS-CoV-2,P*E^2 + LocalContrast(z=2.0),0.0359,252
20,SARS-CoV-2,"P*E^2 + CUSUM(d=0.3,h=3.0)",0.014,252
20,SARS-CoV-2,"P*E^2 + CUSUM(d=0.5,h=4.0)",0.0,252
20,SARS-CoV-2,"P*E^2 + CUSUM(d=0.5,h=5.0)",0.0,252
20,SARS-CoV-2,P*E^2 + AdaptiveKnee,0.0528,252
20,SARS-CoV-2,P*E^2 + ScoreDBSCAN(ep=8),0.3418,252
20,SARS-CoV-2,P*E^2 + ScoreDBSCAN(ep=15),0.3411,252
20,SARS-CoV-2,P*E^2 + Spectral(z=1.5),0.0245,252
20,SARS-CoV-2,P*E^2 + Spectral(z=2.0),0.0192,252
20,SARS-CoV-2,P*E^2 + Bayes(prior=0.1),0.0314,252
20,SARS-CoV-2,P*E^2 + Bayes(prior=0.15),0.0473,252
20,SARS-CoV-2,P*E^2 + Ensemble(v>=2),0.0471,252
20,SARS-CoV-2,P*E^2 + Ensemble(v>=3),0.0514,252
20,SARS-CoV-2,P*E^2 + AdaptWin(s=90),0.1927,252
20,SARS-CoV-2,P*E^2 + AdaptWin(s=85),0.3056,252
20,SARS-CoV-2,P*E^2 + FreqThresh(p=80),0.1456,252
20,SARS-CoV-2,P*E^2 + FreqThresh(p=85),0.0706,252
20,SARS-CoV-2,P*E^2 + FreqThresh(p=90),0.0475,252
20,SARS-CoV-2,P*E^2 + FreqThresh(p=95),0.0314,252
20,SARS-CoV-2,"P*E^2 + SWAN(w=10,k=1.0)",0.0325,252
20,SARS-CoV-2,"P*E^2 + SWAN(w=10,k=1.5)",0.0287,252
20,SARS-CoV-2,"P*E^2 + SWAN(w=10,k=2.0)",0.0147,252
20,SARS-CoV-2,"P*E^2 + SWAN(w=20,k=1.0)",0.0266,252
20,SARS-CoV-2,"P*E^2 + SWAN(w=20,k=1.5)",0.0283,252
20,SARS-CoV-2,"P*E^2 + SWAN(w=20,k=2.0)",0.0,252
20,SARS-CoV-2,"P*E^2 + SWAN(w=50,k=1.0)",0.0278,252
20,SARS-CoV-2,"P*E^2 + SWAN(w=50,k=1.5)",0.0282,252
20,SARS-CoV-2,"P*E^2 + SWAN(w=50,k=2.0)",0.0,252
20,SARS-CoV-2,P*E^2 + MutClust-Orig(g=10),0.3338,252
20,SARS-CoV-2,rank(P*E) + Wavelet(t=1.0),0.0733,252
20,SARS-CoV-2,rank(P*E) + Wavelet(t=1.5),0.0643,252
20,SARS-CoV-2,rank(P*E) + Wavelet(t=2.0),0.0408,252
20,SARS-CoV-2,rank(P*E) + KDE(p=75),0.3245,252
20,SARS-CoV-2,rank(P*E) + KDE(p=80),0.3135,252
20,SARS-CoV-2,rank(P*E) + KDE(p=85),0.2358,252
20,SARS-CoV-2,rank(P*E) + SlidingTest(p=0.01),0.2289,252
20,SARS-CoV-2,rank(P*E) + SlidingTest(p=0.05),0.2517,252
20,SARS-CoV-2,rank(P*E) + GradPeak(p=0.2),0.066,252
20,SARS-CoV-2,rank(P*E) + GradPeak(p=0.5),0.0,252
20,SARS-CoV-2,rank(P*E) + LocalContrast(z=1.0),0.0748,252
20,SARS-CoV-2,rank(P*E) + LocalContrast(z=1.5),0.0412,252
20,SARS-CoV-2,rank(P*E) + LocalContrast(z=2.0),0.0206,252
20,SARS-CoV-2,"rank(P*E) + CUSUM(d=0.3,h=3.0)",0.0658,252
20,SARS-CoV-2,"rank(P*E) + CUSUM(d=0.5,h=4.0)",0.0075,252
20,SARS-CoV-2,"rank(P*E) + CUSUM(d=0.5,h=5.0)",0.0152,252
20,SARS-CoV-2,rank(P*E) + AdaptiveKnee,0.2834,252
20,SARS-CoV-2,rank(P*E) + ScoreDBSCAN(ep=8),0.1864,252
20,SARS-CoV-2,rank(P*E) + ScoreDBSCAN(ep=15),0.2732,252
20,SARS-CoV-2,rank(P*E) + Spectral(z=1.5),0.0836,252
20,SARS-CoV-2,rank(P*E) + Spectral(z=2.0),0.0552,252
20,SARS-CoV-2,rank(P*E) + Ensemble(v>=2),0.0468,252
20,SARS-CoV-2,rank(P*E) + Ensemble(v>=3),0.0465,252
20,SARS-CoV-2,rank(P*E) + AdaptWin(s=90),0.1927,252
20,SARS-CoV-2,rank(P*E) + AdaptWin(s=85),0.3038,252
20,SARS-CoV-2,rank(P*E) + FreqThresh(p=80),0.127,252
20,SARS-CoV-2,rank(P*E) + FreqThresh(p=85),0.0706,252
20,SARS-CoV-2,rank(P*E) + FreqThresh(p=90),0.0475,252
20,SARS-CoV-2,rank(P*E) + FreqThresh(p=95),0.0252,252
20,SARS-CoV-2,"rank(P*E) + SWAN(w=10,k=1.0)",0.2669,252
20,SARS-CoV-2,"rank(P*E) + SWAN(w=10,k=1.5)",0.2292,252
20,SARS-CoV-2,"rank(P*E) + SWAN(w=10,k=2.0)",0.2455,252
20,SARS-CoV-2,"rank(P*E) + SWAN(w=20,k=1.0)",0.2702,252
20,SARS-CoV-2,"rank(P*E) + SWAN(w=20,k=1.5)",0.2532,252
20,SARS-CoV-2,"rank(P*E) + SWAN(w=20,k=2.0)",0.2472,252
20,SARS-CoV-2,"rank(P*E) + SWAN(w=50,k=1.0)",0.27,252
20,SARS-CoV-2,"rank(P*E) + SWAN(w=50,k=1.5)",0.2645,252
20,SARS-CoV-2,"rank(P*E) + SWAN(w=50,k=2.0)",0.274,252
20,SARS-CoV-2,rank(P*E) + MutClust-Orig(g=10),0.3336,252
30,SARS-CoV-2,E*rare + Wavelet(t=1.0),0.0974,377
30,SARS-CoV-2,E*rare + Wavelet(t=1.5),0.0677,377
30,SARS-CoV-2,E*rare + Wavelet(t=2.0),0.0573,377
30,SARS-CoV-2,E*rare + KDE(p=75),0.3179,377
30,SARS-CoV-2,E*rare + KDE(p=80),0.2417,377
30,SARS-CoV-2,E*rare + KDE(p=85),0.212,377
30,SARS-CoV-2,E*rare + SlidingTest(p=0.01),0.0436,377
30,SARS-CoV-2,E*rare + SlidingTest(p=0.05),0.0431,377
30,SARS-CoV-2,E*rare + LocalContrast(z=1.0),0.063,377
30,SARS-CoV-2,E*rare + LocalContrast(z=1.5),0.0093,377
30,SARS-CoV-2,E*rare + LocalContrast(z=2.0),0.0097,377
30,SARS-CoV-2,"E*rare + CUSUM(d=0.3,h=3.0)",0.0052,377
30,SARS-CoV-2,"E*rare + CUSUM(d=0.5,h=4.0)",0.0052,377
30,SARS-CoV-2,"E*rare + CUSUM(d=0.5,h=5.0)",0.0052,377
30,SARS-CoV-2,E*rare + AdaptiveKnee,0.0048,377
30,SARS-CoV-2,E*rare + ScoreDBSCAN(ep=8),0.4819,377
30,SARS-CoV-2,E*rare + ScoreDBSCAN(ep=15),0.483,377
30,SARS-CoV-2,E*rare + Spectral(z=1.5),0.0148,377
30,SARS-CoV-2,E*rare + Spectral(z=2.0),0.01,377
30,SARS-CoV-2,E*rare + Bayes(prior=0.1),0.0052,377
30,SARS-CoV-2,E*rare + Bayes(prior=0.15),0.0051,377
30,SARS-CoV-2,E*rare + Ensemble(v>=2),0.1,377
30,SARS-CoV-2,E*rare + Ensemble(v>=3),0.0049,377
30,SARS-CoV-2,E*rare + AdaptWin(s=90),0.3886,377
30,SARS-CoV-2,E*rare + AdaptWin(s=85),0.3996,377
30,SARS-CoV-2,E*rare + FreqThresh(p=80),0.2088,377
30,SARS-CoV-2,E*rare + FreqThresh(p=85),0.1569,377
30,SARS-CoV-2,E*rare + FreqThresh(p=90),0.1,377
30,SARS-CoV-2,E*rare + FreqThresh(p=95),0.0046,377
30,SARS-CoV-2,"E*rare + SWAN(w=10,k=1.0)",0.0937,377
30,SARS-CoV-2,"E*rare + SWAN(w=10,k=1.5)",0.0641,377
30,SARS-CoV-2,"E*rare + SWAN(w=10,k=2.0)",0.0302,377
30,SARS-CoV-2,"E*rare + SWAN(w=20,k=1.0)",0.1864,377
30,SARS-CoV-2,"E*rare + SWAN(w=20,k=1.5)",0.0647,377
30,SARS-CoV-2,"E*rare + SWAN(w=20,k=2.0)",0.0449,377
30,SARS-CoV-2,"E*rare + SWAN(w=50,k=1.0)",0.278,377
30,SARS-CoV-2,"E*rare + SWAN(w=50,k=1.5)",0.1692,377
30,SARS-CoV-2,"E*rare + SWAN(w=50,k=2.0)",0.1038,377
30,SARS-CoV-2,P*E*rare + Wavelet(t=1.0),0.2024,377
30,SARS-CoV-2,P*E*rare + Wavelet(t=1.5),0.1525,377
30,SARS-CoV-2,P*E*rare + Wavelet(t=2.0),0.0981,377
30,SARS-CoV-2,P*E*rare + KDE(p=75),0.341,377
30,SARS-CoV-2,P*E*rare + KDE(p=80),0.3052,377
30,SARS-CoV-2,P*E*rare + KDE(p=85),0.2509,377
30,SARS-CoV-2,P*E*rare + SlidingTest(p=0.01),0.0402,377
30,SARS-CoV-2,P*E*rare + SlidingTest(p=0.05),0.0402,377
30,SARS-CoV-2,P*E*rare + LocalContrast(z=1.0),0.0911,377
30,SARS-CoV-2,P*E*rare + LocalContrast(z=1.5),0.0093,377
30,SARS-CoV-2,P*E*rare + LocalContrast(z=2.0),0.0095,377
30,SARS-CoV-2,"P*E*rare + CUSUM(d=0.3,h=3.0)",0.0053,377
30,SARS-CoV-2,"P*E*rare + CUSUM(d=0.5,h=4.0)",0.0053,377
30,SARS-CoV-2,"P*E*rare + CUSUM(d=0.5,h=5.0)",0.0053,377
30,SARS-CoV-2,P*E*rare + AdaptiveKnee,0.0052,377
30,SARS-CoV-2,P*E*rare + ScoreDBSCAN(ep=8),0.4712,377
30,SARS-CoV-2,P*E*rare + ScoreDBSCAN(ep=15),0.4712,377
30,SARS-CoV-2,P*E*rare + Spectral(z=1.5),0.0309,377
30,SARS-CoV-2,P*E*rare + Spectral(z=2.0),0.0259,377
30,SARS-CoV-2,P*E*rare + Bayes(prior=0.1),0.0053,377
30,SARS-CoV-2,P*E*rare + Bayes(prior=0.15),0.0052,377
30,SARS-CoV-2,P*E*rare + Ensemble(v>=2),0.1029,377
30,SARS-CoV-2,P*E*rare + Ensemble(v>=3),0.0048,377
30,SARS-CoV-2,P*E*rare + AdaptWin(s=90),0.3813,377
30,SARS-CoV-2,P*E*rare + AdaptWin(s=85),0.3895,377
30,SARS-CoV-2,P*E*rare + FreqThresh(p=80),0.2088,377
30,SARS-CoV-2,P*E*rare + FreqThresh(p=85),0.1563,377
30,SARS-CoV-2,P*E*rare + FreqThresh(p=90),0.0994,377
30,SARS-CoV-2,P*E*rare + FreqThresh(p=95),0.0046,377
30,SARS-CoV-2,"P*E*rare + SWAN(w=10,k=1.0)",0.0053,377
30,SARS-CoV-2,"P*E*rare + SWAN(w=10,k=1.5)",0.0053,377
30,SARS-CoV-2,"P*E*rare + SWAN(w=10,k=2.0)",0.0053,377
30,SARS-CoV-2,"P*E*rare + SWAN(w=20,k=1.0)",0.0053,377
30,SARS-CoV-2,"P*E*rare + SWAN(w=20,k=1.5)",0.0053,377
30,SARS-CoV-2,"P*E*rare + SWAN(w=20,k=2.0)",0.0053,377
30,SARS-CoV-2,"P*E*rare + SWAN(w=50,k=1.0)",0.0053,377
30,SARS-CoV-2,"P*E*rare + SWAN(w=50,k=1.5)",0.0053,377
30,SARS-CoV-2,"P*E*rare + SWAN(w=50,k=2.0)",0.0053,377
30,SARS-CoV-2,minority_E + Wavelet(t=1.0),0.1547,377
30,SARS-CoV-2,minority_E + Wavelet(t=1.5),0.1062,377
30,SARS-CoV-2,minority_E + Wavelet(t=2.0),0.0607,377
30,SARS-CoV-2,minority_E + KDE(p=75),0.2688,377
30,SARS-CoV-2,minority_E + KDE(p=80),0.213,377
30,SARS-CoV-2,minority_E + KDE(p=85),0.1661,377
30,SARS-CoV-2,minority_E + SlidingTest(p=0.01),0.0441,377
30,SARS-CoV-2,minority_E + SlidingTest(p=0.05),0.1408,377
30,SARS-CoV-2,minority_E + GradPeak(p=0.2),0.0,377
30,SARS-CoV-2,minority_E + LocalContrast(z=1.0),0.0855,377
30,SARS-CoV-2,minority_E + LocalContrast(z=1.5),0.0633,377
30,SARS-CoV-2,minority_E + LocalContrast(z=2.0),0.0522,377
30,SARS-CoV-2,"minority_E + CUSUM(d=0.3,h=3.0)",0.0365,377
30,SARS-CoV-2,"minority_E + CUSUM(d=0.5,h=4.0)",0.0203,377
30,SARS-CoV-2,"minority_E + CUSUM(d=0.5,h=5.0)",0.0153,377
30,SARS-CoV-2,minority_E + AdaptiveKnee,0.0557,377
30,SARS-CoV-2,minority_E + ScoreDBSCAN(ep=8),0.4706,377
30,SARS-CoV-2,minority_E + ScoreDBSCAN(ep=15),0.4701,377
30,SARS-CoV-2,minority_E + Spectral(z=1.5),0.0597,377
30,SARS-CoV-2,minority_E + Spectral(z=2.0),0.0443,377
30,SARS-CoV-2,minority_E + Bayes(prior=0.1),0.0443,377
30,SARS-CoV-2,minority_E + Bayes(prior=0.15),0.0559,377
30,SARS-CoV-2,minority_E + Ensemble(v>=2),0.0676,377
30,SARS-CoV-2,minority_E + Ensemble(v>=3),0.0556,377
30,SARS-CoV-2,minority_E + AdaptWin(s=90),0.3446,377
30,SARS-CoV-2,minority_E + AdaptWin(s=85),0.4458,377
30,SARS-CoV-2,minority_E + FreqThresh(p=80),0.1585,377
30,SARS-CoV-2,minority_E + FreqThresh(p=85),0.1058,377
30,SARS-CoV-2,minority_E + FreqThresh(p=90),0.0676,377
30,SARS-CoV-2,minority_E + FreqThresh(p=95),0.0364,377
30,SARS-CoV-2,"minority_E + SWAN(w=10,k=1.0)",0.0454,377
30,SARS-CoV-2,"minority_E + SWAN(w=10,k=1.5)",0.0426,377
30,SARS-CoV-2,"minority_E + SWAN(w=10,k=2.0)",0.0392,377
30,SARS-CoV-2,"minority_E + SWAN(w=20,k=1.0)",0.0499,377
30,SARS-CoV-2,"minority_E + SWAN(w=20,k=1.5)",0.0468,377
30,SARS-CoV-2,"minority_E + SWAN(w=20,k=2.0)",0.0295,377
30,SARS-CoV-2,"minority_E + SWAN(w=50,k=1.0)",0.0325,377
30,SARS-CoV-2,"minority_E + SWAN(w=50,k=1.5)",0.0245,377
30,SARS-CoV-2,"minority_E + SWAN(w=50,k=2.0)",0.0251,377
30,SARS-CoV-2,minority_E + MutClust-Orig(g=10),0.4074,377
30,SARS-CoV-2,P*minority_E + Wavelet(t=1.0),0.0758,377
30,SARS-CoV-2,P*minority_E + Wavelet(t=1.5),0.0443,377
30,SARS-CoV-2,P*minority_E + Wavelet(t=2.0),0.0093,377
30,SARS-CoV-2,P*minority_E + KDE(p=75),0.1676,377
30,SARS-CoV-2,P*minority_E + KDE(p=80),0.1304,377
30,SARS-CoV-2,P*minority_E + KDE(p=85),0.0848,377
30,SARS-CoV-2,P*minority_E + SlidingTest(p=0.01),0.0288,377
30,SARS-CoV-2,P*minority_E + SlidingTest(p=0.05),0.1014,377
30,SARS-CoV-2,P*minority_E + LocalContrast(z=1.0),0.0739,377
30,SARS-CoV-2,P*minority_E + LocalContrast(z=1.5),0.0551,377
30,SARS-CoV-2,P*minority_E + LocalContrast(z=2.0),0.0435,377
30,SARS-CoV-2,"P*minority_E + CUSUM(d=0.3,h=3.0)",0.0241,377
30,SARS-CoV-2,"P*minority_E + CUSUM(d=0.5,h=4.0)",0.0102,377
30,SARS-CoV-2,"P*minority_E + CUSUM(d=0.5,h=5.0)",0.0051,377
30,SARS-CoV-2,P*minority_E + AdaptiveKnee,0.0558,377
30,SARS-CoV-2,P*minority_E + ScoreDBSCAN(ep=8),0.4697,377
30,SARS-CoV-2,P*minority_E + ScoreDBSCAN(ep=15),0.4692,377
30,SARS-CoV-2,P*minority_E + Spectral(z=1.5),0.0431,377
30,SARS-CoV-2,P*minority_E + Spectral(z=2.0),0.0315,377
30,SARS-CoV-2,P*minority_E + Bayes(prior=0.1),0.0357,377
30,SARS-CoV-2,P*minority_E + Bayes(prior=0.15),0.0518,377
30,SARS-CoV-2,P*minority_E + Ensemble(v>=2),0.0594,377
30,SARS-CoV-2,P*minority_E + Ensemble(v>=3),0.0552,377
30,SARS-CoV-2,P*minority_E + AdaptWin(s=90),0.2063,377
30,SARS-CoV-2,P*minority_E + AdaptWin(s=85),0.414,377
30,SARS-CoV-2,P*minority_E + FreqThresh(p=80),0.1363,377
30,SARS-CoV-2,P*minority_E + FreqThresh(p=85),0.0947,377
30,SARS-CoV-2,P*minority_E + FreqThresh(p=90),0.0594,377
30,SARS-CoV-2,P*minority_E + FreqThresh(p=95),0.0364,377
30,SARS-CoV-2,"P*minority_E + SWAN(w=10,k=1.0)",0.0458,377
30,SARS-CoV-2,"P*minority_E + SWAN(w=10,k=1.5)",0.0429,377
30,SARS-CoV-2,"P*minority_E + SWAN(w=10,k=2.0)",0.025,377
30,SARS-CoV-2,"P*minority_E + SWAN(w=20,k=1.0)",0.0461,377
30,SARS-CoV-2,"P*minority_E + SWAN(w=20,k=1.5)",0.0293,377
30,SARS-CoV-2,"P*minority_E + SWAN(w=20,k=2.0)",0.0149,377
30,SARS-CoV-2,"P*minority_E + SWAN(w=50,k=1.0)",0.0242,377
30,SARS-CoV-2,"P*minority_E + SWAN(w=50,k=1.5)",0.0244,377
30,SARS-CoV-2,"P*minority_E + SWAN(w=50,k=2.0)",0.0,377
30,SARS-CoV-2,P*minority_E + MutClust-Orig(g=10),0.3251,377
30,SARS-CoV-2,P*E + Wavelet(t=1.0),0.113,377
30,SARS-CoV-2,P*E + Wavelet(t=1.5),0.0391,377
30,SARS-CoV-2,P*E + Wavelet(t=2.0),0.0141,377
30,SARS-CoV-2,P*E + KDE(p=75),0.1936,377
30,SARS-CoV-2,P*E + KDE(p=80),0.1367,377
30,SARS-CoV-2,P*E + KDE(p=85),0.0989,377
30,SARS-CoV-2,P*E + SlidingTest(p=0.01),0.01,377
30,SARS-CoV-2,P*E + SlidingTest(p=0.05),0.0702,377
30,SARS-CoV-2,P*E + GradPeak(p=0.2),0.0253,377
30,SARS-CoV-2,P*E + LocalContrast(z=1.0),0.0574,377
30,SARS-CoV-2,P*E + LocalContrast(z=1.5),0.0507,377
30,SARS-CoV-2,P*E + LocalContrast(z=2.0),0.0434,377
30,SARS-CoV-2,"P*E + CUSUM(d=0.3,h=3.0)",0.0238,377
30,SARS-CoV-2,"P*E + CUSUM(d=0.5,h=4.0)",0.0051,377
30,SARS-CoV-2,"P*E + CUSUM(d=0.5,h=5.0)",0.0,377
30,SARS-CoV-2,P*E + AdaptiveKnee,0.0558,377
30,SARS-CoV-2,P*E + ScoreDBSCAN(ep=8),0.4706,377
30,SARS-CoV-2,P*E + ScoreDBSCAN(ep=15),0.4697,377
30,SARS-CoV-2,P*E + Spectral(z=1.5),0.0348,377
30,SARS-CoV-2,P*E + Spectral(z=2.0),0.0268,377
30,SARS-CoV-2,P*E + Bayes(prior=0.1),0.0355,377
30,SARS-CoV-2,P*E + Bayes(prior=0.15),0.0559,377
30,SARS-CoV-2,P*E + Ensemble(v>=2),0.0514,377
30,SARS-CoV-2,P*E + Ensemble(v>=3),0.0552,377
30,SARS-CoV-2,P*E + AdaptWin(s=90),0.31,377
30,SARS-CoV-2,P*E + AdaptWin(s=85),0.4135,377
30,SARS-CoV-2,P*E + FreqThresh(p=80),0.1558,377
30,SARS-CoV-2,P*E + FreqThresh(p=85),0.0865,377
30,SARS-CoV-2,P*E + FreqThresh(p=90),0.0516,377
30,SARS-CoV-2,P*E + FreqThresh(p=95),0.0317,377
30,SARS-CoV-2,"P*E + SWAN(w=10,k=1.0)",0.0457,377
30,SARS-CoV-2,"P*E + SWAN(w=10,k=1.5)",0.0337,377
30,SARS-CoV-2,"P*E + SWAN(w=10,k=2.0)",0.0201,377
30,SARS-CoV-2,"P*E + SWAN(w=20,k=1.0)",0.0412,377
30,SARS-CoV-2,"P*E + SWAN(w=20,k=1.5)",0.0243,377
30,SARS-CoV-2,"P*E + SWAN(w=20,k=2.0)",0.02,377
30,SARS-CoV-2,"P*E + SWAN(w=50,k=1.0)",0.0283,377
30,SARS-CoV-2,"P*E + SWAN(w=50,k=1.5)",0.0244,377
30,SARS-CoV-2,"P*E + SWAN(w=50,k=2.0)",0.0,377
30,SARS-CoV-2,P*E + MutClust-Orig(g=10),0.4462,377
30,SARS-CoV-2,H-score + Wavelet(t=1.0),0.1714,377
30,SARS-CoV-2,H-score + Wavelet(t=1.5),0.0693,377
30,SARS-CoV-2,H-score + Wavelet(t=2.0),0.0385,377
30,SARS-CoV-2,H-score + KDE(p=75),0.341,377
30,SARS-CoV-2,H-score + KDE(p=80),0.2957,377
30,SARS-CoV-2,H-score + KDE(p=85),0.2686,377
30,SARS-CoV-2,H-score + SlidingTest(p=0.01),0.044,377
30,SARS-CoV-2,H-score + SlidingTest(p=0.05),0.1336,377
30,SARS-CoV-2,H-score + GradPeak(p=0.2),0.0771,377
30,SARS-CoV-2,H-score + GradPeak(p=0.5),0.0771,377
30,SARS-CoV-2,H-score + LocalContrast(z=1.0),0.0574,377
30,SARS-CoV-2,H-score + LocalContrast(z=1.5),0.058,377
30,SARS-CoV-2,H-score + LocalContrast(z=2.0),0.0552,377
30,SARS-CoV-2,"H-score + CUSUM(d=0.3,h=3.0)",0.04,377
30,SARS-CoV-2,"H-score + CUSUM(d=0.5,h=4.0)",0.0152,377
30,SARS-CoV-2,"H-score + CUSUM(d=0.5,h=5.0)",0.0103,377
30,SARS-CoV-2,H-score + AdaptiveKnee,0.0551,377
30,SARS-CoV-2,H-score + ScoreDBSCAN(ep=8),0.4721,377
30,SARS-CoV-2,H-score + ScoreDBSCAN(ep=15),0.4703,377
30,SARS-CoV-2,H-score + Spectral(z=1.5),0.063,377
30,SARS-CoV-2,H-score + Spectral(z=2.0),0.0476,377
30,SARS-CoV-2,H-score + Bayes(prior=0.1),0.0559,377
30,SARS-CoV-2,H-score + Bayes(prior=0.15),0.0559,377
30,SARS-CoV-2,H-score + Ensemble(v>=2),0.0514,377
30,SARS-CoV-2,H-score + Ensemble(v>=3),0.0552,377
30,SARS-CoV-2,H-score + AdaptWin(s=90),0.31,377
30,SARS-CoV-2,H-score + AdaptWin(s=85),0.4135,377
30,SARS-CoV-2,H-score + FreqThresh(p=80),0.1558,377
30,SARS-CoV-2,H-score + FreqThresh(p=85),0.0865,377
30,SARS-CoV-2,H-score + FreqThresh(p=90),0.0516,377
30,SARS-CoV-2,H-score + FreqThresh(p=95),0.0317,377
30,SARS-CoV-2,"H-score + SWAN(w=10,k=1.0)",0.0495,377
30,SARS-CoV-2,"H-score + SWAN(w=10,k=1.5)",0.0424,377
30,SARS-CoV-2,"H-score + SWAN(w=10,k=2.0)",0.0391,377
30,SARS-CoV-2,"H-score + SWAN(w=20,k=1.0)",0.0491,377
30,SARS-CoV-2,"H-score + SWAN(w=20,k=1.5)",0.0467,377
30,SARS-CoV-2,"H-score + SWAN(w=20,k=2.0)",0.0427,377
30,SARS-CoV-2,"H-score + SWAN(w=50,k=1.0)",0.0458,377
30,SARS-CoV-2,"H-score + SWAN(w=50,k=1.5)",0.0336,377
30,SARS-CoV-2,"H-score + SWAN(w=50,k=2.0)",0.005,377
30,SARS-CoV-2,H-score + MutClust-Orig(g=10),0.467,377
30,SARS-CoV-2,E_only + Wavelet(t=1.0),0.1478,377
30,SARS-CoV-2,E_only + Wavelet(t=1.5),0.0716,377
30,SARS-CoV-2,E_only + Wavelet(t=2.0),0.0333,377
30,SARS-CoV-2,E_only + KDE(p=75),0.3237,377
30,SARS-CoV-2,E_only + KDE(p=80),0.3084,377
30,SARS-CoV-2,E_only + KDE(p=85),0.2509,377
30,SARS-CoV-2,E_only + SlidingTest(p=0.01),0.0102,377
30,SARS-CoV-2,E_only + SlidingTest(p=0.05),0.1174,377
30,SARS-CoV-2,E_only + GradPeak(p=0.2),0.0774,377
30,SARS-CoV-2,E_only + GradPeak(p=0.5),0.0255,377
30,SARS-CoV-2,E_only + LocalContrast(z=1.0),0.0574,377
30,SARS-CoV-2,E_only + LocalContrast(z=1.5),0.0585,377
30,SARS-CoV-2,E_only + LocalContrast(z=2.0),0.0518,377
30,SARS-CoV-2,"E_only + CUSUM(d=0.3,h=3.0)",0.0319,377
30,SARS-CoV-2,"E_only + CUSUM(d=0.5,h=4.0)",0.0152,377
30,SARS-CoV-2,"E_only + CUSUM(d=0.5,h=5.0)",0.0052,377
30,SARS-CoV-2,E_only + AdaptiveKnee,0.055,377
30,SARS-CoV-2,E_only + ScoreDBSCAN(ep=8),0.4749,377
30,SARS-CoV-2,E_only + ScoreDBSCAN(ep=15),0.4715,377
30,SARS-CoV-2,E_only + Spectral(z=1.5),0.0553,377
30,SARS-CoV-2,E_only + Spectral(z=2.0),0.0398,377
30,SARS-CoV-2,E_only + Bayes(prior=0.1),0.0436,377
30,SARS-CoV-2,E_only + Bayes(prior=0.15),0.0559,377
30,SARS-CoV-2,E_only + Ensemble(v>=2),0.0515,377
30,SARS-CoV-2,E_only + Ensemble(v>=3),0.0558,377
30,SARS-CoV-2,E_only + AdaptWin(s=90),0.3746,377
30,SARS-CoV-2,E_only + AdaptWin(s=85),0.4503,377
30,SARS-CoV-2,E_only + FreqThresh(p=80),0.1731,377
30,SARS-CoV-2,E_only + FreqThresh(p=85),0.0865,377
30,SARS-CoV-2,E_only + FreqThresh(p=90),0.0516,377
30,SARS-CoV-2,E_only + FreqThresh(p=95),0.0272,377
30,SARS-CoV-2,"E_only + SWAN(w=10,k=1.0)",0.0454,377
30,SARS-CoV-2,"E_only + SWAN(w=10,k=1.5)",0.0465,377
30,SARS-CoV-2,"E_only + SWAN(w=10,k=2.0)",0.0342,377
30,SARS-CoV-2,"E_only + SWAN(w=20,k=1.0)",0.0494,377
30,SARS-CoV-2,"E_only + SWAN(w=20,k=1.5)",0.0421,377
30,SARS-CoV-2,"E_only + SWAN(w=20,k=2.0)",0.0343,377
30,SARS-CoV-2,"E_only + SWAN(w=50,k=1.0)",0.0372,377
30,SARS-CoV-2,"E_only + SWAN(w=50,k=1.5)",0.0288,377
30,SARS-CoV-2,"E_only + SWAN(w=50,k=2.0)",0.0202,377
30,SARS-CoV-2,E_only + MutClust-Orig(g=10),0.4647,377
30,SARS-CoV-2,P*E^2 + Wavelet(t=1.0),0.0851,377
30,SARS-CoV-2,P*E^2 + Wavelet(t=1.5),0.0381,377
30,SARS-CoV-2,P*E^2 + Wavelet(t=2.0),0.0095,377
30,SARS-CoV-2,P*E^2 + KDE(p=75),0.1532,377
30,SARS-CoV-2,P*E^2 + KDE(p=80),0.1304,377
30,SARS-CoV-2,P*E^2 + KDE(p=85),0.0813,377
30,SARS-CoV-2,P*E^2 + SlidingTest(p=0.01),0.0097,377
30,SARS-CoV-2,P*E^2 + SlidingTest(p=0.05),0.0527,377
30,SARS-CoV-2,P*E^2 + GradPeak(p=0.2),0.0531,377
30,SARS-CoV-2,P*E^2 + GradPeak(p=0.5),0.0,377
30,SARS-CoV-2,P*E^2 + LocalContrast(z=1.0),0.0538,377
30,SARS-CoV-2,P*E^2 + LocalContrast(z=1.5),0.0508,377
30,SARS-CoV-2,P*E^2 + LocalContrast(z=2.0),0.0392,377
30,SARS-CoV-2,"P*E^2 + CUSUM(d=0.3,h=3.0)",0.0146,377
30,SARS-CoV-2,"P*E^2 + CUSUM(d=0.5,h=4.0)",0.005,377
30,SARS-CoV-2,"P*E^2 + CUSUM(d=0.5,h=5.0)",0.0,377
30,SARS-CoV-2,P*E^2 + AdaptiveKnee,0.0558,377
30,SARS-CoV-2,P*E^2 + ScoreDBSCAN(ep=8),0.4706,377
30,SARS-CoV-2,P*E^2 + ScoreDBSCAN(ep=15),0.4697,377
30,SARS-CoV-2,P*E^2 + Spectral(z=1.5),0.0265,377
30,SARS-CoV-2,P*E^2 + Spectral(z=2.0),0.0228,377
30,SARS-CoV-2,P*E^2 + Bayes(prior=0.1),0.0361,377
30,SARS-CoV-2,P*E^2 + Bayes(prior=0.15),0.0518,377
30,SARS-CoV-2,P*E^2 + Ensemble(v>=2),0.0513,377
30,SARS-CoV-2,P*E^2 + Ensemble(v>=3),0.0547,377
30,SARS-CoV-2,P*E^2 + AdaptWin(s=90),0.219,377
30,SARS-CoV-2,P*E^2 + AdaptWin(s=85),0.3909,377
30,SARS-CoV-2,P*E^2 + FreqThresh(p=80),0.1731,377
30,SARS-CoV-2,P*E^2 + FreqThresh(p=85),0.0865,377
30,SARS-CoV-2,P*E^2 + FreqThresh(p=90),0.0516,377
30,SARS-CoV-2,P*E^2 + FreqThresh(p=95),0.0361,377
30,SARS-CoV-2,"P*E^2 + SWAN(w=10,k=1.0)",0.0416,377
30,SARS-CoV-2,"P*E^2 + SWAN(w=10,k=1.5)",0.0198,377
30,SARS-CoV-2,"P*E^2 + SWAN(w=10,k=2.0)",0.0101,377
30,SARS-CoV-2,"P*E^2 + SWAN(w=20,k=1.0)",0.0235,377
30,SARS-CoV-2,"P*E^2 + SWAN(w=20,k=1.5)",0.0245,377
30,SARS-CoV-2,"P*E^2 + SWAN(w=20,k=2.0)",0.0,377
30,SARS-CoV-2,"P*E^2 + SWAN(w=50,k=1.0)",0.0242,377
30,SARS-CoV-2,"P*E^2 + SWAN(w=50,k=1.5)",0.0196,377
30,SARS-CoV-2,"P*E^2 + SWAN(w=50,k=2.0)",0.0,377
30,SARS-CoV-2,P*E^2 + MutClust-Orig(g=10),0.454,377
30,SARS-CoV-2,rank(P*E) + Wavelet(t=1.0),0.0936,377
30,SARS-CoV-2,rank(P*E) + Wavelet(t=1.5),0.0803,377
30,SARS-CoV-2,rank(P*E) + Wavelet(t=2.0),0.0477,377
30,SARS-CoV-2,rank(P*E) + KDE(p=75),0.3757,377
30,SARS-CoV-2,rank(P*E) + KDE(p=80),0.3434,377
30,SARS-CoV-2,rank(P*E) + KDE(p=85),0.258,377
30,SARS-CoV-2,rank(P*E) + SlidingTest(p=0.01),0.2483,377
30,SARS-CoV-2,rank(P*E) + SlidingTest(p=0.05),0.31,377
30,SARS-CoV-2,rank(P*E) + GradPeak(p=0.2),0.0794,377
30,SARS-CoV-2,rank(P*E) + GradPeak(p=0.5),0.0052,377
30,SARS-CoV-2,rank(P*E) + LocalContrast(z=1.0),0.0868,377
30,SARS-CoV-2,rank(P*E) + LocalContrast(z=1.5),0.0387,377
30,SARS-CoV-2,rank(P*E) + LocalContrast(z=2.0),0.0192,377
30,SARS-CoV-2,"rank(P*E) + CUSUM(d=0.3,h=3.0)",0.0699,377
30,SARS-CoV-2,"rank(P*E) + CUSUM(d=0.5,h=4.0)",0.0153,377
30,SARS-CoV-2,"rank(P*E) + CUSUM(d=0.5,h=5.0)",0.0103,377
30,SARS-CoV-2,rank(P*E) + AdaptiveKnee,0.3565,377
30,SARS-CoV-2,rank(P*E) + ScoreDBSCAN(ep=8),0.2665,377
30,SARS-CoV-2,rank(P*E) + ScoreDBSCAN(ep=15),0.3969,377
30,SARS-CoV-2,rank(P*E) + Spectral(z=1.5),0.0866,377
30,SARS-CoV-2,rank(P*E) + Spectral(z=2.0),0.0488,377
30,SARS-CoV-2,rank(P*E) + Ensemble(v>=2),0.051,377
30,SARS-CoV-2,rank(P*E) + Ensemble(v>=3),0.0469,377
30,SARS-CoV-2,rank(P*E) + AdaptWin(s=90),0.219,377
30,SARS-CoV-2,rank(P*E) + AdaptWin(s=85),0.384,377
30,SARS-CoV-2,rank(P*E) + FreqThresh(p=80),0.1558,377
30,SARS-CoV-2,rank(P*E) + FreqThresh(p=85),0.0865,377
30,SARS-CoV-2,rank(P*E) + FreqThresh(p=90),0.0516,377
30,SARS-CoV-2,rank(P*E) + FreqThresh(p=95),0.0317,377
30,SARS-CoV-2,"rank(P*E) + SWAN(w=10,k=1.0)",0.3239,377
30,SARS-CoV-2,"rank(P*E) + SWAN(w=10,k=1.5)",0.2861,377
30,SARS-CoV-2,"rank(P*E) + SWAN(w=10,k=2.0)",0.2739,377
30,SARS-CoV-2,"rank(P*E) + SWAN(w=20,k=1.0)",0.3364,377
30,SARS-CoV-2,"rank(P*E) + SWAN(w=20,k=1.5)",0.3171,377
30,SARS-CoV-2,"rank(P*E) + SWAN(w=20,k=2.0)",0.3042,377
30,SARS-CoV-2,"rank(P*E) + SWAN(w=50,k=1.0)",0.3356,377
30,SARS-CoV-2,"rank(P*E) + SWAN(w=50,k=1.5)",0.3303,377
30,SARS-CoV-2,"rank(P*E) + SWAN(w=50,k=2.0)",0.3337,377
30,SARS-CoV-2,rank(P*E) + MutClust-Orig(g=10),0.4609,377
10,H3N2,E*rare + Wavelet(t=1.0),0.2182,52
10,H3N2,E*rare + Wavelet(t=1.5),0.2151,52
10,H3N2,E*rare + Wavelet(t=2.0),0.1429,52
10,H3N2,E*rare + KDE(p=75),0.0426,52
10,H3N2,E*rare + KDE(p=80),0.0248,52
10,H3N2,E*rare + KDE(p=85),0.0299,52
10,H3N2,E*rare + SlidingTest(p=0.01),0.1231,52
10,H3N2,E*rare + SlidingTest(p=0.05),0.175,52
10,H3N2,E*rare + LocalContrast(z=1.0),0.1333,52
10,H3N2,E*rare + LocalContrast(z=1.5),0.1429,52
10,H3N2,E*rare + LocalContrast(z=2.0),0.1348,52
10,H3N2,"E*rare + CUSUM(d=0.3,h=3.0)",0.1194,52
10,H3N2,"E*rare + CUSUM(d=0.5,h=4.0)",0.1034,52
10,H3N2,"E*rare + CUSUM(d=0.5,h=5.0)",0.0702,52
10,H3N2,E*rare + AdaptiveKnee,0.1524,52
10,H3N2,E*rare + ScoreDBSCAN(ep=8),0.144,52
10,H3N2,E*rare + ScoreDBSCAN(ep=15),0.1584,52
10,H3N2,E*rare + Spectral(z=1.5),0.1379,52
10,H3N2,E*rare + Spectral(z=2.0),0.1463,52
10,H3N2,E*rare + Bayes(prior=0.1),0.1017,52
10,H3N2,E*rare + Bayes(prior=0.15),0.1319,52
10,H3N2,E*rare + Ensemble(v>=2),0.1622,52
10,H3N2,E*rare + Ensemble(v>=3),0.1373,52
10,H3N2,E*rare + AdaptWin(s=90),0.1739,52
10,H3N2,E*rare + AdaptWin(s=85),0.2679,52
10,H3N2,E*rare + FreqThresh(p=80),0.2112,52
10,H3N2,E*rare + FreqThresh(p=85),0.209,52
10,H3N2,E*rare + FreqThresh(p=90),0.1495,52
10,H3N2,E*rare + FreqThresh(p=95),0.15,52
10,H3N2,"E*rare + SWAN(w=10,k=1.0)",0.2143,52
10,H3N2,"E*rare + SWAN(w=10,k=1.5)",0.2029,52
10,H3N2,"E*rare + SWAN(w=10,k=2.0)",0.2188,52
10,H3N2,"E*rare + SWAN(w=20,k=1.0)",0.2118,52
10,H3N2,"E*rare + SWAN(w=20,k=1.5)",0.2466,52
10,H3N2,"E*rare + SWAN(w=20,k=2.0)",0.0923,52
10,H3N2,"E*rare + SWAN(w=50,k=1.0)",0.2353,52
10,H3N2,"E*rare + SWAN(w=50,k=1.5)",0.1026,52
10,H3N2,"E*rare + SWAN(w=50,k=2.0)",0.0984,52
10,H3N2,E*rare + MutClust-Orig(g=10),0.2625,52
10,H3N2,P*E*rare + Wavelet(t=1.0),0.2203,52
10,H3N2,P*E*rare + Wavelet(t=1.5),0.1687,52
10,H3N2,P*E*rare + Wavelet(t=2.0),0.1111,52
10,H3N2,P*E*rare + KDE(p=75),0.0319,52
10,H3N2,P*E*rare + KDE(p=80),0.0248,52
10,H3N2,P*E*rare + KDE(p=85),0.0149,52
10,H3N2,P*E*rare + SlidingTest(p=0.01),0.175,52
10,H3N2,P*E*rare + SlidingTest(p=0.05),0.1489,52
10,H3N2,P*E*rare + LocalContrast(z=1.0),0.12,52
10,H3N2,P*E*rare + LocalContrast(z=1.5),0.1277,52
10,H3N2,P*E*rare + LocalContrast(z=2.0),0.1111,52
10,H3N2,"P*E*rare + CUSUM(d=0.3,h=3.0)",0.0714,52
10,H3N2,"P*E*rare + CUSUM(d=0.5,h=4.0)",0.0364,52
10,H3N2,"P*E*rare + CUSUM(d=0.5,h=5.0)",0.0364,52
10,H3N2,P*E*rare + AdaptiveKnee,0.1622,52
10,H3N2,P*E*rare + ScoreDBSCAN(ep=8),0.1541,52
10,H3N2,P*E*rare + ScoreDBSCAN(ep=15),0.1597,52
10,H3N2,P*E*rare + Spectral(z=1.5),0.1408,52
10,H3N2,P*E*rare + Spectral(z=2.0),0.1212,52
10,H3N2,P*E*rare + Bayes(prior=0.1),0.1613,52
10,H3N2,P*E*rare + Bayes(prior=0.15),0.1579,52
10,H3N2,P*E*rare + Ensemble(v>=2),0.1552,52
10,H3N2,P*E*rare + Ensemble(v>=3),0.1731,52
10,H3N2,P*E*rare + AdaptWin(s=90),0.1835,52
10,H3N2,P*E*rare + AdaptWin(s=85),0.2609,52
10,H3N2,P*E*rare + FreqThresh(p=80),0.1988,52
10,H3N2,P*E*rare + FreqThresh(p=85),0.209,52
10,H3N2,P*E*rare + FreqThresh(p=90),0.1682,52
10,H3N2,P*E*rare + FreqThresh(p=95),0.15,52
10,H3N2,"P*E*rare + SWAN(w=10,k=1.0)",0.0678,52
10,H3N2,"P*E*rare + SWAN(w=10,k=1.5)",0.0678,52
10,H3N2,"P*E*rare + SWAN(w=10,k=2.0)",0.0678,52
10,H3N2,"P*E*rare + SWAN(w=20,k=1.0)",0.0615,52
10,H3N2,"P*E*rare + SWAN(w=20,k=1.5)",0.0656,52
10,H3N2,"P*E*rare + SWAN(w=20,k=2.0)",0.0656,52
10,H3N2,"P*E*rare + SWAN(w=50,k=1.0)",0.0769,52
10,H3N2,"P*E*rare + SWAN(w=50,k=1.5)",0.0822,52
10,H3N2,"P*E*rare + SWAN(w=50,k=2.0)",0.0667,52
10,H3N2,P*E*rare + MutClust-Orig(g=10),0.1758,52
10,H3N2,minority_E + Wavelet(t=1.0),0.2676,52
10,H3N2,minority_E + Wavelet(t=1.5),0.1458,52
10,H3N2,minority_E + Wavelet(t=2.0),0.0286,52
10,H3N2,minority_E + KDE(p=75),0.0426,52
10,H3N2,minority_E + KDE(p=80),0.0497,52
10,H3N2,minority_E + KDE(p=85),0.0149,52
10,H3N2,minority_E + SlidingTest(p=0.01),0.0482,52
10,H3N2,minority_E + SlidingTest(p=0.05),0.0396,52
10,H3N2,minority_E + GradPeak(p=0.2),0.0,52
10,H3N2,minority_E + LocalContrast(z=1.0),0.1882,52
10,H3N2,minority_E + LocalContrast(z=1.5),0.2025,52
10,H3N2,minority_E + LocalContrast(z=2.0),0.2025,52
10,H3N2,"minority_E + CUSUM(d=0.3,h=3.0)",0.1667,52
10,H3N2,"minority_E + CUSUM(d=0.5,h=4.0)",0.0938,52
10,H3N2,"minority_E + CUSUM(d=0.5,h=5.0)",0.0,52
10,H3N2,minority_E + AdaptiveKnee,0.1765,52
10,H3N2,minority_E + ScoreDBSCAN(ep=8),0.166,52
10,H3N2,minority_E + ScoreDBSCAN(ep=15),0.1621,52
10,H3N2,minority_E + Spectral(z=1.5),0.1928,52
10,H3N2,minority_E + Spectral(z=2.0),0.1918,52
10,H3N2,minority_E + Bayes(prior=0.1),0.0,52
10,H3N2,minority_E + Bayes(prior=0.15),0.1892,52
10,H3N2,minority_E + Ensemble(v>=2),0.2056,52
10,H3N2,minority_E + Ensemble(v>=3),0.1975,52
10,H3N2,minority_E + AdaptWin(s=90),0.2116,52
10,H3N2,minority_E + AdaptWin(s=85),0.2062,52
10,H3N2,minority_E + FreqThresh(p=80),0.2733,52
10,H3N2,minority_E + FreqThresh(p=85),0.2239,52
10,H3N2,minority_E + FreqThresh(p=90),0.2056,52
10,H3N2,minority_E + FreqThresh(p=95),0.2,52
10,H3N2,"minority_E + SWAN(w=10,k=1.0)",0.1978,52
10,H3N2,"minority_E + SWAN(w=10,k=1.5)",0.15,52
10,H3N2,"minority_E + SWAN(w=10,k=2.0)",0.0533,52
10,H3N2,"minority_E + SWAN(w=20,k=1.0)",0.2069,52
10,H3N2,"minority_E + SWAN(w=20,k=1.5)",0.175,52
10,H3N2,"minority_E + SWAN(w=20,k=2.0)",0.08,52
10,H3N2,"minority_E + SWAN(w=50,k=1.0)",0.1489,52
10,H3N2,"minority_E + SWAN(w=50,k=1.5)",0.1609,52
10,H3N2,"minority_E + SWAN(w=50,k=2.0)",0.0741,52
10,H3N2,minority_E + MutClust-Orig(g=10),0.1982,52
10,H3N2,P*minority_E + Wavelet(t=1.0),0.1008,52
10,H3N2,P*minority_E + Wavelet(t=1.5),0.0222,52
10,H3N2,P*minority_E + Wavelet(t=2.0),0.026,52
10,H3N2,P*minority_E + KDE(p=75),0.0426,52
10,H3N2,P*minority_E + KDE(p=80),0.0497,52
10,H3N2,P*minority_E + KDE(p=85),0.0299,52
10,H3N2,P*minority_E + SlidingTest(p=0.01),0.0,52
10,H3N2,P*minority_E + SlidingTest(p=0.05),0.08,52
10,H3N2,P*minority_E + LocalContrast(z=1.0),0.1882,52
10,H3N2,P*minority_E + LocalContrast(z=1.5),0.1728,52
10,H3N2,P*minority_E + LocalContrast(z=2.0),0.1538,52
10,H3N2,"P*minority_E + CUSUM(d=0.3,h=3.0)",0.0909,52
10,H3N2,"P*minority_E + CUSUM(d=0.5,h=4.0)",0.0328,52
10,H3N2,"P*minority_E + CUSUM(d=0.5,h=5.0)",0.0351,52
10,H3N2,P*minority_E + AdaptiveKnee,0.172,52
10,H3N2,P*minority_E + ScoreDBSCAN(ep=8),0.1591,52
10,H3N2,P*minority_E + ScoreDBSCAN(ep=15),0.1571,52
10,H3N2,P*minority_E + Spectral(z=1.5),0.1707,52
10,H3N2,P*minority_E + Spectral(z=2.0),0.1818,52
10,H3N2,P*minority_E + Bayes(prior=0.1),0.1944,52
10,H3N2,P*minority_E + Bayes(prior=0.15),0.2105,52
10,H3N2,P*minority_E + Ensemble(v>=2),0.2056,52
10,H3N2,P*minority_E + Ensemble(v>=3),0.1905,52
10,H3N2,P*minority_E + AdaptWin(s=90),0.2139,52
10,H3N2,P*minority_E + AdaptWin(s=85),0.2024,52
10,H3N2,P*minority_E + FreqThresh(p=80),0.2733,52
10,H3N2,P*minority_E + FreqThresh(p=85),0.209,52
10,H3N2,P*minority_E + FreqThresh(p=90),0.2056,52
10,H3N2,P*minority_E + FreqThresh(p=95),0.2,52
10,H3N2,"P*minority_E + SWAN(w=10,k=1.0)",0.1081,52
10,H3N2,"P*minority_E + SWAN(w=10,k=1.5)",0.0556,52
10,H3N2,"P*minority_E + SWAN(w=10,k=2.0)",0.0588,52
10,H3N2,"P*minority_E + SWAN(w=20,k=1.0)",0.137,52
10,H3N2,"P*minority_E + SWAN(w=20,k=1.5)",0.0845,52
10,H3N2,"P*minority_E + SWAN(w=20,k=2.0)",0.0299,52
10,H3N2,"P*minority_E + SWAN(w=50,k=1.0)",0.1039,52
10,H3N2,"P*minority_E + SWAN(w=50,k=1.5)",0.0274,52
10,H3N2,"P*minority_E + SWAN(w=50,k=2.0)",0.0278,52
10,H3N2,P*minority_E + MutClust-Orig(g=10),0.2113,52
10,H3N2,P*E + Wavelet(t=1.0),0.1579,52
10,H3N2,P*E + Wavelet(t=1.5),0.1429,52
10,H3N2,P*E + Wavelet(t=2.0),0.0845,52
10,H3N2,P*E + KDE(p=75),0.0426,52
10,H3N2,P*E + KDE(p=80),0.0497,52
10,H3N2,P*E + KDE(p=85),0.0299,52
10,H3N2,P*E + SlidingTest(p=0.01),0.1039,52
10,H3N2,P*E + SlidingTest(p=0.05),0.1505,52
10,H3N2,P*E + GradPeak(p=0.2),0.0,52
10,H3N2,P*E + GradPeak(p=0.5),0.0,52
10,H3N2,P*E + LocalContrast(z=1.0),0.1489,52
10,H3N2,P*E + LocalContrast(z=1.5),0.1628,52
10,H3N2,P*E + LocalContrast(z=2.0),0.15,52
10,H3N2,"P*E + CUSUM(d=0.3,h=3.0)",0.0333,52
10,H3N2,"P*E + CUSUM(d=0.5,h=4.0)",0.0351,52
10,H3N2,"P*E + CUSUM(d=0.5,h=5.0)",0.0364,52
10,H3N2,P*E + AdaptiveKnee,0.1778,52
10,H3N2,P*E + ScoreDBSCAN(ep=8),0.1622,52
10,H3N2,P*E + ScoreDBSCAN(ep=15),0.1563,52
10,H3N2,P*E + Spectral(z=1.5),0.1538,52
10,H3N2,P*E + Spectral(z=2.0),0.1111,52
10,H3N2,P*E + Bayes(prior=0.1),0.0351,52
10,H3N2,P*E + Bayes(prior=0.15),0.1892,52
10,H3N2,P*E + Ensemble(v>=2),0.1835,52
10,H3N2,P*E + Ensemble(v>=3),0.1739,52
10,H3N2,P*E + AdaptWin(s=90),0.3168,52
10,H3N2,P*E + AdaptWin(s=85),0.1969,52
10,H3N2,P*E + FreqThresh(p=80),0.2112,52
10,H3N2,P*E + FreqThresh(p=85),0.209,52
10,H3N2,P*E + FreqThresh(p=90),0.1869,52
10,H3N2,P*E + FreqThresh(p=95),0.2,52
10,H3N2,"P*E + SWAN(w=10,k=1.0)",0.0732,52
10,H3N2,"P*E + SWAN(w=10,k=1.5)",0.0822,52
10,H3N2,"P*E + SWAN(w=10,k=2.0)",0.0882,52
10,H3N2,"P*E + SWAN(w=20,k=1.0)",0.1,52
10,H3N2,"P*E + SWAN(w=20,k=1.5)",0.0833,52
10,H3N2,"P*E + SWAN(w=20,k=2.0)",0.0615,52
10,H3N2,"P*E + SWAN(w=50,k=1.0)",0.0909,52
10,H3N2,"P*E + SWAN(w=50,k=1.5)",0.0952,52
10,H3N2,"P*E + SWAN(w=50,k=2.0)",0.0299,52
10,H3N2,P*E + MutClust-Orig(g=10),0.1751,52
10,H3N2,H-score + Wavelet(t=1.0),0.4091,52
10,H3N2,H-score + Wavelet(t=1.5),0.4138,52
10,H3N2,H-score + Wavelet(t=2.0),0.3043,52
10,H3N2,H-score + KDE(p=75),0.0426,52
10,H3N2,H-score + KDE(p=80),0.0497,52
10,H3N2,H-score + KDE(p=85),0.0299,52
10,H3N2,H-score + SlidingTest(p=0.01),0.0,52
10,H3N2,H-score + SlidingTest(p=0.05),0.0426,52
10,H3N2,H-score + GradPeak(p=0.2),0.0583,52
10,H3N2,H-score + GradPeak(p=0.5),0.0632,52
10,H3N2,H-score + LocalContrast(z=1.0),0.1782,52
10,H3N2,H-score + LocalContrast(z=1.5),0.1905,52
10,H3N2,H-score + LocalContrast(z=2.0),0.1667,52
10,H3N2,"H-score + CUSUM(d=0.3,h=3.0)",0.0923,52
10,H3N2,"H-score + CUSUM(d=0.5,h=4.0)",0.0357,52
10,H3N2,"H-score + CUSUM(d=0.5,h=5.0)",0.0,52
10,H3N2,H-score + AdaptiveKnee,0.1864,52
10,H3N2,H-score + ScoreDBSCAN(ep=8),0.156,52
10,H3N2,H-score + ScoreDBSCAN(ep=15),0.1598,52
10,H3N2,H-score + Spectral(z=1.5),0.1622,52
10,H3N2,H-score + Spectral(z=2.0),0.1975,52
10,H3N2,H-score + Ensemble(v>=2),0.1869,52
10,H3N2,H-score + Ensemble(v>=3),0.1882,52
10,H3N2,H-score + AdaptWin(s=90),0.2194,52
10,H3N2,H-score + AdaptWin(s=85),0.1969,52
10,H3N2,H-score + FreqThresh(p=80),0.2112,52
10,H3N2,H-score + FreqThresh(p=85),0.209,52
10,H3N2,H-score + FreqThresh(p=90),0.1869,52
10,H3N2,H-score + FreqThresh(p=95),0.2,52
10,H3N2,"H-score + SWAN(w=10,k=1.0)",0.2874,52
10,H3N2,"H-score + SWAN(w=10,k=1.5)",0.1935,52
10,H3N2,"H-score + SWAN(w=10,k=2.0)",0.1651,52
10,H3N2,"H-score + SWAN(w=20,k=1.0)",0.3316,52
10,H3N2,"H-score + SWAN(w=20,k=1.5)",0.3462,52
10,H3N2,"H-score + SWAN(w=20,k=2.0)",0.1346,52
10,H3N2,"H-score + SWAN(w=50,k=1.0)",0.201,52
10,H3N2,"H-score + SWAN(w=50,k=1.5)",0.0571,52
10,H3N2,"H-score + SWAN(w=50,k=2.0)",0.069,52
10,H3N2,H-score + MutClust-Orig(g=10),0.1748,52
10,H3N2,E_only + Wavelet(t=1.0),0.3939,52
10,H3N2,E_only + Wavelet(t=1.5),0.4151,52
10,H3N2,E_only + Wavelet(t=2.0),0.2118,52
10,H3N2,E_only + KDE(p=75),0.0426,52
10,H3N2,E_only + KDE(p=80),0.0497,52
10,H3N2,E_only + KDE(p=85),0.0299,52
10,H3N2,E_only + SlidingTest(p=0.01),0.1,52
10,H3N2,E_only + SlidingTest(p=0.05),0.1429,52
10,H3N2,E_only + GradPeak(p=0.2),0.027,52
10,H3N2,E_only + GradPeak(p=0.5),0.0,52
10,H3N2,E_only + LocalContrast(z=1.0),0.1636,52
10,H3N2,E_only + LocalContrast(z=1.5),0.1702,52
10,H3N2,E_only + LocalContrast(z=2.0),0.1538,52
10,H3N2,"E_only + CUSUM(d=0.3,h=3.0)",0.0909,52
10,H3N2,"E_only + CUSUM(d=0.5,h=4.0)",0.0351,52
10,H3N2,"E_only + CUSUM(d=0.5,h=5.0)",0.0351,52
10,H3N2,E_only + AdaptiveKnee,0.1875,52
10,H3N2,E_only + ScoreDBSCAN(ep=8),0.1612,52
10,H3N2,E_only + ScoreDBSCAN(ep=15),0.157,52
10,H3N2,E_only + Spectral(z=1.5),0.1882,52
10,H3N2,E_only + Spectral(z=2.0),0.2029,52
10,H3N2,E_only + Bayes(prior=0.15),0.0364,52
10,H3N2,E_only + Ensemble(v>=2),0.1869,52
10,H3N2,E_only + Ensemble(v>=3),0.1667,52
10,H3N2,E_only + AdaptWin(s=90),0.2211,52
10,H3N2,E_only + AdaptWin(s=85),0.1901,52
10,H3N2,E_only + FreqThresh(p=80),0.1988,52
10,H3N2,E_only + FreqThresh(p=85),0.1791,52
10,H3N2,E_only + FreqThresh(p=90),0.1869,52
10,H3N2,E_only + FreqThresh(p=95),0.175,52
10,H3N2,"E_only + SWAN(w=10,k=1.0)",0.2261,52
10,H3N2,"E_only + SWAN(w=10,k=1.5)",0.125,52
10,H3N2,"E_only + SWAN(w=10,k=2.0)",0.1379,52
10,H3N2,"E_only + SWAN(w=20,k=1.0)",0.256,52
10,H3N2,"E_only + SWAN(w=20,k=1.5)",0.1782,52
10,H3N2,"E_only + SWAN(w=20,k=2.0)",0.1573,52
10,H3N2,"E_only + SWAN(w=50,k=1.0)",0.1515,52
10,H3N2,"E_only + SWAN(w=50,k=1.5)",0.1818,52
10,H3N2,"E_only + SWAN(w=50,k=2.0)",0.0659,52
10,H3N2,E_only + MutClust-Orig(g=10),0.1748,52
10,H3N2,P*E^2 + Wavelet(t=1.0),0.1913,52
10,H3N2,P*E^2 + Wavelet(t=1.5),0.1364,52
10,H3N2,P*E^2 + Wavelet(t=2.0),0.1143,52
10,H3N2,P*E^2 + KDE(p=75),0.0426,52
10,H3N2,P*E^2 + KDE(p=80),0.0497,52
10,H3N2,P*E^2 + KDE(p=85),0.0299,52
10,H3N2,P*E^2 + SlidingTest(p=0.01),0.175,52
10,H3N2,P*E^2 + SlidingTest(p=0.05),0.1565,52
10,H3N2,P*E^2 + GradPeak(p=0.2),0.0,52
10,H3N2,P*E^2 + GradPeak(p=0.5),0.0,52
10,H3N2,P*E^2 + LocalContrast(z=1.0),0.1505,52
10,H3N2,P*E^2 + LocalContrast(z=1.5),0.1364,52
10,H3N2,P*E^2 + LocalContrast(z=2.0),0.1446,52
10,H3N2,"P*E^2 + CUSUM(d=0.3,h=3.0)",0.0364,52
10,H3N2,"P*E^2 + CUSUM(d=0.5,h=4.0)",0.0364,52
10,H3N2,"P*E^2 + CUSUM(d=0.5,h=5.0)",0.0364,52
10,H3N2,P*E^2 + AdaptiveKnee,0.1882,52
10,H3N2,P*E^2 + ScoreDBSCAN(ep=8),0.1571,52
10,H3N2,P*E^2 + ScoreDBSCAN(ep=15),0.1547,52
10,H3N2,P*E^2 + Spectral(z=1.5),0.0571,52
10,H3N2,P*E^2 + Spectral(z=2.0),0.0308,52
10,H3N2,P*E^2 + Bayes(prior=0.1),0.0667,52
10,H3N2,P*E^2 + Bayes(prior=0.15),0.1867,52
10,H3N2,P*E^2 + Ensemble(v>=2),0.1724,52
10,H3N2,P*E^2 + Ensemble(v>=3),0.172,52
10,H3N2,P*E^2 + AdaptWin(s=90),0.193,52
10,H3N2,P*E^2 + AdaptWin(s=85),0.1965,52
10,H3N2,P*E^2 + FreqThresh(p=80),0.1988,52
10,H3N2,P*E^2 + FreqThresh(p=85),0.194,52
10,H3N2,P*E^2 + FreqThresh(p=90),0.1869,52
10,H3N2,P*E^2 + FreqThresh(p=95),0.2,52
10,H3N2,"P*E^2 + SWAN(w=10,k=1.0)",0.0635,52
10,H3N2,"P*E^2 + SWAN(w=10,k=1.5)",0.0678,52
10,H3N2,"P*E^2 + SWAN(w=10,k=2.0)",0.0678,52
10,H3N2,"P*E^2 + SWAN(w=20,k=1.0)",0.0645,52
10,H3N2,"P*E^2 + SWAN(w=20,k=1.5)",0.0645,52
10,H3N2,"P*E^2 + SWAN(w=20,k=2.0)",0.0656,52
10,H3N2,"P*E^2 + SWAN(w=50,k=1.0)",0.0822,52
10,H3N2,"P*E^2 + SWAN(w=50,k=1.5)",0.0882,52
10,H3N2,"P*E^2 + SWAN(w=50,k=2.0)",0.0714,52
10,H3N2,P*E^2 + MutClust-Orig(g=10),0.1778,52
10,H3N2,rank(P*E) + Wavelet(t=1.0),0.4425,52
10,H3N2,rank(P*E) + Wavelet(t=1.5),0.3846,52
10,H3N2,rank(P*E) + Wavelet(t=2.0),0.3261,52
10,H3N2,rank(P*E) + KDE(p=75),0.0319,52
10,H3N2,rank(P*E) + KDE(p=80),0.0373,52
10,H3N2,rank(P*E) + KDE(p=85),0.0299,52
10,H3N2,rank(P*E) + SlidingTest(p=0.01),0.1944,52
10,H3N2,rank(P*E) + SlidingTest(p=0.05),0.2167,52
10,H3N2,rank(P*E) + GradPeak(p=0.2),0.0476,52
10,H3N2,rank(P*E) + GradPeak(p=0.5),0.0,52
10,H3N2,rank(P*E) + LocalContrast(z=1.0),0.1875,52
10,H3N2,rank(P*E) + LocalContrast(z=1.5),0.0698,52
10,H3N2,rank(P*E) + LocalContrast(z=2.0),0.0351,52
10,H3N2,"rank(P*E) + CUSUM(d=0.3,h=3.0)",0.087,52
10,H3N2,"rank(P*E) + CUSUM(d=0.5,h=4.0)",0.0714,52
10,H3N2,"rank(P*E) + CUSUM(d=0.5,h=5.0)",0.0,52
10,H3N2,rank(P*E) + AdaptiveKnee,0.2493,52
10,H3N2,rank(P*E) + ScoreDBSCAN(ep=8),0.0619,52
10,H3N2,rank(P*E) + ScoreDBSCAN(ep=15),0.137,52
10,H3N2,rank(P*E) + Spectral(z=1.5),0.0971,52
10,H3N2,rank(P*E) + Spectral(z=2.0),0.0811,52
10,H3N2,rank(P*E) + Ensemble(v>=2),0.1739,52
10,H3N2,rank(P*E) + Ensemble(v>=3),0.1818,52
10,H3N2,rank(P*E) + AdaptWin(s=90),0.3077,52
10,H3N2,rank(P*E) + AdaptWin(s=85),0.2349,52
10,H3N2,rank(P*E) + FreqThresh(p=80),0.2112,52
10,H3N2,rank(P*E) + FreqThresh(p=85),0.209,52
10,H3N2,rank(P*E) + FreqThresh(p=90),0.1869,52
10,H3N2,rank(P*E) + FreqThresh(p=95),0.2,52
10,H3N2,"rank(P*E) + SWAN(w=10,k=1.0)",0.2712,52
10,H3N2,"rank(P*E) + SWAN(w=10,k=1.5)",0.2903,52
10,H3N2,"rank(P*E) + SWAN(w=10,k=2.0)",0.3357,52
10,H3N2,"rank(P*E) + SWAN(w=20,k=1.0)",0.2688,52
10,H3N2,"rank(P*E) + SWAN(w=20,k=1.5)",0.2679,52
10,H3N2,"rank(P*E) + SWAN(w=20,k=2.0)",0.3103,52
10,H3N2,"rank(P*E) + SWAN(w=50,k=1.0)",0.252,52
10,H3N2,"rank(P*E) + SWAN(w=50,k=1.5)",0.1704,52
10,H3N2,"rank(P*E) + SWAN(w=50,k=2.0)",0.1949,52
10,H3N2,rank(P*E) + MutClust-Orig(g=10),0.1748,52
20,H3N2,E*rare + Wavelet(t=1.0),0.2125,102
20,H3N2,E*rare + Wavelet(t=1.5),0.1818,102
20,H3N2,E*rare + Wavelet(t=2.0),0.1343,102
20,H3N2,E*rare + KDE(p=75),0.1092,102
20,H3N2,E*rare + KDE(p=80),0.0664,102
20,H3N2,E*rare + KDE(p=85),0.0761,102
20,H3N2,E*rare + SlidingTest(p=0.01),0.087,102
20,H3N2,E*rare + SlidingTest(p=0.05),0.1385,102
20,H3N2,E*rare + LocalContrast(z=1.0),0.1677,102
20,H3N2,E*rare + LocalContrast(z=1.5),0.1757,102
20,H3N2,E*rare + LocalContrast(z=2.0),0.1727,102
20,H3N2,"E*rare + CUSUM(d=0.3,h=3.0)",0.1197,102
20,H3N2,"E*rare + CUSUM(d=0.5,h=4.0)",0.0741,102
20,H3N2,"E*rare + CUSUM(d=0.5,h=5.0)",0.0561,102
20,H3N2,E*rare + AdaptiveKnee,0.1677,102
20,H3N2,E*rare + ScoreDBSCAN(ep=8),0.2801,102
20,H3N2,E*rare + ScoreDBSCAN(ep=15),0.2934,102
20,H3N2,E*rare + Spectral(z=1.5),0.1606,102
20,H3N2,E*rare + Spectral(z=2.0),0.1667,102
20,H3N2,E*rare + Bayes(prior=0.1),0.0734,102
20,H3N2,E*rare + Bayes(prior=0.15),0.156,102
20,H3N2,E*rare + Ensemble(v>=2),0.1863,102
20,H3N2,E*rare + Ensemble(v>=3),0.1711,102
20,H3N2,E*rare + AdaptWin(s=90),0.1939,102
20,H3N2,E*rare + AdaptWin(s=85),0.3942,102
20,H3N2,E*rare + FreqThresh(p=80),0.2654,102
20,H3N2,E*rare + FreqThresh(p=85),0.25,102
20,H3N2,E*rare + FreqThresh(p=90),0.1783,102
20,H3N2,E*rare + FreqThresh(p=95),0.1692,102
20,H3N2,"E*rare + SWAN(w=10,k=1.0)",0.1343,102
20,H3N2,"E*rare + SWAN(w=10,k=1.5)",0.1176,102
20,H3N2,"E*rare + SWAN(w=10,k=2.0)",0.1228,102
20,H3N2,"E*rare + SWAN(w=20,k=1.0)",0.1926,102
20,H3N2,"E*rare + SWAN(w=20,k=1.5)",0.1626,102
20,H3N2,"E*rare + SWAN(w=20,k=2.0)",0.0696,102
20,H3N2,"E*rare + SWAN(w=50,k=1.0)",0.163,102
20,H3N2,"E*rare + SWAN(w=50,k=1.5)",0.0781,102
20,H3N2,"E*rare + SWAN(w=50,k=2.0)",0.0721,102
20,H3N2,E*rare + MutClust-Orig(g=10),0.3819,102
20,H3N2,P*E*rare + Wavelet(t=1.0),0.25,102
20,H3N2,P*E*rare + Wavelet(t=1.5),0.1654,102
20,H3N2,P*E*rare + Wavelet(t=2.0),0.0984,102
20,H3N2,P*E*rare + KDE(p=75),0.084,102
20,H3N2,P*E*rare + KDE(p=80),0.0664,102
20,H3N2,P*E*rare + KDE(p=85),0.0652,102
20,H3N2,P*E*rare + SlidingTest(p=0.01),0.1385,102
20,H3N2,P*E*rare + SlidingTest(p=0.05),0.1528,102
20,H3N2,P*E*rare + LocalContrast(z=1.0),0.1733,102
20,H3N2,P*E*rare + LocalContrast(z=1.5),0.1806,102
20,H3N2,P*E*rare + LocalContrast(z=2.0),0.1571,102
20,H3N2,"P*E*rare + CUSUM(d=0.3,h=3.0)",0.0566,102
20,H3N2,"P*E*rare + CUSUM(d=0.5,h=4.0)",0.0381,102
20,H3N2,"P*E*rare + CUSUM(d=0.5,h=5.0)",0.0381,102
20,H3N2,P*E*rare + AdaptiveKnee,0.1452,102
20,H3N2,P*E*rare + ScoreDBSCAN(ep=8),0.2857,102
20,H3N2,P*E*rare + ScoreDBSCAN(ep=15),0.2939,102
20,H3N2,P*E*rare + Spectral(z=1.5),0.1488,102
20,H3N2,P*E*rare + Spectral(z=2.0),0.1034,102
20,H3N2,P*E*rare + Bayes(prior=0.1),0.125,102
20,H3N2,P*E*rare + Bayes(prior=0.15),0.1429,102
20,H3N2,P*E*rare + Ensemble(v>=2),0.2048,102
20,H3N2,P*E*rare + Ensemble(v>=3),0.1948,102
20,H3N2,P*E*rare + AdaptWin(s=90),0.2013,102
20,H3N2,P*E*rare + AdaptWin(s=85),0.3128,102
20,H3N2,P*E*rare + FreqThresh(p=80),0.2749,102
20,H3N2,P*E*rare + FreqThresh(p=85),0.2391,102
20,H3N2,P*E*rare + FreqThresh(p=90),0.1911,102
20,H3N2,P*E*rare + FreqThresh(p=95),0.1385,102
20,H3N2,"P*E*rare + SWAN(w=10,k=1.0)",0.055,102
20,H3N2,"P*E*rare + SWAN(w=10,k=1.5)",0.055,102
20,H3N2,"P*E*rare + SWAN(w=10,k=2.0)",0.055,102
20,H3N2,"P*E*rare + SWAN(w=20,k=1.0)",0.0522,102
20,H3N2,"P*E*rare + SWAN(w=20,k=1.5)",0.036,102
20,H3N2,"P*E*rare + SWAN(w=20,k=2.0)",0.036,102
20,H3N2,"P*E*rare + SWAN(w=50,k=1.0)",0.0625,102
20,H3N2,"P*E*rare + SWAN(w=50,k=1.5)",0.0488,102
20,H3N2,"P*E*rare + SWAN(w=50,k=2.0)",0.0364,102
20,H3N2,P*E*rare + MutClust-Orig(g=10),0.1844,102
20,H3N2,minority_E + Wavelet(t=1.0),0.2917,102
20,H3N2,minority_E + Wavelet(t=1.5),0.1507,102
20,H3N2,minority_E + Wavelet(t=2.0),0.0333,102
20,H3N2,minority_E + KDE(p=75),0.1176,102
20,H3N2,minority_E + KDE(p=80),0.1137,102
20,H3N2,minority_E + KDE(p=85),0.0761,102
20,H3N2,minority_E + SlidingTest(p=0.01),0.0752,102
20,H3N2,minority_E + SlidingTest(p=0.05),0.0795,102
20,H3N2,minority_E + GradPeak(p=0.2),0.0,102
20,H3N2,minority_E + LocalContrast(z=1.0),0.1778,102
20,H3N2,minority_E + LocalContrast(z=1.5),0.186,102
20,H3N2,minority_E + LocalContrast(z=2.0),0.186,102
20,H3N2,"minority_E + CUSUM(d=0.3,h=3.0)",0.1639,102
20,H3N2,"minority_E + CUSUM(d=0.5,h=4.0)",0.1053,102
20,H3N2,"minority_E + CUSUM(d=0.5,h=5.0)",0.0185,102
20,H3N2,minority_E + AdaptiveKnee,0.1974,102
20,H3N2,minority_E + ScoreDBSCAN(ep=8),0.2932,102
20,H3N2,minority_E + ScoreDBSCAN(ep=15),0.2968,102
20,H3N2,minority_E + Spectral(z=1.5),0.1955,102
20,H3N2,minority_E + Spectral(z=2.0),0.1789,102
20,H3N2,minority_E + Bayes(prior=0.1),0.019,102
20,H3N2,minority_E + Bayes(prior=0.15),0.1774,102
20,H3N2,minority_E + Ensemble(v>=2),0.2166,102
20,H3N2,minority_E + Ensemble(v>=3),0.1832,102
20,H3N2,minority_E + AdaptWin(s=90),0.3318,102
20,H3N2,minority_E + AdaptWin(s=85),0.3255,102
20,H3N2,minority_E + FreqThresh(p=80),0.3602,102
20,H3N2,minority_E + FreqThresh(p=85),0.2609,102
20,H3N2,minority_E + FreqThresh(p=90),0.2166,102
20,H3N2,minority_E + FreqThresh(p=95),0.1846,102
20,H3N2,"minority_E + SWAN(w=10,k=1.0)",0.1986,102
20,H3N2,"minority_E + SWAN(w=10,k=1.5)",0.1385,102
20,H3N2,"minority_E + SWAN(w=10,k=2.0)",0.08,102
20,H3N2,"minority_E + SWAN(w=20,k=1.0)",0.1752,102
20,H3N2,"minority_E + SWAN(w=20,k=1.5)",0.1385,102
20,H3N2,"minority_E + SWAN(w=20,k=2.0)",0.08,102
20,H3N2,"minority_E + SWAN(w=50,k=1.0)",0.1528,102
20,H3N2,"minority_E + SWAN(w=50,k=1.5)",0.146,102
20,H3N2,"minority_E + SWAN(w=50,k=2.0)",0.0916,102
20,H3N2,minority_E + MutClust-Orig(g=10),0.3413,102
20,H3N2,P*minority_E + Wavelet(t=1.0),0.1183,102
20,H3N2,P*minority_E + Wavelet(t=1.5),0.0571,102
20,H3N2,P*minority_E + Wavelet(t=2.0),0.0472,102
20,H3N2,P*minority_E + KDE(p=75),0.1092,102
20,H3N2,P*minority_E + KDE(p=80),0.1137,102
20,H3N2,P*minority_E + KDE(p=85),0.0652,102
20,H3N2,P*minority_E + SlidingTest(p=0.01),0.0175,102
20,H3N2,P*minority_E + SlidingTest(p=0.05),0.12,102
20,H3N2,P*minority_E + LocalContrast(z=1.0),0.1778,102
20,H3N2,P*minority_E + LocalContrast(z=1.5),0.1679,102
20,H3N2,P*minority_E + LocalContrast(z=2.0),0.1563,102
20,H3N2,"P*minority_E + CUSUM(d=0.3,h=3.0)",0.1034,102
20,H3N2,"P*minority_E + CUSUM(d=0.5,h=4.0)",0.0541,102
20,H3N2,"P*minority_E + CUSUM(d=0.5,h=5.0)",0.0374,102
20,H3N2,P*minority_E + AdaptiveKnee,0.1818,102
20,H3N2,P*minority_E + ScoreDBSCAN(ep=8),0.2952,102
20,H3N2,P*minority_E + ScoreDBSCAN(ep=15),0.2918,102
20,H3N2,P*minority_E + Spectral(z=1.5),0.1818,102
20,H3N2,P*minority_E + Spectral(z=2.0),0.1732,102
20,H3N2,P*minority_E + Bayes(prior=0.1),0.1803,102
20,H3N2,P*minority_E + Bayes(prior=0.15),0.1905,102
20,H3N2,P*minority_E + Ensemble(v>=2),0.2166,102
20,H3N2,P*minority_E + Ensemble(v>=3),0.1791,102
20,H3N2,P*minority_E + AdaptWin(s=90),0.3349,102
20,H3N2,P*minority_E + AdaptWin(s=85),0.3183,102
20,H3N2,P*minority_E + FreqThresh(p=80),0.3602,102
20,H3N2,P*minority_E + FreqThresh(p=85),0.25,102
20,H3N2,P*minority_E + FreqThresh(p=90),0.2166,102
20,H3N2,P*minority_E + FreqThresh(p=95),0.1846,102
20,H3N2,"P*minority_E + SWAN(w=10,k=1.0)",0.1129,102
20,H3N2,"P*minority_E + SWAN(w=10,k=1.5)",0.082,102
20,H3N2,"P*minority_E + SWAN(w=10,k=2.0)",0.0508,102
20,H3N2,"P*minority_E + SWAN(w=20,k=1.0)",0.0976,102
20,H3N2,"P*minority_E + SWAN(w=20,k=1.5)",0.0661,102
20,H3N2,"P*minority_E + SWAN(w=20,k=2.0)",0.0171,102
20,H3N2,"P*minority_E + SWAN(w=50,k=1.0)",0.0945,102
20,H3N2,"P*minority_E + SWAN(w=50,k=1.5)",0.0488,102
20,H3N2,"P*minority_E + SWAN(w=50,k=2.0)",0.0492,102
20,H3N2,P*minority_E + MutClust-Orig(g=10),0.3413,102
20,H3N2,P*E + Wavelet(t=1.0),0.1829,102
20,H3N2,P*E + Wavelet(t=1.5),0.1343,102
20,H3N2,P*E + Wavelet(t=2.0),0.0826,102
20,H3N2,P*E + KDE(p=75),0.1092,102
20,H3N2,P*E + KDE(p=80),0.1137,102
20,H3N2,P*E + KDE(p=85),0.0652,102
20,H3N2,P*E + SlidingTest(p=0.01),0.0945,102
20,H3N2,P*E + SlidingTest(p=0.05),0.1678,102
20,H3N2,P*E + GradPeak(p=0.2),0.0,102
20,H3N2,P*E + GradPeak(p=0.5),0.0,102
20,H3N2,P*E + LocalContrast(z=1.0),0.1667,102
20,H3N2,P*E + LocalContrast(z=1.5),0.1765,102
20,H3N2,P*E + LocalContrast(z=2.0),0.1538,102
20,H3N2,"P*E + CUSUM(d=0.3,h=3.0)",0.0545,102
20,H3N2,"P*E + CUSUM(d=0.5,h=4.0)",0.0374,102
20,H3N2,"P*E + CUSUM(d=0.5,h=5.0)",0.0381,102
20,H3N2,P*E + AdaptiveKnee,0.1714,102
20,H3N2,P*E + ScoreDBSCAN(ep=8),0.2887,102
20,H3N2,P*E + ScoreDBSCAN(ep=15),0.2936,102
20,H3N2,P*E + Spectral(z=1.5),0.1719,102
20,H3N2,P*E + Spectral(z=2.0),0.0984,102
20,H3N2,P*E + Bayes(prior=0.1),0.0374,102
20,H3N2,P*E + Bayes(prior=0.15),0.1774,102
20,H3N2,P*E + Ensemble(v>=2),0.2138,102
20,H3N2,P*E + Ensemble(v>=3),0.169,102
20,H3N2,P*E + AdaptWin(s=90),0.4286,102
20,H3N2,P*E + AdaptWin(s=85),0.3195,102
20,H3N2,P*E + FreqThresh(p=80),0.2844,102
20,H3N2,P*E + FreqThresh(p=85),0.25,102
20,H3N2,P*E + FreqThresh(p=90),0.2166,102
20,H3N2,P*E + FreqThresh(p=95),0.1846,102
20,H3N2,"P*E + SWAN(w=10,k=1.0)",0.1212,102
20,H3N2,"P*E + SWAN(w=10,k=1.5)",0.0976,102
20,H3N2,"P*E + SWAN(w=10,k=2.0)",0.1017,102
20,H3N2,"P*E + SWAN(w=20,k=1.0)",0.1077,102
20,H3N2,"P*E + SWAN(w=20,k=1.5)",0.0656,102
20,H3N2,"P*E + SWAN(w=20,k=2.0)",0.0522,102
20,H3N2,"P*E + SWAN(w=50,k=1.0)",0.1014,102
20,H3N2,"P*E + SWAN(w=50,k=1.5)",0.1045,102
20,H3N2,"P*E + SWAN(w=50,k=2.0)",0.0342,102
20,H3N2,P*E + MutClust-Orig(g=10),0.3124,102
20,H3N2,H-score + Wavelet(t=1.0),0.3956,102
20,H3N2,H-score + Wavelet(t=1.5),0.3735,102
20,H3N2,H-score + Wavelet(t=2.0),0.2535,102
20,H3N2,H-score + KDE(p=75),0.1176,102
20,H3N2,H-score + KDE(p=80),0.1137,102
20,H3N2,H-score + KDE(p=85),0.087,102
20,H3N2,H-score + SlidingTest(p=0.01),0.0339,102
20,H3N2,H-score + SlidingTest(p=0.05),0.0694,102
20,H3N2,H-score + GradPeak(p=0.2),0.0915,102
20,H3N2,H-score + GradPeak(p=0.5),0.0828,102
20,H3N2,H-score + LocalContrast(z=1.0),0.1722,102
20,H3N2,H-score + LocalContrast(z=1.5),0.1791,102
20,H3N2,H-score + LocalContrast(z=2.0),0.1639,102
20,H3N2,"H-score + CUSUM(d=0.3,h=3.0)",0.087,102
20,H3N2,"H-score + CUSUM(d=0.5,h=4.0)",0.0189,102
20,H3N2,"H-score + CUSUM(d=0.5,h=5.0)",0.0,102
20,H3N2,H-score + AdaptiveKnee,0.2143,102
20,H3N2,H-score + ScoreDBSCAN(ep=8),0.2634,102
20,H3N2,H-score + ScoreDBSCAN(ep=15),0.2948,102
20,H3N2,H-score + Spectral(z=1.5),0.2112,102
20,H3N2,H-score + Spectral(z=2.0),0.1985,102
20,H3N2,H-score + Ensemble(v>=2),0.2166,102
20,H3N2,H-score + Ensemble(v>=3),0.1778,102
20,H3N2,H-score + AdaptWin(s=90),0.3394,102
20,H3N2,H-score + AdaptWin(s=85),0.3195,102
20,H3N2,H-score + FreqThresh(p=80),0.2844,102
20,H3N2,H-score + FreqThresh(p=85),0.25,102
20,H3N2,H-score + FreqThresh(p=90),0.2166,102
20,H3N2,H-score + FreqThresh(p=95),0.1846,102
20,H3N2,"H-score + SWAN(w=10,k=1.0)",0.3482,102
20,H3N2,"H-score + SWAN(w=10,k=1.5)",0.2414,102
20,H3N2,"H-score + SWAN(w=10,k=2.0)",0.2138,102
20,H3N2,"H-score + SWAN(w=20,k=1.0)",0.4051,102
20,H3N2,"H-score + SWAN(w=20,k=1.5)",0.3883,102
20,H3N2,"H-score + SWAN(w=20,k=2.0)",0.1299,102
20,H3N2,"H-score + SWAN(w=50,k=1.0)",0.278,102
20,H3N2,"H-score + SWAN(w=50,k=1.5)",0.1158,102
20,H3N2,"H-score + SWAN(w=50,k=2.0)",0.1205,102
20,H3N2,H-score + MutClust-Orig(g=10),0.3163,102
20,H3N2,E_only + Wavelet(t=1.0),0.3956,102
20,H3N2,E_only + Wavelet(t=1.5),0.359,102
20,H3N2,E_only + Wavelet(t=2.0),0.1926,102
20,H3N2,E_only + KDE(p=75),0.1176,102
20,H3N2,E_only + KDE(p=80),0.1043,102
20,H3N2,E_only + KDE(p=85),0.0652,102
20,H3N2,E_only + SlidingTest(p=0.01),0.0923,102
20,H3N2,E_only + SlidingTest(p=0.05),0.1622,102
20,H3N2,E_only + GradPeak(p=0.2),0.0484,102
20,H3N2,E_only + GradPeak(p=0.5),0.0183,102
20,H3N2,E_only + LocalContrast(z=1.0),0.175,102
20,H3N2,E_only + LocalContrast(z=1.5),0.1806,102
20,H3N2,E_only + LocalContrast(z=2.0),0.1563,102
20,H3N2,"E_only + CUSUM(d=0.3,h=3.0)",0.0862,102
20,H3N2,"E_only + CUSUM(d=0.5,h=4.0)",0.0374,102
20,H3N2,"E_only + CUSUM(d=0.5,h=5.0)",0.0374,102
20,H3N2,E_only + AdaptiveKnee,0.236,102
20,H3N2,E_only + ScoreDBSCAN(ep=8),0.279,102
20,H3N2,E_only + ScoreDBSCAN(ep=15),0.2838,102
20,H3N2,E_only + Spectral(z=1.5),0.1778,102
20,H3N2,E_only + Spectral(z=2.0),0.1513,102
20,H3N2,E_only + Bayes(prior=0.15),0.0381,102
20,H3N2,E_only + Ensemble(v>=2),0.1911,102
20,H3N2,E_only + Ensemble(v>=3),0.1642,102
20,H3N2,E_only + AdaptWin(s=90),0.3393,102
20,H3N2,E_only + AdaptWin(s=85),0.3071,102
20,H3N2,E_only + FreqThresh(p=80),0.2749,102
20,H3N2,E_only + FreqThresh(p=85),0.2283,102
20,H3N2,E_only + FreqThresh(p=90),0.1911,102
20,H3N2,E_only + FreqThresh(p=95),0.1692,102
20,H3N2,"E_only + SWAN(w=10,k=1.0)",0.2303,102
20,H3N2,"E_only + SWAN(w=10,k=1.5)",0.1507,102
20,H3N2,"E_only + SWAN(w=10,k=2.0)",0.1168,102
20,H3N2,"E_only + SWAN(w=20,k=1.0)",0.2629,102
20,H3N2,"E_only + SWAN(w=20,k=1.5)",0.1722,102
20,H3N2,"E_only + SWAN(w=20,k=2.0)",0.1295,102
20,H3N2,"E_only + SWAN(w=50,k=1.0)",0.1868,102
20,H3N2,"E_only + SWAN(w=50,k=1.5)",0.1875,102
20,H3N2,"E_only + SWAN(w=50,k=2.0)",0.0993,102
20,H3N2,E_only + MutClust-Orig(g=10),0.3163,102
20,H3N2,P*E^2 + Wavelet(t=1.0),0.2303,102
20,H3N2,P*E^2 + Wavelet(t=1.5),0.1304,102
20,H3N2,P*E^2 + Wavelet(t=2.0),0.1,102
20,H3N2,P*E^2 + KDE(p=75),0.1092,102
20,H3N2,P*E^2 + KDE(p=80),0.1137,102
20,H3N2,P*E^2 + KDE(p=85),0.0652,102
20,H3N2,P*E^2 + SlidingTest(p=0.01),0.1385,102
20,H3N2,P*E^2 + SlidingTest(p=0.05),0.1939,102
20,H3N2,P*E^2 + GradPeak(p=0.2),0.0351,102
20,H3N2,P*E^2 + GradPeak(p=0.5),0.0,102
20,H3N2,P*E^2 + LocalContrast(z=1.0),0.1818,102
20,H3N2,P*E^2 + LocalContrast(z=1.5),0.1594,102
20,H3N2,P*E^2 + LocalContrast(z=2.0),0.1504,102
20,H3N2,"P*E^2 + CUSUM(d=0.3,h=3.0)",0.0381,102
20,H3N2,"P*E^2 + CUSUM(d=0.5,h=4.0)",0.0381,102
20,H3N2,"P*E^2 + CUSUM(d=0.5,h=5.0)",0.0381,102
20,H3N2,P*E^2 + AdaptiveKnee,0.1778,102
20,H3N2,P*E^2 + ScoreDBSCAN(ep=8),0.2951,102
20,H3N2,P*E^2 + ScoreDBSCAN(ep=15),0.2908,102
20,H3N2,P*E^2 + Spectral(z=1.5),0.1167,102
20,H3N2,P*E^2 + Spectral(z=2.0),0.0348,102
20,H3N2,P*E^2 + Bayes(prior=0.1),0.0727,102
20,H3N2,P*E^2 + Bayes(prior=0.15),0.176,102
20,H3N2,P*E^2 + Ensemble(v>=2),0.2169,102
20,H3N2,P*E^2 + Ensemble(v>=3),0.1678,102
20,H3N2,P*E^2 + AdaptWin(s=90),0.2195,102
20,H3N2,P*E^2 + AdaptWin(s=85),0.3189,102
20,H3N2,P*E^2 + FreqThresh(p=80),0.2749,102
20,H3N2,P*E^2 + FreqThresh(p=85),0.2391,102
20,H3N2,P*E^2 + FreqThresh(p=90),0.2166,102
20,H3N2,P*E^2 + FreqThresh(p=95),0.1846,102
20,H3N2,"P*E^2 + SWAN(w=10,k=1.0)",0.0531,102
20,H3N2,"P*E^2 + SWAN(w=10,k=1.5)",0.055,102
20,H3N2,"P*E^2 + SWAN(w=10,k=2.0)",0.055,102
20,H3N2,"P*E^2 + SWAN(w=20,k=1.0)",0.0536,102
20,H3N2,"P*E^2 + SWAN(w=20,k=1.5)",0.0536,102
20,H3N2,"P*E^2 + SWAN(w=20,k=2.0)",0.036,102
20,H3N2,"P*E^2 + SWAN(w=50,k=1.0)",0.0813,102
20,H3N2,"P*E^2 + SWAN(w=50,k=1.5)",0.0508,102
20,H3N2,"P*E^2 + SWAN(w=50,k=2.0)",0.0377,102
20,H3N2,P*E^2 + MutClust-Orig(g=10),0.3181,102
20,H3N2,rank(P*E) + Wavelet(t=1.0),0.3926,102
20,H3N2,rank(P*E) + Wavelet(t=1.5),0.3377,102
20,H3N2,rank(P*E) + Wavelet(t=2.0),0.2817,102
20,H3N2,rank(P*E) + KDE(p=75),0.1092,102
20,H3N2,rank(P*E) + KDE(p=80),0.0853,102
20,H3N2,rank(P*E) + KDE(p=85),0.0761,102
20,H3N2,rank(P*E) + SlidingTest(p=0.01),0.1639,102
20,H3N2,rank(P*E) + SlidingTest(p=0.05),0.2824,102
20,H3N2,rank(P*E) + GradPeak(p=0.2),0.0746,102
20,H3N2,rank(P*E) + GradPeak(p=0.5),0.0367,102
20,H3N2,rank(P*E) + LocalContrast(z=1.0),0.2476,102
20,H3N2,rank(P*E) + LocalContrast(z=1.5),0.1324,102
20,H3N2,rank(P*E) + LocalContrast(z=2.0),0.0374,102
20,H3N2,"rank(P*E) + CUSUM(d=0.3,h=3.0)",0.1345,102
20,H3N2,"rank(P*E) + CUSUM(d=0.5,h=4.0)",0.0377,102
20,H3N2,"rank(P*E) + CUSUM(d=0.5,h=5.0)",0.0194,102
20,H3N2,rank(P*E) + AdaptiveKnee,0.3921,102
20,H3N2,rank(P*E) + ScoreDBSCAN(ep=8),0.068,102
20,H3N2,rank(P*E) + ScoreDBSCAN(ep=15),0.2699,102
20,H3N2,rank(P*E) + Spectral(z=1.5),0.1699,102
20,H3N2,rank(P*E) + Spectral(z=2.0),0.0806,102
20,H3N2,rank(P*E) + Ensemble(v>=2),0.2303,102
20,H3N2,rank(P*E) + Ensemble(v>=3),0.1739,102
20,H3N2,rank(P*E) + AdaptWin(s=90),0.4341,102
20,H3N2,rank(P*E) + AdaptWin(s=85),0.3671,102
20,H3N2,rank(P*E) + FreqThresh(p=80),0.2844,102
20,H3N2,rank(P*E) + FreqThresh(p=85),0.25,102
20,H3N2,rank(P*E) + FreqThresh(p=90),0.2166,102
20,H3N2,rank(P*E) + FreqThresh(p=95),0.1846,102
20,H3N2,"rank(P*E) + SWAN(w=10,k=1.0)",0.4056,102
20,H3N2,"rank(P*E) + SWAN(w=10,k=1.5)",0.4068,102
20,H3N2,"rank(P*E) + SWAN(w=10,k=2.0)",0.3834,102
20,H3N2,"rank(P*E) + SWAN(w=20,k=1.0)",0.4158,102
20,H3N2,"rank(P*E) + SWAN(w=20,k=1.5)",0.417,102
20,H3N2,"rank(P*E) + SWAN(w=20,k=2.0)",0.4107,102
20,H3N2,"rank(P*E) + SWAN(w=50,k=1.0)",0.3882,102
20,H3N2,"rank(P*E) + SWAN(w=50,k=1.5)",0.3077,102
20,H3N2,"rank(P*E) + SWAN(w=50,k=2.0)",0.3184,102
20,H3N2,rank(P*E) + MutClust-Orig(g=10),0.3163,102
30,H3N2,E*rare + Wavelet(t=1.0),0.215,156
30,H3N2,E*rare + Wavelet(t=1.5),0.1827,156
30,H3N2,E*rare + Wavelet(t=2.0),0.1489,156
30,H3N2,E*rare + KDE(p=75),0.1712,156
30,H3N2,E*rare + KDE(p=80),0.1208,156
30,H3N2,E*rare + KDE(p=85),0.1261,156
30,H3N2,E*rare + SlidingTest(p=0.01),0.0828,156
30,H3N2,E*rare + SlidingTest(p=0.05),0.1304,156
30,H3N2,E*rare + LocalContrast(z=1.0),0.1722,156
30,H3N2,E*rare + LocalContrast(z=1.5),0.1485,156
30,H3N2,E*rare + LocalContrast(z=2.0),0.1347,156
30,H3N2,"E*rare + CUSUM(d=0.3,h=3.0)",0.0936,156
30,H3N2,"E*rare + CUSUM(d=0.5,h=4.0)",0.0494,156
30,H3N2,"E*rare + CUSUM(d=0.5,h=5.0)",0.0373,156
30,H3N2,E*rare + AdaptiveKnee,0.1914,156
30,H3N2,E*rare + ScoreDBSCAN(ep=8),0.3851,156
30,H3N2,E*rare + ScoreDBSCAN(ep=15),0.4173,156
30,H3N2,E*rare + Spectral(z=1.5),0.1466,156
30,H3N2,E*rare + Spectral(z=2.0),0.1398,156
30,H3N2,E*rare + Bayes(prior=0.1),0.0491,156
30,H3N2,E*rare + Bayes(prior=0.15),0.1333,156
30,H3N2,E*rare + Ensemble(v>=2),0.214,156
30,H3N2,E*rare + Ensemble(v>=3),0.1553,156
30,H3N2,E*rare + AdaptWin(s=90),0.2192,156
30,H3N2,E*rare + AdaptWin(s=85),0.4573,156
30,H3N2,E*rare + FreqThresh(p=80),0.3547,156
30,H3N2,E*rare + FreqThresh(p=85),0.3025,156
30,H3N2,E*rare + FreqThresh(p=90),0.1991,156
30,H3N2,E*rare + FreqThresh(p=95),0.1304,156
30,H3N2,"E*rare + SWAN(w=10,k=1.0)",0.1383,156
30,H3N2,"E*rare + SWAN(w=10,k=1.5)",0.104,156
30,H3N2,"E*rare + SWAN(w=10,k=2.0)",0.1071,156
30,H3N2,"E*rare + SWAN(w=20,k=1.0)",0.1693,156
30,H3N2,"E*rare + SWAN(w=20,k=1.5)",0.1469,156
30,H3N2,"E*rare + SWAN(w=20,k=2.0)",0.071,156
30,H3N2,"E*rare + SWAN(w=50,k=1.0)",0.1481,156
30,H3N2,"E*rare + SWAN(w=50,k=1.5)",0.0769,156
30,H3N2,"E*rare + SWAN(w=50,k=2.0)",0.0606,156
30,H3N2,E*rare + MutClust-Orig(g=10),0.4132,156
30,H3N2,P*E*rare + Wavelet(t=1.0),0.2613,156
30,H3N2,P*E*rare + Wavelet(t=1.5),0.1604,156
30,H3N2,P*E*rare + Wavelet(t=2.0),0.1136,156
30,H3N2,P*E*rare + KDE(p=75),0.1438,156
30,H3N2,P*E*rare + KDE(p=80),0.1283,156
30,H3N2,P*E*rare + KDE(p=85),0.1176,156
30,H3N2,P*E*rare + SlidingTest(p=0.01),0.1304,156
30,H3N2,P*E*rare + SlidingTest(p=0.05),0.1414,156
30,H3N2,P*E*rare + LocalContrast(z=1.0),0.1667,156
30,H3N2,P*E*rare + LocalContrast(z=1.5),0.1616,156
30,H3N2,P*E*rare + LocalContrast(z=2.0),0.134,156
30,H3N2,"P*E*rare + CUSUM(d=0.3,h=3.0)",0.0375,156
30,H3N2,"P*E*rare + CUSUM(d=0.5,h=4.0)",0.0252,156
30,H3N2,"P*E*rare + CUSUM(d=0.5,h=5.0)",0.0252,156
30,H3N2,P*E*rare + AdaptiveKnee,0.1348,156
30,H3N2,P*E*rare + ScoreDBSCAN(ep=8),0.4099,156
30,H3N2,P*E*rare + ScoreDBSCAN(ep=15),0.4235,156
30,H3N2,P*E*rare + Spectral(z=1.5),0.1371,156
30,H3N2,P*E*rare + Spectral(z=2.0),0.1059,156
30,H3N2,P*E*rare + Bayes(prior=0.1),0.0843,156
30,H3N2,P*E*rare + Bayes(prior=0.15),0.1444,156
30,H3N2,P*E*rare + Ensemble(v>=2),0.2273,156
30,H3N2,P*E*rare + Ensemble(v>=3),0.2019,156
30,H3N2,P*E*rare + AdaptWin(s=90),0.216,156
30,H3N2,P*E*rare + AdaptWin(s=85),0.3547,156
30,H3N2,P*E*rare + FreqThresh(p=80),0.3547,156
30,H3N2,P*E*rare + FreqThresh(p=85),0.2773,156
30,H3N2,P*E*rare + FreqThresh(p=90),0.2085,156
30,H3N2,P*E*rare + FreqThresh(p=95),0.1413,156
30,H3N2,"P*E*rare + SWAN(w=10,k=1.0)",0.0491,156
30,H3N2,"P*E*rare + SWAN(w=10,k=1.5)",0.0491,156
30,H3N2,"P*E*rare + SWAN(w=10,k=2.0)",0.0491,156
30,H3N2,"P*E*rare + SWAN(w=20,k=1.0)",0.0592,156
30,H3N2,"P*E*rare + SWAN(w=20,k=1.5)",0.0485,156
30,H3N2,"P*E*rare + SWAN(w=20,k=2.0)",0.0485,156
30,H3N2,"P*E*rare + SWAN(w=50,k=1.0)",0.0769,156
30,H3N2,"P*E*rare + SWAN(w=50,k=1.5)",0.0678,156
30,H3N2,"P*E*rare + SWAN(w=50,k=2.0)",0.0366,156
30,H3N2,P*E*rare + MutClust-Orig(g=10),0.1744,156
30,H3N2,minority_E + Wavelet(t=1.0),0.3008,156
30,H3N2,minority_E + Wavelet(t=1.5),0.15,156
30,H3N2,minority_E + Wavelet(t=2.0),0.0575,156
30,H3N2,minority_E + KDE(p=75),0.1781,156
30,H3N2,minority_E + KDE(p=80),0.1736,156
30,H3N2,minority_E + KDE(p=85),0.1176,156
30,H3N2,minority_E + SlidingTest(p=0.01),0.0642,156
30,H3N2,minority_E + SlidingTest(p=0.05),0.078,156
30,H3N2,minority_E + GradPeak(p=0.2),0.0,156
30,H3N2,minority_E + LocalContrast(z=1.0),0.2011,156
30,H3N2,minority_E + LocalContrast(z=1.5),0.1858,156
30,H3N2,minority_E + LocalContrast(z=2.0),0.1858,156
30,H3N2,"minority_E + CUSUM(d=0.3,h=3.0)",0.1477,156
30,H3N2,"minority_E + CUSUM(d=0.5,h=4.0)",0.0833,156
30,H3N2,"minority_E + CUSUM(d=0.5,h=5.0)",0.037,156
30,H3N2,minority_E + AdaptiveKnee,0.2233,156
30,H3N2,minority_E + ScoreDBSCAN(ep=8),0.3891,156
30,H3N2,minority_E + ScoreDBSCAN(ep=15),0.4142,156
30,H3N2,minority_E + Spectral(z=1.5),0.1818,156
30,H3N2,minority_E + Spectral(z=2.0),0.1469,156
30,H3N2,minority_E + Bayes(prior=0.1),0.0126,156
30,H3N2,minority_E + Bayes(prior=0.15),0.1685,156
30,H3N2,minority_E + Ensemble(v>=2),0.2464,156
30,H3N2,minority_E + Ensemble(v>=3),0.1946,156
30,H3N2,minority_E + AdaptWin(s=90),0.4357,156
30,H3N2,minority_E + AdaptWin(s=85),0.4453,156
30,H3N2,minority_E + FreqThresh(p=80),0.4302,156
30,H3N2,minority_E + FreqThresh(p=85),0.3529,156
30,H3N2,minority_E + FreqThresh(p=90),0.2464,156
30,H3N2,minority_E + FreqThresh(p=95),0.1739,156
30,H3N2,"minority_E + SWAN(w=10,k=1.0)",0.2051,156
30,H3N2,"minority_E + SWAN(w=10,k=1.5)",0.1413,156
30,H3N2,"minority_E + SWAN(w=10,k=2.0)",0.1006,156
30,H3N2,"minority_E + SWAN(w=20,k=1.0)",0.1885,156
30,H3N2,"minority_E + SWAN(w=20,k=1.5)",0.1413,156
30,H3N2,"minority_E + SWAN(w=20,k=2.0)",0.0894,156
30,H3N2,"minority_E + SWAN(w=50,k=1.0)",0.1818,156
30,H3N2,"minority_E + SWAN(w=50,k=1.5)",0.1571,156
30,H3N2,"minority_E + SWAN(w=50,k=2.0)",0.1081,156
30,H3N2,minority_E + MutClust-Orig(g=10),0.4516,156
30,H3N2,P*minority_E + Wavelet(t=1.0),0.1525,156
30,H3N2,P*minority_E + Wavelet(t=1.5),0.0928,156
30,H3N2,P*minority_E + Wavelet(t=2.0),0.0884,156
30,H3N2,P*minority_E + KDE(p=75),0.1712,156
30,H3N2,P*minority_E + KDE(p=80),0.1736,156
30,H3N2,P*minority_E + KDE(p=85),0.1092,156
30,H3N2,P*minority_E + SlidingTest(p=0.01),0.0119,156
30,H3N2,P*minority_E + SlidingTest(p=0.05),0.1176,156
30,H3N2,P*minority_E + LocalContrast(z=1.0),0.1905,156
30,H3N2,P*minority_E + LocalContrast(z=1.5),0.173,156
30,H3N2,P*minority_E + LocalContrast(z=2.0),0.1648,156
30,H3N2,"P*minority_E + CUSUM(d=0.3,h=3.0)",0.1059,156
30,H3N2,"P*minority_E + CUSUM(d=0.5,h=4.0)",0.0485,156
30,H3N2,"P*minority_E + CUSUM(d=0.5,h=5.0)",0.0248,156
30,H3N2,P*minority_E + AdaptiveKnee,0.203,156
30,H3N2,P*minority_E + ScoreDBSCAN(ep=8),0.414,156
30,H3N2,P*minority_E + ScoreDBSCAN(ep=15),0.4127,156
30,H3N2,P*minority_E + Spectral(z=1.5),0.1828,156
30,H3N2,P*minority_E + Spectral(z=2.0),0.1768,156
30,H3N2,P*minority_E + Bayes(prior=0.1),0.1591,156
30,H3N2,P*minority_E + Bayes(prior=0.15),0.1778,156
30,H3N2,P*minority_E + Ensemble(v>=2),0.2464,156
30,H3N2,P*minority_E + Ensemble(v>=3),0.2021,156
30,H3N2,P*minority_E + AdaptWin(s=90),0.4393,156
30,H3N2,P*minority_E + AdaptWin(s=85),0.4355,156
30,H3N2,P*minority_E + FreqThresh(p=80),0.4302,156
30,H3N2,P*minority_E + FreqThresh(p=85),0.3361,156
30,H3N2,P*minority_E + FreqThresh(p=90),0.2464,156
30,H3N2,P*minority_E + FreqThresh(p=95),0.1848,156
30,H3N2,"P*minority_E + SWAN(w=10,k=1.0)",0.1236,156
30,H3N2,"P*minority_E + SWAN(w=10,k=1.5)",0.1023,156
30,H3N2,"P*minority_E + SWAN(w=10,k=2.0)",0.0698,156
30,H3N2,"P*minority_E + SWAN(w=20,k=1.0)",0.1017,156
30,H3N2,"P*minority_E + SWAN(w=20,k=1.5)",0.08,156
30,H3N2,"P*minority_E + SWAN(w=20,k=2.0)",0.0468,156
30,H3N2,"P*minority_E + SWAN(w=50,k=1.0)",0.1105,156
30,H3N2,"P*minority_E + SWAN(w=50,k=1.5)",0.0678,156
30,H3N2,"P*minority_E + SWAN(w=50,k=2.0)",0.0682,156
30,H3N2,P*minority_E + MutClust-Orig(g=10),0.4227,156
30,H3N2,P*E + Wavelet(t=1.0),0.2018,156
30,H3N2,P*E + Wavelet(t=1.5),0.1383,156
30,H3N2,P*E + Wavelet(t=2.0),0.1029,156
30,H3N2,P*E + KDE(p=75),0.1712,156
30,H3N2,P*E + KDE(p=80),0.1736,156
30,H3N2,P*E + KDE(p=85),0.1176,156
30,H3N2,P*E + SlidingTest(p=0.01),0.0884,156
30,H3N2,P*E + SlidingTest(p=0.05),0.1523,156
30,H3N2,P*E + GradPeak(p=0.2),0.0123,156
30,H3N2,P*E + GradPeak(p=0.5),0.0,156
30,H3N2,P*E + LocalContrast(z=1.0),0.1818,156
30,H3N2,P*E + LocalContrast(z=1.5),0.1789,156
30,H3N2,P*E + LocalContrast(z=2.0),0.163,156
30,H3N2,"P*E + CUSUM(d=0.3,h=3.0)",0.061,156
30,H3N2,"P*E + CUSUM(d=0.5,h=4.0)",0.0373,156
30,H3N2,"P*E + CUSUM(d=0.5,h=5.0)",0.0252,156
30,H3N2,P*E + AdaptiveKnee,0.1856,156
30,H3N2,P*E + ScoreDBSCAN(ep=8),0.3955,156
30,H3N2,P*E + ScoreDBSCAN(ep=15),0.4168,156
30,H3N2,P*E + Spectral(z=1.5),0.1758,156
30,H3N2,P*E + Spectral(z=2.0),0.125,156
30,H3N2,P*E + Bayes(prior=0.1),0.0373,156
30,H3N2,P*E + Bayes(prior=0.15),0.1685,156
30,H3N2,P*E + Ensemble(v>=2),0.2441,156
30,H3N2,P*E + Ensemble(v>=3),0.1939,156
30,H3N2,P*E + AdaptWin(s=90),0.4837,156
30,H3N2,P*E + AdaptWin(s=85),0.4314,156
30,H3N2,P*E + FreqThresh(p=80),0.3774,156
30,H3N2,P*E + FreqThresh(p=85),0.2857,156
30,H3N2,P*E + FreqThresh(p=90),0.2464,156
30,H3N2,P*E + FreqThresh(p=95),0.1848,156
30,H3N2,"P*E + SWAN(w=10,k=1.0)",0.1505,156
30,H3N2,"P*E + SWAN(w=10,k=1.5)",0.1017,156
30,H3N2,"P*E + SWAN(w=10,k=2.0)",0.093,156
30,H3N2,"P*E + SWAN(w=20,k=1.0)",0.1196,156
30,H3N2,"P*E + SWAN(w=20,k=1.5)",0.0795,156
30,H3N2,"P*E + SWAN(w=20,k=2.0)",0.0592,156
30,H3N2,"P*E + SWAN(w=50,k=1.0)",0.1146,156
30,H3N2,"P*E + SWAN(w=50,k=1.5)",0.117,156
30,H3N2,"P*E + SWAN(w=50,k=2.0)",0.0468,156
30,H3N2,P*E + MutClust-Orig(g=10),0.4415,156
30,H3N2,H-score + Wavelet(t=1.0),0.3898,156
30,H3N2,H-score + Wavelet(t=1.5),0.3545,156
30,H3N2,H-score + Wavelet(t=2.0),0.2347,156
30,H3N2,H-score + KDE(p=75),0.1849,156
30,H3N2,H-score + KDE(p=80),0.166,156
30,H3N2,H-score + KDE(p=85),0.1176,156
30,H3N2,H-score + SlidingTest(p=0.01),0.0233,156
30,H3N2,H-score + SlidingTest(p=0.05),0.0909,156
30,H3N2,H-score + GradPeak(p=0.2),0.1353,156
30,H3N2,H-score + GradPeak(p=0.5),0.1307,156
30,H3N2,H-score + LocalContrast(z=1.0),0.1951,156
30,H3N2,H-score + LocalContrast(z=1.5),0.2021,156
30,H3N2,H-score + LocalContrast(z=2.0),0.1591,156
30,H3N2,"H-score + CUSUM(d=0.3,h=3.0)",0.0828,156
30,H3N2,"H-score + CUSUM(d=0.5,h=4.0)",0.0125,156
30,H3N2,"H-score + CUSUM(d=0.5,h=5.0)",0.0252,156
30,H3N2,H-score + AdaptiveKnee,0.2523,156
30,H3N2,H-score + ScoreDBSCAN(ep=8),0.3407,156
30,H3N2,H-score + ScoreDBSCAN(ep=15),0.4084,156
30,H3N2,H-score + Spectral(z=1.5),0.214,156
30,H3N2,H-score + Spectral(z=2.0),0.1838,156
30,H3N2,H-score + Ensemble(v>=2),0.2464,156
30,H3N2,H-score + Ensemble(v>=3),0.1905,156
30,H3N2,H-score + AdaptWin(s=90),0.4395,156
30,H3N2,H-score + AdaptWin(s=85),0.4314,156
30,H3N2,H-score + FreqThresh(p=80),0.3774,156
30,H3N2,H-score + FreqThresh(p=85),0.2857,156
30,H3N2,H-score + FreqThresh(p=90),0.2464,156
30,H3N2,H-score + FreqThresh(p=95),0.1848,156
30,H3N2,"H-score + SWAN(w=10,k=1.0)",0.3813,156
30,H3N2,"H-score + SWAN(w=10,k=1.5)",0.2456,156
30,H3N2,"H-score + SWAN(w=10,k=2.0)",0.2254,156
30,H3N2,"H-score + SWAN(w=20,k=1.0)",0.4261,156
30,H3N2,"H-score + SWAN(w=20,k=1.5)",0.3923,156
30,H3N2,"H-score + SWAN(w=20,k=2.0)",0.1635,156
30,H3N2,"H-score + SWAN(w=50,k=1.0)",0.3578,156
30,H3N2,"H-score + SWAN(w=50,k=1.5)",0.1803,156
30,H3N2,"H-score + SWAN(w=50,k=2.0)",0.1636,156
30,H3N2,H-score + MutClust-Orig(g=10),0.4464,156
30,H3N2,E_only + Wavelet(t=1.0),0.3898,156
30,H3N2,E_only + Wavelet(t=1.5),0.3333,156
30,H3N2,E_only + Wavelet(t=2.0),0.1905,156
30,H3N2,E_only + KDE(p=75),0.1781,156
30,H3N2,E_only + KDE(p=80),0.166,156
30,H3N2,E_only + KDE(p=85),0.1092,156
30,H3N2,E_only + SlidingTest(p=0.01),0.087,156
30,H3N2,E_only + SlidingTest(p=0.05),0.1584,156
30,H3N2,E_only + GradPeak(p=0.2),0.1124,156
30,H3N2,E_only + GradPeak(p=0.5),0.0245,156
30,H3N2,E_only + LocalContrast(z=1.0),0.1963,156
30,H3N2,E_only + LocalContrast(z=1.5),0.202,156
30,H3N2,E_only + LocalContrast(z=2.0),0.1538,156
30,H3N2,"E_only + CUSUM(d=0.3,h=3.0)",0.0824,156
30,H3N2,"E_only + CUSUM(d=0.5,h=4.0)",0.0373,156
30,H3N2,"E_only + CUSUM(d=0.5,h=5.0)",0.0373,156
30,H3N2,E_only + AdaptiveKnee,0.2759,156
30,H3N2,E_only + ScoreDBSCAN(ep=8),0.3659,156
30,H3N2,E_only + ScoreDBSCAN(ep=15),0.4038,156
30,H3N2,E_only + Spectral(z=1.5),0.1693,156
30,H3N2,E_only + Spectral(z=2.0),0.1387,156
30,H3N2,E_only + Bayes(prior=0.15),0.0252,156
30,H3N2,E_only + Ensemble(v>=2),0.218,156
30,H3N2,E_only + Ensemble(v>=3),0.1809,156
30,H3N2,E_only + AdaptWin(s=90),0.4422,156
30,H3N2,E_only + AdaptWin(s=85),0.4184,156
30,H3N2,E_only + FreqThresh(p=80),0.3623,156
30,H3N2,E_only + FreqThresh(p=85),0.2773,156
30,H3N2,E_only + FreqThresh(p=90),0.218,156
30,H3N2,E_only + FreqThresh(p=95),0.1739,156
30,H3N2,"E_only + SWAN(w=10,k=1.0)",0.2557,156
30,H3N2,"E_only + SWAN(w=10,k=1.5)",0.17,156
30,H3N2,"E_only + SWAN(w=10,k=2.0)",0.1361,156
30,H3N2,"E_only + SWAN(w=20,k=1.0)",0.2882,156
30,H3N2,"E_only + SWAN(w=20,k=1.5)",0.1951,156
30,H3N2,"E_only + SWAN(w=20,k=2.0)",0.1554,156
30,H3N2,"E_only + SWAN(w=50,k=1.0)",0.2458,156
30,H3N2,"E_only + SWAN(w=50,k=1.5)",0.2243,156
30,H3N2,"E_only + SWAN(w=50,k=2.0)",0.1333,156
30,H3N2,E_only + MutClust-Orig(g=10),0.4464,156
30,H3N2,P*E^2 + Wavelet(t=1.0),0.2374,156
30,H3N2,P*E^2 + Wavelet(t=1.5),0.1562,156
30,H3N2,P*E^2 + Wavelet(t=2.0),0.1149,156
30,H3N2,P*E^2 + KDE(p=75),0.1644,156
30,H3N2,P*E^2 + KDE(p=80),0.1736,156
30,H3N2,P*E^2 + KDE(p=85),0.1176,156
30,H3N2,P*E^2 + SlidingTest(p=0.01),0.1304,156
30,H3N2,P*E^2 + SlidingTest(p=0.05),0.1826,156
30,H3N2,P*E^2 + GradPeak(p=0.2),0.0476,156
30,H3N2,P*E^2 + GradPeak(p=0.5),0.0125,156
30,H3N2,P*E^2 + LocalContrast(z=1.0),0.1827,156
30,H3N2,P*E^2 + LocalContrast(z=1.5),0.1667,156
30,H3N2,P*E^2 + LocalContrast(z=2.0),0.1604,156
30,H3N2,"P*E^2 + CUSUM(d=0.3,h=3.0)",0.0252,156
30,H3N2,"P*E^2 + CUSUM(d=0.5,h=4.0)",0.0252,156
30,H3N2,"P*E^2 + CUSUM(d=0.5,h=5.0)",0.0252,156
30,H3N2,P*E^2 + AdaptiveKnee,0.1905,156
30,H3N2,P*E^2 + ScoreDBSCAN(ep=8),0.4157,156
30,H3N2,P*E^2 + ScoreDBSCAN(ep=15),0.4131,156
30,H3N2,P*E^2 + Spectral(z=1.5),0.1149,156
30,H3N2,P*E^2 + Spectral(z=2.0),0.0592,156
30,H3N2,P*E^2 + Bayes(prior=0.1),0.061,156
30,H3N2,P*E^2 + Bayes(prior=0.15),0.1676,156
30,H3N2,P*E^2 + Ensemble(v>=2),0.2364,156
30,H3N2,P*E^2 + Ensemble(v>=3),0.1929,156
30,H3N2,P*E^2 + AdaptWin(s=90),0.2477,156
30,H3N2,P*E^2 + AdaptWin(s=85),0.4342,156
30,H3N2,P*E^2 + FreqThresh(p=80),0.3698,156
30,H3N2,P*E^2 + FreqThresh(p=85),0.2857,156
30,H3N2,P*E^2 + FreqThresh(p=90),0.237,156
30,H3N2,P*E^2 + FreqThresh(p=95),0.1739,156
30,H3N2,"P*E^2 + SWAN(w=10,k=1.0)",0.0599,156
30,H3N2,"P*E^2 + SWAN(w=10,k=1.5)",0.0491,156
30,H3N2,"P*E^2 + SWAN(w=10,k=2.0)",0.0491,156
30,H3N2,"P*E^2 + SWAN(w=20,k=1.0)",0.0602,156
30,H3N2,"P*E^2 + SWAN(w=20,k=1.5)",0.0602,156
30,H3N2,"P*E^2 + SWAN(w=20,k=2.0)",0.0485,156
30,H3N2,"P*E^2 + SWAN(w=50,k=1.0)",0.0904,156
30,H3N2,"P*E^2 + SWAN(w=50,k=1.5)",0.0698,156
30,H3N2,"P*E^2 + SWAN(w=50,k=2.0)",0.0375,156
30,H3N2,P*E^2 + MutClust-Orig(g=10),0.4499,156
30,H3N2,rank(P*E) + Wavelet(t=1.0),0.3594,156
30,H3N2,rank(P*E) + Wavelet(t=1.5),0.3077,156
30,H3N2,rank(P*E) + Wavelet(t=2.0),0.2653,156
30,H3N2,rank(P*E) + KDE(p=75),0.1781,156
30,H3N2,rank(P*E) + KDE(p=80),0.1358,156
30,H3N2,rank(P*E) + KDE(p=85),0.1008,156
30,H3N2,rank(P*E) + SlidingTest(p=0.01),0.1591,156
30,H3N2,rank(P*E) + SlidingTest(p=0.05),0.2857,156
30,H3N2,rank(P*E) + GradPeak(p=0.2),0.1064,156
30,H3N2,rank(P*E) + GradPeak(p=0.5),0.0368,156
30,H3N2,rank(P*E) + LocalContrast(z=1.0),0.3333,156
30,H3N2,rank(P*E) + LocalContrast(z=1.5),0.1474,156
30,H3N2,rank(P*E) + LocalContrast(z=2.0),0.0373,156
30,H3N2,"rank(P*E) + CUSUM(d=0.3,h=3.0)",0.1387,156
30,H3N2,"rank(P*E) + CUSUM(d=0.5,h=4.0)",0.025,156
30,H3N2,"rank(P*E) + CUSUM(d=0.5,h=5.0)",0.0127,156
30,H3N2,rank(P*E) + AdaptiveKnee,0.4989,156
30,H3N2,rank(P*E) + ScoreDBSCAN(ep=8),0.0896,156
30,H3N2,rank(P*E) + ScoreDBSCAN(ep=15),0.3625,156
30,H3N2,rank(P*E) + Spectral(z=1.5),0.1836,156
30,H3N2,rank(P*E) + Spectral(z=2.0),0.0787,156
30,H3N2,rank(P*E) + Ensemble(v>=2),0.274,156
30,H3N2,rank(P*E) + Ensemble(v>=3),0.1875,156
30,H3N2,rank(P*E) + AdaptWin(s=90),0.4872,156
30,H3N2,rank(P*E) + AdaptWin(s=85),0.4582,156
30,H3N2,rank(P*E) + FreqThresh(p=80),0.3774,156
30,H3N2,rank(P*E) + FreqThresh(p=85),0.2857,156
30,H3N2,rank(P*E) + FreqThresh(p=90),0.2464,156
30,H3N2,rank(P*E) + FreqThresh(p=95),0.1848,156
30,H3N2,"rank(P*E) + SWAN(w=10,k=1.0)",0.4647,156
30,H3N2,"rank(P*E) + SWAN(w=10,k=1.5)",0.4621,156
30,H3N2,"rank(P*E) + SWAN(w=10,k=2.0)",0.3968,156
30,H3N2,"rank(P*E) + SWAN(w=20,k=1.0)",0.4818,156
30,H3N2,"rank(P*E) + SWAN(w=20,k=1.5)",0.4665,156
30,H3N2,"rank(P*E) + SWAN(w=20,k=2.0)",0.4245,156
30,H3N2,"rank(P*E) + SWAN(w=50,k=1.0)",0.4637,156
30,H3N2,"rank(P*E) + SWAN(w=50,k=1.5)",0.3853,156
30,H3N2,"rank(P*E) + SWAN(w=50,k=2.0)",0.388,156
30,H3N2,rank(P*E) + MutClust-Orig(g=10),0.4464,156
10,HIV-1,E*rare + Wavelet(t=1.0),0.2481,54
10,HIV-1,E*rare + Wavelet(t=1.5),0.1495,54
10,HIV-1,E*rare + Wavelet(t=2.0),0.0779,54
10,HIV-1,E*rare + KDE(p=75),0.3114,54
10,HIV-1,E*rare + KDE(p=80),0.3472,54
10,HIV-1,E*rare + KDE(p=85),0.2623,54
10,HIV-1,E*rare + SlidingTest(p=0.01),0.2542,54
10,HIV-1,E*rare + SlidingTest(p=0.05),0.2403,54
10,HIV-1,E*rare + GradPeak(p=0.2),0.0,54
10,HIV-1,E*rare + GradPeak(p=0.5),0.0,54
10,HIV-1,E*rare + LocalContrast(z=1.0),0.0775,54
10,HIV-1,E*rare + LocalContrast(z=1.5),0.0674,54
10,HIV-1,E*rare + LocalContrast(z=2.0),0.0286,54
10,HIV-1,"E*rare + CUSUM(d=0.3,h=3.0)",0.0952,54
10,HIV-1,"E*rare + CUSUM(d=0.5,h=4.0)",0.0882,54
10,HIV-1,"E*rare + CUSUM(d=0.5,h=5.0)",0.0615,54
10,HIV-1,E*rare + AdaptiveKnee,0.146,54
10,HIV-1,E*rare + ScoreDBSCAN(ep=8),0.1634,54
10,HIV-1,E*rare + ScoreDBSCAN(ep=15),0.2178,54
10,HIV-1,E*rare + Spectral(z=1.5),0.0899,54
10,HIV-1,E*rare + Spectral(z=2.0),0.0822,54
10,HIV-1,E*rare + Ensemble(v>=2),0.101,54
10,HIV-1,E*rare + Ensemble(v>=3),0.0698,54
10,HIV-1,E*rare + AdaptWin(s=90),0.249,54
10,HIV-1,E*rare + AdaptWin(s=85),0.2268,54
10,HIV-1,E*rare + FreqThresh(p=80),0.1806,54
10,HIV-1,E*rare + FreqThresh(p=85),0.1475,54
10,HIV-1,E*rare + FreqThresh(p=90),0.101,54
10,HIV-1,E*rare + FreqThresh(p=95),0.0779,54
10,HIV-1,"E*rare + SWAN(w=10,k=1.0)",0.2101,54
10,HIV-1,"E*rare + SWAN(w=10,k=1.5)",0.2055,54
10,HIV-1,"E*rare + SWAN(w=10,k=2.0)",0.2212,54
10,HIV-1,"E*rare + SWAN(w=20,k=1.0)",0.2113,54
10,HIV-1,"E*rare + SWAN(w=20,k=1.5)",0.2069,54
10,HIV-1,"E*rare + SWAN(w=20,k=2.0)",0.1928,54
10,HIV-1,"E*rare + SWAN(w=50,k=1.0)",0.2332,54
10,HIV-1,"E*rare + SWAN(w=50,k=1.5)",0.234,54
10,HIV-1,"E*rare + SWAN(w=50,k=2.0)",0.234,54
10,HIV-1,E*rare + MutClust-Orig(g=10),0.2169,54
10,HIV-1,P*E*rare + Wavelet(t=1.0),0.229,54
10,HIV-1,P*E*rare + Wavelet(t=1.5),0.1509,54
10,HIV-1,P*E*rare + Wavelet(t=2.0),0.0,54
10,HIV-1,P*E*rare + KDE(p=75),0.3114,54
10,HIV-1,P*E*rare + KDE(p=80),0.3472,54
10,HIV-1,P*E*rare + KDE(p=85),0.2787,54
10,HIV-1,P*E*rare + SlidingTest(p=0.01),0.249,54
10,HIV-1,P*E*rare + SlidingTest(p=0.05),0.2317,54
10,HIV-1,P*E*rare + GradPeak(p=0.2),0.0,54
10,HIV-1,P*E*rare + GradPeak(p=0.5),0.0,54
10,HIV-1,P*E*rare + LocalContrast(z=1.0),0.093,54
10,HIV-1,P*E*rare + LocalContrast(z=1.5),0.0449,54
10,HIV-1,P*E*rare + LocalContrast(z=2.0),0.0282,54
10,HIV-1,"P*E*rare + CUSUM(d=0.3,h=3.0)",0.1176,54
10,HIV-1,"P*E*rare + CUSUM(d=0.5,h=4.0)",0.087,54
10,HIV-1,"P*E*rare + CUSUM(d=0.5,h=5.0)",0.0308,54
10,HIV-1,P*E*rare + AdaptiveKnee,0.069,54
10,HIV-1,P*E*rare + ScoreDBSCAN(ep=8),0.1469,54
10,HIV-1,P*E*rare + ScoreDBSCAN(ep=15),0.2213,54
10,HIV-1,P*E*rare + Spectral(z=1.5),0.1099,54
10,HIV-1,P*E*rare + Spectral(z=2.0),0.0811,54
10,HIV-1,P*E*rare + Ensemble(v>=2),0.0606,54
10,HIV-1,P*E*rare + Ensemble(v>=3),0.05,54
10,HIV-1,P*E*rare + AdaptWin(s=90),0.2479,54
10,HIV-1,P*E*rare + AdaptWin(s=85),0.2145,54
10,HIV-1,P*E*rare + FreqThresh(p=80),0.1806,54
10,HIV-1,P*E*rare + FreqThresh(p=85),0.1311,54
10,HIV-1,P*E*rare + FreqThresh(p=90),0.0606,54
10,HIV-1,P*E*rare + FreqThresh(p=95),0.0519,54
10,HIV-1,"P*E*rare + SWAN(w=10,k=1.0)",0.2061,54
10,HIV-1,"P*E*rare + SWAN(w=10,k=1.5)",0.2093,54
10,HIV-1,"P*E*rare + SWAN(w=10,k=2.0)",0.24,54
10,HIV-1,"P*E*rare + SWAN(w=20,k=1.0)",0.2214,54
10,HIV-1,"P*E*rare + SWAN(w=20,k=1.5)",0.203,54
10,HIV-1,"P*E*rare + SWAN(w=20,k=2.0)",0.2101,54
10,HIV-1,"P*E*rare + SWAN(w=50,k=1.0)",0.2292,54
10,HIV-1,"P*E*rare + SWAN(w=50,k=1.5)",0.2316,54
10,HIV-1,"P*E*rare + SWAN(w=50,k=2.0)",0.2316,54
10,HIV-1,P*E*rare + MutClust-Orig(g=10),0.2217,54
10,HIV-1,minority_E + Wavelet(t=1.0),0.2727,54
10,HIV-1,minority_E + Wavelet(t=1.5),0.3226,54
10,HIV-1,minority_E + Wavelet(t=2.0),0.2651,54
10,HIV-1,minority_E + KDE(p=75),0.1317,54
10,HIV-1,minority_E + KDE(p=80),0.125,54
10,HIV-1,minority_E + KDE(p=85),0.1475,54
10,HIV-1,minority_E + SlidingTest(p=0.01),0.1345,54
10,HIV-1,minority_E + SlidingTest(p=0.05),0.1731,54
10,HIV-1,minority_E + GradPeak(p=0.2),0.0333,54
10,HIV-1,minority_E + LocalContrast(z=1.0),0.1194,54
10,HIV-1,minority_E + LocalContrast(z=1.5),0.129,54
10,HIV-1,minority_E + LocalContrast(z=2.0),0.0896,54
10,HIV-1,"minority_E + CUSUM(d=0.3,h=3.0)",0.087,54
10,HIV-1,"minority_E + CUSUM(d=0.5,h=4.0)",0.0345,54
10,HIV-1,"minority_E + CUSUM(d=0.5,h=5.0)",0.0,54
10,HIV-1,minority_E + AdaptiveKnee,0.2098,54
10,HIV-1,minority_E + ScoreDBSCAN(ep=8),0.1723,54
10,HIV-1,minority_E + ScoreDBSCAN(ep=15),0.2103,54
10,HIV-1,minority_E + Spectral(z=1.5),0.0652,54
10,HIV-1,minority_E + Spectral(z=2.0),0.0263,54
10,HIV-1,minority_E + Ensemble(v>=2),0.101,54
10,HIV-1,minority_E + Ensemble(v>=3),0.1067,54
10,HIV-1,minority_E + AdaptWin(s=90),0.2222,54
10,HIV-1,minority_E + AdaptWin(s=85),0.2232,54
10,HIV-1,minority_E + FreqThresh(p=80),0.125,54
10,HIV-1,minority_E + FreqThresh(p=85),0.1475,54
10,HIV-1,minority_E + FreqThresh(p=90),0.101,54
10,HIV-1,minority_E + FreqThresh(p=95),0.1039,54
10,HIV-1,"minority_E + SWAN(w=10,k=1.0)",0.2197,54
10,HIV-1,"minority_E + SWAN(w=10,k=1.5)",0.1767,54
10,HIV-1,"minority_E + SWAN(w=10,k=2.0)",0.1032,54
10,HIV-1,"minority_E + SWAN(w=20,k=1.0)",0.2175,54
10,HIV-1,"minority_E + SWAN(w=20,k=1.5)",0.2066,54
10,HIV-1,"minority_E + SWAN(w=20,k=2.0)",0.1714,54
10,HIV-1,"minority_E + SWAN(w=50,k=1.0)",0.2153,54
10,HIV-1,"minority_E + SWAN(w=50,k=1.5)",0.2214,54
10,HIV-1,"minority_E + SWAN(w=50,k=2.0)",0.2263,54
10,HIV-1,minority_E + MutClust-Orig(g=10),0.2143,54
10,HIV-1,P*minority_E + Wavelet(t=1.0),0.2329,54
10,HIV-1,P*minority_E + Wavelet(t=1.5),0.2889,54
10,HIV-1,P*minority_E + Wavelet(t=2.0),0.1558,54
10,HIV-1,P*minority_E + KDE(p=75),0.1916,54
10,HIV-1,P*minority_E + KDE(p=80),0.1806,54
10,HIV-1,P*minority_E + KDE(p=85),0.1311,54
10,HIV-1,P*minority_E + SlidingTest(p=0.01),0.1,54
10,HIV-1,P*minority_E + SlidingTest(p=0.05),0.2181,54
10,HIV-1,P*minority_E + GradPeak(p=0.2),0.0,54
10,HIV-1,P*minority_E + LocalContrast(z=1.0),0.126,54
10,HIV-1,P*minority_E + LocalContrast(z=1.5),0.1124,54
10,HIV-1,P*minority_E + LocalContrast(z=2.0),0.0909,54
10,HIV-1,"P*minority_E + CUSUM(d=0.3,h=3.0)",0.0789,54
10,HIV-1,"P*minority_E + CUSUM(d=0.5,h=4.0)",0.0,54
10,HIV-1,"P*minority_E + CUSUM(d=0.5,h=5.0)",0.0351,54
10,HIV-1,P*minority_E + AdaptiveKnee,0.224,54
10,HIV-1,P*minority_E + ScoreDBSCAN(ep=8),0.1569,54
10,HIV-1,P*minority_E + ScoreDBSCAN(ep=15),0.2009,54
10,HIV-1,P*minority_E + Spectral(z=1.5),0.086,54
10,HIV-1,P*minority_E + Spectral(z=2.0),0.0,54
10,HIV-1,P*minority_E + Ensemble(v>=2),0.099,54
10,HIV-1,P*minority_E + Ensemble(v>=3),0.0333,54
10,HIV-1,P*minority_E + AdaptWin(s=90),0.2316,54
10,HIV-1,P*minority_E + AdaptWin(s=85),0.231,54
10,HIV-1,P*minority_E + FreqThresh(p=80),0.1389,54
10,HIV-1,P*minority_E + FreqThresh(p=85),0.1311,54
10,HIV-1,P*minority_E + FreqThresh(p=90),0.101,54
10,HIV-1,P*minority_E + FreqThresh(p=95),0.1039,54
10,HIV-1,"P*minority_E + SWAN(w=10,k=1.0)",0.2296,54
10,HIV-1,"P*minority_E + SWAN(w=10,k=1.5)",0.1993,54
10,HIV-1,"P*minority_E + SWAN(w=10,k=2.0)",0.1724,54
10,HIV-1,"P*minority_E + SWAN(w=20,k=1.0)",0.2296,54
10,HIV-1,"P*minority_E + SWAN(w=20,k=1.5)",0.2296,54
10,HIV-1,"P*minority_E + SWAN(w=20,k=2.0)",0.2324,54
10,HIV-1,"P*minority_E + SWAN(w=50,k=1.0)",0.2296,54
10,HIV-1,"P*minority_E + SWAN(w=50,k=1.5)",0.2296,54
10,HIV-1,"P*minority_E + SWAN(w=50,k=2.0)",0.2296,54
10,HIV-1,P*minority_E + MutClust-Orig(g=10),0.2143,54
10,HIV-1,P*E + Wavelet(t=1.0),0.2098,54
10,HIV-1,P*E + Wavelet(t=1.5),0.2,54
10,HIV-1,P*E + Wavelet(t=2.0),0.0976,54
10,HIV-1,P*E + KDE(p=75),0.1317,54
10,HIV-1,P*E + KDE(p=80),0.1389,54
10,HIV-1,P*E + KDE(p=85),0.1639,54
10,HIV-1,P*E + SlidingTest(p=0.01),0.231,54
10,HIV-1,P*E + SlidingTest(p=0.05),0.2279,54
10,HIV-1,P*E + GradPeak(p=0.2),0.0556,54
10,HIV-1,P*E + GradPeak(p=0.5),0.0333,54
10,HIV-1,P*E + LocalContrast(z=1.0),0.1368,54
10,HIV-1,P*E + LocalContrast(z=1.5),0.0706,54
10,HIV-1,P*E + LocalContrast(z=2.0),0.0299,54
10,HIV-1,"P*E + CUSUM(d=0.3,h=3.0)",0.0698,54
10,HIV-1,"P*E + CUSUM(d=0.5,h=4.0)",0.0625,54
10,HIV-1,"P*E + CUSUM(d=0.5,h=5.0)",0.0968,54
10,HIV-1,P*E + AdaptiveKnee,0.2292,54
10,HIV-1,P*E + ScoreDBSCAN(ep=8),0.2222,54
10,HIV-1,P*E + ScoreDBSCAN(ep=15),0.2208,54
10,HIV-1,P*E + Spectral(z=1.5),0.1124,54
10,HIV-1,P*E + Spectral(z=2.0),0.027,54
10,HIV-1,P*E + Ensemble(v>=2),0.1616,54
10,HIV-1,P*E + AdaptWin(s=90),0.221,54
10,HIV-1,P*E + AdaptWin(s=85),0.2353,54
10,HIV-1,P*E + FreqThresh(p=80),0.1667,54
10,HIV-1,P*E + FreqThresh(p=85),0.1803,54
10,HIV-1,P*E + FreqThresh(p=90),0.1616,54
10,HIV-1,P*E + FreqThresh(p=95),0.0779,54
10,HIV-1,"P*E + SWAN(w=10,k=1.0)",0.2228,54
10,HIV-1,"P*E + SWAN(w=10,k=1.5)",0.2279,54
10,HIV-1,"P*E + SWAN(w=10,k=2.0)",0.2254,54
10,HIV-1,"P*E + SWAN(w=20,k=1.0)",0.2228,54
10,HIV-1,"P*E + SWAN(w=20,k=1.5)",0.2228,54
10,HIV-1,"P*E + SWAN(w=20,k=2.0)",0.2228,54
10,HIV-1,"P*E + SWAN(w=50,k=1.0)",0.2278,54
10,HIV-1,"P*E + SWAN(w=50,k=1.5)",0.2278,54
10,HIV-1,"P*E + SWAN(w=50,k=2.0)",0.2278,54
10,HIV-1,P*E + MutClust-Orig(g=10),0.2143,54
10,HIV-1,H-score + Wavelet(t=1.0),0.2571,54
10,HIV-1,H-score + Wavelet(t=1.5),0.2655,54
10,HIV-1,H-score + Wavelet(t=2.0),0.1905,54
10,HIV-1,H-score + KDE(p=75),0.2156,54
10,HIV-1,H-score + KDE(p=80),0.2083,54
10,HIV-1,H-score + KDE(p=85),0.1967,54
10,HIV-1,H-score + SlidingTest(p=0.01),0.23,54
10,HIV-1,H-score + SlidingTest(p=0.05),0.2247,54
10,HIV-1,H-score + GradPeak(p=0.2),0.0571,54
10,HIV-1,H-score + GradPeak(p=0.5),0.0667,54
10,HIV-1,H-score + LocalContrast(z=1.0),0.1345,54
10,HIV-1,H-score + LocalContrast(z=1.5),0.0519,54
10,HIV-1,H-score + LocalContrast(z=2.0),0.0317,54
10,HIV-1,"H-score + CUSUM(d=0.3,h=3.0)",0.0988,54
10,HIV-1,"H-score + CUSUM(d=0.5,h=4.0)",0.0333,54
10,HIV-1,"H-score + CUSUM(d=0.5,h=5.0)",0.0339,54
10,HIV-1,H-score + AdaptiveKnee,0.2278,54
10,HIV-1,H-score + ScoreDBSCAN(ep=8),0.2192,54
10,HIV-1,H-score + ScoreDBSCAN(ep=15),0.2182,54
10,HIV-1,H-score + Spectral(z=1.5),0.0227,54
10,HIV-1,H-score + Spectral(z=2.0),0.027,54
10,HIV-1,H-score + Ensemble(v>=2),0.1616,54
10,HIV-1,H-score + AdaptWin(s=90),0.2147,54
10,HIV-1,H-score + AdaptWin(s=85),0.2147,54
10,HIV-1,H-score + FreqThresh(p=80),0.1667,54
10,HIV-1,H-score + FreqThresh(p=85),0.1803,54
10,HIV-1,H-score + FreqThresh(p=90),0.1616,54
10,HIV-1,H-score + FreqThresh(p=95),0.0779,54
10,HIV-1,"H-score + SWAN(w=10,k=1.0)",0.221,54
10,HIV-1,"H-score + SWAN(w=10,k=1.5)",0.2216,54
10,HIV-1,"H-score + SWAN(w=10,k=2.0)",0.2009,54
10,HIV-1,"H-score + SWAN(w=20,k=1.0)",0.2289,54
10,HIV-1,"H-score + SWAN(w=20,k=1.5)",0.2253,54
10,HIV-1,"H-score + SWAN(w=20,k=2.0)",0.221,54
10,HIV-1,"H-score + SWAN(w=50,k=1.0)",0.2283,54
10,HIV-1,"H-score + SWAN(w=50,k=1.5)",0.2283,54
10,HIV-1,"H-score + SWAN(w=50,k=2.0)",0.2283,54
10,HIV-1,H-score + MutClust-Orig(g=10),0.2143,54
10,HIV-1,E_only + Wavelet(t=1.0),0.3137,54
10,HIV-1,E_only + Wavelet(t=1.5),0.2766,54
10,HIV-1,E_only + Wavelet(t=2.0),0.2069,54
10,HIV-1,E_only + KDE(p=75),0.1317,54
10,HIV-1,E_only + KDE(p=80),0.1389,54
10,HIV-1,E_only + KDE(p=85),0.1639,54
10,HIV-1,E_only + SlidingTest(p=0.01),0.2381,54
10,HIV-1,E_only + SlidingTest(p=0.05),0.2254,54
10,HIV-1,E_only + GradPeak(p=0.2),0.0896,54
10,HIV-1,E_only + GradPeak(p=0.5),0.069,54
10,HIV-1,E_only + LocalContrast(z=1.0),0.1167,54
10,HIV-1,E_only + LocalContrast(z=1.5),0.0941,54
10,HIV-1,E_only + LocalContrast(z=2.0),0.0323,54
10,HIV-1,"E_only + CUSUM(d=0.3,h=3.0)",0.1395,54
10,HIV-1,"E_only + CUSUM(d=0.5,h=4.0)",0.0,54
10,HIV-1,"E_only + CUSUM(d=0.5,h=5.0)",0.0323,54
10,HIV-1,E_only + AdaptiveKnee,0.2323,54
10,HIV-1,E_only + ScoreDBSCAN(ep=8),0.2317,54
10,HIV-1,E_only + ScoreDBSCAN(ep=15),0.2236,54
10,HIV-1,E_only + Spectral(z=1.5),0.0238,54
10,HIV-1,E_only + Spectral(z=2.0),0.027,54
10,HIV-1,E_only + Ensemble(v>=2),0.1212,54
10,HIV-1,E_only + AdaptWin(s=90),0.2353,54
10,HIV-1,E_only + AdaptWin(s=85),0.2255,54
10,HIV-1,E_only + FreqThresh(p=80),0.1944,54
10,HIV-1,E_only + FreqThresh(p=85),0.1803,54
10,HIV-1,E_only + FreqThresh(p=90),0.1212,54
10,HIV-1,E_only + FreqThresh(p=95),0.0779,54
10,HIV-1,"E_only + SWAN(w=10,k=1.0)",0.221,54
10,HIV-1,"E_only + SWAN(w=10,k=1.5)",0.2261,54
10,HIV-1,"E_only + SWAN(w=10,k=2.0)",0.2454,54
10,HIV-1,"E_only + SWAN(w=20,k=1.0)",0.2253,54
10,HIV-1,"E_only + SWAN(w=20,k=1.5)",0.2204,54
10,HIV-1,"E_only + SWAN(w=20,k=2.0)",0.221,54
10,HIV-1,"E_only + SWAN(w=50,k=1.0)",0.2253,54
10,HIV-1,"E_only + SWAN(w=50,k=1.5)",0.2253,54
10,HIV-1,"E_only + SWAN(w=50,k=2.0)",0.2253,54
10,HIV-1,E_only + MutClust-Orig(g=10),0.2143,54
10,HIV-1,P*E^2 + Wavelet(t=1.0),0.2133,54
10,HIV-1,P*E^2 + Wavelet(t=1.5),0.1609,54
10,HIV-1,P*E^2 + Wavelet(t=2.0),0.0256,54
10,HIV-1,P*E^2 + KDE(p=75),0.2036,54
10,HIV-1,P*E^2 + KDE(p=80),0.2083,54
10,HIV-1,P*E^2 + KDE(p=85),0.1475,54
10,HIV-1,P*E^2 + SlidingTest(p=0.01),0.2473,54
10,HIV-1,P*E^2 + SlidingTest(p=0.05),0.2356,54
10,HIV-1,P*E^2 + GradPeak(p=0.2),0.1188,54
10,HIV-1,P*E^2 + GradPeak(p=0.5),0.1446,54
10,HIV-1,P*E^2 + LocalContrast(z=1.0),0.1207,54
10,HIV-1,P*E^2 + LocalContrast(z=1.5),0.0706,54
10,HIV-1,P*E^2 + LocalContrast(z=2.0),0.029,54
10,HIV-1,"P*E^2 + CUSUM(d=0.3,h=3.0)",0.0698,54
10,HIV-1,"P*E^2 + CUSUM(d=0.5,h=4.0)",0.0303,54
10,HIV-1,"P*E^2 + CUSUM(d=0.5,h=5.0)",0.0,54
10,HIV-1,P*E^2 + AdaptiveKnee,0.2308,54
10,HIV-1,P*E^2 + ScoreDBSCAN(ep=8),0.1934,54
10,HIV-1,P*E^2 + ScoreDBSCAN(ep=15),0.2189,54
10,HIV-1,P*E^2 + Spectral(z=1.5),0.0706,54
10,HIV-1,P*E^2 + Spectral(z=2.0),0.0278,54
10,HIV-1,P*E^2 + Ensemble(v>=2),0.1616,54
10,HIV-1,P*E^2 + Ensemble(v>=3),0.0,54
10,HIV-1,P*E^2 + AdaptWin(s=90),0.2222,54
10,HIV-1,P*E^2 + AdaptWin(s=85),0.221,54
10,HIV-1,P*E^2 + FreqThresh(p=80),0.1667,54
10,HIV-1,P*E^2 + FreqThresh(p=85),0.1639,54
10,HIV-1,P*E^2 + FreqThresh(p=90),0.1616,54
10,HIV-1,P*E^2 + FreqThresh(p=95),0.1039,54
10,HIV-1,"P*E^2 + SWAN(w=10,k=1.0)",0.2254,54
10,HIV-1,"P*E^2 + SWAN(w=10,k=1.5)",0.2393,54
10,HIV-1,"P*E^2 + SWAN(w=10,k=2.0)",0.2288,54
10,HIV-1,"P*E^2 + SWAN(w=20,k=1.0)",0.2247,54
10,HIV-1,"P*E^2 + SWAN(w=20,k=1.5)",0.2247,54
10,HIV-1,"P*E^2 + SWAN(w=20,k=2.0)",0.2328,54
10,HIV-1,"P*E^2 + SWAN(w=50,k=1.0)",0.2297,54
10,HIV-1,"P*E^2 + SWAN(w=50,k=1.5)",0.2297,54
10,HIV-1,"P*E^2 + SWAN(w=50,k=2.0)",0.2297,54
10,HIV-1,P*E^2 + MutClust-Orig(g=10),0.2143,54
10,HIV-1,rank(P*E) + Wavelet(t=1.0),0.193,54
10,HIV-1,rank(P*E) + Wavelet(t=1.5),0.0706,54
10,HIV-1,rank(P*E) + Wavelet(t=2.0),0.0,54
10,HIV-1,rank(P*E) + KDE(p=75),0.3114,54
10,HIV-1,rank(P*E) + KDE(p=80),0.3194,54
10,HIV-1,rank(P*E) + KDE(p=85),0.2131,54
10,HIV-1,rank(P*E) + SlidingTest(p=0.01),0.21,54
10,HIV-1,rank(P*E) + SlidingTest(p=0.05),0.249,54
10,HIV-1,rank(P*E) + GradPeak(p=0.2),0.0,54
10,HIV-1,rank(P*E) + GradPeak(p=0.5),0.0,54
10,HIV-1,rank(P*E) + LocalContrast(z=1.0),0.125,54
10,HIV-1,rank(P*E) + LocalContrast(z=1.5),0.0513,54
10,HIV-1,rank(P*E) + LocalContrast(z=2.0),0.0,54
10,HIV-1,"rank(P*E) + CUSUM(d=0.3,h=3.0)",0.1205,54
10,HIV-1,"rank(P*E) + CUSUM(d=0.5,h=4.0)",0.0588,54
10,HIV-1,"rank(P*E) + CUSUM(d=0.5,h=5.0)",0.0606,54
10,HIV-1,rank(P*E) + AdaptiveKnee,0.2181,54
10,HIV-1,rank(P*E) + ScoreDBSCAN(ep=8),0.1586,54
10,HIV-1,rank(P*E) + ScoreDBSCAN(ep=15),0.2306,54
10,HIV-1,rank(P*E) + Spectral(z=1.5),0.1443,54
10,HIV-1,rank(P*E) + Spectral(z=2.0),0.1558,54
10,HIV-1,rank(P*E) + Ensemble(v>=2),0.1616,54
10,HIV-1,rank(P*E) + Ensemble(v>=3),0.0952,54
10,HIV-1,rank(P*E) + AdaptWin(s=90),0.1875,54
10,HIV-1,rank(P*E) + AdaptWin(s=85),0.213,54
10,HIV-1,rank(P*E) + FreqThresh(p=80),0.1667,54
10,HIV-1,rank(P*E) + FreqThresh(p=85),0.1803,54
10,HIV-1,rank(P*E) + FreqThresh(p=90),0.1616,54
10,HIV-1,rank(P*E) + FreqThresh(p=95),0.0779,54
10,HIV-1,"rank(P*E) + SWAN(w=10,k=1.0)",0.1933,54
10,HIV-1,"rank(P*E) + SWAN(w=10,k=1.5)",0.1875,54
10,HIV-1,"rank(P*E) + SWAN(w=10,k=2.0)",0.1942,54
10,HIV-1,"rank(P*E) + SWAN(w=20,k=1.0)",0.1919,54
10,HIV-1,"rank(P*E) + SWAN(w=20,k=1.5)",0.1933,54
10,HIV-1,"rank(P*E) + SWAN(w=20,k=2.0)",0.2024,54
10,HIV-1,"rank(P*E) + SWAN(w=50,k=1.0)",0.1864,54
10,HIV-1,"rank(P*E) + SWAN(w=50,k=1.5)",0.1898,54
10,HIV-1,"rank(P*E) + SWAN(w=50,k=2.0)",0.1919,54
10,HIV-1,rank(P*E) + MutClust-Orig(g=10),0.2143,54
20,HIV-1,E*rare + Wavelet(t=1.0),0.2514,100
20,HIV-1,E*rare + Wavelet(t=1.5),0.1699,100
20,HIV-1,E*rare + Wavelet(t=2.0),0.0813,100
20,HIV-1,E*rare + KDE(p=75),0.385,100
20,HIV-1,E*rare + KDE(p=80),0.3895,100
20,HIV-1,E*rare + KDE(p=85),0.3095,100
20,HIV-1,E*rare + SlidingTest(p=0.01),0.3688,100
20,HIV-1,E*rare + SlidingTest(p=0.05),0.3618,100
20,HIV-1,E*rare + GradPeak(p=0.2),0.0,100
20,HIV-1,E*rare + GradPeak(p=0.5),0.0,100
20,HIV-1,E*rare + LocalContrast(z=1.0),0.16,100
20,HIV-1,E*rare + LocalContrast(z=1.5),0.1185,100
20,HIV-1,E*rare + LocalContrast(z=2.0),0.0345,100
20,HIV-1,"E*rare + CUSUM(d=0.3,h=3.0)",0.0923,100
20,HIV-1,"E*rare + CUSUM(d=0.5,h=4.0)",0.0526,100
20,HIV-1,"E*rare + CUSUM(d=0.5,h=5.0)",0.0721,100
20,HIV-1,E*rare + AdaptiveKnee,0.2186,100
20,HIV-1,E*rare + ScoreDBSCAN(ep=8),0.2784,100
20,HIV-1,E*rare + ScoreDBSCAN(ep=15),0.3629,100
20,HIV-1,E*rare + Spectral(z=1.5),0.163,100
20,HIV-1,E*rare + Spectral(z=2.0),0.1008,100
20,HIV-1,E*rare + Ensemble(v>=2),0.1517,100
20,HIV-1,E*rare + Ensemble(v>=3),0.1212,100
20,HIV-1,E*rare + AdaptWin(s=90),0.3729,100
20,HIV-1,E*rare + AdaptWin(s=85),0.3561,100
20,HIV-1,E*rare + FreqThresh(p=80),0.2526,100
20,HIV-1,E*rare + FreqThresh(p=85),0.2262,100
20,HIV-1,E*rare + FreqThresh(p=90),0.1517,100
20,HIV-1,E*rare + FreqThresh(p=95),0.1301,100
20,HIV-1,"E*rare + SWAN(w=10,k=1.0)",0.3432,100
20,HIV-1,"E*rare + SWAN(w=10,k=1.5)",0.3344,100
20,HIV-1,"E*rare + SWAN(w=10,k=2.0)",0.3422,100
20,HIV-1,"E*rare + SWAN(w=20,k=1.0)",0.3473,100
20,HIV-1,"E*rare + SWAN(w=20,k=1.5)",0.3388,100
20,HIV-1,"E*rare + SWAN(w=20,k=2.0)",0.3254,100
20,HIV-1,"E*rare + SWAN(w=50,k=1.0)",0.3587,100
20,HIV-1,"E*rare + SWAN(w=50,k=1.5)",0.3598,100
20,HIV-1,"E*rare + SWAN(w=50,k=2.0)",0.3598,100
20,HIV-1,E*rare + MutClust-Orig(g=10),0.3676,100
20,HIV-1,P*E*rare + Wavelet(t=1.0),0.2486,100
20,HIV-1,P*E*rare + Wavelet(t=1.5),0.1711,100
20,HIV-1,P*E*rare + Wavelet(t=2.0),0.0333,100
20,HIV-1,P*E*rare + KDE(p=75),0.385,100
20,HIV-1,P*E*rare + KDE(p=80),0.4,100
20,HIV-1,P*E*rare + KDE(p=85),0.3214,100
20,HIV-1,P*E*rare + SlidingTest(p=0.01),0.3693,100
20,HIV-1,P*E*rare + SlidingTest(p=0.05),0.3541,100
20,HIV-1,P*E*rare + GradPeak(p=0.2),0.019,100
20,HIV-1,P*E*rare + GradPeak(p=0.5),0.0198,100
20,HIV-1,P*E*rare + LocalContrast(z=1.0),0.1486,100
20,HIV-1,P*E*rare + LocalContrast(z=1.5),0.0889,100
20,HIV-1,P*E*rare + LocalContrast(z=2.0),0.0342,100
20,HIV-1,"P*E*rare + CUSUM(d=0.3,h=3.0)",0.1221,100
20,HIV-1,"P*E*rare + CUSUM(d=0.5,h=4.0)",0.087,100
20,HIV-1,"P*E*rare + CUSUM(d=0.5,h=5.0)",0.1261,100
20,HIV-1,P*E*rare + AdaptiveKnee,0.1353,100
20,HIV-1,P*E*rare + ScoreDBSCAN(ep=8),0.247,100
20,HIV-1,P*E*rare + ScoreDBSCAN(ep=15),0.3629,100
20,HIV-1,P*E*rare + Spectral(z=1.5),0.146,100
20,HIV-1,P*E*rare + Spectral(z=2.0),0.0833,100
20,HIV-1,P*E*rare + Ensemble(v>=2),0.1241,100
20,HIV-1,P*E*rare + Ensemble(v>=3),0.1111,100
20,HIV-1,P*E*rare + AdaptWin(s=90),0.3643,100
20,HIV-1,P*E*rare + AdaptWin(s=85),0.3463,100
20,HIV-1,P*E*rare + FreqThresh(p=80),0.2632,100
20,HIV-1,P*E*rare + FreqThresh(p=85),0.2143,100
20,HIV-1,P*E*rare + FreqThresh(p=90),0.1241,100
20,HIV-1,P*E*rare + FreqThresh(p=95),0.1138,100
20,HIV-1,"P*E*rare + SWAN(w=10,k=1.0)",0.3312,100
20,HIV-1,"P*E*rare + SWAN(w=10,k=1.5)",0.3355,100
20,HIV-1,"P*E*rare + SWAN(w=10,k=2.0)",0.3542,100
20,HIV-1,"P*E*rare + SWAN(w=20,k=1.0)",0.3407,100
20,HIV-1,"P*E*rare + SWAN(w=20,k=1.5)",0.3269,100
20,HIV-1,"P*E*rare + SWAN(w=20,k=2.0)",0.3366,100
20,HIV-1,"P*E*rare + SWAN(w=50,k=1.0)",0.3473,100
20,HIV-1,"P*E*rare + SWAN(w=50,k=1.5)",0.3505,100
20,HIV-1,"P*E*rare + SWAN(w=50,k=2.0)",0.3505,100
20,HIV-1,P*E*rare + MutClust-Orig(g=10),0.3728,100
20,HIV-1,minority_E + Wavelet(t=1.0),0.2472,100
20,HIV-1,minority_E + Wavelet(t=1.5),0.2446,100
20,HIV-1,minority_E + Wavelet(t=2.0),0.186,100
20,HIV-1,minority_E + KDE(p=75),0.2254,100
20,HIV-1,minority_E + KDE(p=80),0.2211,100
20,HIV-1,minority_E + KDE(p=85),0.2143,100
20,HIV-1,minority_E + SlidingTest(p=0.01),0.1939,100
20,HIV-1,minority_E + SlidingTest(p=0.05),0.2598,100
20,HIV-1,minority_E + GradPeak(p=0.2),0.0377,100
20,HIV-1,minority_E + LocalContrast(z=1.0),0.1889,100
20,HIV-1,minority_E + LocalContrast(z=1.5),0.1295,100
20,HIV-1,minority_E + LocalContrast(z=2.0),0.0708,100
20,HIV-1,"minority_E + CUSUM(d=0.3,h=3.0)",0.087,100
20,HIV-1,"minority_E + CUSUM(d=0.5,h=4.0)",0.0385,100
20,HIV-1,"minority_E + CUSUM(d=0.5,h=5.0)",0.0194,100
20,HIV-1,minority_E + AdaptiveKnee,0.3553,100
20,HIV-1,minority_E + ScoreDBSCAN(ep=8),0.3067,100
20,HIV-1,minority_E + ScoreDBSCAN(ep=15),0.3502,100
20,HIV-1,minority_E + Spectral(z=1.5),0.1014,100
20,HIV-1,minority_E + Spectral(z=2.0),0.0656,100
20,HIV-1,minority_E + Ensemble(v>=2),0.1517,100
20,HIV-1,minority_E + Ensemble(v>=3),0.1157,100
20,HIV-1,minority_E + AdaptWin(s=90),0.371,100
20,HIV-1,minority_E + AdaptWin(s=85),0.3711,100
20,HIV-1,minority_E + FreqThresh(p=80),0.1895,100
20,HIV-1,minority_E + FreqThresh(p=85),0.1905,100
20,HIV-1,minority_E + FreqThresh(p=90),0.1517,100
20,HIV-1,minority_E + FreqThresh(p=95),0.1138,100
20,HIV-1,"minority_E + SWAN(w=10,k=1.0)",0.329,100
20,HIV-1,"minority_E + SWAN(w=10,k=1.5)",0.2682,100
20,HIV-1,"minority_E + SWAN(w=10,k=2.0)",0.1891,100
20,HIV-1,"minority_E + SWAN(w=20,k=1.0)",0.3323,100
20,HIV-1,"minority_E + SWAN(w=20,k=1.5)",0.3194,100
20,HIV-1,"minority_E + SWAN(w=20,k=2.0)",0.2891,100
20,HIV-1,"minority_E + SWAN(w=50,k=1.0)",0.3293,100
20,HIV-1,"minority_E + SWAN(w=50,k=1.5)",0.3374,100
20,HIV-1,"minority_E + SWAN(w=50,k=2.0)",0.3438,100
20,HIV-1,minority_E + MutClust-Orig(g=10),0.3636,100
20,HIV-1,P*minority_E + Wavelet(t=1.0),0.2292,100
20,HIV-1,P*minority_E + Wavelet(t=1.5),0.2206,100
20,HIV-1,P*minority_E + Wavelet(t=2.0),0.1138,100
20,HIV-1,P*minority_E + KDE(p=75),0.2911,100
20,HIV-1,P*minority_E + KDE(p=80),0.2421,100
20,HIV-1,P*minority_E + KDE(p=85),0.1905,100
20,HIV-1,P*minority_E + SlidingTest(p=0.01),0.1951,100
20,HIV-1,P*minority_E + SlidingTest(p=0.05),0.3488,100
20,HIV-1,P*minority_E + GradPeak(p=0.2),0.0,100
20,HIV-1,P*minority_E + LocalContrast(z=1.0),0.1734,100
20,HIV-1,P*minority_E + LocalContrast(z=1.5),0.1037,100
20,HIV-1,P*minority_E + LocalContrast(z=2.0),0.0714,100
20,HIV-1,"P*minority_E + CUSUM(d=0.3,h=3.0)",0.082,100
20,HIV-1,"P*minority_E + CUSUM(d=0.5,h=4.0)",0.0192,100
20,HIV-1,"P*minority_E + CUSUM(d=0.5,h=5.0)",0.0194,100
20,HIV-1,P*minority_E + AdaptiveKnee,0.3689,100
20,HIV-1,P*minority_E + ScoreDBSCAN(ep=8),0.2591,100
20,HIV-1,P*minority_E + ScoreDBSCAN(ep=15),0.3471,100
20,HIV-1,P*minority_E + Spectral(z=1.5),0.1151,100
20,HIV-1,P*minority_E + Spectral(z=2.0),0.0488,100
20,HIV-1,P*minority_E + Ensemble(v>=2),0.1497,100
20,HIV-1,P*minority_E + Ensemble(v>=3),0.0377,100
20,HIV-1,P*minority_E + AdaptWin(s=90),0.3756,100
20,HIV-1,P*minority_E + AdaptWin(s=85),0.3747,100
20,HIV-1,P*minority_E + FreqThresh(p=80),0.2,100
20,HIV-1,P*minority_E + FreqThresh(p=85),0.1905,100
20,HIV-1,P*minority_E + FreqThresh(p=90),0.1379,100
20,HIV-1,P*minority_E + FreqThresh(p=95),0.0976,100
20,HIV-1,"P*minority_E + SWAN(w=10,k=1.0)",0.366,100
20,HIV-1,"P*minority_E + SWAN(w=10,k=1.5)",0.3285,100
20,HIV-1,"P*minority_E + SWAN(w=10,k=2.0)",0.2662,100
20,HIV-1,"P*minority_E + SWAN(w=20,k=1.0)",0.366,100
20,HIV-1,"P*minority_E + SWAN(w=20,k=1.5)",0.366,100
20,HIV-1,"P*minority_E + SWAN(w=20,k=2.0)",0.37,100
20,HIV-1,"P*minority_E + SWAN(w=50,k=1.0)",0.366,100
20,HIV-1,"P*minority_E + SWAN(w=50,k=1.5)",0.366,100
20,HIV-1,"P*minority_E + SWAN(w=50,k=2.0)",0.366,100
20,HIV-1,P*minority_E + MutClust-Orig(g=10),0.3636,100
20,HIV-1,P*E + Wavelet(t=1.0),0.2222,100
20,HIV-1,P*E + Wavelet(t=1.5),0.1618,100
20,HIV-1,P*E + Wavelet(t=2.0),0.0938,100
20,HIV-1,P*E + KDE(p=75),0.2723,100
20,HIV-1,P*E + KDE(p=80),0.2526,100
20,HIV-1,P*E + KDE(p=85),0.2619,100
20,HIV-1,P*E + SlidingTest(p=0.01),0.3668,100
20,HIV-1,P*E + SlidingTest(p=0.05),0.3627,100
20,HIV-1,P*E + GradPeak(p=0.2),0.0847,100
20,HIV-1,P*E + GradPeak(p=0.5),0.0189,100
20,HIV-1,P*E + LocalContrast(z=1.0),0.1472,100
20,HIV-1,P*E + LocalContrast(z=1.5),0.0611,100
20,HIV-1,P*E + LocalContrast(z=2.0),0.0354,100
20,HIV-1,"P*E + CUSUM(d=0.3,h=3.0)",0.1212,100
20,HIV-1,"P*E + CUSUM(d=0.5,h=4.0)",0.0727,100
20,HIV-1,"P*E + CUSUM(d=0.5,h=5.0)",0.0556,100
20,HIV-1,P*E + AdaptiveKnee,0.3595,100
20,HIV-1,P*E + ScoreDBSCAN(ep=8),0.3426,100
20,HIV-1,P*E + ScoreDBSCAN(ep=15),0.3661,100
20,HIV-1,P*E + Spectral(z=1.5),0.1481,100
20,HIV-1,P*E + Spectral(z=2.0),0.0667,100
20,HIV-1,P*E + Ensemble(v>=2),0.1655,100
20,HIV-1,P*E + AdaptWin(s=90),0.3529,100
20,HIV-1,P*E + AdaptWin(s=85),0.3762,100
20,HIV-1,P*E + FreqThresh(p=80),0.2316,100
20,HIV-1,P*E + FreqThresh(p=85),0.1786,100
20,HIV-1,P*E + FreqThresh(p=90),0.1655,100
20,HIV-1,P*E + FreqThresh(p=95),0.0976,100
20,HIV-1,"P*E + SWAN(w=10,k=1.0)",0.3556,100
20,HIV-1,"P*E + SWAN(w=10,k=1.5)",0.3627,100
20,HIV-1,"P*E + SWAN(w=10,k=2.0)",0.3455,100
20,HIV-1,"P*E + SWAN(w=20,k=1.0)",0.3556,100
20,HIV-1,"P*E + SWAN(w=20,k=1.5)",0.3556,100
20,HIV-1,"P*E + SWAN(w=20,k=2.0)",0.3556,100
20,HIV-1,"P*E + SWAN(w=50,k=1.0)",0.3596,100
20,HIV-1,"P*E + SWAN(w=50,k=1.5)",0.3596,100
20,HIV-1,"P*E + SWAN(w=50,k=2.0)",0.3596,100
20,HIV-1,P*E + MutClust-Orig(g=10),0.3636,100
20,HIV-1,H-score + Wavelet(t=1.0),0.2473,100
20,HIV-1,H-score + Wavelet(t=1.5),0.2264,100
20,HIV-1,H-score + Wavelet(t=2.0),0.1538,100
20,HIV-1,H-score + KDE(p=75),0.3192,100
20,HIV-1,H-score + KDE(p=80),0.3053,100
20,HIV-1,H-score + KDE(p=85),0.2857,100
20,HIV-1,H-score + SlidingTest(p=0.01),0.3621,100
20,HIV-1,H-score + SlidingTest(p=0.05),0.3582,100
20,HIV-1,H-score + GradPeak(p=0.2),0.0862,100
20,HIV-1,H-score + GradPeak(p=0.5),0.0566,100
20,HIV-1,H-score + LocalContrast(z=1.0),0.1576,100
20,HIV-1,H-score + LocalContrast(z=1.5),0.0488,100
20,HIV-1,H-score + LocalContrast(z=2.0),0.0367,100
20,HIV-1,"H-score + CUSUM(d=0.3,h=3.0)",0.1102,100
20,HIV-1,"H-score + CUSUM(d=0.5,h=4.0)",0.0377,100
20,HIV-1,"H-score + CUSUM(d=0.5,h=5.0)",0.019,100
20,HIV-1,H-score + AdaptiveKnee,0.3596,100
20,HIV-1,H-score + ScoreDBSCAN(ep=8),0.3678,100
20,HIV-1,H-score + ScoreDBSCAN(ep=15),0.3697,100
20,HIV-1,H-score + Spectral(z=1.5),0.0746,100
20,HIV-1,H-score + Spectral(z=2.0),0.05,100
20,HIV-1,H-score + Ensemble(v>=2),0.1655,100
20,HIV-1,H-score + AdaptWin(s=90),0.3643,100
20,HIV-1,H-score + AdaptWin(s=85),0.3643,100
20,HIV-1,H-score + FreqThresh(p=80),0.2316,100
20,HIV-1,H-score + FreqThresh(p=85),0.1786,100
20,HIV-1,H-score + FreqThresh(p=90),0.1655,100
20,HIV-1,H-score + FreqThresh(p=95),0.0976,100
20,HIV-1,"H-score + SWAN(w=10,k=1.0)",0.3578,100
20,HIV-1,"H-score + SWAN(w=10,k=1.5)",0.3538,100
20,HIV-1,"H-score + SWAN(w=10,k=2.0)",0.3127,100
20,HIV-1,"H-score + SWAN(w=20,k=1.0)",0.3632,100
20,HIV-1,"H-score + SWAN(w=20,k=1.5)",0.361,100
20,HIV-1,"H-score + SWAN(w=20,k=2.0)",0.3578,100
20,HIV-1,"H-score + SWAN(w=50,k=1.0)",0.3623,100
20,HIV-1,"H-score + SWAN(w=50,k=1.5)",0.3623,100
20,HIV-1,"H-score + SWAN(w=50,k=2.0)",0.3623,100
20,HIV-1,H-score + MutClust-Orig(g=10),0.3636,100
20,HIV-1,E_only + Wavelet(t=1.0),0.2568,100
20,HIV-1,E_only + Wavelet(t=1.5),0.2143,100
20,HIV-1,E_only + Wavelet(t=2.0),0.1654,100
20,HIV-1,E_only + KDE(p=75),0.2629,100
20,HIV-1,E_only + KDE(p=80),0.2526,100
20,HIV-1,E_only + KDE(p=85),0.2619,100
20,HIV-1,E_only + SlidingTest(p=0.01),0.3706,100
20,HIV-1,E_only + SlidingTest(p=0.05),0.3591,100
20,HIV-1,E_only + GradPeak(p=0.2),0.1062,100
20,HIV-1,E_only + GradPeak(p=0.5),0.0385,100
20,HIV-1,E_only + LocalContrast(z=1.0),0.1566,100
20,HIV-1,E_only + LocalContrast(z=1.5),0.1069,100
20,HIV-1,E_only + LocalContrast(z=2.0),0.0185,100
20,HIV-1,"E_only + CUSUM(d=0.3,h=3.0)",0.1212,100
20,HIV-1,"E_only + CUSUM(d=0.5,h=4.0)",0.0182,100
20,HIV-1,"E_only + CUSUM(d=0.5,h=5.0)",0.037,100
20,HIV-1,E_only + AdaptiveKnee,0.3659,100
20,HIV-1,E_only + ScoreDBSCAN(ep=8),0.3747,100
20,HIV-1,E_only + ScoreDBSCAN(ep=15),0.3705,100
20,HIV-1,E_only + Spectral(z=1.5),0.0615,100
20,HIV-1,E_only + Spectral(z=2.0),0.0667,100
20,HIV-1,E_only + Ensemble(v>=2),0.1379,100
20,HIV-1,E_only + AdaptWin(s=90),0.3762,100
20,HIV-1,E_only + AdaptWin(s=85),0.37,100
20,HIV-1,E_only + FreqThresh(p=80),0.2526,100
20,HIV-1,E_only + FreqThresh(p=85),0.2262,100
20,HIV-1,E_only + FreqThresh(p=90),0.1379,100
20,HIV-1,E_only + FreqThresh(p=95),0.0813,100
20,HIV-1,"E_only + SWAN(w=10,k=1.0)",0.3578,100
20,HIV-1,"E_only + SWAN(w=10,k=1.5)",0.3529,100
20,HIV-1,"E_only + SWAN(w=10,k=2.0)",0.3683,100
20,HIV-1,"E_only + SWAN(w=20,k=1.0)",0.361,100
20,HIV-1,"E_only + SWAN(w=20,k=1.5)",0.357,100
20,HIV-1,"E_only + SWAN(w=20,k=2.0)",0.3559,100
20,HIV-1,"E_only + SWAN(w=50,k=1.0)",0.361,100
20,HIV-1,"E_only + SWAN(w=50,k=1.5)",0.361,100
20,HIV-1,"E_only + SWAN(w=50,k=2.0)",0.361,100
20,HIV-1,E_only + MutClust-Orig(g=10),0.3636,100
20,HIV-1,P*E^2 + Wavelet(t=1.0),0.2449,100
20,HIV-1,P*E^2 + Wavelet(t=1.5),0.1353,100
20,HIV-1,P*E^2 + Wavelet(t=2.0),0.0484,100
20,HIV-1,P*E^2 + KDE(p=75),0.3005,100
20,HIV-1,P*E^2 + KDE(p=80),0.3053,100
20,HIV-1,P*E^2 + KDE(p=85),0.2381,100
20,HIV-1,P*E^2 + SlidingTest(p=0.01),0.383,100
20,HIV-1,P*E^2 + SlidingTest(p=0.05),0.366,100
20,HIV-1,P*E^2 + GradPeak(p=0.2),0.1769,100
20,HIV-1,P*E^2 + GradPeak(p=0.5),0.1395,100
20,HIV-1,P*E^2 + LocalContrast(z=1.0),0.1481,100
20,HIV-1,P*E^2 + LocalContrast(z=1.5),0.0611,100
20,HIV-1,P*E^2 + LocalContrast(z=2.0),0.0348,100
20,HIV-1,"P*E^2 + CUSUM(d=0.3,h=3.0)",0.1212,100
20,HIV-1,"P*E^2 + CUSUM(d=0.5,h=4.0)",0.0179,100
20,HIV-1,"P*E^2 + CUSUM(d=0.5,h=5.0)",0.0734,100
20,HIV-1,P*E^2 + AdaptiveKnee,0.3594,100
20,HIV-1,P*E^2 + ScoreDBSCAN(ep=8),0.2918,100
20,HIV-1,P*E^2 + ScoreDBSCAN(ep=15),0.3647,100
20,HIV-1,P*E^2 + Spectral(z=1.5),0.1374,100
20,HIV-1,P*E^2 + Spectral(z=2.0),0.0678,100
20,HIV-1,P*E^2 + Ensemble(v>=2),0.1655,100
20,HIV-1,P*E^2 + Ensemble(v>=3),0.0,100
20,HIV-1,P*E^2 + AdaptWin(s=90),0.3547,100
20,HIV-1,P*E^2 + AdaptWin(s=85),0.3529,100
20,HIV-1,P*E^2 + FreqThresh(p=80),0.2526,100
20,HIV-1,P*E^2 + FreqThresh(p=85),0.1905,100
20,HIV-1,P*E^2 + FreqThresh(p=90),0.1655,100
20,HIV-1,P*E^2 + FreqThresh(p=95),0.1138,100
20,HIV-1,"P*E^2 + SWAN(w=10,k=1.0)",0.3591,100
20,HIV-1,"P*E^2 + SWAN(w=10,k=1.5)",0.371,100
20,HIV-1,"P*E^2 + SWAN(w=10,k=2.0)",0.347,100
20,HIV-1,"P*E^2 + SWAN(w=20,k=1.0)",0.3582,100
20,HIV-1,"P*E^2 + SWAN(w=20,k=1.5)",0.3582,100
20,HIV-1,"P*E^2 + SWAN(w=20,k=2.0)",0.3622,100
20,HIV-1,"P*E^2 + SWAN(w=50,k=1.0)",0.3623,100
20,HIV-1,"P*E^2 + SWAN(w=50,k=1.5)",0.3623,100
20,HIV-1,"P*E^2 + SWAN(w=50,k=2.0)",0.3623,100
20,HIV-1,P*E^2 + MutClust-Orig(g=10),0.3636,100
20,HIV-1,rank(P*E) + Wavelet(t=1.0),0.225,100
20,HIV-1,rank(P*E) + Wavelet(t=1.5),0.0763,100
20,HIV-1,rank(P*E) + Wavelet(t=2.0),0.032,100
20,HIV-1,rank(P*E) + KDE(p=75),0.385,100
20,HIV-1,rank(P*E) + KDE(p=80),0.3895,100
20,HIV-1,rank(P*E) + KDE(p=85),0.2976,100
20,HIV-1,rank(P*E) + SlidingTest(p=0.01),0.3089,100
20,HIV-1,rank(P*E) + SlidingTest(p=0.05),0.363,100
20,HIV-1,rank(P*E) + GradPeak(p=0.2),0.0182,100
20,HIV-1,rank(P*E) + GradPeak(p=0.5),0.0,100
20,HIV-1,rank(P*E) + LocalContrast(z=1.0),0.1839,100
20,HIV-1,rank(P*E) + LocalContrast(z=1.5),0.0645,100
20,HIV-1,rank(P*E) + LocalContrast(z=2.0),0.0,100
20,HIV-1,"rank(P*E) + CUSUM(d=0.3,h=3.0)",0.124,100
20,HIV-1,"rank(P*E) + CUSUM(d=0.5,h=4.0)",0.0702,100
20,HIV-1,"rank(P*E) + CUSUM(d=0.5,h=5.0)",0.0536,100
20,HIV-1,rank(P*E) + AdaptiveKnee,0.3684,100
20,HIV-1,rank(P*E) + ScoreDBSCAN(ep=8),0.2271,100
20,HIV-1,rank(P*E) + ScoreDBSCAN(ep=15),0.3581,100
20,HIV-1,rank(P*E) + Spectral(z=1.5),0.2238,100
20,HIV-1,rank(P*E) + Spectral(z=2.0),0.1626,100
20,HIV-1,rank(P*E) + Ensemble(v>=2),0.1655,100
20,HIV-1,rank(P*E) + Ensemble(v>=3),0.1231,100
20,HIV-1,rank(P*E) + AdaptWin(s=90),0.2815,100
20,HIV-1,rank(P*E) + AdaptWin(s=85),0.3542,100
20,HIV-1,rank(P*E) + FreqThresh(p=80),0.2316,100
20,HIV-1,rank(P*E) + FreqThresh(p=85),0.1786,100
20,HIV-1,rank(P*E) + FreqThresh(p=90),0.1655,100
20,HIV-1,rank(P*E) + FreqThresh(p=95),0.0976,100
20,HIV-1,"rank(P*E) + SWAN(w=10,k=1.0)",0.3175,100
20,HIV-1,"rank(P*E) + SWAN(w=10,k=1.5)",0.3113,100
20,HIV-1,"rank(P*E) + SWAN(w=10,k=2.0)",0.3095,100
20,HIV-1,"rank(P*E) + SWAN(w=20,k=1.0)",0.3155,100
20,HIV-1,"rank(P*E) + SWAN(w=20,k=1.5)",0.3175,100
20,HIV-1,"rank(P*E) + SWAN(w=20,k=2.0)",0.3276,100
20,HIV-1,"rank(P*E) + SWAN(w=50,k=1.0)",0.3138,100
20,HIV-1,"rank(P*E) + SWAN(w=50,k=1.5)",0.3187,100
20,HIV-1,"rank(P*E) + SWAN(w=50,k=2.0)",0.3155,100
20,HIV-1,rank(P*E) + MutClust-Orig(g=10),0.3636,100
30,HIV-1,E*rare + Wavelet(t=1.0),0.2557,144
30,HIV-1,E*rare + Wavelet(t=1.5),0.1827,144
30,HIV-1,E*rare + Wavelet(t=2.0),0.0958,144
30,HIV-1,E*rare + KDE(p=75),0.4125,144
30,HIV-1,E*rare + KDE(p=80),0.4017,144
30,HIV-1,E*rare + KDE(p=85),0.3113,144
30,HIV-1,E*rare + SlidingTest(p=0.01),0.4479,144
30,HIV-1,E*rare + SlidingTest(p=0.05),0.4483,144
30,HIV-1,E*rare + GradPeak(p=0.2),0.0395,144
30,HIV-1,E*rare + GradPeak(p=0.5),0.0,144
30,HIV-1,E*rare + LocalContrast(z=1.0),0.2192,144
30,HIV-1,E*rare + LocalContrast(z=1.5),0.1341,144
30,HIV-1,E*rare + LocalContrast(z=2.0),0.0625,144
30,HIV-1,"E*rare + CUSUM(d=0.3,h=3.0)",0.1034,144
30,HIV-1,"E*rare + CUSUM(d=0.5,h=4.0)",0.0759,144
30,HIV-1,"E*rare + CUSUM(d=0.5,h=5.0)",0.0774,144
30,HIV-1,E*rare + AdaptiveKnee,0.2467,144
30,HIV-1,E*rare + ScoreDBSCAN(ep=8),0.3687,144
30,HIV-1,E*rare + ScoreDBSCAN(ep=15),0.4741,144
30,HIV-1,E*rare + Spectral(z=1.5),0.1788,144
30,HIV-1,E*rare + Spectral(z=2.0),0.1104,144
30,HIV-1,E*rare + Ensemble(v>=2),0.1905,144
30,HIV-1,E*rare + Ensemble(v>=3),0.125,144
30,HIV-1,E*rare + AdaptWin(s=90),0.4366,144
30,HIV-1,E*rare + AdaptWin(s=85),0.4462,144
30,HIV-1,E*rare + FreqThresh(p=80),0.2735,144
30,HIV-1,E*rare + FreqThresh(p=85),0.2453,144
30,HIV-1,E*rare + FreqThresh(p=90),0.1905,144
30,HIV-1,E*rare + FreqThresh(p=95),0.1317,144
30,HIV-1,"E*rare + SWAN(w=10,k=1.0)",0.4207,144
30,HIV-1,"E*rare + SWAN(w=10,k=1.5)",0.414,144
30,HIV-1,"E*rare + SWAN(w=10,k=2.0)",0.4039,144
30,HIV-1,"E*rare + SWAN(w=20,k=1.0)",0.4225,144
30,HIV-1,"E*rare + SWAN(w=20,k=1.5)",0.416,144
30,HIV-1,"E*rare + SWAN(w=20,k=2.0)",0.4071,144
30,HIV-1,"E*rare + SWAN(w=50,k=1.0)",0.445,144
30,HIV-1,"E*rare + SWAN(w=50,k=1.5)",0.4462,144
30,HIV-1,"E*rare + SWAN(w=50,k=2.0)",0.4462,144
30,HIV-1,E*rare + MutClust-Orig(g=10),0.4864,144
30,HIV-1,P*E*rare + Wavelet(t=1.0),0.2534,144
30,HIV-1,P*E*rare + Wavelet(t=1.5),0.1837,144
30,HIV-1,P*E*rare + Wavelet(t=2.0),0.061,144
30,HIV-1,P*E*rare + KDE(p=75),0.4125,144
30,HIV-1,P*E*rare + KDE(p=80),0.4103,144
30,HIV-1,P*E*rare + KDE(p=85),0.3113,144
30,HIV-1,P*E*rare + SlidingTest(p=0.01),0.4471,144
30,HIV-1,P*E*rare + SlidingTest(p=0.05),0.447,144
30,HIV-1,P*E*rare + GradPeak(p=0.2),0.0268,144
30,HIV-1,P*E*rare + GradPeak(p=0.5),0.0138,144
30,HIV-1,P*E*rare + LocalContrast(z=1.0),0.21,144
30,HIV-1,P*E*rare + LocalContrast(z=1.5),0.1117,144
30,HIV-1,P*E*rare + LocalContrast(z=2.0),0.0621,144
30,HIV-1,"P*E*rare + CUSUM(d=0.3,h=3.0)",0.1257,144
30,HIV-1,"P*E*rare + CUSUM(d=0.5,h=4.0)",0.0755,144
30,HIV-1,"P*E*rare + CUSUM(d=0.5,h=5.0)",0.0903,144
30,HIV-1,P*E*rare + AdaptiveKnee,0.1356,144
30,HIV-1,P*E*rare + ScoreDBSCAN(ep=8),0.3457,144
30,HIV-1,P*E*rare + ScoreDBSCAN(ep=15),0.461,144
30,HIV-1,P*E*rare + Spectral(z=1.5),0.1657,144
30,HIV-1,P*E*rare + Spectral(z=2.0),0.0976,144
30,HIV-1,P*E*rare + Ensemble(v>=2),0.1376,144
30,HIV-1,P*E*rare + Ensemble(v>=3),0.1176,144
30,HIV-1,P*E*rare + AdaptWin(s=90),0.4198,144
30,HIV-1,P*E*rare + AdaptWin(s=85),0.438,144
30,HIV-1,P*E*rare + FreqThresh(p=80),0.2821,144
30,HIV-1,P*E*rare + FreqThresh(p=85),0.2358,144
30,HIV-1,P*E*rare + FreqThresh(p=90),0.1376,144
30,HIV-1,P*E*rare + FreqThresh(p=95),0.1198,144
30,HIV-1,"P*E*rare + SWAN(w=10,k=1.0)",0.4148,144
30,HIV-1,"P*E*rare + SWAN(w=10,k=1.5)",0.4195,144
30,HIV-1,"P*E*rare + SWAN(w=10,k=2.0)",0.419,144
30,HIV-1,"P*E*rare + SWAN(w=20,k=1.0)",0.4211,144
30,HIV-1,"P*E*rare + SWAN(w=20,k=1.5)",0.4101,144
30,HIV-1,"P*E*rare + SWAN(w=20,k=2.0)",0.4207,144
30,HIV-1,"P*E*rare + SWAN(w=50,k=1.0)",0.4392,144
30,HIV-1,"P*E*rare + SWAN(w=50,k=1.5)",0.4427,144
30,HIV-1,"P*E*rare + SWAN(w=50,k=2.0)",0.4427,144
30,HIV-1,P*E*rare + MutClust-Orig(g=10),0.4973,144
30,HIV-1,minority_E + Wavelet(t=1.0),0.2703,144
30,HIV-1,minority_E + Wavelet(t=1.5),0.2186,144
30,HIV-1,minority_E + Wavelet(t=2.0),0.1618,144
30,HIV-1,minority_E + KDE(p=75),0.2646,144
30,HIV-1,minority_E + KDE(p=80),0.2479,144
30,HIV-1,minority_E + KDE(p=85),0.2358,144
30,HIV-1,minority_E + SlidingTest(p=0.01),0.1914,144
30,HIV-1,minority_E + SlidingTest(p=0.05),0.3289,144
30,HIV-1,minority_E + GradPeak(p=0.2),0.0533,144
30,HIV-1,minority_E + LocalContrast(z=1.0),0.2321,144
30,HIV-1,minority_E + LocalContrast(z=1.5),0.153,144
30,HIV-1,minority_E + LocalContrast(z=2.0),0.0764,144
30,HIV-1,"minority_E + CUSUM(d=0.3,h=3.0)",0.0881,144
30,HIV-1,"minority_E + CUSUM(d=0.5,h=4.0)",0.0405,144
30,HIV-1,"minority_E + CUSUM(d=0.5,h=5.0)",0.0272,144
30,HIV-1,minority_E + AdaptiveKnee,0.484,144
30,HIV-1,minority_E + ScoreDBSCAN(ep=8),0.381,144
30,HIV-1,minority_E + ScoreDBSCAN(ep=15),0.4633,144
30,HIV-1,minority_E + Spectral(z=1.5),0.1209,144
30,HIV-1,minority_E + Spectral(z=2.0),0.0723,144
30,HIV-1,minority_E + Ensemble(v>=2),0.1799,144
30,HIV-1,minority_E + Ensemble(v>=3),0.1212,144
30,HIV-1,minority_E + AdaptWin(s=90),0.4979,144
30,HIV-1,minority_E + AdaptWin(s=85),0.4953,144
30,HIV-1,minority_E + FreqThresh(p=80),0.2308,144
30,HIV-1,minority_E + FreqThresh(p=85),0.2358,144
30,HIV-1,minority_E + FreqThresh(p=90),0.1799,144
30,HIV-1,minority_E + FreqThresh(p=95),0.1198,144
30,HIV-1,"minority_E + SWAN(w=10,k=1.0)",0.4181,144
30,HIV-1,"minority_E + SWAN(w=10,k=1.5)",0.341,144
30,HIV-1,"minority_E + SWAN(w=10,k=2.0)",0.2612,144
30,HIV-1,"minority_E + SWAN(w=20,k=1.0)",0.4267,144
30,HIV-1,"minority_E + SWAN(w=20,k=1.5)",0.3916,144
30,HIV-1,"minority_E + SWAN(w=20,k=2.0)",0.36,144
30,HIV-1,"minority_E + SWAN(w=50,k=1.0)",0.4233,144
30,HIV-1,"minority_E + SWAN(w=50,k=1.5)",0.4216,144
30,HIV-1,"minority_E + SWAN(w=50,k=2.0)",0.4286,144
30,HIV-1,minority_E + MutClust-Orig(g=10),0.4848,144
30,HIV-1,P*minority_E + Wavelet(t=1.0),0.2627,144
30,HIV-1,P*minority_E + Wavelet(t=1.5),0.2,144
30,HIV-1,P*minority_E + Wavelet(t=2.0),0.1078,144
30,HIV-1,P*minority_E + KDE(p=75),0.3502,144
30,HIV-1,P*minority_E + KDE(p=80),0.2991,144
30,HIV-1,P*minority_E + KDE(p=85),0.2358,144
30,HIV-1,P*minority_E + SlidingTest(p=0.01),0.269,144
30,HIV-1,P*minority_E + SlidingTest(p=0.05),0.4574,144
30,HIV-1,P*minority_E + GradPeak(p=0.2),0.0274,144
30,HIV-1,P*minority_E + LocalContrast(z=1.0),0.212,144
30,HIV-1,P*minority_E + LocalContrast(z=1.5),0.1341,144
30,HIV-1,P*minority_E + LocalContrast(z=2.0),0.0769,144
30,HIV-1,"P*minority_E + CUSUM(d=0.3,h=3.0)",0.0964,144
30,HIV-1,"P*minority_E + CUSUM(d=0.5,h=4.0)",0.027,144
30,HIV-1,"P*minority_E + CUSUM(d=0.5,h=5.0)",0.0136,144
30,HIV-1,P*minority_E + AdaptiveKnee,0.4912,144
30,HIV-1,P*minority_E + ScoreDBSCAN(ep=8),0.3536,144
30,HIV-1,P*minority_E + ScoreDBSCAN(ep=15),0.4545,144
30,HIV-1,P*minority_E + Spectral(z=1.5),0.1311,144
30,HIV-1,P*minority_E + Spectral(z=2.0),0.0838,144
30,HIV-1,P*minority_E + Ensemble(v>=2),0.1885,144
30,HIV-1,P*minority_E + Ensemble(v>=3),0.0533,144
30,HIV-1,P*minority_E + AdaptWin(s=90),0.4979,144
30,HIV-1,P*minority_E + AdaptWin(s=85),0.4968,144
30,HIV-1,P*minority_E + FreqThresh(p=80),0.2393,144
30,HIV-1,P*minority_E + FreqThresh(p=85),0.217,144
30,HIV-1,P*minority_E + FreqThresh(p=90),0.1693,144
30,HIV-1,P*minority_E + FreqThresh(p=95),0.1078,144
30,HIV-1,"P*minority_E + SWAN(w=10,k=1.0)",0.4656,144
30,HIV-1,"P*minority_E + SWAN(w=10,k=1.5)",0.4246,144
30,HIV-1,"P*minority_E + SWAN(w=10,k=2.0)",0.3478,144
30,HIV-1,"P*minority_E + SWAN(w=20,k=1.0)",0.4656,144
30,HIV-1,"P*minority_E + SWAN(w=20,k=1.5)",0.4656,144
30,HIV-1,"P*minority_E + SWAN(w=20,k=2.0)",0.47,144
30,HIV-1,"P*minority_E + SWAN(w=50,k=1.0)",0.4656,144
30,HIV-1,"P*minority_E + SWAN(w=50,k=1.5)",0.4656,144
30,HIV-1,"P*minority_E + SWAN(w=50,k=2.0)",0.4656,144
30,HIV-1,P*minority_E + MutClust-Orig(g=10),0.4848,144
30,HIV-1,P*E + Wavelet(t=1.0),0.2575,144
30,HIV-1,P*E + Wavelet(t=1.5),0.1556,144
30,HIV-1,P*E + Wavelet(t=2.0),0.1047,144
30,HIV-1,P*E + KDE(p=75),0.3268,144
30,HIV-1,P*E + KDE(p=80),0.2906,144
30,HIV-1,P*E + KDE(p=85),0.283,144
30,HIV-1,P*E + SlidingTest(p=0.01),0.4733,144
30,HIV-1,P*E + SlidingTest(p=0.05),0.4762,144
30,HIV-1,P*E + GradPeak(p=0.2),0.1235,144
30,HIV-1,P*E + GradPeak(p=0.5),0.0533,144
30,HIV-1,P*E + LocalContrast(z=1.0),0.2222,144
30,HIV-1,P*E + LocalContrast(z=1.5),0.1029,144
30,HIV-1,P*E + LocalContrast(z=2.0),0.0637,144
30,HIV-1,"P*E + CUSUM(d=0.3,h=3.0)",0.1023,144
30,HIV-1,"P*E + CUSUM(d=0.5,h=4.0)",0.0519,144
30,HIV-1,"P*E + CUSUM(d=0.5,h=5.0)",0.0526,144
30,HIV-1,P*E + AdaptiveKnee,0.4738,144
30,HIV-1,P*E + ScoreDBSCAN(ep=8),0.4354,144
30,HIV-1,P*E + ScoreDBSCAN(ep=15),0.4891,144
30,HIV-1,P*E + Spectral(z=1.5),0.1453,144
30,HIV-1,P*E + Spectral(z=2.0),0.0732,144
30,HIV-1,P*E + Ensemble(v>=2),0.2011,144
30,HIV-1,P*E + AdaptWin(s=90),0.4646,144
30,HIV-1,P*E + AdaptWin(s=85),0.4914,144
30,HIV-1,P*E + FreqThresh(p=80),0.3333,144
30,HIV-1,P*E + FreqThresh(p=85),0.2453,144
30,HIV-1,P*E + FreqThresh(p=90),0.2011,144
30,HIV-1,P*E + FreqThresh(p=95),0.1198,144
30,HIV-1,"P*E + SWAN(w=10,k=1.0)",0.4677,144
30,HIV-1,"P*E + SWAN(w=10,k=1.5)",0.4762,144
30,HIV-1,"P*E + SWAN(w=10,k=2.0)",0.4439,144
30,HIV-1,"P*E + SWAN(w=20,k=1.0)",0.4677,144
30,HIV-1,"P*E + SWAN(w=20,k=1.5)",0.4677,144
30,HIV-1,"P*E + SWAN(w=20,k=2.0)",0.4677,144
30,HIV-1,"P*E + SWAN(w=50,k=1.0)",0.4711,144
30,HIV-1,"P*E + SWAN(w=50,k=1.5)",0.4711,144
30,HIV-1,"P*E + SWAN(w=50,k=2.0)",0.4711,144
30,HIV-1,P*E + MutClust-Orig(g=10),0.4848,144
30,HIV-1,H-score + Wavelet(t=1.0),0.2696,144
30,HIV-1,H-score + Wavelet(t=1.5),0.2167,144
30,HIV-1,H-score + Wavelet(t=2.0),0.1494,144
30,HIV-1,H-score + KDE(p=75),0.3813,144
30,HIV-1,H-score + KDE(p=80),0.3504,144
30,HIV-1,H-score + KDE(p=85),0.3019,144
30,HIV-1,H-score + SlidingTest(p=0.01),0.4665,144
30,HIV-1,H-score + SlidingTest(p=0.05),0.4709,144
30,HIV-1,H-score + GradPeak(p=0.2),0.125,144
30,HIV-1,H-score + GradPeak(p=0.5),0.0667,144
30,HIV-1,H-score + LocalContrast(z=1.0),0.2297,144
30,HIV-1,H-score + LocalContrast(z=1.5),0.0958,144
30,HIV-1,H-score + LocalContrast(z=2.0),0.0523,144
30,HIV-1,"H-score + CUSUM(d=0.3,h=3.0)",0.1754,144
30,HIV-1,"H-score + CUSUM(d=0.5,h=4.0)",0.04,144
30,HIV-1,"H-score + CUSUM(d=0.5,h=5.0)",0.0134,144
30,HIV-1,H-score + AdaptiveKnee,0.4756,144
30,HIV-1,H-score + ScoreDBSCAN(ep=8),0.4848,144
30,HIV-1,H-score + ScoreDBSCAN(ep=15),0.4889,144
30,HIV-1,H-score + Spectral(z=1.5),0.0899,144
30,HIV-1,H-score + Spectral(z=2.0),0.0366,144
30,HIV-1,H-score + Ensemble(v>=2),0.2011,144
30,HIV-1,H-score + AdaptWin(s=90),0.4857,144
30,HIV-1,H-score + AdaptWin(s=85),0.4857,144
30,HIV-1,H-score + FreqThresh(p=80),0.3333,144
30,HIV-1,H-score + FreqThresh(p=85),0.2453,144
30,HIV-1,H-score + FreqThresh(p=90),0.2011,144
30,HIV-1,H-score + FreqThresh(p=95),0.1198,144
30,HIV-1,"H-score + SWAN(w=10,k=1.0)",0.469,144
30,HIV-1,"H-score + SWAN(w=10,k=1.5)",0.4656,144
30,HIV-1,"H-score + SWAN(w=10,k=2.0)",0.4075,144
30,HIV-1,"H-score + SWAN(w=20,k=1.0)",0.4814,144
30,HIV-1,"H-score + SWAN(w=20,k=1.5)",0.4758,144
30,HIV-1,"H-score + SWAN(w=20,k=2.0)",0.469,144
30,HIV-1,"H-score + SWAN(w=50,k=1.0)",0.4803,144
30,HIV-1,"H-score + SWAN(w=50,k=1.5)",0.4803,144
30,HIV-1,"H-score + SWAN(w=50,k=2.0)",0.4803,144
30,HIV-1,H-score + MutClust-Orig(g=10),0.4848,144
30,HIV-1,E_only + Wavelet(t=1.0),0.25,144
30,HIV-1,E_only + Wavelet(t=1.5),0.1957,144
30,HIV-1,E_only + Wavelet(t=2.0),0.1582,144
30,HIV-1,E_only + KDE(p=75),0.3113,144
30,HIV-1,E_only + KDE(p=80),0.2735,144
30,HIV-1,E_only + KDE(p=85),0.283,144
30,HIV-1,E_only + SlidingTest(p=0.01),0.4792,144
30,HIV-1,E_only + SlidingTest(p=0.05),0.4719,144
30,HIV-1,E_only + GradPeak(p=0.2),0.0892,144
30,HIV-1,E_only + GradPeak(p=0.5),0.0405,144
30,HIV-1,E_only + LocalContrast(z=1.0),0.219,144
30,HIV-1,E_only + LocalContrast(z=1.5),0.1371,144
30,HIV-1,E_only + LocalContrast(z=2.0),0.0395,144
30,HIV-1,"E_only + CUSUM(d=0.3,h=3.0)",0.125,144
30,HIV-1,"E_only + CUSUM(d=0.5,h=4.0)",0.0519,144
30,HIV-1,"E_only + CUSUM(d=0.5,h=5.0)",0.0526,144
30,HIV-1,E_only + AdaptiveKnee,0.4786,144
30,HIV-1,E_only + ScoreDBSCAN(ep=8),0.4846,144
30,HIV-1,E_only + ScoreDBSCAN(ep=15),0.4887,144
30,HIV-1,E_only + Spectral(z=1.5),0.0805,144
30,HIV-1,E_only + Spectral(z=2.0),0.061,144
30,HIV-1,E_only + Ensemble(v>=2),0.1799,144
30,HIV-1,E_only + AdaptWin(s=90),0.4914,144
30,HIV-1,E_only + AdaptWin(s=85),0.4859,144
30,HIV-1,E_only + FreqThresh(p=80),0.3248,144
30,HIV-1,E_only + FreqThresh(p=85),0.283,144
30,HIV-1,E_only + FreqThresh(p=90),0.1799,144
30,HIV-1,E_only + FreqThresh(p=95),0.0958,144
30,HIV-1,"E_only + SWAN(w=10,k=1.0)",0.469,144
30,HIV-1,"E_only + SWAN(w=10,k=1.5)",0.4644,144
30,HIV-1,"E_only + SWAN(w=10,k=2.0)",0.4624,144
30,HIV-1,"E_only + SWAN(w=20,k=1.0)",0.4758,144
30,HIV-1,"E_only + SWAN(w=20,k=1.5)",0.4724,144
30,HIV-1,"E_only + SWAN(w=20,k=2.0)",0.465,144
30,HIV-1,"E_only + SWAN(w=50,k=1.0)",0.4758,144
30,HIV-1,"E_only + SWAN(w=50,k=1.5)",0.4758,144
30,HIV-1,"E_only + SWAN(w=50,k=2.0)",0.4758,144
30,HIV-1,E_only + MutClust-Orig(g=10),0.4848,144
30,HIV-1,P*E^2 + Wavelet(t=1.0),0.275,144
30,HIV-1,P*E^2 + Wavelet(t=1.5),0.1356,144
30,HIV-1,P*E^2 + Wavelet(t=2.0),0.0714,144
30,HIV-1,P*E^2 + KDE(p=75),0.358,144
30,HIV-1,P*E^2 + KDE(p=80),0.3333,144
30,HIV-1,P*E^2 + KDE(p=85),0.2736,144
30,HIV-1,P*E^2 + SlidingTest(p=0.01),0.4879,144
30,HIV-1,P*E^2 + SlidingTest(p=0.05),0.4751,144
30,HIV-1,P*E^2 + GradPeak(p=0.2),0.2304,144
30,HIV-1,P*E^2 + GradPeak(p=0.5),0.1618,144
30,HIV-1,P*E^2 + LocalContrast(z=1.0),0.2039,144
30,HIV-1,P*E^2 + LocalContrast(z=1.5),0.1029,144
30,HIV-1,P*E^2 + LocalContrast(z=2.0),0.0629,144
30,HIV-1,"P*E^2 + CUSUM(d=0.3,h=3.0)",0.1477,144
30,HIV-1,"P*E^2 + CUSUM(d=0.5,h=4.0)",0.0385,144
30,HIV-1,"P*E^2 + CUSUM(d=0.5,h=5.0)",0.0654,144
30,HIV-1,P*E^2 + AdaptiveKnee,0.4673,144
30,HIV-1,P*E^2 + ScoreDBSCAN(ep=8),0.3848,144
30,HIV-1,P*E^2 + ScoreDBSCAN(ep=15),0.4885,144
30,HIV-1,P*E^2 + Spectral(z=1.5),0.1257,144
30,HIV-1,P*E^2 + Spectral(z=2.0),0.0617,144
30,HIV-1,P*E^2 + Ensemble(v>=2),0.2116,144
30,HIV-1,P*E^2 + Ensemble(v>=3),0.0,144
30,HIV-1,P*E^2 + AdaptWin(s=90),0.4667,144
30,HIV-1,P*E^2 + AdaptWin(s=85),0.4646,144
30,HIV-1,P*E^2 + FreqThresh(p=80),0.3248,144
30,HIV-1,P*E^2 + FreqThresh(p=85),0.2642,144
30,HIV-1,P*E^2 + FreqThresh(p=90),0.2116,144
30,HIV-1,P*E^2 + FreqThresh(p=95),0.1198,144
30,HIV-1,"P*E^2 + SWAN(w=10,k=1.0)",0.4719,144
30,HIV-1,"P*E^2 + SWAN(w=10,k=1.5)",0.4808,144
30,HIV-1,"P*E^2 + SWAN(w=10,k=2.0)",0.4377,144
30,HIV-1,"P*E^2 + SWAN(w=20,k=1.0)",0.4709,144
30,HIV-1,"P*E^2 + SWAN(w=20,k=1.5)",0.4709,144
30,HIV-1,"P*E^2 + SWAN(w=20,k=2.0)",0.4706,144
30,HIV-1,"P*E^2 + SWAN(w=50,k=1.0)",0.4743,144
30,HIV-1,"P*E^2 + SWAN(w=50,k=1.5)",0.4743,144
30,HIV-1,"P*E^2 + SWAN(w=50,k=2.0)",0.4743,144
30,HIV-1,P*E^2 + MutClust-Orig(g=10),0.4848,144
30,HIV-1,rank(P*E) + Wavelet(t=1.0),0.2255,144
30,HIV-1,rank(P*E) + Wavelet(t=1.5),0.0914,144
30,HIV-1,rank(P*E) + Wavelet(t=2.0),0.0592,144
30,HIV-1,rank(P*E) + KDE(p=75),0.4125,144
30,HIV-1,rank(P*E) + KDE(p=80),0.3932,144
30,HIV-1,rank(P*E) + KDE(p=85),0.3019,144
30,HIV-1,rank(P*E) + SlidingTest(p=0.01),0.4,144
30,HIV-1,rank(P*E) + SlidingTest(p=0.05),0.4553,144
30,HIV-1,rank(P*E) + GradPeak(p=0.2),0.026,144
30,HIV-1,rank(P*E) + GradPeak(p=0.5),0.0,144
30,HIV-1,rank(P*E) + LocalContrast(z=1.0),0.2569,144
30,HIV-1,rank(P*E) + LocalContrast(z=1.5),0.119,144
30,HIV-1,rank(P*E) + LocalContrast(z=2.0),0.0265,144
30,HIV-1,"rank(P*E) + CUSUM(d=0.3,h=3.0)",0.185,144
30,HIV-1,"rank(P*E) + CUSUM(d=0.5,h=4.0)",0.0759,144
30,HIV-1,"rank(P*E) + CUSUM(d=0.5,h=5.0)",0.0385,144
30,HIV-1,rank(P*E) + AdaptiveKnee,0.4896,144
30,HIV-1,rank(P*E) + ScoreDBSCAN(ep=8),0.2965,144
30,HIV-1,rank(P*E) + ScoreDBSCAN(ep=15),0.4547,144
30,HIV-1,rank(P*E) + Spectral(z=1.5),0.2032,144
30,HIV-1,rank(P*E) + Spectral(z=2.0),0.1317,144
30,HIV-1,rank(P*E) + Ensemble(v>=2),0.2011,144
30,HIV-1,rank(P*E) + Ensemble(v>=3),0.1494,144
30,HIV-1,rank(P*E) + AdaptWin(s=90),0.3758,144
30,HIV-1,rank(P*E) + AdaptWin(s=85),0.4673,144
30,HIV-1,rank(P*E) + FreqThresh(p=80),0.3333,144
30,HIV-1,rank(P*E) + FreqThresh(p=85),0.2453,144
30,HIV-1,rank(P*E) + FreqThresh(p=90),0.2011,144
30,HIV-1,rank(P*E) + FreqThresh(p=95),0.1198,144
30,HIV-1,"rank(P*E) + SWAN(w=10,k=1.0)",0.4345,144
30,HIV-1,"rank(P*E) + SWAN(w=10,k=1.5)",0.422,144
30,HIV-1,"rank(P*E) + SWAN(w=10,k=2.0)",0.3986,144
30,HIV-1,"rank(P*E) + SWAN(w=20,k=1.0)",0.4377,144
30,HIV-1,"rank(P*E) + SWAN(w=20,k=1.5)",0.4345,144
30,HIV-1,"rank(P*E) + SWAN(w=20,k=2.0)",0.4392,144
30,HIV-1,"rank(P*E) + SWAN(w=50,k=1.0)",0.4336,144
30,HIV-1,"rank(P*E) + SWAN(w=50,k=1.5)",0.4396,144
30,HIV-1,"rank(P*E) + SWAN(w=50,k=2.0)",0.4377,144
30,HIV-1,rank(P*E) + MutClust-Orig(g=10),0.4848,144
10,RSV,E*rare + Wavelet(t=1.0),0.1471,51
10,RSV,E*rare + Wavelet(t=1.5),0.16,51
10,RSV,E*rare + Wavelet(t=2.0),0.1918,51
10,RSV,E*rare + KDE(p=75),0.1164,51
10,RSV,E*rare + KDE(p=80),0.1242,51
10,RSV,E*rare + KDE(p=85),0.0597,51
10,RSV,E*rare + SlidingTest(p=0.01),0.1818,51
10,RSV,E*rare + SlidingTest(p=0.05),0.1772,51
10,RSV,E*rare + GradPeak(p=0.2),0.0,51
10,RSV,E*rare + LocalContrast(z=1.0),0.0952,51
10,RSV,E*rare + LocalContrast(z=1.5),0.0808,51
10,RSV,E*rare + LocalContrast(z=2.0),0.0889,51
10,RSV,"E*rare + CUSUM(d=0.3,h=3.0)",0.0845,51
10,RSV,"E*rare + CUSUM(d=0.5,h=4.0)",0.0656,51
10,RSV,"E*rare + CUSUM(d=0.5,h=5.0)",0.0714,51
10,RSV,E*rare + AdaptiveKnee,0.1143,51
10,RSV,E*rare + ScoreDBSCAN(ep=8),0.166,51
10,RSV,E*rare + ScoreDBSCAN(ep=15),0.1639,51
10,RSV,E*rare + Spectral(z=1.5),0.1149,51
10,RSV,E*rare + Spectral(z=2.0),0.1067,51
10,RSV,E*rare + Bayes(prior=0.1),0.0833,51
10,RSV,E*rare + Bayes(prior=0.15),0.1124,51
10,RSV,E*rare + Ensemble(v>=2),0.1062,51
10,RSV,E*rare + Ensemble(v>=3),0.1053,51
10,RSV,E*rare + AdaptWin(s=90),0.112,51
10,RSV,E*rare + AdaptWin(s=85),0.1351,51
10,RSV,E*rare + FreqThresh(p=80),0.1242,51
10,RSV,E*rare + FreqThresh(p=85),0.1343,51
10,RSV,E*rare + FreqThresh(p=90),0.1132,51
10,RSV,E*rare + FreqThresh(p=95),0.1266,51
10,RSV,"E*rare + SWAN(w=10,k=1.0)",0.1205,51
10,RSV,"E*rare + SWAN(w=10,k=1.5)",0.1143,51
10,RSV,"E*rare + SWAN(w=10,k=2.0)",0.0923,51
10,RSV,"E*rare + SWAN(w=20,k=1.0)",0.075,51
10,RSV,"E*rare + SWAN(w=20,k=1.5)",0.0822,51
10,RSV,"E*rare + SWAN(w=20,k=2.0)",0.0938,51
10,RSV,"E*rare + SWAN(w=50,k=1.0)",0.0845,51
10,RSV,"E*rare + SWAN(w=50,k=1.5)",0.0896,51
10,RSV,E*rare + MutClust-Orig(g=10),0.1699,51
10,RSV,P*E*rare + Wavelet(t=1.0),0.1884,51
10,RSV,P*E*rare + Wavelet(t=1.5),0.1296,51
10,RSV,P*E*rare + Wavelet(t=2.0),0.1667,51
10,RSV,P*E*rare + KDE(p=75),0.0635,51
10,RSV,P*E*rare + KDE(p=80),0.0373,51
10,RSV,P*E*rare + KDE(p=85),0.0448,51
10,RSV,P*E*rare + SlidingTest(p=0.01),0.1587,51
10,RSV,P*E*rare + SlidingTest(p=0.05),0.1867,51
10,RSV,P*E*rare + LocalContrast(z=1.0),0.0962,51
10,RSV,P*E*rare + LocalContrast(z=1.5),0.102,51
10,RSV,P*E*rare + LocalContrast(z=2.0),0.0455,51
10,RSV,"P*E*rare + CUSUM(d=0.3,h=3.0)",0.0845,51
10,RSV,"P*E*rare + CUSUM(d=0.5,h=4.0)",0.0667,51
10,RSV,"P*E*rare + CUSUM(d=0.5,h=5.0)",0.037,51
10,RSV,P*E*rare + AdaptiveKnee,0.1165,51
10,RSV,P*E*rare + ScoreDBSCAN(ep=8),0.1707,51
10,RSV,P*E*rare + ScoreDBSCAN(ep=15),0.1643,51
10,RSV,P*E*rare + Spectral(z=1.5),0.1205,51
10,RSV,P*E*rare + Spectral(z=2.0),0.0811,51
10,RSV,P*E*rare + Bayes(prior=0.1),0.0779,51
10,RSV,P*E*rare + Bayes(prior=0.15),0.1099,51
10,RSV,P*E*rare + Ensemble(v>=2),0.1071,51
10,RSV,P*E*rare + Ensemble(v>=3),0.1224,51
10,RSV,P*E*rare + AdaptWin(s=90),0.1217,51
10,RSV,P*E*rare + AdaptWin(s=85),0.1159,51
10,RSV,P*E*rare + FreqThresh(p=80),0.1242,51
10,RSV,P*E*rare + FreqThresh(p=85),0.1194,51
10,RSV,P*E*rare + FreqThresh(p=90),0.1132,51
10,RSV,P*E*rare + FreqThresh(p=95),0.1013,51
10,RSV,"P*E*rare + SWAN(w=10,k=1.0)",0.1013,51
10,RSV,"P*E*rare + SWAN(w=10,k=1.5)",0.0882,51
10,RSV,"P*E*rare + SWAN(w=10,k=2.0)",0.1,51
10,RSV,"P*E*rare + SWAN(w=20,k=1.0)",0.0811,51
10,RSV,"P*E*rare + SWAN(w=20,k=1.5)",0.0833,51
10,RSV,"P*E*rare + SWAN(w=20,k=2.0)",0.1,51
10,RSV,"P*E*rare + SWAN(w=50,k=1.0)",0.0822,51
10,RSV,"P*E*rare + SWAN(w=50,k=1.5)",0.0952,51
10,RSV,P*E*rare + MutClust-Orig(g=10),0.1695,51
10,RSV,minority_E + Wavelet(t=1.0),0.1884,51
10,RSV,minority_E + Wavelet(t=1.5),0.2316,51
10,RSV,minority_E + Wavelet(t=2.0),0.1463,51
10,RSV,minority_E + KDE(p=75),0.0952,51
10,RSV,minority_E + KDE(p=80),0.1118,51
10,RSV,minority_E + KDE(p=85),0.1343,51
10,RSV,minority_E + SlidingTest(p=0.01),0.2105,51
10,RSV,minority_E + SlidingTest(p=0.05),0.233,51
10,RSV,minority_E + GradPeak(p=0.2),0.1231,51
10,RSV,minority_E + LocalContrast(z=1.0),0.1085,51
10,RSV,minority_E + LocalContrast(z=1.5),0.0367,51
10,RSV,minority_E + LocalContrast(z=2.0),0.0408,51
10,RSV,"minority_E + CUSUM(d=0.3,h=3.0)",0.0548,51
10,RSV,"minority_E + CUSUM(d=0.5,h=4.0)",0.0656,51
10,RSV,"minority_E + CUSUM(d=0.5,h=5.0)",0.0,51
10,RSV,minority_E + AdaptiveKnee,0.1286,51
10,RSV,minority_E + ScoreDBSCAN(ep=8),0.1686,51
10,RSV,minority_E + ScoreDBSCAN(ep=15),0.1707,51
10,RSV,minority_E + Spectral(z=1.5),0.1197,51
10,RSV,minority_E + Spectral(z=2.0),0.087,51
10,RSV,minority_E + Bayes(prior=0.1),0.0,51
10,RSV,minority_E + Bayes(prior=0.15),0.1212,51
10,RSV,minority_E + Ensemble(v>=2),0.1185,51
10,RSV,minority_E + Ensemble(v>=3),0.1077,51
10,RSV,minority_E + AdaptWin(s=90),0.1239,51
10,RSV,minority_E + AdaptWin(s=85),0.1194,51
10,RSV,minority_E + FreqThresh(p=80),0.1242,51
10,RSV,minority_E + FreqThresh(p=85),0.1194,51
10,RSV,minority_E + FreqThresh(p=90),0.1132,51
10,RSV,minority_E + FreqThresh(p=95),0.0759,51
10,RSV,"minority_E + SWAN(w=10,k=1.0)",0.1176,51
10,RSV,"minority_E + SWAN(w=10,k=1.5)",0.1304,51
10,RSV,"minority_E + SWAN(w=10,k=2.0)",0.1412,51
10,RSV,"minority_E + SWAN(w=20,k=1.0)",0.12,51
10,RSV,"minority_E + SWAN(w=20,k=1.5)",0.1538,51
10,RSV,"minority_E + SWAN(w=20,k=2.0)",0.1538,51
10,RSV,"minority_E + SWAN(w=50,k=1.0)",0.1277,51
10,RSV,"minority_E + SWAN(w=50,k=1.5)",0.1481,51
10,RSV,"minority_E + SWAN(w=50,k=2.0)",0.15,51
10,RSV,minority_E + MutClust-Orig(g=10),0.1678,51
10,RSV,P*minority_E + Wavelet(t=1.0),0.2188,51
10,RSV,P*minority_E + Wavelet(t=1.5),0.198,51
10,RSV,P*minority_E + Wavelet(t=2.0),0.15,51
10,RSV,P*minority_E + KDE(p=75),0.0952,51
10,RSV,P*minority_E + KDE(p=80),0.0994,51
10,RSV,P*minority_E + KDE(p=85),0.1194,51
10,RSV,P*minority_E + SlidingTest(p=0.01),0.2273,51
10,RSV,P*minority_E + SlidingTest(p=0.05),0.2128,51
10,RSV,P*minority_E + GradPeak(p=0.2),0.037,51
10,RSV,P*minority_E + LocalContrast(z=1.0),0.1,51
10,RSV,P*minority_E + LocalContrast(z=1.5),0.0755,51
10,RSV,P*minority_E + LocalContrast(z=2.0),0.043,51
10,RSV,"P*minority_E + CUSUM(d=0.3,h=3.0)",0.0571,51
10,RSV,"P*minority_E + CUSUM(d=0.5,h=4.0)",0.1,51
10,RSV,"P*minority_E + CUSUM(d=0.5,h=5.0)",0.037,51
10,RSV,P*minority_E + AdaptiveKnee,0.1176,51
10,RSV,P*minority_E + ScoreDBSCAN(ep=8),0.1692,51
10,RSV,P*minority_E + ScoreDBSCAN(ep=15),0.1713,51
10,RSV,P*minority_E + Spectral(z=1.5),0.0808,51
10,RSV,P*minority_E + Spectral(z=2.0),0.0682,51
10,RSV,P*minority_E + Bayes(prior=0.1),0.0333,51
10,RSV,P*minority_E + Bayes(prior=0.15),0.124,51
10,RSV,P*minority_E + Ensemble(v>=2),0.1203,51
10,RSV,P*minority_E + Ensemble(v>=3),0.1322,51
10,RSV,P*minority_E + AdaptWin(s=90),0.1228,51
10,RSV,P*minority_E + AdaptWin(s=85),0.1194,51
10,RSV,P*minority_E + FreqThresh(p=80),0.1242,51
10,RSV,P*minority_E + FreqThresh(p=85),0.1194,51
10,RSV,P*minority_E + FreqThresh(p=90),0.1132,51
10,RSV,P*minority_E + FreqThresh(p=95),0.0506,51
10,RSV,"P*minority_E + SWAN(w=10,k=1.0)",0.1165,51
10,RSV,"P*minority_E + SWAN(w=10,k=1.5)",0.1277,51
10,RSV,"P*minority_E + SWAN(w=10,k=2.0)",0.15,51
10,RSV,"P*minority_E + SWAN(w=20,k=1.0)",0.1429,51
10,RSV,"P*minority_E + SWAN(w=20,k=1.5)",0.1558,51
10,RSV,"P*minority_E + SWAN(w=20,k=2.0)",0.1558,51
10,RSV,"P*minority_E + SWAN(w=50,k=1.0)",0.1304,51
10,RSV,"P*minority_E + SWAN(w=50,k=1.5)",0.1519,51
10,RSV,"P*minority_E + SWAN(w=50,k=2.0)",0.1519,51
10,RSV,P*minority_E + MutClust-Orig(g=10),0.1771,51
10,RSV,P*E + Wavelet(t=1.0),0.163,51
10,RSV,P*E + Wavelet(t=1.5),0.1714,51
10,RSV,P*E + Wavelet(t=2.0),0.1351,51
10,RSV,P*E + KDE(p=75),0.1376,51
10,RSV,P*E + KDE(p=80),0.0994,51
10,RSV,P*E + KDE(p=85),0.0299,51
10,RSV,P*E + SlidingTest(p=0.01),0.1587,51
10,RSV,P*E + SlidingTest(p=0.05),0.2059,51
10,RSV,P*E + GradPeak(p=0.2),0.0899,51
10,RSV,P*E + GradPeak(p=0.5),0.08,51
10,RSV,P*E + LocalContrast(z=1.0),0.1143,51
10,RSV,P*E + LocalContrast(z=1.5),0.1,51
10,RSV,P*E + LocalContrast(z=2.0),0.0638,51
10,RSV,"P*E + CUSUM(d=0.3,h=3.0)",0.0759,51
10,RSV,"P*E + CUSUM(d=0.5,h=4.0)",0.1071,51
10,RSV,"P*E + CUSUM(d=0.5,h=5.0)",0.0755,51
10,RSV,P*E + AdaptiveKnee,0.1176,51
10,RSV,P*E + ScoreDBSCAN(ep=8),0.1692,51
10,RSV,P*E + ScoreDBSCAN(ep=15),0.1673,51
10,RSV,P*E + Spectral(z=1.5),0.0879,51
10,RSV,P*E + Spectral(z=2.0),0.092,51
10,RSV,P*E + Bayes(prior=0.1),0.092,51
10,RSV,P*E + Bayes(prior=0.15),0.1304,51
10,RSV,P*E + Ensemble(v>=2),0.1034,51
10,RSV,P*E + Ensemble(v>=3),0.12,51
10,RSV,P*E + AdaptWin(s=90),0.1228,51
10,RSV,P*E + AdaptWin(s=85),0.1194,51
10,RSV,P*E + FreqThresh(p=80),0.1242,51
10,RSV,P*E + FreqThresh(p=85),0.1194,51
10,RSV,P*E + FreqThresh(p=90),0.1132,51
10,RSV,P*E + FreqThresh(p=95),0.0759,51
10,RSV,"P*E + SWAN(w=10,k=1.0)",0.1121,51
10,RSV,"P*E + SWAN(w=10,k=1.5)",0.0964,51
10,RSV,"P*E + SWAN(w=10,k=2.0)",0.129,51
10,RSV,"P*E + SWAN(w=20,k=1.0)",0.1346,51
10,RSV,"P*E + SWAN(w=20,k=1.5)",0.1351,51
10,RSV,"P*E + SWAN(w=20,k=2.0)",0.125,51
10,RSV,"P*E + SWAN(w=50,k=1.0)",0.1573,51
10,RSV,"P*E + SWAN(w=50,k=1.5)",0.1231,51
10,RSV,P*E + MutClust-Orig(g=10),0.17,51
10,RSV,H-score + Wavelet(t=1.0),0.1832,51
10,RSV,H-score + Wavelet(t=1.5),0.2268,51
10,RSV,H-score + Wavelet(t=2.0),0.1687,51
10,RSV,H-score + KDE(p=75),0.1058,51
10,RSV,H-score + KDE(p=80),0.0994,51
10,RSV,H-score + KDE(p=85),0.1194,51
10,RSV,H-score + SlidingTest(p=0.01),0.2105,51
10,RSV,H-score + SlidingTest(p=0.05),0.2308,51
10,RSV,H-score + GradPeak(p=0.2),0.098,51
10,RSV,H-score + GradPeak(p=0.5),0.0625,51
10,RSV,H-score + LocalContrast(z=1.0),0.0952,51
10,RSV,H-score + LocalContrast(z=1.5),0.055,51
10,RSV,H-score + LocalContrast(z=2.0),0.0412,51
10,RSV,"H-score + CUSUM(d=0.3,h=3.0)",0.0571,51
10,RSV,"H-score + CUSUM(d=0.5,h=4.0)",0.0339,51
10,RSV,"H-score + CUSUM(d=0.5,h=5.0)",0.0727,51
10,RSV,H-score + AdaptiveKnee,0.1242,51
10,RSV,H-score + ScoreDBSCAN(ep=8),0.1592,51
10,RSV,H-score + ScoreDBSCAN(ep=15),0.1629,51
10,RSV,H-score + Spectral(z=1.5),0.0748,51
10,RSV,H-score + Spectral(z=2.0),0.0667,51
10,RSV,H-score + Bayes(prior=0.15),0.1099,51
10,RSV,H-score + Ensemble(v>=2),0.1194,51
10,RSV,H-score + Ensemble(v>=3),0.0992,51
10,RSV,H-score + AdaptWin(s=90),0.1228,51
10,RSV,H-score + AdaptWin(s=85),0.1127,51
10,RSV,H-score + FreqThresh(p=80),0.1242,51
10,RSV,H-score + FreqThresh(p=85),0.1194,51
10,RSV,H-score + FreqThresh(p=90),0.1132,51
10,RSV,H-score + FreqThresh(p=95),0.0759,51
10,RSV,"H-score + SWAN(w=10,k=1.0)",0.1081,51
10,RSV,"H-score + SWAN(w=10,k=1.5)",0.1154,51
10,RSV,"H-score + SWAN(w=10,k=2.0)",0.125,51
10,RSV,"H-score + SWAN(w=20,k=1.0)",0.1081,51
10,RSV,"H-score + SWAN(w=20,k=1.5)",0.129,51
10,RSV,"H-score + SWAN(w=20,k=2.0)",0.1395,51
10,RSV,"H-score + SWAN(w=50,k=1.0)",0.1176,51
10,RSV,"H-score + SWAN(w=50,k=1.5)",0.1333,51
10,RSV,"H-score + SWAN(w=50,k=2.0)",0.1348,51
10,RSV,H-score + MutClust-Orig(g=10),0.1697,51
10,RSV,E_only + Wavelet(t=1.0),0.1727,51
10,RSV,E_only + Wavelet(t=1.5),0.2041,51
10,RSV,E_only + Wavelet(t=2.0),0.1818,51
10,RSV,E_only + KDE(p=75),0.1164,51
10,RSV,E_only + KDE(p=80),0.1118,51
10,RSV,E_only + KDE(p=85),0.1194,51
10,RSV,E_only + SlidingTest(p=0.01),0.2029,51
10,RSV,E_only + SlidingTest(p=0.05),0.2118,51
10,RSV,E_only + GradPeak(p=0.2),0.086,51
10,RSV,E_only + GradPeak(p=0.5),0.0723,51
10,RSV,E_only + LocalContrast(z=1.0),0.1101,51
10,RSV,E_only + LocalContrast(z=1.5),0.1176,51
10,RSV,E_only + LocalContrast(z=2.0),0.043,51
10,RSV,"E_only + CUSUM(d=0.3,h=3.0)",0.1026,51
10,RSV,"E_only + CUSUM(d=0.5,h=4.0)",0.1091,51
10,RSV,"E_only + CUSUM(d=0.5,h=5.0)",0.0385,51
10,RSV,E_only + AdaptiveKnee,0.1266,51
10,RSV,E_only + ScoreDBSCAN(ep=8),0.1641,51
10,RSV,E_only + ScoreDBSCAN(ep=15),0.1651,51
10,RSV,E_only + Spectral(z=1.5),0.086,51
10,RSV,E_only + Spectral(z=2.0),0.0909,51
10,RSV,E_only + Bayes(prior=0.15),0.1099,51
10,RSV,E_only + Ensemble(v>=2),0.1043,51
10,RSV,E_only + Ensemble(v>=3),0.1031,51
10,RSV,E_only + AdaptWin(s=90),0.1186,51
10,RSV,E_only + AdaptWin(s=85),0.1103,51
10,RSV,E_only + FreqThresh(p=80),0.1366,51
10,RSV,E_only + FreqThresh(p=85),0.1194,51
10,RSV,E_only + FreqThresh(p=90),0.1132,51
10,RSV,E_only + FreqThresh(p=95),0.0759,51
10,RSV,"E_only + SWAN(w=10,k=1.0)",0.1239,51
10,RSV,"E_only + SWAN(w=10,k=1.5)",0.125,51
10,RSV,"E_only + SWAN(w=10,k=2.0)",0.125,51
10,RSV,"E_only + SWAN(w=20,k=1.0)",0.1284,51
10,RSV,"E_only + SWAN(w=20,k=1.5)",0.1379,51
10,RSV,"E_only + SWAN(w=20,k=2.0)",0.1481,51
10,RSV,"E_only + SWAN(w=50,k=1.0)",0.125,51
10,RSV,"E_only + SWAN(w=50,k=1.5)",0.1463,51
10,RSV,"E_only + SWAN(w=50,k=2.0)",0.1463,51
10,RSV,E_only + MutClust-Orig(g=10),0.1697,51
10,RSV,P*E^2 + Wavelet(t=1.0),0.1818,51
10,RSV,P*E^2 + Wavelet(t=1.5),0.1277,51
10,RSV,P*E^2 + Wavelet(t=2.0),0.1299,51
10,RSV,P*E^2 + KDE(p=75),0.127,51
10,RSV,P*E^2 + KDE(p=80),0.1366,51
10,RSV,P*E^2 + KDE(p=85),0.1194,51
10,RSV,P*E^2 + SlidingTest(p=0.05),0.1972,51
10,RSV,P*E^2 + GradPeak(p=0.2),0.1111,51
10,RSV,P*E^2 + GradPeak(p=0.5),0.093,51
10,RSV,P*E^2 + LocalContrast(z=1.0),0.1154,51
10,RSV,P*E^2 + LocalContrast(z=1.5),0.101,51
10,RSV,P*E^2 + LocalContrast(z=2.0),0.1042,51
10,RSV,"P*E^2 + CUSUM(d=0.3,h=3.0)",0.0533,51
10,RSV,"P*E^2 + CUSUM(d=0.5,h=4.0)",0.0678,51
10,RSV,"P*E^2 + CUSUM(d=0.5,h=5.0)",0.0377,51
10,RSV,P*E^2 + AdaptiveKnee,0.1176,51
10,RSV,P*E^2 + ScoreDBSCAN(ep=8),0.1679,51
10,RSV,P*E^2 + ScoreDBSCAN(ep=15),0.1664,51
10,RSV,P*E^2 + Spectral(z=1.5),0.0899,51
10,RSV,P*E^2 + Spectral(z=2.0),0.093,51
10,RSV,P*E^2 + Bayes(prior=0.1),0.0909,51
10,RSV,P*E^2 + Bayes(prior=0.15),0.1099,51
10,RSV,P*E^2 + Ensemble(v>=2),0.1062,51
10,RSV,P*E^2 + Ensemble(v>=3),0.125,51
10,RSV,P*E^2 + AdaptWin(s=90),0.1228,51
10,RSV,P*E^2 + AdaptWin(s=85),0.1194,51
10,RSV,P*E^2 + FreqThresh(p=80),0.1242,51
10,RSV,P*E^2 + FreqThresh(p=85),0.1194,51
10,RSV,P*E^2 + FreqThresh(p=90),0.1132,51
10,RSV,P*E^2 + FreqThresh(p=95),0.0759,51
10,RSV,"P*E^2 + SWAN(w=10,k=1.0)",0.1075,51
10,RSV,"P*E^2 + SWAN(w=10,k=1.5)",0.1026,51
10,RSV,"P*E^2 + SWAN(w=10,k=2.0)",0.1,51
10,RSV,"P*E^2 + SWAN(w=20,k=1.0)",0.1087,51
10,RSV,"P*E^2 + SWAN(w=20,k=1.5)",0.1235,51
10,RSV,"P*E^2 + SWAN(w=20,k=2.0)",0.127,51
10,RSV,"P*E^2 + SWAN(w=50,k=1.0)",0.1111,51
10,RSV,"P*E^2 + SWAN(w=50,k=1.5)",0.0339,51
10,RSV,P*E^2 + MutClust-Orig(g=10),0.1697,51
10,RSV,rank(P*E) + Wavelet(t=1.0),0.1343,51
10,RSV,rank(P*E) + Wavelet(t=1.5),0.0561,51
10,RSV,rank(P*E) + Wavelet(t=2.0),0.0638,51
10,RSV,rank(P*E) + KDE(p=75),0.2751,51
10,RSV,rank(P*E) + KDE(p=80),0.2236,51
10,RSV,rank(P*E) + KDE(p=85),0.209,51
10,RSV,rank(P*E) + SlidingTest(p=0.01),0.1867,51
10,RSV,rank(P*E) + SlidingTest(p=0.05),0.2197,51
10,RSV,rank(P*E) + GradPeak(p=0.2),0.0533,51
10,RSV,rank(P*E) + GradPeak(p=0.5),0.0339,51
10,RSV,rank(P*E) + LocalContrast(z=1.0),0.1185,51
10,RSV,rank(P*E) + LocalContrast(z=1.5),0.0455,51
10,RSV,rank(P*E) + LocalContrast(z=2.0),0.0308,51
10,RSV,"rank(P*E) + CUSUM(d=0.3,h=3.0)",0.1351,51
10,RSV,"rank(P*E) + CUSUM(d=0.5,h=4.0)",0.0,51
10,RSV,"rank(P*E) + CUSUM(d=0.5,h=5.0)",0.069,51
10,RSV,rank(P*E) + AdaptiveKnee,0.1477,51
10,RSV,rank(P*E) + ScoreDBSCAN(ep=8),0.1062,51
10,RSV,rank(P*E) + ScoreDBSCAN(ep=15),0.1411,51
10,RSV,rank(P*E) + Spectral(z=1.5),0.0777,51
10,RSV,rank(P*E) + Spectral(z=2.0),0.05,51
10,RSV,rank(P*E) + Ensemble(v>=2),0.1043,51
10,RSV,rank(P*E) + Ensemble(v>=3),0.0899,51
10,RSV,rank(P*E) + AdaptWin(s=90),0.129,51
10,RSV,rank(P*E) + AdaptWin(s=85),0.1234,51
10,RSV,rank(P*E) + FreqThresh(p=80),0.1242,51
10,RSV,rank(P*E) + FreqThresh(p=85),0.1194,51
10,RSV,rank(P*E) + FreqThresh(p=90),0.1132,51
10,RSV,rank(P*E) + FreqThresh(p=95),0.0759,51
10,RSV,"rank(P*E) + SWAN(w=10,k=1.0)",0.1841,51
10,RSV,"rank(P*E) + SWAN(w=10,k=1.5)",0.1852,51
10,RSV,"rank(P*E) + SWAN(w=10,k=2.0)",0.1957,51
10,RSV,"rank(P*E) + SWAN(w=20,k=1.0)",0.1746,51
10,RSV,"rank(P*E) + SWAN(w=20,k=1.5)",0.1717,51
10,RSV,"rank(P*E) + SWAN(w=20,k=2.0)",0.1809,51
10,RSV,"rank(P*E) + SWAN(w=50,k=1.0)",0.1638,51
10,RSV,"rank(P*E) + SWAN(w=50,k=1.5)",0.1751,51
10,RSV,"rank(P*E) + SWAN(w=50,k=2.0)",0.1731,51
10,RSV,rank(P*E) + MutClust-Orig(g=10),0.1697,51
20,RSV,E*rare + Wavelet(t=1.0),0.172,101
20,RSV,E*rare + Wavelet(t=1.5),0.16,101
20,RSV,E*rare + Wavelet(t=2.0),0.1301,101
20,RSV,E*rare + KDE(p=75),0.159,101
20,RSV,E*rare + KDE(p=80),0.1517,101
20,RSV,E*rare + KDE(p=85),0.0761,101
20,RSV,E*rare + SlidingTest(p=0.01),0.1207,101
20,RSV,E*rare + SlidingTest(p=0.05),0.124,101
20,RSV,E*rare + GradPeak(p=0.2),0.0,101
20,RSV,E*rare + LocalContrast(z=1.0),0.1419,101
20,RSV,E*rare + LocalContrast(z=1.5),0.1342,101
20,RSV,E*rare + LocalContrast(z=2.0),0.1143,101
20,RSV,"E*rare + CUSUM(d=0.3,h=3.0)",0.0992,101
20,RSV,"E*rare + CUSUM(d=0.5,h=4.0)",0.0541,101
20,RSV,"E*rare + CUSUM(d=0.5,h=5.0)",0.0377,101
20,RSV,E*rare + AdaptiveKnee,0.1548,101
20,RSV,E*rare + ScoreDBSCAN(ep=8),0.3069,101
20,RSV,E*rare + ScoreDBSCAN(ep=15),0.3038,101
20,RSV,E*rare + Spectral(z=1.5),0.1314,101
20,RSV,E*rare + Spectral(z=2.0),0.112,101
20,RSV,E*rare + Bayes(prior=0.1),0.0984,101
20,RSV,E*rare + Bayes(prior=0.15),0.1295,101
20,RSV,E*rare + Ensemble(v>=2),0.1472,101
20,RSV,E*rare + Ensemble(v>=3),0.1379,101
20,RSV,E*rare + AdaptWin(s=90),0.1943,101
20,RSV,E*rare + AdaptWin(s=85),0.202,101
20,RSV,E*rare + FreqThresh(p=80),0.1991,101
20,RSV,E*rare + FreqThresh(p=85),0.2065,101
20,RSV,E*rare + FreqThresh(p=90),0.1538,101
20,RSV,E*rare + FreqThresh(p=95),0.124,101
20,RSV,"E*rare + SWAN(w=10,k=1.0)",0.1203,101
20,RSV,"E*rare + SWAN(w=10,k=1.5)",0.1,101
20,RSV,"E*rare + SWAN(w=10,k=2.0)",0.0696,101
20,RSV,"E*rare + SWAN(w=20,k=1.0)",0.0923,101
20,RSV,"E*rare + SWAN(w=20,k=1.5)",0.0813,101
20,RSV,"E*rare + SWAN(w=20,k=2.0)",0.0877,101
20,RSV,"E*rare + SWAN(w=50,k=1.0)",0.0992,101
20,RSV,"E*rare + SWAN(w=50,k=1.5)",0.0855,101
20,RSV,E*rare + MutClust-Orig(g=10),0.3099,101
20,RSV,P*E*rare + Wavelet(t=1.0),0.2021,101
20,RSV,P*E*rare + Wavelet(t=1.5),0.1392,101
20,RSV,P*E*rare + Wavelet(t=2.0),0.1311,101
20,RSV,P*E*rare + KDE(p=75),0.1172,101
20,RSV,P*E*rare + KDE(p=80),0.0948,101
20,RSV,P*E*rare + KDE(p=85),0.087,101
20,RSV,P*E*rare + SlidingTest(p=0.01),0.1062,101
20,RSV,P*E*rare + SlidingTest(p=0.05),0.128,101
20,RSV,P*E*rare + LocalContrast(z=1.0),0.1429,101
20,RSV,P*E*rare + LocalContrast(z=1.5),0.1351,101
20,RSV,P*E*rare + LocalContrast(z=2.0),0.087,101
20,RSV,"P*E*rare + CUSUM(d=0.3,h=3.0)",0.0992,101
20,RSV,"P*E*rare + CUSUM(d=0.5,h=4.0)",0.0545,101
20,RSV,"P*E*rare + CUSUM(d=0.5,h=5.0)",0.0192,101
20,RSV,P*E*rare + AdaptiveKnee,0.1438,101
20,RSV,P*E*rare + ScoreDBSCAN(ep=8),0.309,101
20,RSV,P*E*rare + ScoreDBSCAN(ep=15),0.3016,101
20,RSV,P*E*rare + Spectral(z=1.5),0.1353,101
20,RSV,P*E*rare + Spectral(z=2.0),0.0968,101
20,RSV,P*E*rare + Bayes(prior=0.1),0.0945,101
20,RSV,P*E*rare + Bayes(prior=0.15),0.1277,101
20,RSV,P*E*rare + Ensemble(v>=2),0.1605,101
20,RSV,P*E*rare + Ensemble(v>=3),0.1486,101
20,RSV,P*E*rare + AdaptWin(s=90),0.1939,101
20,RSV,P*E*rare + AdaptWin(s=85),0.2021,101
20,RSV,P*E*rare + FreqThresh(p=80),0.1991,101
20,RSV,P*E*rare + FreqThresh(p=85),0.1957,101
20,RSV,P*E*rare + FreqThresh(p=90),0.1667,101
20,RSV,P*E*rare + FreqThresh(p=95),0.124,101
20,RSV,"P*E*rare + SWAN(w=10,k=1.0)",0.1085,101
20,RSV,"P*E*rare + SWAN(w=10,k=1.5)",0.0847,101
20,RSV,"P*E*rare + SWAN(w=10,k=2.0)",0.0909,101
20,RSV,"P*E*rare + SWAN(w=20,k=1.0)",0.0968,101
20,RSV,"P*E*rare + SWAN(w=20,k=1.5)",0.0984,101
20,RSV,"P*E*rare + SWAN(w=20,k=2.0)",0.0909,101
20,RSV,"P*E*rare + SWAN(w=50,k=1.0)",0.0976,101
20,RSV,"P*E*rare + SWAN(w=50,k=1.5)",0.0885,101
20,RSV,P*E*rare + MutClust-Orig(g=10),0.2989,101
20,RSV,minority_E + Wavelet(t=1.0),0.2766,101
20,RSV,minority_E + Wavelet(t=1.5),0.2621,101
20,RSV,minority_E + Wavelet(t=2.0),0.197,101
20,RSV,minority_E + KDE(p=75),0.1423,101
20,RSV,minority_E + KDE(p=80),0.1327,101
20,RSV,minority_E + KDE(p=85),0.1196,101
20,RSV,minority_E + SlidingTest(p=0.01),0.2345,101
20,RSV,minority_E + SlidingTest(p=0.05),0.2745,101
20,RSV,minority_E + GradPeak(p=0.2),0.0696,101
20,RSV,minority_E + LocalContrast(z=1.0),0.1564,101
20,RSV,minority_E + LocalContrast(z=1.5),0.0629,101
20,RSV,minority_E + LocalContrast(z=2.0),0.0541,101
20,RSV,"minority_E + CUSUM(d=0.3,h=3.0)",0.0976,101
20,RSV,"minority_E + CUSUM(d=0.5,h=4.0)",0.0901,101
20,RSV,"minority_E + CUSUM(d=0.5,h=5.0)",0.0377,101
20,RSV,minority_E + AdaptiveKnee,0.2,101
20,RSV,minority_E + ScoreDBSCAN(ep=8),0.3007,101
20,RSV,minority_E + ScoreDBSCAN(ep=15),0.3022,101
20,RSV,minority_E + Spectral(z=1.5),0.1317,101
20,RSV,minority_E + Spectral(z=2.0),0.0704,101
20,RSV,minority_E + Bayes(prior=0.1),0.0,101
20,RSV,minority_E + Bayes(prior=0.15),0.1978,101
20,RSV,minority_E + Ensemble(v>=2),0.1946,101
20,RSV,minority_E + Ensemble(v>=3),0.1889,101
20,RSV,minority_E + AdaptWin(s=90),0.1718,101
20,RSV,minority_E + AdaptWin(s=85),0.1957,101
20,RSV,minority_E + FreqThresh(p=80),0.1991,101
20,RSV,minority_E + FreqThresh(p=85),0.1957,101
20,RSV,minority_E + FreqThresh(p=90),0.141,101
20,RSV,minority_E + FreqThresh(p=95),0.0775,101
20,RSV,"minority_E + SWAN(w=10,k=1.0)",0.1842,101
20,RSV,"minority_E + SWAN(w=10,k=1.5)",0.1831,101
20,RSV,"minority_E + SWAN(w=10,k=2.0)",0.1778,101
20,RSV,"minority_E + SWAN(w=20,k=1.0)",0.1733,101
20,RSV,"minority_E + SWAN(w=20,k=1.5)",0.1875,101
20,RSV,"minority_E + SWAN(w=20,k=2.0)",0.1875,101
20,RSV,"minority_E + SWAN(w=50,k=1.0)",0.1667,101
20,RSV,"minority_E + SWAN(w=50,k=1.5)",0.1832,101
20,RSV,"minority_E + SWAN(w=50,k=2.0)",0.1846,101
20,RSV,minority_E + MutClust-Orig(g=10),0.3096,101
20,RSV,P*minority_E + Wavelet(t=1.0),0.2809,101
20,RSV,P*minority_E + Wavelet(t=1.5),0.2384,101
20,RSV,P*minority_E + Wavelet(t=2.0),0.1846,101
20,RSV,P*minority_E + KDE(p=75),0.1255,101
20,RSV,P*minority_E + KDE(p=80),0.1137,101
20,RSV,P*minority_E + KDE(p=85),0.1196,101
20,RSV,P*minority_E + SlidingTest(p=0.01),0.2319,101
20,RSV,P*minority_E + SlidingTest(p=0.05),0.2361,101
20,RSV,P*minority_E + GradPeak(p=0.2),0.0192,101
20,RSV,P*minority_E + LocalContrast(z=1.0),0.1529,101
20,RSV,P*minority_E + LocalContrast(z=1.5),0.1154,101
20,RSV,P*minority_E + LocalContrast(z=2.0),0.0699,101
20,RSV,"P*minority_E + CUSUM(d=0.3,h=3.0)",0.0833,101
20,RSV,"P*minority_E + CUSUM(d=0.5,h=4.0)",0.0909,101
20,RSV,"P*minority_E + CUSUM(d=0.5,h=5.0)",0.0385,101
20,RSV,P*minority_E + AdaptiveKnee,0.1935,101
20,RSV,P*minority_E + ScoreDBSCAN(ep=8),0.2982,101
20,RSV,P*minority_E + ScoreDBSCAN(ep=15),0.2998,101
20,RSV,P*minority_E + Spectral(z=1.5),0.1074,101
20,RSV,P*minority_E + Spectral(z=2.0),0.1014,101
20,RSV,P*minority_E + Bayes(prior=0.1),0.0182,101
20,RSV,P*minority_E + Bayes(prior=0.15),0.1899,101
20,RSV,P*minority_E + Ensemble(v>=2),0.1967,101
20,RSV,P*minority_E + Ensemble(v>=3),0.1871,101
20,RSV,P*minority_E + AdaptWin(s=90),0.1829,101
20,RSV,P*minority_E + AdaptWin(s=85),0.1957,101
20,RSV,P*minority_E + FreqThresh(p=80),0.1991,101
20,RSV,P*minority_E + FreqThresh(p=85),0.1957,101
20,RSV,P*minority_E + FreqThresh(p=90),0.1538,101
20,RSV,P*minority_E + FreqThresh(p=95),0.062,101
20,RSV,"P*minority_E + SWAN(w=10,k=1.0)",0.1961,101
20,RSV,"P*minority_E + SWAN(w=10,k=1.5)",0.1806,101
20,RSV,"P*minority_E + SWAN(w=10,k=2.0)",0.1846,101
20,RSV,"P*minority_E + SWAN(w=20,k=1.0)",0.1892,101
20,RSV,"P*minority_E + SWAN(w=20,k=1.5)",0.189,101
20,RSV,"P*minority_E + SWAN(w=20,k=2.0)",0.189,101
20,RSV,"P*minority_E + SWAN(w=50,k=1.0)",0.169,101
20,RSV,"P*minority_E + SWAN(w=50,k=1.5)",0.186,101
20,RSV,"P*minority_E + SWAN(w=50,k=2.0)",0.186,101
20,RSV,P*minority_E + MutClust-Orig(g=10),0.3195,101
20,RSV,P*E + Wavelet(t=1.0),0.173,101
20,RSV,P*E + Wavelet(t=1.5),0.1419,101
20,RSV,P*E + Wavelet(t=2.0),0.1129,101
20,RSV,P*E + KDE(p=75),0.1841,101
20,RSV,P*E + KDE(p=80),0.1422,101
20,RSV,P*E + KDE(p=85),0.0652,101
20,RSV,P*E + SlidingTest(p=0.01),0.1062,101
20,RSV,P*E + SlidingTest(p=0.05),0.1356,101
20,RSV,P*E + GradPeak(p=0.2),0.1007,101
20,RSV,P*E + GradPeak(p=0.5),0.08,101
20,RSV,P*E + LocalContrast(z=1.0),0.1419,101
20,RSV,P*E + LocalContrast(z=1.5),0.1333,101
20,RSV,P*E + LocalContrast(z=2.0),0.0972,101
20,RSV,"P*E + CUSUM(d=0.3,h=3.0)",0.093,101
20,RSV,"P*E + CUSUM(d=0.5,h=4.0)",0.0566,101
20,RSV,"P*E + CUSUM(d=0.5,h=5.0)",0.0388,101
20,RSV,P*E + AdaptiveKnee,0.1935,101
20,RSV,P*E + ScoreDBSCAN(ep=8),0.3058,101
20,RSV,P*E + ScoreDBSCAN(ep=15),0.3027,101
20,RSV,P*E + Spectral(z=1.5),0.1135,101
20,RSV,P*E + Spectral(z=2.0),0.1168,101
20,RSV,P*E + Bayes(prior=0.1),0.1168,101
20,RSV,P*E + Bayes(prior=0.15),0.1408,101
20,RSV,P*E + Ensemble(v>=2),0.1566,101
20,RSV,P*E + Ensemble(v>=3),0.1333,101
20,RSV,P*E + AdaptWin(s=90),0.1829,101
20,RSV,P*E + AdaptWin(s=85),0.1957,101
20,RSV,P*E + FreqThresh(p=80),0.1991,101
20,RSV,P*E + FreqThresh(p=85),0.1957,101
20,RSV,P*E + FreqThresh(p=90),0.1538,101
20,RSV,P*E + FreqThresh(p=95),0.093,101
20,RSV,"P*E + SWAN(w=10,k=1.0)",0.1656,101
20,RSV,"P*E + SWAN(w=10,k=1.5)",0.1053,101
20,RSV,"P*E + SWAN(w=10,k=2.0)",0.0893,101
20,RSV,"P*E + SWAN(w=20,k=1.0)",0.1948,101
20,RSV,"P*E + SWAN(w=20,k=1.5)",0.0968,101
20,RSV,"P*E + SWAN(w=20,k=2.0)",0.0877,101
20,RSV,"P*E + SWAN(w=50,k=1.0)",0.2014,101
20,RSV,"P*E + SWAN(w=50,k=1.5)",0.087,101
20,RSV,P*E + MutClust-Orig(g=10),0.3108,101
20,RSV,H-score + Wavelet(t=1.0),0.232,101
20,RSV,H-score + Wavelet(t=1.5),0.2721,101
20,RSV,H-score + Wavelet(t=2.0),0.2256,101
20,RSV,H-score + KDE(p=75),0.1255,101
20,RSV,H-score + KDE(p=80),0.1137,101
20,RSV,H-score + KDE(p=85),0.1087,101
20,RSV,H-score + SlidingTest(p=0.01),0.2345,101
20,RSV,H-score + SlidingTest(p=0.05),0.2597,101
20,RSV,H-score + GradPeak(p=0.2),0.1053,101
20,RSV,H-score + GradPeak(p=0.5),0.0822,101
20,RSV,H-score + LocalContrast(z=1.0),0.1591,101
20,RSV,H-score + LocalContrast(z=1.5),0.1132,101
20,RSV,H-score + LocalContrast(z=2.0),0.0816,101
20,RSV,"H-score + CUSUM(d=0.3,h=3.0)",0.1,101
20,RSV,"H-score + CUSUM(d=0.5,h=4.0)",0.0367,101
20,RSV,"H-score + CUSUM(d=0.5,h=5.0)",0.0571,101
20,RSV,H-score + AdaptiveKnee,0.1991,101
20,RSV,H-score + ScoreDBSCAN(ep=8),0.3,101
20,RSV,H-score + ScoreDBSCAN(ep=15),0.2976,101
20,RSV,H-score + Spectral(z=1.5),0.1019,101
20,RSV,H-score + Spectral(z=2.0),0.0857,101
20,RSV,H-score + Bayes(prior=0.15),0.1277,101
20,RSV,H-score + Ensemble(v>=2),0.1957,101
20,RSV,H-score + Ensemble(v>=3),0.1637,101
20,RSV,H-score + AdaptWin(s=90),0.1829,101
20,RSV,H-score + AdaptWin(s=85),0.1979,101
20,RSV,H-score + FreqThresh(p=80),0.1991,101
20,RSV,H-score + FreqThresh(p=85),0.1957,101
20,RSV,H-score + FreqThresh(p=90),0.1538,101
20,RSV,H-score + FreqThresh(p=95),0.093,101
20,RSV,"H-score + SWAN(w=10,k=1.0)",0.1988,101
20,RSV,"H-score + SWAN(w=10,k=1.5)",0.1948,101
20,RSV,"H-score + SWAN(w=10,k=2.0)",0.1918,101
20,RSV,"H-score + SWAN(w=20,k=1.0)",0.1739,101
20,RSV,"H-score + SWAN(w=20,k=1.5)",0.1818,101
20,RSV,"H-score + SWAN(w=20,k=2.0)",0.1912,101
20,RSV,"H-score + SWAN(w=50,k=1.0)",0.1711,101
20,RSV,"H-score + SWAN(w=50,k=1.5)",0.1857,101
20,RSV,"H-score + SWAN(w=50,k=2.0)",0.1871,101
20,RSV,H-score + MutClust-Orig(g=10),0.3103,101
20,RSV,E_only + Wavelet(t=1.0),0.2328,101
20,RSV,E_only + Wavelet(t=1.5),0.2162,101
20,RSV,E_only + Wavelet(t=2.0),0.189,101
20,RSV,E_only + KDE(p=75),0.1506,101
20,RSV,E_only + KDE(p=80),0.1232,101
20,RSV,E_only + KDE(p=85),0.1196,101
20,RSV,E_only + SlidingTest(p=0.01),0.1345,101
20,RSV,E_only + SlidingTest(p=0.05),0.1926,101
20,RSV,E_only + GradPeak(p=0.2),0.0979,101
20,RSV,E_only + GradPeak(p=0.5),0.0902,101
20,RSV,E_only + LocalContrast(z=1.0),0.1509,101
20,RSV,E_only + LocalContrast(z=1.5),0.1447,101
20,RSV,E_only + LocalContrast(z=2.0),0.0839,101
20,RSV,"E_only + CUSUM(d=0.3,h=3.0)",0.1094,101
20,RSV,"E_only + CUSUM(d=0.5,h=4.0)",0.0571,101
20,RSV,"E_only + CUSUM(d=0.5,h=5.0)",0.0196,101
20,RSV,E_only + AdaptiveKnee,0.2019,101
20,RSV,E_only + ScoreDBSCAN(ep=8),0.2989,101
20,RSV,E_only + ScoreDBSCAN(ep=15),0.3019,101
20,RSV,E_only + Spectral(z=1.5),0.1119,101
20,RSV,E_only + Spectral(z=2.0),0.1159,101
20,RSV,E_only + Bayes(prior=0.15),0.1277,101
20,RSV,E_only + Ensemble(v>=2),0.1576,101
20,RSV,E_only + Ensemble(v>=3),0.1224,101
20,RSV,E_only + AdaptWin(s=90),0.1905,101
20,RSV,E_only + AdaptWin(s=85),0.1949,101
20,RSV,E_only + FreqThresh(p=80),0.2085,101
20,RSV,E_only + FreqThresh(p=85),0.1957,101
20,RSV,E_only + FreqThresh(p=90),0.1538,101
20,RSV,E_only + FreqThresh(p=95),0.1085,101
20,RSV,"E_only + SWAN(w=10,k=1.0)",0.2086,101
20,RSV,"E_only + SWAN(w=10,k=1.5)",0.2055,101
20,RSV,"E_only + SWAN(w=10,k=2.0)",0.1538,101
20,RSV,"E_only + SWAN(w=20,k=1.0)",0.2013,101
20,RSV,"E_only + SWAN(w=20,k=1.5)",0.1898,101
20,RSV,"E_only + SWAN(w=20,k=2.0)",0.1985,101
20,RSV,"E_only + SWAN(w=50,k=1.0)",0.1781,101
20,RSV,"E_only + SWAN(w=50,k=1.5)",0.197,101
20,RSV,"E_only + SWAN(w=50,k=2.0)",0.197,101
20,RSV,E_only + MutClust-Orig(g=10),0.3103,101
20,RSV,P*E^2 + Wavelet(t=1.0),0.1969,101
20,RSV,P*E^2 + Wavelet(t=1.5),0.1111,101
20,RSV,P*E^2 + Wavelet(t=2.0),0.0787,101
20,RSV,P*E^2 + KDE(p=75),0.2343,101
20,RSV,P*E^2 + KDE(p=80),0.2275,101
20,RSV,P*E^2 + KDE(p=85),0.1848,101
20,RSV,P*E^2 + SlidingTest(p=0.05),0.1322,101
20,RSV,P*E^2 + GradPeak(p=0.2),0.1143,101
20,RSV,P*E^2 + GradPeak(p=0.5),0.1029,101
20,RSV,P*E^2 + LocalContrast(z=1.0),0.1558,101
20,RSV,P*E^2 + LocalContrast(z=1.5),0.1342,101
20,RSV,P*E^2 + LocalContrast(z=2.0),0.1233,101
20,RSV,"P*E^2 + CUSUM(d=0.3,h=3.0)",0.08,101
20,RSV,"P*E^2 + CUSUM(d=0.5,h=4.0)",0.0367,101
20,RSV,"P*E^2 + CUSUM(d=0.5,h=5.0)",0.0194,101
20,RSV,P*E^2 + AdaptiveKnee,0.1935,101
20,RSV,P*E^2 + ScoreDBSCAN(ep=8),0.3038,101
20,RSV,P*E^2 + ScoreDBSCAN(ep=15),0.3012,101
20,RSV,P*E^2 + Spectral(z=1.5),0.1151,101
20,RSV,P*E^2 + Spectral(z=2.0),0.1176,101
20,RSV,P*E^2 + Bayes(prior=0.1),0.1159,101
20,RSV,P*E^2 + Bayes(prior=0.15),0.1277,101
20,RSV,P*E^2 + Ensemble(v>=2),0.1472,101
20,RSV,P*E^2 + Ensemble(v>=3),0.137,101
20,RSV,P*E^2 + AdaptWin(s=90),0.1829,101
20,RSV,P*E^2 + AdaptWin(s=85),0.1957,101
20,RSV,P*E^2 + FreqThresh(p=80),0.1991,101
20,RSV,P*E^2 + FreqThresh(p=85),0.1957,101
20,RSV,P*E^2 + FreqThresh(p=90),0.1538,101
20,RSV,P*E^2 + FreqThresh(p=95),0.093,101
20,RSV,"P*E^2 + SWAN(w=10,k=1.0)",0.1119,101
20,RSV,"P*E^2 + SWAN(w=10,k=1.5)",0.0938,101
20,RSV,"P*E^2 + SWAN(w=10,k=2.0)",0.0727,101
20,RSV,"P*E^2 + SWAN(w=20,k=1.0)",0.1127,101
20,RSV,"P*E^2 + SWAN(w=20,k=1.5)",0.1069,101
20,RSV,"P*E^2 + SWAN(w=20,k=2.0)",0.0885,101
20,RSV,"P*E^2 + SWAN(w=50,k=1.0)",0.1143,101
20,RSV,"P*E^2 + SWAN(w=50,k=1.5)",0.0183,101
20,RSV,P*E^2 + MutClust-Orig(g=10),0.3103,101
20,RSV,rank(P*E) + Wavelet(t=1.0),0.1957,101
20,RSV,rank(P*E) + Wavelet(t=1.5),0.1401,101
20,RSV,rank(P*E) + Wavelet(t=2.0),0.1389,101
20,RSV,rank(P*E) + KDE(p=75),0.3096,101
20,RSV,rank(P*E) + KDE(p=80),0.2749,101
20,RSV,rank(P*E) + KDE(p=85),0.2609,101
20,RSV,rank(P*E) + SlidingTest(p=0.01),0.24,101
20,RSV,rank(P*E) + SlidingTest(p=0.05),0.2691,101
20,RSV,rank(P*E) + GradPeak(p=0.2),0.048,101
20,RSV,rank(P*E) + GradPeak(p=0.5),0.0183,101
20,RSV,rank(P*E) + LocalContrast(z=1.0),0.2054,101
20,RSV,rank(P*E) + LocalContrast(z=1.5),0.058,101
20,RSV,rank(P*E) + LocalContrast(z=2.0),0.0174,101
20,RSV,"rank(P*E) + CUSUM(d=0.3,h=3.0)",0.1129,101
20,RSV,"rank(P*E) + CUSUM(d=0.5,h=4.0)",0.0,101
20,RSV,"rank(P*E) + CUSUM(d=0.5,h=5.0)",0.037,101
20,RSV,rank(P*E) + AdaptiveKnee,0.2935,101
20,RSV,rank(P*E) + ScoreDBSCAN(ep=8),0.2331,101
20,RSV,rank(P*E) + ScoreDBSCAN(ep=15),0.2729,101
20,RSV,rank(P*E) + Spectral(z=1.5),0.1046,101
20,RSV,rank(P*E) + Spectral(z=2.0),0.0615,101
20,RSV,rank(P*E) + Ensemble(v>=2),0.1576,101
20,RSV,rank(P*E) + Ensemble(v>=3),0.1151,101
20,RSV,rank(P*E) + AdaptWin(s=90),0.2397,101
20,RSV,rank(P*E) + AdaptWin(s=85),0.2626,101
20,RSV,rank(P*E) + FreqThresh(p=80),0.1991,101
20,RSV,rank(P*E) + FreqThresh(p=85),0.1957,101
20,RSV,rank(P*E) + FreqThresh(p=90),0.1538,101
20,RSV,rank(P*E) + FreqThresh(p=95),0.093,101
20,RSV,"rank(P*E) + SWAN(w=10,k=1.0)",0.2907,101
20,RSV,"rank(P*E) + SWAN(w=10,k=1.5)",0.2707,101
20,RSV,"rank(P*E) + SWAN(w=10,k=2.0)",0.265,101
20,RSV,"rank(P*E) + SWAN(w=20,k=1.0)",0.2914,101
20,RSV,"rank(P*E) + SWAN(w=20,k=1.5)",0.2898,101
20,RSV,"rank(P*E) + SWAN(w=20,k=2.0)",0.2651,101
20,RSV,"rank(P*E) + SWAN(w=50,k=1.0)",0.2553,101
20,RSV,"rank(P*E) + SWAN(w=50,k=1.5)",0.2622,101
20,RSV,"rank(P*E) + SWAN(w=50,k=2.0)",0.2403,101
20,RSV,rank(P*E) + MutClust-Orig(g=10),0.3103,101
30,RSV,E*rare + Wavelet(t=1.0),0.2034,151
30,RSV,E*rare + Wavelet(t=1.5),0.18,151
30,RSV,E*rare + Wavelet(t=2.0),0.1387,151
30,RSV,E*rare + KDE(p=75),0.2353,151
30,RSV,E*rare + KDE(p=80),0.2299,151
30,RSV,E*rare + KDE(p=85),0.1453,151
30,RSV,E*rare + SlidingTest(p=0.01),0.1084,151
30,RSV,E*rare + SlidingTest(p=0.05),0.1341,151
30,RSV,E*rare + GradPeak(p=0.2),0.0,151
30,RSV,E*rare + LocalContrast(z=1.0),0.1268,151
30,RSV,E*rare + LocalContrast(z=1.5),0.1106,151
30,RSV,E*rare + LocalContrast(z=2.0),0.0947,151
30,RSV,"E*rare + CUSUM(d=0.3,h=3.0)",0.0819,151
30,RSV,"E*rare + CUSUM(d=0.5,h=4.0)",0.0497,151
30,RSV,"E*rare + CUSUM(d=0.5,h=5.0)",0.0385,151
30,RSV,E*rare + AdaptiveKnee,0.1268,151
30,RSV,E*rare + ScoreDBSCAN(ep=8),0.4349,151
30,RSV,E*rare + ScoreDBSCAN(ep=15),0.4314,151
30,RSV,E*rare + Spectral(z=1.5),0.107,151
30,RSV,E*rare + Spectral(z=2.0),0.0914,151
30,RSV,E*rare + Bayes(prior=0.1),0.0814,151
30,RSV,E*rare + Bayes(prior=0.15),0.1058,151
30,RSV,E*rare + Ensemble(v>=2),0.1221,151
30,RSV,E*rare + Ensemble(v>=3),0.1128,151
30,RSV,E*rare + AdaptWin(s=90),0.1778,151
30,RSV,E*rare + AdaptWin(s=85),0.2016,151
30,RSV,E*rare + FreqThresh(p=80),0.2146,151
30,RSV,E*rare + FreqThresh(p=85),0.188,151
30,RSV,E*rare + FreqThresh(p=90),0.1262,151
30,RSV,E*rare + FreqThresh(p=95),0.1006,151
30,RSV,"E*rare + SWAN(w=10,k=1.0)",0.0984,151
30,RSV,"E*rare + SWAN(w=10,k=1.5)",0.0824,151
30,RSV,"E*rare + SWAN(w=10,k=2.0)",0.0606,151
30,RSV,"E*rare + SWAN(w=20,k=1.0)",0.0778,151
30,RSV,"E*rare + SWAN(w=20,k=1.5)",0.0694,151
30,RSV,"E*rare + SWAN(w=20,k=2.0)",0.0732,151
30,RSV,"E*rare + SWAN(w=50,k=1.0)",0.0819,151
30,RSV,"E*rare + SWAN(w=50,k=1.5)",0.0719,151
30,RSV,E*rare + MutClust-Orig(g=10),0.4304,151
30,RSV,P*E*rare + Wavelet(t=1.0),0.2353,151
30,RSV,P*E*rare + Wavelet(t=1.5),0.1731,151
30,RSV,P*E*rare + Wavelet(t=2.0),0.1395,151
30,RSV,P*E*rare + KDE(p=75),0.2076,151
30,RSV,P*E*rare + KDE(p=80),0.1686,151
30,RSV,P*E*rare + KDE(p=85),0.1624,151
30,RSV,P*E*rare + SlidingTest(p=0.01),0.0736,151
30,RSV,P*E*rare + SlidingTest(p=0.05),0.1371,151
30,RSV,P*E*rare + LocalContrast(z=1.0),0.1275,151
30,RSV,P*E*rare + LocalContrast(z=1.5),0.1111,151
30,RSV,P*E*rare + LocalContrast(z=2.0),0.0745,151
30,RSV,"P*E*rare + CUSUM(d=0.3,h=3.0)",0.0819,151
30,RSV,"P*E*rare + CUSUM(d=0.5,h=4.0)",0.05,151
30,RSV,"P*E*rare + CUSUM(d=0.5,h=5.0)",0.026,151
30,RSV,P*E*rare + AdaptiveKnee,0.1182,151
30,RSV,P*E*rare + ScoreDBSCAN(ep=8),0.4351,151
30,RSV,P*E*rare + ScoreDBSCAN(ep=15),0.4273,151
30,RSV,P*E*rare + Spectral(z=1.5),0.1202,151
30,RSV,P*E*rare + Spectral(z=2.0),0.0805,151
30,RSV,P*E*rare + Bayes(prior=0.1),0.0791,151
30,RSV,P*E*rare + Bayes(prior=0.15),0.1047,151
30,RSV,P*E*rare + Ensemble(v>=2),0.1321,151
30,RSV,P*E*rare + Ensemble(v>=3),0.1212,151
30,RSV,P*E*rare + AdaptWin(s=90),0.1674,151
30,RSV,P*E*rare + AdaptWin(s=85),0.1933,151
30,RSV,P*E*rare + FreqThresh(p=80),0.2146,151
30,RSV,P*E*rare + FreqThresh(p=85),0.188,151
30,RSV,P*E*rare + FreqThresh(p=90),0.1359,151
30,RSV,P*E*rare + FreqThresh(p=95),0.1006,151
30,RSV,"P*E*rare + SWAN(w=10,k=1.0)",0.0894,151
30,RSV,"P*E*rare + SWAN(w=10,k=1.5)",0.0714,151
30,RSV,"P*E*rare + SWAN(w=10,k=2.0)",0.075,151
30,RSV,"P*E*rare + SWAN(w=20,k=1.0)",0.0805,151
30,RSV,"P*E*rare + SWAN(w=20,k=1.5)",0.0814,151
30,RSV,"P*E*rare + SWAN(w=20,k=2.0)",0.075,151
30,RSV,"P*E*rare + SWAN(w=50,k=1.0)",0.0809,151
30,RSV,"P*E*rare + SWAN(w=50,k=1.5)",0.0736,151
30,RSV,P*E*rare + MutClust-Orig(g=10),0.4196,151
30,RSV,minority_E + Wavelet(t=1.0),0.2521,151
30,RSV,minority_E + Wavelet(t=1.5),0.2256,151
30,RSV,minority_E + Wavelet(t=2.0),0.1648,151
30,RSV,minority_E + KDE(p=75),0.1799,151
30,RSV,minority_E + KDE(p=80),0.1533,151
30,RSV,minority_E + KDE(p=85),0.1197,151
30,RSV,minority_E + SlidingTest(p=0.01),0.2051,151
30,RSV,minority_E + SlidingTest(p=0.05),0.2365,151
30,RSV,minority_E + GradPeak(p=0.2),0.0606,151
30,RSV,minority_E + LocalContrast(z=1.0),0.1485,151
30,RSV,minority_E + LocalContrast(z=1.5),0.067,151
30,RSV,minority_E + LocalContrast(z=2.0),0.0606,151
30,RSV,"minority_E + CUSUM(d=0.3,h=3.0)",0.0925,151
30,RSV,"minority_E + CUSUM(d=0.5,h=4.0)",0.0621,151
30,RSV,"minority_E + CUSUM(d=0.5,h=5.0)",0.0256,151
30,RSV,minority_E + AdaptiveKnee,0.1917,151
30,RSV,minority_E + ScoreDBSCAN(ep=8),0.4244,151
30,RSV,minority_E + ScoreDBSCAN(ep=15),0.4257,151
30,RSV,minority_E + Spectral(z=1.5),0.129,151
30,RSV,minority_E + Spectral(z=2.0),0.0729,151
30,RSV,minority_E + Bayes(prior=0.1),0.0,151
30,RSV,minority_E + Bayes(prior=0.15),0.181,151
30,RSV,minority_E + Ensemble(v>=2),0.1872,151
30,RSV,minority_E + Ensemble(v>=3),0.1739,151
30,RSV,minority_E + AdaptWin(s=90),0.1596,151
30,RSV,minority_E + AdaptWin(s=85),0.188,151
30,RSV,minority_E + FreqThresh(p=80),0.2146,151
30,RSV,minority_E + FreqThresh(p=85),0.188,151
30,RSV,minority_E + FreqThresh(p=90),0.1359,151
30,RSV,minority_E + FreqThresh(p=95),0.067,151
30,RSV,"minority_E + SWAN(w=10,k=1.0)",0.1584,151
30,RSV,"minority_E + SWAN(w=10,k=1.5)",0.1562,151
30,RSV,"minority_E + SWAN(w=10,k=2.0)",0.1514,151
30,RSV,"minority_E + SWAN(w=20,k=1.0)",0.16,151
30,RSV,"minority_E + SWAN(w=20,k=1.5)",0.1461,151
30,RSV,"minority_E + SWAN(w=20,k=2.0)",0.1461,151
30,RSV,"minority_E + SWAN(w=50,k=1.0)",0.134,151
30,RSV,"minority_E + SWAN(w=50,k=1.5)",0.1436,151
30,RSV,"minority_E + SWAN(w=50,k=2.0)",0.1444,151
30,RSV,minority_E + MutClust-Orig(g=10),0.431,151
30,RSV,P*minority_E + Wavelet(t=1.0),0.2632,151
30,RSV,P*minority_E + Wavelet(t=1.5),0.209,151
30,RSV,P*minority_E + Wavelet(t=2.0),0.1667,151
30,RSV,P*minority_E + KDE(p=75),0.1938,151
30,RSV,P*minority_E + KDE(p=80),0.1533,151
30,RSV,P*minority_E + KDE(p=85),0.1368,151
30,RSV,P*minority_E + SlidingTest(p=0.01),0.2021,151
30,RSV,P*minority_E + SlidingTest(p=0.05),0.2062,151
30,RSV,P*minority_E + GradPeak(p=0.2),0.013,151
30,RSV,P*minority_E + LocalContrast(z=1.0),0.1364,151
30,RSV,P*minority_E + LocalContrast(z=1.5),0.1068,151
30,RSV,P*minority_E + LocalContrast(z=2.0),0.0622,151
30,RSV,"P*minority_E + CUSUM(d=0.3,h=3.0)",0.0706,151
30,RSV,"P*minority_E + CUSUM(d=0.5,h=4.0)",0.0625,151
30,RSV,"P*minority_E + CUSUM(d=0.5,h=5.0)",0.026,151
30,RSV,P*minority_E + AdaptiveKnee,0.1864,151
30,RSV,P*minority_E + ScoreDBSCAN(ep=8),0.4226,151
30,RSV,P*minority_E + ScoreDBSCAN(ep=15),0.4239,151
30,RSV,P*minority_E + Spectral(z=1.5),0.1106,151
30,RSV,P*minority_E + Spectral(z=2.0),0.0851,151
30,RSV,P*minority_E + Bayes(prior=0.1),0.025,151
30,RSV,P*minority_E + Bayes(prior=0.15),0.1747,151
30,RSV,P*minority_E + Ensemble(v>=2),0.1803,151
30,RSV,P*minority_E + Ensemble(v>=3),0.1629,151
30,RSV,P*minority_E + AdaptWin(s=90),0.1589,151
30,RSV,P*minority_E + AdaptWin(s=85),0.188,151
30,RSV,P*minority_E + FreqThresh(p=80),0.2146,151
30,RSV,P*minority_E + FreqThresh(p=85),0.188,151
30,RSV,P*minority_E + FreqThresh(p=90),0.1262,151
30,RSV,P*minority_E + FreqThresh(p=95),0.0559,151
30,RSV,"P*minority_E + SWAN(w=10,k=1.0)",0.1872,151
30,RSV,"P*minority_E + SWAN(w=10,k=1.5)",0.1546,151
30,RSV,"P*minority_E + SWAN(w=10,k=2.0)",0.1556,151
30,RSV,"P*minority_E + SWAN(w=20,k=1.0)",0.1717,151
30,RSV,"P*minority_E + SWAN(w=20,k=1.5)",0.1469,151
30,RSV,"P*minority_E + SWAN(w=20,k=2.0)",0.1469,151
30,RSV,"P*minority_E + SWAN(w=50,k=1.0)",0.1354,151
30,RSV,"P*minority_E + SWAN(w=50,k=1.5)",0.1453,151
30,RSV,"P*minority_E + SWAN(w=50,k=2.0)",0.1453,151
30,RSV,P*minority_E + MutClust-Orig(g=10),0.4379,151
30,RSV,P*E + Wavelet(t=1.0),0.1957,151
30,RSV,P*E + Wavelet(t=1.5),0.1659,151
30,RSV,P*E + Wavelet(t=2.0),0.1264,151
30,RSV,P*E + KDE(p=75),0.2561,151
30,RSV,P*E + KDE(p=80),0.2146,151
30,RSV,P*E + KDE(p=85),0.1538,151
30,RSV,P*E + SlidingTest(p=0.01),0.0736,151
30,RSV,P*E + SlidingTest(p=0.05),0.119,151
30,RSV,P*E + GradPeak(p=0.2),0.1164,151
30,RSV,P*E + GradPeak(p=0.5),0.08,151
30,RSV,P*E + LocalContrast(z=1.0),0.1268,151
30,RSV,P*E + LocalContrast(z=1.5),0.11,151
30,RSV,P*E + LocalContrast(z=2.0),0.0825,151
30,RSV,"P*E + CUSUM(d=0.3,h=3.0)",0.0782,151
30,RSV,"P*E + CUSUM(d=0.5,h=4.0)",0.0385,151
30,RSV,"P*E + CUSUM(d=0.5,h=5.0)",0.0261,151
30,RSV,P*E + AdaptiveKnee,0.1864,151
30,RSV,P*E + ScoreDBSCAN(ep=8),0.4304,151
30,RSV,P*E + ScoreDBSCAN(ep=15),0.4263,151
30,RSV,P*E + Spectral(z=1.5),0.1047,151
30,RSV,P*E + Spectral(z=2.0),0.0963,151
30,RSV,P*E + Bayes(prior=0.1),0.0963,151
30,RSV,P*E + Bayes(prior=0.15),0.1146,151
30,RSV,P*E + Ensemble(v>=2),0.1296,151
30,RSV,P*E + Ensemble(v>=3),0.11,151
30,RSV,P*E + AdaptWin(s=90),0.1589,151
30,RSV,P*E + AdaptWin(s=85),0.188,151
30,RSV,P*E + FreqThresh(p=80),0.2146,151
30,RSV,P*E + FreqThresh(p=85),0.188,151
30,RSV,P*E + FreqThresh(p=90),0.1262,151
30,RSV,P*E + FreqThresh(p=95),0.0782,151
30,RSV,"P*E + SWAN(w=10,k=1.0)",0.1643,151
30,RSV,"P*E + SWAN(w=10,k=1.5)",0.1093,151
30,RSV,"P*E + SWAN(w=10,k=2.0)",0.0741,151
30,RSV,"P*E + SWAN(w=20,k=1.0)",0.1863,151
30,RSV,"P*E + SWAN(w=20,k=1.5)",0.092,151
30,RSV,"P*E + SWAN(w=20,k=2.0)",0.0732,151
30,RSV,"P*E + SWAN(w=50,k=1.0)",0.1587,151
30,RSV,"P*E + SWAN(w=50,k=1.5)",0.0727,151
30,RSV,P*E + MutClust-Orig(g=10),0.4314,151
30,RSV,H-score + Wavelet(t=1.0),0.2165,151
30,RSV,H-score + Wavelet(t=1.5),0.2335,151
30,RSV,H-score + Wavelet(t=2.0),0.1858,151
30,RSV,H-score + KDE(p=75),0.1869,151
30,RSV,H-score + KDE(p=80),0.1533,151
30,RSV,H-score + KDE(p=85),0.1368,151
30,RSV,H-score + SlidingTest(p=0.01),0.2051,151
30,RSV,H-score + SlidingTest(p=0.05),0.2353,151
30,RSV,H-score + GradPeak(p=0.2),0.1485,151
30,RSV,H-score + GradPeak(p=0.5),0.1327,151
30,RSV,H-score + LocalContrast(z=1.0),0.1504,151
30,RSV,H-score + LocalContrast(z=1.5),0.1053,151
30,RSV,H-score + LocalContrast(z=2.0),0.0711,151
30,RSV,"H-score + CUSUM(d=0.3,h=3.0)",0.0824,151
30,RSV,"H-score + CUSUM(d=0.5,h=4.0)",0.0252,151
30,RSV,"H-score + CUSUM(d=0.5,h=5.0)",0.0387,151
30,RSV,H-score + AdaptiveKnee,0.2146,151
30,RSV,H-score + ScoreDBSCAN(ep=8),0.4237,151
30,RSV,H-score + ScoreDBSCAN(ep=15),0.4172,151
30,RSV,H-score + Spectral(z=1.5),0.1063,151
30,RSV,H-score + Spectral(z=2.0),0.0737,151
30,RSV,H-score + Bayes(prior=0.15),0.1047,151
30,RSV,H-score + Ensemble(v>=2),0.1795,151
30,RSV,H-score + Ensemble(v>=3),0.1448,151
30,RSV,H-score + AdaptWin(s=90),0.1589,151
30,RSV,H-score + AdaptWin(s=85),0.1901,151
30,RSV,H-score + FreqThresh(p=80),0.2146,151
30,RSV,H-score + FreqThresh(p=85),0.188,151
30,RSV,H-score + FreqThresh(p=90),0.1262,151
30,RSV,H-score + FreqThresh(p=95),0.0782,151
30,RSV,"H-score + SWAN(w=10,k=1.0)",0.1801,151
30,RSV,"H-score + SWAN(w=10,k=1.5)",0.1667,151
30,RSV,"H-score + SWAN(w=10,k=2.0)",0.1633,151
30,RSV,"H-score + SWAN(w=20,k=1.0)",0.1611,151
30,RSV,"H-score + SWAN(w=20,k=1.5)",0.1554,151
30,RSV,"H-score + SWAN(w=20,k=2.0)",0.1505,151
30,RSV,"H-score + SWAN(w=50,k=1.0)",0.1386,151
30,RSV,"H-score + SWAN(w=50,k=1.5)",0.1474,151
30,RSV,"H-score + SWAN(w=50,k=2.0)",0.1481,151
30,RSV,H-score + MutClust-Orig(g=10),0.4308,151
30,RSV,E_only + Wavelet(t=1.0),0.2343,151
30,RSV,E_only + Wavelet(t=1.5),0.202,151
30,RSV,E_only + Wavelet(t=2.0),0.1695,151
30,RSV,E_only + KDE(p=75),0.2215,151
30,RSV,E_only + KDE(p=80),0.1916,151
30,RSV,E_only + KDE(p=85),0.1624,151
30,RSV,E_only + SlidingTest(p=0.01),0.1183,151
30,RSV,E_only + SlidingTest(p=0.05),0.1838,151
30,RSV,E_only + GradPeak(p=0.2),0.114,151
30,RSV,E_only + GradPeak(p=0.5),0.1093,151
30,RSV,E_only + LocalContrast(z=1.0),0.134,151
30,RSV,E_only + LocalContrast(z=1.5),0.1188,151
30,RSV,E_only + LocalContrast(z=2.0),0.0725,151
30,RSV,"E_only + CUSUM(d=0.3,h=3.0)",0.0899,151
30,RSV,"E_only + CUSUM(d=0.5,h=4.0)",0.0387,151
30,RSV,"E_only + CUSUM(d=0.5,h=5.0)",0.0132,151
30,RSV,E_only + AdaptiveKnee,0.2093,151
30,RSV,E_only + ScoreDBSCAN(ep=8),0.4248,151
30,RSV,E_only + ScoreDBSCAN(ep=15),0.4265,151
30,RSV,E_only + Spectral(z=1.5),0.1036,151
30,RSV,E_only + Spectral(z=2.0),0.0957,151
30,RSV,E_only + Bayes(prior=0.15),0.1047,151
30,RSV,E_only + Ensemble(v>=2),0.1302,151
30,RSV,E_only + Ensemble(v>=3),0.1015,151
30,RSV,E_only + AdaptWin(s=90),0.1651,151
30,RSV,E_only + AdaptWin(s=85),0.1959,151
30,RSV,E_only + FreqThresh(p=80),0.2146,151
30,RSV,E_only + FreqThresh(p=85),0.188,151
30,RSV,E_only + FreqThresh(p=90),0.1262,151
30,RSV,E_only + FreqThresh(p=95),0.0894,151
30,RSV,"E_only + SWAN(w=10,k=1.0)",0.1972,151
30,RSV,"E_only + SWAN(w=10,k=1.5)",0.1837,151
30,RSV,"E_only + SWAN(w=10,k=2.0)",0.1333,151
30,RSV,"E_only + SWAN(w=20,k=1.0)",0.1914,151
30,RSV,"E_only + SWAN(w=20,k=1.5)",0.1604,151
30,RSV,"E_only + SWAN(w=20,k=2.0)",0.1547,151
30,RSV,"E_only + SWAN(w=50,k=1.0)",0.1429,151
30,RSV,"E_only + SWAN(w=50,k=1.5)",0.1538,151
30,RSV,"E_only + SWAN(w=50,k=2.0)",0.1538,151
30,RSV,E_only + MutClust-Orig(g=10),0.4308,151
30,RSV,P*E^2 + Wavelet(t=1.0),0.2058,151
30,RSV,P*E^2 + Wavelet(t=1.5),0.134,151
30,RSV,P*E^2 + Wavelet(t=2.0),0.0904,151
30,RSV,P*E^2 + KDE(p=75),0.3183,151
30,RSV,P*E^2 + KDE(p=80),0.2989,151
30,RSV,P*E^2 + KDE(p=85),0.2393,151
30,RSV,P*E^2 + SlidingTest(p=0.05),0.117,151
30,RSV,P*E^2 + GradPeak(p=0.2),0.1158,151
30,RSV,P*E^2 + GradPeak(p=0.5),0.1075,151
30,RSV,P*E^2 + LocalContrast(z=1.0),0.1373,151
30,RSV,P*E^2 + LocalContrast(z=1.5),0.1106,151
30,RSV,P*E^2 + LocalContrast(z=2.0),0.102,151
30,RSV,"P*E^2 + CUSUM(d=0.3,h=3.0)",0.0686,151
30,RSV,"P*E^2 + CUSUM(d=0.5,h=4.0)",0.0377,151
30,RSV,"P*E^2 + CUSUM(d=0.5,h=5.0)",0.0131,151
30,RSV,P*E^2 + AdaptiveKnee,0.1864,151
30,RSV,P*E^2 + ScoreDBSCAN(ep=8),0.4277,151
30,RSV,P*E^2 + ScoreDBSCAN(ep=15),0.4243,151
30,RSV,P*E^2 + Spectral(z=1.5),0.1058,151
30,RSV,P*E^2 + Spectral(z=2.0),0.0968,151
30,RSV,P*E^2 + Bayes(prior=0.1),0.0957,151
30,RSV,P*E^2 + Bayes(prior=0.15),0.1047,151
30,RSV,P*E^2 + Ensemble(v>=2),0.1221,151
30,RSV,P*E^2 + Ensemble(v>=3),0.1122,151
30,RSV,P*E^2 + AdaptWin(s=90),0.1589,151
30,RSV,P*E^2 + AdaptWin(s=85),0.188,151
30,RSV,P*E^2 + FreqThresh(p=80),0.2146,151
30,RSV,P*E^2 + FreqThresh(p=85),0.188,151
30,RSV,P*E^2 + FreqThresh(p=90),0.1262,151
30,RSV,P*E^2 + FreqThresh(p=95),0.0782,151
30,RSV,"P*E^2 + SWAN(w=10,k=1.0)",0.114,151
30,RSV,"P*E^2 + SWAN(w=10,k=1.5)",0.0899,151
30,RSV,"P*E^2 + SWAN(w=10,k=2.0)",0.05,151
30,RSV,"P*E^2 + SWAN(w=20,k=1.0)",0.1146,151
30,RSV,"P*E^2 + SWAN(w=20,k=1.5)",0.0994,151
30,RSV,"P*E^2 + SWAN(w=20,k=2.0)",0.0736,151
30,RSV,"P*E^2 + SWAN(w=50,k=1.0)",0.1158,151
30,RSV,"P*E^2 + SWAN(w=50,k=1.5)",0.0126,151
30,RSV,P*E^2 + MutClust-Orig(g=10),0.4308,151
30,RSV,rank(P*E) + Wavelet(t=1.0),0.1709,151
30,RSV,rank(P*E) + Wavelet(t=1.5),0.1159,151
30,RSV,rank(P*E) + Wavelet(t=2.0),0.1134,151
30,RSV,rank(P*E) + KDE(p=75),0.3322,151
30,RSV,rank(P*E) + KDE(p=80),0.2989,151
30,RSV,rank(P*E) + KDE(p=85),0.2906,151
30,RSV,rank(P*E) + SlidingTest(p=0.01),0.232,151
30,RSV,rank(P*E) + SlidingTest(p=0.05),0.2564,151
30,RSV,rank(P*E) + GradPeak(p=0.2),0.0686,151
30,RSV,rank(P*E) + GradPeak(p=0.5),0.0252,151
30,RSV,rank(P*E) + LocalContrast(z=1.0),0.1872,151
30,RSV,rank(P*E) + LocalContrast(z=1.5),0.0638,151
30,RSV,rank(P*E) + LocalContrast(z=2.0),0.0121,151
30,RSV,"rank(P*E) + CUSUM(d=0.3,h=3.0)",0.1034,151
30,RSV,"rank(P*E) + CUSUM(d=0.5,h=4.0)",0.0,151
30,RSV,"rank(P*E) + CUSUM(d=0.5,h=5.0)",0.0253,151
30,RSV,rank(P*E) + AdaptiveKnee,0.3496,151
30,RSV,rank(P*E) + ScoreDBSCAN(ep=8),0.2535,151
30,RSV,rank(P*E) + ScoreDBSCAN(ep=15),0.3863,151
30,RSV,rank(P*E) + Spectral(z=1.5),0.1379,151
30,RSV,rank(P*E) + Spectral(z=2.0),0.0778,151
30,RSV,rank(P*E) + Ensemble(v>=2),0.1395,151
30,RSV,rank(P*E) + Ensemble(v>=3),0.0952,151
30,RSV,rank(P*E) + AdaptWin(s=90),0.2713,151
30,RSV,rank(P*E) + AdaptWin(s=85),0.3088,151
30,RSV,rank(P*E) + FreqThresh(p=80),0.2146,151
30,RSV,rank(P*E) + FreqThresh(p=85),0.188,151
30,RSV,rank(P*E) + FreqThresh(p=90),0.1262,151
30,RSV,rank(P*E) + FreqThresh(p=95),0.0782,151
30,RSV,"rank(P*E) + SWAN(w=10,k=1.0)",0.3068,151
30,RSV,"rank(P*E) + SWAN(w=10,k=1.5)",0.2848,151
30,RSV,"rank(P*E) + SWAN(w=10,k=2.0)",0.2676,151
30,RSV,"rank(P*E) + SWAN(w=20,k=1.0)",0.3352,151
30,RSV,"rank(P*E) + SWAN(w=20,k=1.5)",0.3243,151
30,RSV,"rank(P*E) + SWAN(w=20,k=2.0)",0.2676,151
30,RSV,"rank(P*E) + SWAN(w=50,k=1.0)",0.2651,151
30,RSV,"rank(P*E) + SWAN(w=50,k=1.5)",0.2713,151
30,RSV,"rank(P*E) + SWAN(w=50,k=2.0)",0.2468,151
30,RSV,rank(P*E) + MutClust-Orig(g=10),0.4308,151
