pathogen,score,detector,family,mcc,f1,precision,recall,enrichment,n_detected
SARS-CoV-2,E*rare,Wavelet(t=1.0),Wavelet,0.1756270951302806,0.25249169435215946,0.19,0.37623762376237624,2.3684158415841585,200
SARS-CoV-2,E*rare,Wavelet(t=1.5),Wavelet,0.05607806721527109,0.13065326633165827,0.1326530612244898,0.12871287128712872,1.653566377045868,98
SARS-CoV-2,E*rare,Wavelet(t=2.0),Wavelet,0.022373034289349378,0.08383233532934133,0.10606060606060606,0.06930693069306931,1.3220822082208221,66
SARS-CoV-2,E*rare,KDE(p=75),KDE,-0.04908030147735545,0.08653846153846154,0.05714285714285714,0.1782178217821782,0.7123055162659123,315
SARS-CoV-2,E*rare,KDE(p=80),KDE,-0.01619474936119068,0.10198300283286119,0.07142857142857142,0.1782178217821782,0.8903818953323903,252
SARS-CoV-2,E*rare,KDE(p=85),KDE,0.023232463241829933,0.12413793103448276,0.09523809523809523,0.1782178217821782,1.1871758604431872,189
SARS-CoV-2,E*rare,SlidingTest(p=0.01),SlidingTest,-0.00878130601591826,0.09420289855072465,0.07428571428571429,0.12871287128712872,0.925997171145686,175
SARS-CoV-2,E*rare,SlidingTest(p=0.05),SlidingTest,0.019562540125568025,0.13615023474178403,0.08923076923076922,0.2871287128712871,1.1122924600152322,325
SARS-CoV-2,E*rare,GradPeak(p=0.2),GradPeak,0.001523220528351884,0.12711864406779658,0.08086253369272237,0.297029702970297,1.0079795041498758,371
SARS-CoV-2,E*rare,GradPeak(p=0.5),GradPeak,0.09402678593767053,0.17968749999999997,0.14838709677419354,0.22772277227722773,1.849696582561482,155
SARS-CoV-2,E*rare,LocalContrast(z=1.0),LocalContrast,0.14427124232548091,0.20224719101123592,0.23376623376623376,0.1782178217821782,2.913977111996914,77
SARS-CoV-2,E*rare,LocalContrast(z=1.5),LocalContrast,0.0566102456706903,0.052631578947368425,0.23076923076923078,0.0297029702970297,2.8766184310738767,13
SARS-CoV-2,E*rare,LocalContrast(z=2.0),LocalContrast,0.07906566339157638,0.05454545454545454,0.3333333333333333,0.0297029702970297,4.155115511551155,9
SARS-CoV-2,E*rare,"CUSUM(d=0.3,h=3.0)",CUSUM,0.036182642441940735,0.1443850267379679,0.0989010989010989,0.26732673267326734,1.2328364704602328,273
SARS-CoV-2,E*rare,"CUSUM(d=0.5,h=4.0)",CUSUM,0.047223170330271846,0.10714285714285714,0.13432835820895522,0.0891089108910891,1.6744495345056893,67
SARS-CoV-2,E*rare,"CUSUM(d=0.5,h=5.0)",CUSUM,0.016287349440870545,0.07453416149068323,0.1,0.0594059405940594,1.2465346534653468,60
SARS-CoV-2,E*rare,AdaptiveKnee,AdaptiveKnee,0.20415753864055508,0.12612612612612611,0.7,0.06930693069306931,8.725742574257426,10
SARS-CoV-2,E*rare,ScoreDBSCAN(ep=8),ScoreDBSCAN,0.0,0.0,0.0,0.0,0.0,0
SARS-CoV-2,E*rare,ScoreDBSCAN(ep=15),ScoreDBSCAN,0.0,0.0,0.0,0.0,0.0,0
SARS-CoV-2,E*rare,Spectral(z=1.5),Spectral,0.05720350542409664,0.078125,0.18518518518518517,0.04950495049504951,2.3083975064173083,27
SARS-CoV-2,E*rare,Spectral(z=2.0),Spectral,0.049878448530777816,0.06504065040650407,0.18181818181818182,0.039603960396039604,2.2664266426642667,22
SARS-CoV-2,E*rare,Bayes(prior=0.1),Bayes,0.10851226329916859,0.112,0.2916666666666667,0.06930693069306931,3.635726072607261,24
SARS-CoV-2,E*rare,Bayes(prior=0.15),Bayes,0.09109743372855633,0.10769230769230771,0.2413793103448276,0.06930693069306931,3.00887674974394,29
SARS-CoV-2,E*rare,Ensemble(v>=2),Ensemble,0.1313314288902579,0.11666666666666667,0.3684210526315789,0.06930693069306931,4.592496091714435,19
SARS-CoV-2,E*rare,Ensemble(v>=3),Ensemble,0.1654852919454987,0.05769230769230769,1.0,0.0297029702970297,12.465346534653467,3
SARS-CoV-2,E*rare,AdaptWin(s=90),AdaptWin,-0.1213221077730849,0.0730593607305936,0.04316546762589928,0.2376237623762376,0.5380725122872,556
SARS-CoV-2,E*rare,AdaptWin(s=85),AdaptWin,-0.13511052858004588,0.07588075880758809,0.04395604395604396,0.27722772277227725,0.547927320204548,637
SARS-CoV-2,E*rare,FreqThresh(p=80),FreqThresh,-0.020643188312188632,0.09972299168975068,0.06923076923076923,0.1782178217821782,0.8629855293221631,260
SARS-CoV-2,E*rare,FreqThresh(p=85),FreqThresh,-0.019758287112614993,0.08571428571428572,0.0670391061452514,0.1188118811881188,0.8356656894739753,179
SARS-CoV-2,E*rare,FreqThresh(p=90),FreqThresh,0.020697351741260004,0.10328638497652583,0.09821428571428571,0.10891089108910891,1.2242751060820367,112
SARS-CoV-2,E*rare,FreqThresh(p=95),FreqThresh,0.1313314288902579,0.11666666666666667,0.3684210526315789,0.06930693069306931,4.592496091714435,19
SARS-CoV-2,E*rare,"SWAN(w=10,k=1.0)",SWAN,0.10545811704076782,0.1388888888888889,0.23255813953488372,0.09900990099009901,2.89891779875662,43
SARS-CoV-2,E*rare,"SWAN(w=10,k=1.5)",SWAN,-0.04845271775710505,0.0,0.0,0.0,0.0,33
SARS-CoV-2,E*rare,"SWAN(w=10,k=2.0)",SWAN,-0.03655715289242891,0.0,0.0,0.0,0.0,19
SARS-CoV-2,E*rare,"SWAN(w=20,k=1.0)",SWAN,-0.046141434590513654,0.0,0.0,0.0,0.0,30
SARS-CoV-2,E*rare,"SWAN(w=20,k=1.5)",SWAN,0.0,0.0,0.0,0.0,0.0,0
SARS-CoV-2,E*rare,"SWAN(w=20,k=2.0)",SWAN,0.0,0.0,0.0,0.0,0.0,0
SARS-CoV-2,E*rare,"SWAN(w=50,k=1.0)",SWAN,0.0,0.0,0.0,0.0,0.0,0
SARS-CoV-2,E*rare,"SWAN(w=50,k=1.5)",SWAN,0.0,0.0,0.0,0.0,0.0,0
SARS-CoV-2,E*rare,"SWAN(w=50,k=2.0)",SWAN,0.0,0.0,0.0,0.0,0.0,0
SARS-CoV-2,E*rare,MutClust-Orig(g=10),MutClust-Orig,0.0,0.0,0.0,0.0,0.0,0
SARS-CoV-2,P*E*rare,Wavelet(t=1.0),Wavelet,-0.07219836476049298,0.0,0.0,0.0,0.0,71
SARS-CoV-2,P*E*rare,Wavelet(t=1.5),Wavelet,-0.06068174038626284,0.0,0.0,0.0,0.0,51
SARS-CoV-2,P*E*rare,Wavelet(t=2.0),Wavelet,-0.05815727193259099,0.0,0.0,0.0,0.0,47
SARS-CoV-2,P*E*rare,KDE(p=75),KDE,-0.0018231511528789305,0.12019230769230768,0.07936507936507936,0.24752475247524752,0.9893132170359893,315
SARS-CoV-2,P*E*rare,KDE(p=80),KDE,-0.0673504218056973,0.06232294617563739,0.04365079365079365,0.10891089108910891,0.5441222693697941,252
SARS-CoV-2,P*E*rare,KDE(p=85),KDE,-0.03407167852985974,0.07586206896551724,0.0582010582010582,0.10891089108910891,0.7254963591597254,189
SARS-CoV-2,P*E*rare,SlidingTest(p=0.01),SlidingTest,0.0,0.0,0.0,0.0,0.0,0
SARS-CoV-2,P*E*rare,SlidingTest(p=0.05),SlidingTest,0.0,0.0,0.0,0.0,0.0,0
SARS-CoV-2,P*E*rare,GradPeak(p=0.2),GradPeak,-0.03350663650041213,0.0,0.0,0.0,0.0,16
SARS-CoV-2,P*E*rare,GradPeak(p=0.5),GradPeak,-0.028971021170200603,0.0,0.0,0.0,0.0,12
SARS-CoV-2,P*E*rare,LocalContrast(z=1.0),LocalContrast,0.08508787429238614,0.1513513513513514,0.16666666666666666,0.13861386138613863,2.0775577557755773,84
SARS-CoV-2,P*E*rare,LocalContrast(z=1.5),LocalContrast,0.10279536600681781,0.09917355371900825,0.3,0.0594059405940594,3.73960396039604,20
SARS-CoV-2,P*E*rare,LocalContrast(z=2.0),LocalContrast,0.07906566339157638,0.05454545454545454,0.3333333333333333,0.0297029702970297,4.155115511551155,9
SARS-CoV-2,P*E*rare,"CUSUM(d=0.3,h=3.0)",CUSUM,0.03425018450572516,0.11055276381909547,0.11224489795918367,0.10891089108910891,1.3991715498080421,98
SARS-CoV-2,P*E*rare,"CUSUM(d=0.5,h=4.0)",CUSUM,-0.06548499368853926,0.0,0.0,0.0,0.0,59
SARS-CoV-2,P*E*rare,"CUSUM(d=0.5,h=5.0)",CUSUM,-0.06431193862582302,0.0,0.0,0.0,0.0,57
SARS-CoV-2,P*E*rare,AdaptiveKnee,AdaptiveKnee,0.1654852919454987,0.05769230769230769,1.0,0.0297029702970297,12.465346534653467,3
SARS-CoV-2,P*E*rare,ScoreDBSCAN(ep=8),ScoreDBSCAN,0.0,0.0,0.0,0.0,0.0,0
SARS-CoV-2,P*E*rare,ScoreDBSCAN(ep=15),ScoreDBSCAN,0.0,0.0,0.0,0.0,0.0,0
SARS-CoV-2,P*E*rare,Spectral(z=1.5),Spectral,-0.018648445733990035,0.0,0.0,0.0,0.0,5
SARS-CoV-2,P*E*rare,Spectral(z=2.0),Spectral,-0.018648445733990035,0.0,0.0,0.0,0.0,5
SARS-CoV-2,P*E*rare,Bayes(prior=0.1),Bayes,0.10851226329916859,0.112,0.2916666666666667,0.06930693069306931,3.635726072607261,24
SARS-CoV-2,P*E*rare,Bayes(prior=0.15),Bayes,0.10851226329916859,0.112,0.2916666666666667,0.06930693069306931,3.635726072607261,24
SARS-CoV-2,P*E*rare,Ensemble(v>=2),Ensemble,0.1313314288902579,0.11666666666666667,0.3684210526315789,0.06930693069306931,4.592496091714435,19
SARS-CoV-2,P*E*rare,Ensemble(v>=3),Ensemble,0.0,0.0,0.0,0.0,0.0,0
SARS-CoV-2,P*E*rare,AdaptWin(s=90),AdaptWin,-0.09691849771701312,0.07809847198641764,0.0471311475409836,0.22772277227722773,0.5875060866742412,488
SARS-CoV-2,P*E*rare,AdaptWin(s=85),AdaptWin,-0.11723749690455851,0.07564296520423601,0.044642857142857144,0.24752475247524752,0.556488684582744,560
SARS-CoV-2,P*E*rare,FreqThresh(p=80),FreqThresh,-0.020643188312188632,0.09972299168975068,0.06923076923076923,0.1782178217821782,0.8629855293221631,260
SARS-CoV-2,P*E*rare,FreqThresh(p=85),FreqThresh,-0.02285344401626045,0.08421052631578946,0.06521739130434782,0.1188118811881188,0.8129573826947912,184
SARS-CoV-2,P*E*rare,FreqThresh(p=90),FreqThresh,0.016254842066060537,0.10091743119266056,0.09401709401709402,0.10891089108910891,1.171955657104172,117
SARS-CoV-2,P*E*rare,FreqThresh(p=95),FreqThresh,0.1313314288902579,0.11666666666666667,0.3684210526315789,0.06930693069306931,4.592496091714435,19
SARS-CoV-2,P*E*rare,"SWAN(w=10,k=1.0)",SWAN,-0.03655715289242891,0.0,0.0,0.0,0.0,19
SARS-CoV-2,P*E*rare,"SWAN(w=10,k=1.5)",SWAN,-0.03655715289242891,0.0,0.0,0.0,0.0,19
SARS-CoV-2,P*E*rare,"SWAN(w=10,k=2.0)",SWAN,-0.03655715289242891,0.0,0.0,0.0,0.0,19
SARS-CoV-2,P*E*rare,"SWAN(w=20,k=1.0)",SWAN,-0.05280302403896863,0.0,0.0,0.0,0.0,39
SARS-CoV-2,P*E*rare,"SWAN(w=20,k=1.5)",SWAN,-0.05280302403896863,0.0,0.0,0.0,0.0,39
SARS-CoV-2,P*E*rare,"SWAN(w=20,k=2.0)",SWAN,0.0,0.0,0.0,0.0,0.0,0
SARS-CoV-2,P*E*rare,"SWAN(w=50,k=1.0)",SWAN,0.0,0.0,0.0,0.0,0.0,0
SARS-CoV-2,P*E*rare,"SWAN(w=50,k=1.5)",SWAN,0.0,0.0,0.0,0.0,0.0,0
SARS-CoV-2,P*E*rare,"SWAN(w=50,k=2.0)",SWAN,0.0,0.0,0.0,0.0,0.0,0
SARS-CoV-2,P*E*rare,MutClust-Orig(g=10),MutClust-Orig,0.0,0.0,0.0,0.0,0.0,0
SARS-CoV-2,minority_E,Wavelet(t=1.0),Wavelet,0.050179463938557156,0.16155088852988692,0.09652509652509653,0.49504950495049505,1.2032187774762033,518
SARS-CoV-2,minority_E,Wavelet(t=1.5),Wavelet,-0.06434958467113384,0.053156146179402,0.04,0.07920792079207921,0.49861386138613867,200
SARS-CoV-2,minority_E,Wavelet(t=2.0),Wavelet,-0.06890661597768129,0.0,0.0,0.0,0.0,65
SARS-CoV-2,minority_E,KDE(p=75),KDE,-0.04908030147735545,0.08653846153846154,0.05714285714285714,0.1782178217821782,0.7123055162659123,315
SARS-CoV-2,minority_E,KDE(p=80),KDE,-0.01619474936119068,0.10198300283286119,0.07142857142857142,0.1782178217821782,0.8903818953323903,252
SARS-CoV-2,minority_E,KDE(p=85),KDE,0.023232463241829933,0.12413793103448276,0.09523809523809523,0.1782178217821782,1.1871758604431872,189
SARS-CoV-2,minority_E,SlidingTest(p=0.01),SlidingTest,-0.07040623145918408,0.07809110629067245,0.05,0.1782178217821782,0.6232673267326734,360
SARS-CoV-2,minority_E,SlidingTest(p=0.05),SlidingTest,-0.10171106820978844,0.06779661016949153,0.04186046511627907,0.1782178217821782,0.5218052037761916,430
SARS-CoV-2,minority_E,GradPeak(p=0.2),GradPeak,-0.07942310932646823,0.10592686002522068,0.06069364161849711,0.4158415841584158,0.7565672752246323,692
SARS-CoV-2,minority_E,GradPeak(p=0.5),GradPeak,-0.056408838945235504,0.09356725146198831,0.05825242718446602,0.2376237623762376,0.7261366913390369,412
SARS-CoV-2,minority_E,LocalContrast(z=1.0),LocalContrast,-0.011381029892491354,0.10966057441253263,0.07446808510638298,0.2079207920792079,0.9282704866231304,282
SARS-CoV-2,minority_E,LocalContrast(z=1.5),LocalContrast,0.027562539966367983,0.048780487804878044,0.13636363636363635,0.0297029702970297,1.6998199819981998,22
SARS-CoV-2,minority_E,LocalContrast(z=2.0),LocalContrast,0.0,0.0,0.0,0.0,0.0,0
SARS-CoV-2,minority_E,"CUSUM(d=0.3,h=3.0)",CUSUM,0.09717841183951752,0.16329830234438159,0.08890845070422536,1.0,1.108274647887324,1136
SARS-CoV-2,minority_E,"CUSUM(d=0.5,h=4.0)",CUSUM,0.0001415597767562811,0.1303538175046555,0.08027522935779817,0.3465346534653465,1.0006585520937417,436
SARS-CoV-2,minority_E,"CUSUM(d=0.5,h=5.0)",CUSUM,-0.07654518455976425,0.0671462829736211,0.04430379746835443,0.13861386138613863,0.5522621882441409,316
SARS-CoV-2,minority_E,AdaptiveKnee,AdaptiveKnee,0.03938518572686151,0.15097159940209265,0.08164915117219078,1.0,1.0177849636216654,1237
SARS-CoV-2,minority_E,ScoreDBSCAN(ep=8),ScoreDBSCAN,0.0,0.14852941176470588,0.08022239872915012,1.0,1.0,1259
SARS-CoV-2,minority_E,ScoreDBSCAN(ep=15),ScoreDBSCAN,0.0,0.14852941176470588,0.08022239872915012,1.0,1.0,1259
SARS-CoV-2,minority_E,Spectral(z=1.5),Spectral,-0.0008280665435248457,0.04316546762589928,0.07894736842105263,0.0297029702970297,0.9841063053673789,38
SARS-CoV-2,minority_E,Spectral(z=2.0),Spectral,-0.016673030320461253,0.0,0.0,0.0,0.0,4
SARS-CoV-2,minority_E,Bayes(prior=0.1),Bayes,-0.1113725160772491,0.054054054054054064,0.034210526315789476,0.12871287128712872,0.42644606565919757,380
SARS-CoV-2,minority_E,Bayes(prior=0.15),Bayes,-0.09940432076102036,0.07894736842105263,0.047337278106508875,0.2376237623762376,0.5900755756048978,507
SARS-CoV-2,minority_E,Ensemble(v>=2),Ensemble,-0.0977558855739638,0.04301075268817204,0.02952029520295203,0.07920792079207921,0.3679807095100654,271
SARS-CoV-2,minority_E,Ensemble(v>=3),Ensemble,-0.06606515235051907,0.0,0.0,0.0,0.0,60
SARS-CoV-2,minority_E,AdaptWin(s=90),AdaptWin,-0.11292153200086956,0.09966024915062287,0.056265984654731455,0.43564356435643564,0.7013749968347218,782
SARS-CoV-2,minority_E,AdaptWin(s=85),AdaptWin,-0.19559366279118562,0.08746355685131195,0.04849137931034483,0.44554455445544555,0.6044618470467736,928
SARS-CoV-2,minority_E,FreqThresh(p=80),FreqThresh,-0.11008797651569932,0.05439330543933054,0.034482758620689655,0.12871287128712872,0.4298395356777057,377
SARS-CoV-2,minority_E,FreqThresh(p=85),FreqThresh,-0.0977558855739638,0.04301075268817204,0.02952029520295203,0.07920792079207921,0.3679807095100654,271
SARS-CoV-2,minority_E,FreqThresh(p=90),FreqThresh,-0.0977558855739638,0.04301075268817204,0.02952029520295203,0.07920792079207921,0.3679807095100654,271
SARS-CoV-2,minority_E,FreqThresh(p=95),FreqThresh,-0.06606515235051907,0.0,0.0,0.0,0.0,60
SARS-CoV-2,minority_E,"SWAN(w=10,k=1.0)",SWAN,-0.027726525943769082,0.0,0.0,0.0,0.0,11
SARS-CoV-2,minority_E,"SWAN(w=10,k=1.5)",SWAN,0.0,0.0,0.0,0.0,0.0,0
SARS-CoV-2,minority_E,"SWAN(w=10,k=2.0)",SWAN,0.0,0.0,0.0,0.0,0.0,0
SARS-CoV-2,minority_E,"SWAN(w=20,k=1.0)",SWAN,0.0,0.0,0.0,0.0,0.0,0
SARS-CoV-2,minority_E,"SWAN(w=20,k=1.5)",SWAN,0.0,0.0,0.0,0.0,0.0,0
SARS-CoV-2,minority_E,"SWAN(w=20,k=2.0)",SWAN,0.0,0.0,0.0,0.0,0.0,0
SARS-CoV-2,minority_E,"SWAN(w=50,k=1.0)",SWAN,0.0,0.0,0.0,0.0,0.0,0
SARS-CoV-2,minority_E,"SWAN(w=50,k=1.5)",SWAN,0.0,0.0,0.0,0.0,0.0,0
SARS-CoV-2,minority_E,"SWAN(w=50,k=2.0)",SWAN,0.0,0.0,0.0,0.0,0.0,0
SARS-CoV-2,minority_E,MutClust-Orig(g=10),MutClust-Orig,0.0,0.14852941176470588,0.08022239872915012,1.0,1.0,1259
SARS-CoV-2,P*minority_E,Wavelet(t=1.0),Wavelet,-0.05358197008000694,0.10946745562130178,0.06434782608695652,0.36633663366336633,0.8021179509255274,575
SARS-CoV-2,P*minority_E,Wavelet(t=1.5),Wavelet,-0.08832150635206112,0.03773584905660377,0.027649769585253458,0.0594059405940594,0.344663959483506,217
SARS-CoV-2,P*minority_E,Wavelet(t=2.0),Wavelet,-0.06606515235051907,0.0,0.0,0.0,0.0,60
SARS-CoV-2,P*minority_E,KDE(p=75),KDE,-0.17059868802600933,0.0,0.0,0.0,0.0,315
SARS-CoV-2,P*minority_E,KDE(p=80),KDE,-0.14773790707563628,0.0,0.0,0.0,0.0,252
SARS-CoV-2,P*minority_E,KDE(p=85),KDE,-0.12412104417108637,0.0,0.0,0.0,0.0,189
SARS-CoV-2,P*minority_E,SlidingTest(p=0.01),SlidingTest,0.0,0.0,0.0,0.0,0.0,0
SARS-CoV-2,P*minority_E,SlidingTest(p=0.05),SlidingTest,0.0,0.0,0.0,0.0,0.0,0
SARS-CoV-2,P*minority_E,GradPeak(p=0.2),GradPeak,0.10793672687017929,0.19678714859437754,0.12342569269521411,0.48514851485148514,1.5385440307254907,397
SARS-CoV-2,P*minority_E,GradPeak(p=0.5),GradPeak,0.11201267771718808,0.19959266802443992,0.12564102564102564,0.48514851485148514,1.5661589235846662,390
SARS-CoV-2,P*minority_E,LocalContrast(z=1.0),LocalContrast,-0.00857020480813569,0.0707070707070707,0.07216494845360824,0.06930693069306931,0.8995610901296315,97
SARS-CoV-2,P*minority_E,LocalContrast(z=1.5),LocalContrast,0.05715991065505422,0.09722222222222222,0.16279069767441862,0.06930693069306931,2.0292424591296343,43
SARS-CoV-2,P*minority_E,LocalContrast(z=2.0),LocalContrast,0.02120513269963219,0.058823529411764705,0.11428571428571428,0.039603960396039604,1.4246110325318246,35
SARS-CoV-2,P*minority_E,"CUSUM(d=0.3,h=3.0)",CUSUM,-0.098566441569169,0.026143790849673207,0.01951219512195122,0.039603960396039604,0.2432262738468969,205
SARS-CoV-2,P*minority_E,"CUSUM(d=0.5,h=4.0)",CUSUM,-0.05138917744737402,0.0,0.0,0.0,0.0,37
SARS-CoV-2,P*minority_E,"CUSUM(d=0.5,h=5.0)",CUSUM,-0.043720280070490905,0.0,0.0,0.0,0.0,27
SARS-CoV-2,P*minority_E,AdaptiveKnee,AdaptiveKnee,0.04640143653118301,0.09333333333333334,0.14285714285714285,0.06930693069306931,1.7807637906647806,49
SARS-CoV-2,P*minority_E,ScoreDBSCAN(ep=8),ScoreDBSCAN,-0.014433518554831925,0.0,0.0,0.0,0.0,3
SARS-CoV-2,P*minority_E,ScoreDBSCAN(ep=15),ScoreDBSCAN,-0.014433518554831925,0.0,0.0,0.0,0.0,3
SARS-CoV-2,P*minority_E,Spectral(z=1.5),Spectral,0.03564291757217538,0.10169491525423728,0.11842105263157894,0.0891089108910891,1.4761594580510682,76
SARS-CoV-2,P*minority_E,Spectral(z=2.0),Spectral,-0.046141434590513654,0.0,0.0,0.0,0.0,30
SARS-CoV-2,P*minority_E,Bayes(prior=0.1),Bayes,0.13883616340908703,0.2079207920792079,0.2079207920792079,0.2079207920792079,2.5918047250269582,101
SARS-CoV-2,P*minority_E,Bayes(prior=0.15),Bayes,0.1344402896433514,0.2048780487804878,0.20192307692307693,0.2079207920792079,2.5170411271896422,104
SARS-CoV-2,P*minority_E,Ensemble(v>=2),Ensemble,-0.0008280665435248457,0.04316546762589928,0.07894736842105263,0.0297029702970297,0.9841063053673789,38
SARS-CoV-2,P*minority_E,Ensemble(v>=3),Ensemble,-0.028971021170200603,0.0,0.0,0.0,0.0,12
SARS-CoV-2,P*minority_E,AdaptWin(s=90),AdaptWin,0.0690258650098291,0.16763005780346818,0.11836734693877551,0.2871287128712871,1.4754899979793898,245
SARS-CoV-2,P*minority_E,AdaptWin(s=85),AdaptWin,-0.067787608949025,0.1037463976945245,0.06070826306913996,0.3564356435643564,0.7567495366737348,593
SARS-CoV-2,P*minority_E,FreqThresh(p=80),FreqThresh,0.03151362638432445,0.14320987654320988,0.09539473684210527,0.2871287128712871,1.1891284523189163,304
SARS-CoV-2,P*minority_E,FreqThresh(p=85),FreqThresh,0.07519898909070724,0.17125382262996944,0.12389380530973451,0.27722772277227725,1.5443792166827304,226
SARS-CoV-2,P*minority_E,FreqThresh(p=90),FreqThresh,0.1465186258023557,0.2131979695431472,0.21875,0.2079207920792079,2.7267945544554455,96
SARS-CoV-2,P*minority_E,FreqThresh(p=95),FreqThresh,-0.028971021170200603,0.0,0.0,0.0,0.0,12
SARS-CoV-2,P*minority_E,"SWAN(w=10,k=1.0)",SWAN,0.0,0.0,0.0,0.0,0.0,0
SARS-CoV-2,P*minority_E,"SWAN(w=10,k=1.5)",SWAN,0.0,0.0,0.0,0.0,0.0,0
SARS-CoV-2,P*minority_E,"SWAN(w=10,k=2.0)",SWAN,0.0,0.0,0.0,0.0,0.0,0
SARS-CoV-2,P*minority_E,"SWAN(w=20,k=1.0)",SWAN,0.0,0.0,0.0,0.0,0.0,0
SARS-CoV-2,P*minority_E,"SWAN(w=20,k=1.5)",SWAN,0.0,0.0,0.0,0.0,0.0,0
SARS-CoV-2,P*minority_E,"SWAN(w=20,k=2.0)",SWAN,0.0,0.0,0.0,0.0,0.0,0
SARS-CoV-2,P*minority_E,"SWAN(w=50,k=1.0)",SWAN,0.0,0.0,0.0,0.0,0.0,0
SARS-CoV-2,P*minority_E,"SWAN(w=50,k=1.5)",SWAN,0.0,0.0,0.0,0.0,0.0,0
SARS-CoV-2,P*minority_E,"SWAN(w=50,k=2.0)",SWAN,0.0,0.0,0.0,0.0,0.0,0
SARS-CoV-2,P*minority_E,MutClust-Orig(g=10),MutClust-Orig,0.04416411371015754,0.15886524822695036,0.09271523178807947,0.5544554455445545,1.1557274932791293,604
SARS-CoV-2,P*E,Wavelet(t=1.0),Wavelet,-0.046283723963722316,0.10932475884244373,0.06525911708253358,0.33663366336633666,0.8134775089793048,521
SARS-CoV-2,P*E,Wavelet(t=1.5),Wavelet,-0.11112927017420142,0.01892744479495268,0.013888888888888888,0.0297029702970297,0.17312981298129812,216
SARS-CoV-2,P*E,Wavelet(t=2.0),Wavelet,-0.06664121640612676,0.0,0.0,0.0,0.0,61
SARS-CoV-2,P*E,KDE(p=75),KDE,-0.08958643032690675,0.05769230769230769,0.0380952380952381,0.1188118811881188,0.4748703441772749,315
SARS-CoV-2,P*E,KDE(p=80),KDE,-0.14773790707563628,0.0,0.0,0.0,0.0,252
SARS-CoV-2,P*E,KDE(p=85),KDE,-0.12412104417108637,0.0,0.0,0.0,0.0,189
SARS-CoV-2,P*E,SlidingTest(p=0.01),SlidingTest,0.0,0.0,0.0,0.0,0.0,0
SARS-CoV-2,P*E,SlidingTest(p=0.05),SlidingTest,0.0,0.0,0.0,0.0,0.0,0
SARS-CoV-2,P*E,GradPeak(p=0.2),GradPeak,0.028251170825862953,0.14671814671814673,0.09112709832134293,0.37623762376237624,1.1359308592729778,417
SARS-CoV-2,P*E,GradPeak(p=0.5),GradPeak,0.030843077301253772,0.1477045908183633,0.0925,0.36633663366336633,1.1530445544554455,400
SARS-CoV-2,P*E,LocalContrast(z=1.0),LocalContrast,0.03136334485435325,0.0875,0.11864406779661017,0.06930693069306931,1.4789394193656655,59
SARS-CoV-2,P*E,LocalContrast(z=1.5),LocalContrast,0.04156250359587388,0.09150326797385622,0.1346153846153846,0.06930693069306931,1.678027418126428,52
SARS-CoV-2,P*E,LocalContrast(z=2.0),LocalContrast,-0.046141434590513654,0.0,0.0,0.0,0.0,30
SARS-CoV-2,P*E,"CUSUM(d=0.3,h=3.0)",CUSUM,-0.11362700397173472,0.018575851393188854,0.013513513513513514,0.0297029702970297,0.16845062884666848,222
SARS-CoV-2,P*E,"CUSUM(d=0.5,h=4.0)",CUSUM,-0.0625186747840311,0.0,0.0,0.0,0.0,54
SARS-CoV-2,P*E,"CUSUM(d=0.5,h=5.0)",CUSUM,-0.05210031793521898,0.0,0.0,0.0,0.0,38
SARS-CoV-2,P*E,AdaptiveKnee,AdaptiveKnee,0.05339417049366911,0.09589041095890412,0.15555555555555556,0.06930693069306931,1.9390539053905391,45
SARS-CoV-2,P*E,ScoreDBSCAN(ep=8),ScoreDBSCAN,-0.028971021170200603,0.0,0.0,0.0,0.0,12
SARS-CoV-2,P*E,ScoreDBSCAN(ep=15),ScoreDBSCAN,-0.028971021170200603,0.0,0.0,0.0,0.0,12
SARS-CoV-2,P*E,Spectral(z=1.5),Spectral,0.009253495318557172,0.0718562874251497,0.09090909090909091,0.0594059405940594,1.1332133213321334,66
SARS-CoV-2,P*E,Spectral(z=2.0),Spectral,-0.03938518572686151,0.0,0.0,0.0,0.0,22
SARS-CoV-2,P*E,Bayes(prior=0.1),Bayes,0.15596497957116115,0.20930232558139533,0.2535211267605634,0.1782178217821782,3.1602286989262307,71
SARS-CoV-2,P*E,Bayes(prior=0.15),Bayes,0.14614083795803565,0.20338983050847456,0.23684210526315788,0.1782178217821782,2.9523189161021364,76
SARS-CoV-2,P*E,Ensemble(v>=2),Ensemble,-0.004762893213908225,0.04225352112676056,0.07317073170731707,0.0297029702970297,0.9120985269258634,41
SARS-CoV-2,P*E,Ensemble(v>=3),Ensemble,-0.043720280070490905,0.0,0.0,0.0,0.0,27
SARS-CoV-2,P*E,AdaptWin(s=90),AdaptWin,0.10604069668543317,0.19558359621451102,0.14351851851851852,0.3069306930693069,1.7890080674734141,216
SARS-CoV-2,P*E,AdaptWin(s=85),AdaptWin,-0.09138050491195762,0.09335219236209336,0.054455445544554455,0.32673267326732675,0.6788059994118224,606
SARS-CoV-2,P*E,FreqThresh(p=80),FreqThresh,0.045347462638329145,0.1518324607329843,0.10320284697508897,0.2871287128712871,1.2864592509072972,281
SARS-CoV-2,P*E,FreqThresh(p=85),FreqThresh,0.055597199684100075,0.15,0.11731843575418995,0.2079207920792079,1.4624149565794569,179
SARS-CoV-2,P*E,FreqThresh(p=90),FreqThresh,0.1513619687889329,0.21649484536082472,0.22580645161290322,0.2079207920792079,2.8147556691152986,93
SARS-CoV-2,P*E,FreqThresh(p=95),FreqThresh,-0.030166092762019626,0.0,0.0,0.0,0.0,13
SARS-CoV-2,P*E,"SWAN(w=10,k=1.0)",SWAN,-0.032429619011958545,0.0,0.0,0.0,0.0,15
SARS-CoV-2,P*E,"SWAN(w=10,k=1.5)",SWAN,0.0,0.0,0.0,0.0,0.0,0
SARS-CoV-2,P*E,"SWAN(w=10,k=2.0)",SWAN,0.0,0.0,0.0,0.0,0.0,0
SARS-CoV-2,P*E,"SWAN(w=20,k=1.0)",SWAN,0.0,0.0,0.0,0.0,0.0,0
SARS-CoV-2,P*E,"SWAN(w=20,k=1.5)",SWAN,0.0,0.0,0.0,0.0,0.0,0
SARS-CoV-2,P*E,"SWAN(w=20,k=2.0)",SWAN,0.0,0.0,0.0,0.0,0.0,0
SARS-CoV-2,P*E,"SWAN(w=50,k=1.0)",SWAN,0.0,0.0,0.0,0.0,0.0,0
SARS-CoV-2,P*E,"SWAN(w=50,k=1.5)",SWAN,0.0,0.0,0.0,0.0,0.0,0
SARS-CoV-2,P*E,"SWAN(w=50,k=2.0)",SWAN,0.0,0.0,0.0,0.0,0.0,0
SARS-CoV-2,P*E,MutClust-Orig(g=10),MutClust-Orig,0.0979996649101451,0.18300653594771243,0.10542168674698796,0.693069306930693,1.3141178575688897,664
SARS-CoV-2,H-score,Wavelet(t=1.0),Wavelet,0.0175258184308055,0.1455604075691412,0.08532423208191127,0.49504950495049505,1.0635961207042208,586
SARS-CoV-2,H-score,Wavelet(t=1.5),Wavelet,0.019046468380826468,0.12162162162162163,0.09230769230769231,0.1782178217821782,1.1506473724295507,195
SARS-CoV-2,H-score,Wavelet(t=2.0),Wavelet,0.04314046462715871,0.09210526315789473,0.13725490196078433,0.06930693069306931,1.710929916521064,51
SARS-CoV-2,H-score,KDE(p=75),KDE,0.10619319244592454,0.19711538461538464,0.13015873015873017,0.40594059405940597,1.6224736759390226,315
SARS-CoV-2,H-score,KDE(p=80),KDE,0.10073250194053873,0.19263456090651557,0.1349206349206349,0.33663366336633666,1.6818324689611819,252
SARS-CoV-2,H-score,KDE(p=85),KDE,0.07235029904613537,0.16551724137931034,0.12698412698412698,0.2376237623762376,1.582901147257583,189
SARS-CoV-2,H-score,SlidingTest(p=0.01),SlidingTest,0.0,0.0,0.0,0.0,0.0,0
SARS-CoV-2,H-score,SlidingTest(p=0.05),SlidingTest,0.17990564687836855,0.19858156028368795,0.35,0.13861386138613863,4.362871287128713,40
SARS-CoV-2,H-score,GradPeak(p=0.2),GradPeak,0.03449056279461603,0.15019762845849802,0.09382716049382717,0.37623762376237624,1.1695880699181032,405
SARS-CoV-2,H-score,GradPeak(p=0.5),GradPeak,0.0429901616828606,0.15510204081632653,0.09768637532133675,0.37623762376237624,1.217694520094683,389
SARS-CoV-2,H-score,LocalContrast(z=1.0),LocalContrast,0.03136334485435325,0.0875,0.11864406779661017,0.06930693069306931,1.4789394193656655,59
SARS-CoV-2,H-score,LocalContrast(z=1.5),LocalContrast,0.04156250359587388,0.09150326797385622,0.1346153846153846,0.06930693069306931,1.678027418126428,52
SARS-CoV-2,H-score,LocalContrast(z=2.0),LocalContrast,0.05339417049366911,0.09589041095890412,0.15555555555555556,0.06930693069306931,1.9390539053905391,45
SARS-CoV-2,H-score,"CUSUM(d=0.3,h=3.0)",CUSUM,0.08589035449730172,0.1801801801801802,0.12931034482758622,0.297029702970297,1.6118982587913966,232
SARS-CoV-2,H-score,"CUSUM(d=0.5,h=4.0)",CUSUM,0.1196185440646846,0.15894039735099336,0.24,0.1188118811881188,2.9916831683168317,50
SARS-CoV-2,H-score,"CUSUM(d=0.5,h=5.0)",CUSUM,0.08047991708665349,0.09448818897637795,0.23076923076923078,0.0594059405940594,2.8766184310738767,26
SARS-CoV-2,H-score,AdaptiveKnee,AdaptiveKnee,0.1800797618847545,0.21794871794871795,0.3090909090909091,0.16831683168316833,3.852925292529253,55
SARS-CoV-2,H-score,ScoreDBSCAN(ep=8),ScoreDBSCAN,0.06753493531206733,0.10071942446043167,0.18421052631578946,0.06930693069306931,2.2962480458572174,38
SARS-CoV-2,H-score,ScoreDBSCAN(ep=15),ScoreDBSCAN,0.059118896686333314,0.09790209790209792,0.16666666666666666,0.06930693069306931,2.0775577557755773,42
SARS-CoV-2,H-score,Spectral(z=1.5),Spectral,0.077489278829462,0.14285714285714288,0.16049382716049382,0.12871287128712872,2.000611172228334,81
SARS-CoV-2,H-score,Spectral(z=2.0),Spectral,0.00968138566913276,0.04545454545454545,0.0967741935483871,0.0297029702970297,1.2063238581922708,31
SARS-CoV-2,H-score,Bayes(prior=0.1),Bayes,0.13883540492496538,0.19889502762430938,0.225,0.1782178217821782,2.80470297029703,80
SARS-CoV-2,H-score,Bayes(prior=0.15),Bayes,0.13883540492496538,0.19889502762430938,0.225,0.1782178217821782,2.80470297029703,80
SARS-CoV-2,H-score,Ensemble(v>=2),Ensemble,0.05339417049366911,0.09589041095890412,0.15555555555555556,0.06930693069306931,1.9390539053905391,45
SARS-CoV-2,H-score,Ensemble(v>=3),Ensemble,0.05339417049366911,0.09589041095890412,0.15555555555555556,0.06930693069306931,1.9390539053905391,45
SARS-CoV-2,H-score,AdaptWin(s=90),AdaptWin,0.10604069668543317,0.19558359621451102,0.14351851851851852,0.3069306930693069,1.7890080674734141,216
SARS-CoV-2,H-score,AdaptWin(s=85),AdaptWin,-0.09138050491195762,0.09335219236209336,0.054455445544554455,0.32673267326732675,0.6788059994118224,606
SARS-CoV-2,H-score,FreqThresh(p=80),FreqThresh,0.045347462638329145,0.1518324607329843,0.10320284697508897,0.2871287128712871,1.2864592509072972,281
SARS-CoV-2,H-score,FreqThresh(p=85),FreqThresh,0.055597199684100075,0.15,0.11731843575418995,0.2079207920792079,1.4624149565794569,179
SARS-CoV-2,H-score,FreqThresh(p=90),FreqThresh,0.1513619687889329,0.21649484536082472,0.22580645161290322,0.2079207920792079,2.8147556691152986,93
SARS-CoV-2,H-score,FreqThresh(p=95),FreqThresh,-0.030166092762019626,0.0,0.0,0.0,0.0,13
SARS-CoV-2,H-score,"SWAN(w=10,k=1.0)",SWAN,-0.027726525943769082,0.0,0.0,0.0,0.0,11
SARS-CoV-2,H-score,"SWAN(w=10,k=1.5)",SWAN,0.0,0.0,0.0,0.0,0.0,0
SARS-CoV-2,H-score,"SWAN(w=10,k=2.0)",SWAN,0.0,0.0,0.0,0.0,0.0,0
SARS-CoV-2,H-score,"SWAN(w=20,k=1.0)",SWAN,0.0,0.0,0.0,0.0,0.0,0
SARS-CoV-2,H-score,"SWAN(w=20,k=1.5)",SWAN,0.0,0.0,0.0,0.0,0.0,0
SARS-CoV-2,H-score,"SWAN(w=20,k=2.0)",SWAN,0.0,0.0,0.0,0.0,0.0,0
SARS-CoV-2,H-score,"SWAN(w=50,k=1.0)",SWAN,0.0,0.0,0.0,0.0,0.0,0
SARS-CoV-2,H-score,"SWAN(w=50,k=1.5)",SWAN,0.0,0.0,0.0,0.0,0.0,0
SARS-CoV-2,H-score,"SWAN(w=50,k=2.0)",SWAN,0.0,0.0,0.0,0.0,0.0,0
SARS-CoV-2,H-score,MutClust-Orig(g=10),MutClust-Orig,0.05418445274393945,0.15314632297194844,0.08292282430213464,1.0,1.0336617405582922,1218
SARS-CoV-2,E_only,Wavelet(t=1.0),Wavelet,-0.010146077526299558,0.13218390804597702,0.0773109243697479,0.45544554455445546,0.9637074631832931,595
SARS-CoV-2,E_only,Wavelet(t=1.5),Wavelet,0.003538115890434334,0.10847457627118644,0.08247422680412371,0.15841584158415842,1.0280698172910074,194
SARS-CoV-2,E_only,Wavelet(t=2.0),Wavelet,-0.05066924452773539,0.0,0.0,0.0,0.0,36
SARS-CoV-2,E_only,KDE(p=75),KDE,0.03250799405169858,0.14457831325301204,0.09554140127388536,0.297029702970297,1.190956675285363,314
SARS-CoV-2,E_only,KDE(p=80),KDE,-0.08196632821841347,0.05099150141643059,0.03571428571428571,0.0891089108910891,0.44519094766619516,252
SARS-CoV-2,E_only,KDE(p=85),KDE,-0.12412104417108637,0.0,0.0,0.0,0.0,189
SARS-CoV-2,E_only,SlidingTest(p=0.01),SlidingTest,0.0,0.0,0.0,0.0,0.0,0
SARS-CoV-2,E_only,SlidingTest(p=0.05),SlidingTest,-0.02642562014955282,0.0,0.0,0.0,0.0,10
SARS-CoV-2,E_only,GradPeak(p=0.2),GradPeak,0.032398624674266026,0.14901960784313728,0.09290953545232274,0.37623762376237624,1.1581495557868746,409
SARS-CoV-2,E_only,GradPeak(p=0.5),GradPeak,0.03765246969638003,0.152,0.09523809523809523,0.37623762376237624,1.1871758604431872,399
SARS-CoV-2,E_only,LocalContrast(z=1.0),LocalContrast,0.0273812059642837,0.08588957055214723,0.11290322580645161,0.06930693069306931,1.4073778345576493,62
SARS-CoV-2,E_only,LocalContrast(z=1.5),LocalContrast,0.04808786932568443,0.09395973154362416,0.14583333333333334,0.06930693069306931,1.8178630363036306,48
SARS-CoV-2,E_only,LocalContrast(z=2.0),LocalContrast,0.05339417049366911,0.09589041095890412,0.15555555555555556,0.06930693069306931,1.9390539053905391,45
SARS-CoV-2,E_only,"CUSUM(d=0.3,h=3.0)",CUSUM,0.009230487990654823,0.11940298507462688,0.08547008547008547,0.19801980198019803,1.0654142337310655,234
SARS-CoV-2,E_only,"CUSUM(d=0.5,h=4.0)",CUSUM,-0.04534744789105056,0.0,0.0,0.0,0.0,29
SARS-CoV-2,E_only,"CUSUM(d=0.5,h=5.0)",CUSUM,-0.035567780811460996,0.0,0.0,0.0,0.0,18
SARS-CoV-2,E_only,AdaptiveKnee,AdaptiveKnee,0.17222264676733506,0.2138364779874214,0.29310344827586204,0.16831683168316833,3.6536360532604983,58
SARS-CoV-2,E_only,ScoreDBSCAN(ep=8),ScoreDBSCAN,0.06753493531206733,0.10071942446043167,0.18421052631578946,0.06930693069306931,2.2962480458572174,38
SARS-CoV-2,E_only,ScoreDBSCAN(ep=15),ScoreDBSCAN,0.059118896686333314,0.09790209790209792,0.16666666666666666,0.06930693069306931,2.0775577557755773,42
SARS-CoV-2,E_only,Spectral(z=1.5),Spectral,0.05544693605069136,0.12631578947368421,0.1348314606741573,0.1188118811881188,1.6807208810768717,89
SARS-CoV-2,E_only,Spectral(z=2.0),Spectral,-0.04203575301965277,0.0,0.0,0.0,0.0,25
SARS-CoV-2,E_only,Bayes(prior=0.1),Bayes,0.1712665259597955,0.21818181818181817,0.28125,0.1782178217821782,3.5058787128712874,64
SARS-CoV-2,E_only,Bayes(prior=0.15),Bayes,0.1644636924626799,0.21428571428571427,0.26865671641791045,0.1782178217821782,3.3488990690113787,67
SARS-CoV-2,E_only,Ensemble(v>=2),Ensemble,0.05339417049366911,0.09589041095890412,0.15555555555555556,0.06930693069306931,1.9390539053905391,45
SARS-CoV-2,E_only,Ensemble(v>=3),Ensemble,0.05339417049366911,0.09589041095890412,0.15555555555555556,0.06930693069306931,1.9390539053905391,45
SARS-CoV-2,E_only,AdaptWin(s=90),AdaptWin,0.09346652449587768,0.18807339449541283,0.12238805970149254,0.40594059405940597,1.5256095758829615,335
SARS-CoV-2,E_only,AdaptWin(s=85),AdaptWin,-0.12353709152826794,0.0921985815602837,0.052348993288590606,0.38613861386138615,0.6525483420825304,745
SARS-CoV-2,E_only,FreqThresh(p=80),FreqThresh,0.022918462449041114,0.1380952380952381,0.09090909090909091,0.2871287128712871,1.1332133213321334,319
SARS-CoV-2,E_only,FreqThresh(p=85),FreqThresh,0.055597199684100075,0.15,0.11731843575418995,0.2079207920792079,1.4624149565794569,179
SARS-CoV-2,E_only,FreqThresh(p=90),FreqThresh,0.1513619687889329,0.21649484536082472,0.22580645161290322,0.2079207920792079,2.8147556691152986,93
SARS-CoV-2,E_only,FreqThresh(p=95),FreqThresh,-0.028971021170200603,0.0,0.0,0.0,0.0,12
SARS-CoV-2,E_only,"SWAN(w=10,k=1.0)",SWAN,0.0,0.0,0.0,0.0,0.0,0
SARS-CoV-2,E_only,"SWAN(w=10,k=1.5)",SWAN,0.0,0.0,0.0,0.0,0.0,0
SARS-CoV-2,E_only,"SWAN(w=10,k=2.0)",SWAN,0.0,0.0,0.0,0.0,0.0,0
SARS-CoV-2,E_only,"SWAN(w=20,k=1.0)",SWAN,0.0,0.0,0.0,0.0,0.0,0
SARS-CoV-2,E_only,"SWAN(w=20,k=1.5)",SWAN,0.0,0.0,0.0,0.0,0.0,0
SARS-CoV-2,E_only,"SWAN(w=20,k=2.0)",SWAN,0.0,0.0,0.0,0.0,0.0,0
SARS-CoV-2,E_only,"SWAN(w=50,k=1.0)",SWAN,0.0,0.0,0.0,0.0,0.0,0
SARS-CoV-2,E_only,"SWAN(w=50,k=1.5)",SWAN,0.0,0.0,0.0,0.0,0.0,0
SARS-CoV-2,E_only,"SWAN(w=50,k=2.0)",SWAN,0.0,0.0,0.0,0.0,0.0,0
SARS-CoV-2,E_only,MutClust-Orig(g=10),MutClust-Orig,0.15394477382526683,0.18515123739688358,0.10202020202020202,1.0,1.2717171717171718,990
SARS-CoV-2,P*E^2,Wavelet(t=1.0),Wavelet,-0.1273222899565753,0.059027777777777776,0.035789473684210524,0.16831683168316833,0.44612819176654506,475
SARS-CoV-2,P*E^2,Wavelet(t=1.5),Wavelet,-0.10902953670490254,0.01923076923076923,0.014218009478672985,0.0297029702970297,0.1772324151846464,211
SARS-CoV-2,P*E^2,Wavelet(t=2.0),Wavelet,-0.07589772524891301,0.0,0.0,0.0,0.0,78
SARS-CoV-2,P*E^2,KDE(p=75),KDE,-0.17059868802600933,0.0,0.0,0.0,0.0,315
SARS-CoV-2,P*E^2,KDE(p=80),KDE,-0.14773790707563628,0.0,0.0,0.0,0.0,252
SARS-CoV-2,P*E^2,KDE(p=85),KDE,-0.12412104417108637,0.0,0.0,0.0,0.0,189
SARS-CoV-2,P*E^2,SlidingTest(p=0.01),SlidingTest,0.0,0.0,0.0,0.0,0.0,0
SARS-CoV-2,P*E^2,SlidingTest(p=0.05),SlidingTest,0.0,0.0,0.0,0.0,0.0,0
SARS-CoV-2,P*E^2,GradPeak(p=0.2),GradPeak,0.05112962197944019,0.16078431372549024,0.10024449877750612,0.40594059405940597,1.2495824154542594,409
SARS-CoV-2,P*E^2,GradPeak(p=0.5),GradPeak,0.03934180804468646,0.15257731958762888,0.09635416666666667,0.36633663366336633,1.201088077557756,384
SARS-CoV-2,P*E^2,LocalContrast(z=1.0),LocalContrast,0.0273812059642837,0.08588957055214723,0.11290322580645161,0.06930693069306931,1.4073778345576493,62
SARS-CoV-2,P*E^2,LocalContrast(z=1.5),LocalContrast,0.01171095996276885,0.056338028169014086,0.0975609756097561,0.039603960396039604,1.2161313692344846,41
SARS-CoV-2,P*E^2,LocalContrast(z=2.0),LocalContrast,-0.043720280070490905,0.0,0.0,0.0,0.0,27
SARS-CoV-2,P*E^2,"CUSUM(d=0.3,h=3.0)",CUSUM,-0.1123810267031909,0.01875,0.0136986301369863,0.0297029702970297,0.1707581717075817,219
SARS-CoV-2,P*E^2,"CUSUM(d=0.5,h=4.0)",CUSUM,-0.0700173518021362,0.0,0.0,0.0,0.0,67
SARS-CoV-2,P*E^2,"CUSUM(d=0.5,h=5.0)",CUSUM,-0.05879697112002979,0.0,0.0,0.0,0.0,48
SARS-CoV-2,P*E^2,AdaptiveKnee,AdaptiveKnee,0.05339417049366911,0.09589041095890412,0.15555555555555556,0.06930693069306931,1.9390539053905391,45
SARS-CoV-2,P*E^2,ScoreDBSCAN(ep=8),ScoreDBSCAN,0.0,0.0,0.0,0.0,0.0,0
SARS-CoV-2,P*E^2,ScoreDBSCAN(ep=15),ScoreDBSCAN,0.0,0.0,0.0,0.0,0.0,0
SARS-CoV-2,P*E^2,Spectral(z=1.5),Spectral,0.005969567584507652,0.07058823529411763,0.08695652173913043,0.0594059405940594,1.0839431769263883,69
SARS-CoV-2,P*E^2,Spectral(z=2.0),Spectral,-0.04203575301965277,0.0,0.0,0.0,0.0,25
SARS-CoV-2,P*E^2,Bayes(prior=0.1),Bayes,0.13883540492496538,0.19889502762430938,0.225,0.1782178217821782,2.80470297029703,80
SARS-CoV-2,P*E^2,Bayes(prior=0.15),Bayes,0.12389703491111342,0.1894736842105263,0.20224719101123595,0.1782178217821782,2.521081321615308,89
SARS-CoV-2,P*E^2,Ensemble(v>=2),Ensemble,-0.04028664390578412,0.0,0.0,0.0,0.0,23
SARS-CoV-2,P*E^2,Ensemble(v>=3),Ensemble,-0.03350663650041213,0.0,0.0,0.0,0.0,16
SARS-CoV-2,P*E^2,AdaptWin(s=90),AdaptWin,0.12054941022779679,0.20618556701030927,0.15789473684210525,0.297029702970297,1.9682126107347577,190
SARS-CoV-2,P*E^2,AdaptWin(s=85),AdaptWin,-0.08551381922791068,0.09020217729393468,0.05350553505535055,0.2871287128712871,0.6669650359869935,542
SARS-CoV-2,P*E^2,FreqThresh(p=80),FreqThresh,0.022918462449041114,0.1380952380952381,0.09090909090909091,0.2871287128712871,1.1332133213321334,319
SARS-CoV-2,P*E^2,FreqThresh(p=85),FreqThresh,0.055597199684100075,0.15,0.11731843575418995,0.2079207920792079,1.4624149565794569,179
SARS-CoV-2,P*E^2,FreqThresh(p=90),FreqThresh,0.1513619687889329,0.21649484536082472,0.22580645161290322,0.2079207920792079,2.8147556691152986,93
SARS-CoV-2,P*E^2,FreqThresh(p=95),FreqThresh,-0.03350663650041213,0.0,0.0,0.0,0.0,16
SARS-CoV-2,P*E^2,"SWAN(w=10,k=1.0)",SWAN,-0.04845271775710505,0.0,0.0,0.0,0.0,33
SARS-CoV-2,P*E^2,"SWAN(w=10,k=1.5)",SWAN,0.0,0.0,0.0,0.0,0.0,0
SARS-CoV-2,P*E^2,"SWAN(w=10,k=2.0)",SWAN,0.0,0.0,0.0,0.0,0.0,0
SARS-CoV-2,P*E^2,"SWAN(w=20,k=1.0)",SWAN,0.0,0.0,0.0,0.0,0.0,0
SARS-CoV-2,P*E^2,"SWAN(w=20,k=1.5)",SWAN,0.0,0.0,0.0,0.0,0.0,0
SARS-CoV-2,P*E^2,"SWAN(w=20,k=2.0)",SWAN,0.0,0.0,0.0,0.0,0.0,0
SARS-CoV-2,P*E^2,"SWAN(w=50,k=1.0)",SWAN,0.0,0.0,0.0,0.0,0.0,0
SARS-CoV-2,P*E^2,"SWAN(w=50,k=1.5)",SWAN,0.0,0.0,0.0,0.0,0.0,0
SARS-CoV-2,P*E^2,"SWAN(w=50,k=2.0)",SWAN,0.0,0.0,0.0,0.0,0.0,0
SARS-CoV-2,P*E^2,MutClust-Orig(g=10),MutClust-Orig,0.1087452587755344,0.1810344827586207,0.10157194679564692,0.8316831683168316,1.2661295150071235,827
SARS-CoV-2,rank(P*E),Wavelet(t=1.0),Wavelet,0.1475221894987303,0.2046632124352332,0.11773472429210134,0.7821782178217822,1.4676041374629267,671
SARS-CoV-2,rank(P*E),Wavelet(t=1.5),Wavelet,-0.0246589824293055,0.08888888888888889,0.06542056074766354,0.13861386138613863,0.8154899602109743,214
SARS-CoV-2,rank(P*E),Wavelet(t=2.0),Wavelet,-0.05418445274393945,0.0,0.0,0.0,0.0,41
SARS-CoV-2,rank(P*E),KDE(p=75),KDE,-0.04908030147735545,0.08653846153846154,0.05714285714285714,0.1782178217821782,0.7123055162659123,315
SARS-CoV-2,rank(P*E),KDE(p=80),KDE,-0.01619474936119068,0.10198300283286119,0.07142857142857142,0.1782178217821782,0.8903818953323903,252
SARS-CoV-2,rank(P*E),KDE(p=85),KDE,0.023232463241829933,0.12413793103448276,0.09523809523809523,0.1782178217821782,1.1871758604431872,189
SARS-CoV-2,rank(P*E),SlidingTest(p=0.01),SlidingTest,-0.10608029963195473,0.06654343807763402,0.04090909090909091,0.1782178217821782,0.50994599459946,440
SARS-CoV-2,rank(P*E),SlidingTest(p=0.05),SlidingTest,-0.11664179276914638,0.08157524613220815,0.047540983606557376,0.2871287128712871,0.5926148352540173,610
SARS-CoV-2,rank(P*E),GradPeak(p=0.2),GradPeak,-0.0182803250554296,0.1319796954314721,0.07569141193595343,0.5148514851485149,0.9435196794788651,687
SARS-CoV-2,rank(P*E),GradPeak(p=0.5),GradPeak,0.045312708958395446,0.15738963531669867,0.09761904761904762,0.40594059405940597,1.216855256954267,420
SARS-CoV-2,rank(P*E),LocalContrast(z=1.0),LocalContrast,0.05024895799255299,0.15151515151515152,0.1091703056768559,0.24752475247524752,1.3608456915560554,229
SARS-CoV-2,rank(P*E),LocalContrast(z=1.5),LocalContrast,0.13030216531121028,0.1935483870967742,0.21176470588235294,0.1782178217821782,2.6397204426324987,85
SARS-CoV-2,rank(P*E),LocalContrast(z=2.0),LocalContrast,0.14789734854174233,0.17808219178082194,0.28888888888888886,0.12871287128712872,3.601100110011001,45
SARS-CoV-2,rank(P*E),"CUSUM(d=0.3,h=3.0)",CUSUM,0.02208275543851679,0.14929785661492978,0.08067092651757188,1.0,1.005591054313099,1252
SARS-CoV-2,rank(P*E),"CUSUM(d=0.5,h=4.0)",CUSUM,-0.19777742388159628,0.05188067444876783,0.029850746268656716,0.19801980198019803,0.37209989655681985,670
SARS-CoV-2,rank(P*E),"CUSUM(d=0.5,h=5.0)",CUSUM,-0.2340594202334826,0.022889842632331903,0.013377926421404682,0.07920792079207921,0.1667604887579059,598
SARS-CoV-2,rank(P*E),AdaptiveKnee,AdaptiveKnee,0.0,0.0,0.0,0.0,0.0,0
SARS-CoV-2,rank(P*E),ScoreDBSCAN(ep=8),ScoreDBSCAN,0.2653923855747802,0.22580645161290322,0.6086956521739131,0.13861386138613863,7.587602238484719,23
SARS-CoV-2,rank(P*E),ScoreDBSCAN(ep=15),ScoreDBSCAN,0.19221395393241178,0.12500000000000003,0.6363636363636364,0.06930693069306931,7.932493249324933,11
SARS-CoV-2,rank(P*E),Spectral(z=1.5),Spectral,0.028308721053812776,0.07894736842105263,0.11764705882352941,0.0594059405940594,1.4665113570180548,51
SARS-CoV-2,rank(P*E),Spectral(z=2.0),Spectral,0.032636692821463476,0.04958677685950413,0.15,0.0297029702970297,1.86980198019802,20
SARS-CoV-2,rank(P*E),Bayes(prior=0.1),Bayes,-0.07691153245818666,0.10386151797603195,0.06,0.38613861386138615,0.7479207920792079,650
SARS-CoV-2,rank(P*E),Bayes(prior=0.15),Bayes,-0.1118637260019808,0.09477521263669503,0.054016620498614956,0.38613861386138615,0.6733358931461013,722
SARS-CoV-2,rank(P*E),Ensemble(v>=2),Ensemble,0.1513619687889329,0.21649484536082472,0.22580645161290322,0.2079207920792079,2.8147556691152986,93
SARS-CoV-2,rank(P*E),Ensemble(v>=3),Ensemble,-0.0008280665435248457,0.04316546762589928,0.07894736842105263,0.0297029702970297,0.9841063053673789,38
SARS-CoV-2,rank(P*E),AdaptWin(s=90),AdaptWin,0.07591513380292692,0.17635270541082165,0.11055276381909548,0.43564356435643564,1.378078511368725,398
SARS-CoV-2,rank(P*E),AdaptWin(s=85),AdaptWin,-0.06759117610490044,0.11180124223602485,0.06392045454545454,0.44554455445544555,0.7967906165616562,704
SARS-CoV-2,rank(P*E),FreqThresh(p=80),FreqThresh,0.045347462638329145,0.1518324607329843,0.10320284697508897,0.2871287128712871,1.2864592509072972,281
SARS-CoV-2,rank(P*E),FreqThresh(p=85),FreqThresh,0.0743895903521565,0.1627906976744186,0.1337579617834395,0.2079207920792079,1.6673393453995082,157
SARS-CoV-2,rank(P*E),FreqThresh(p=90),FreqThresh,0.1513619687889329,0.21649484536082472,0.22580645161290322,0.2079207920792079,2.8147556691152986,93
SARS-CoV-2,rank(P*E),FreqThresh(p=95),FreqThresh,-0.030166092762019626,0.0,0.0,0.0,0.0,13
SARS-CoV-2,rank(P*E),"SWAN(w=10,k=1.0)",SWAN,-0.057511530153451146,0.0,0.0,0.0,0.0,46
SARS-CoV-2,rank(P*E),"SWAN(w=10,k=1.5)",SWAN,0.0,0.0,0.0,0.0,0.0,0
SARS-CoV-2,rank(P*E),"SWAN(w=10,k=2.0)",SWAN,0.0,0.0,0.0,0.0,0.0,0
SARS-CoV-2,rank(P*E),"SWAN(w=20,k=1.0)",SWAN,0.0,0.0,0.0,0.0,0.0,0
SARS-CoV-2,rank(P*E),"SWAN(w=20,k=1.5)",SWAN,0.0,0.0,0.0,0.0,0.0,0
SARS-CoV-2,rank(P*E),"SWAN(w=20,k=2.0)",SWAN,0.0,0.0,0.0,0.0,0.0,0
SARS-CoV-2,rank(P*E),"SWAN(w=50,k=1.0)",SWAN,0.0,0.0,0.0,0.0,0.0,0
SARS-CoV-2,rank(P*E),"SWAN(w=50,k=1.5)",SWAN,0.0,0.0,0.0,0.0,0.0,0
SARS-CoV-2,rank(P*E),"SWAN(w=50,k=2.0)",SWAN,0.0,0.0,0.0,0.0,0.0,0
SARS-CoV-2,rank(P*E),MutClust-Orig(g=10),MutClust-Orig,0.04920144087540808,0.15233785822021115,0.08244897959183674,1.0,1.0277551020408164,1225
H3N2,E*rare,Wavelet(t=1.0),Wavelet,0.21496537683041084,0.226890756302521,0.1330049261083744,0.7714285714285715,2.0520760028149194,203
H3N2,E*rare,Wavelet(t=1.5),Wavelet,0.22645069641702842,0.27586206896551724,0.19753086419753085,0.45714285714285713,3.0476190476190474,81
H3N2,E*rare,Wavelet(t=2.0),Wavelet,-0.0457407985351862,0.026666666666666665,0.025,0.02857142857142857,0.38571428571428573,40
H3N2,E*rare,KDE(p=75),KDE,0.2996461845684837,0.30588235294117644,0.1925925925925926,0.7428571428571429,2.9714285714285715,135
H3N2,E*rare,KDE(p=80),KDE,0.18804435361115035,0.2377622377622378,0.1574074074074074,0.4857142857142857,2.428571428571429,108
H3N2,E*rare,KDE(p=85),KDE,0.1421899721688318,0.20689655172413793,0.14814814814814814,0.34285714285714286,2.2857142857142856,81
H3N2,E*rare,SlidingTest(p=0.01),SlidingTest,0.0,0.0,0.0,0.0,0.0,0
H3N2,E*rare,SlidingTest(p=0.05),SlidingTest,0.0,0.0,0.0,0.0,0.0,0
H3N2,E*rare,GradPeak(p=0.2),GradPeak,0.04561906000348238,0.13471502590673573,0.08227848101265822,0.37142857142857144,1.2694394213381555,158
H3N2,E*rare,GradPeak(p=0.5),GradPeak,0.011339501179510878,0.111731843575419,0.06944444444444445,0.2857142857142857,1.0714285714285716,144
H3N2,E*rare,LocalContrast(z=1.0),LocalContrast,0.13598824765352202,0.17543859649122806,0.22727272727272727,0.14285714285714285,3.5064935064935066,22
H3N2,E*rare,LocalContrast(z=1.5),LocalContrast,-0.04134801847606902,0.0,0.0,0.0,0.0,13
H3N2,E*rare,LocalContrast(z=2.0),LocalContrast,-0.036161829843152034,0.0,0.0,0.0,0.0,10
H3N2,E*rare,"CUSUM(d=0.3,h=3.0)",CUSUM,0.17320265037326632,0.231404958677686,0.16279069767441862,0.4,2.5116279069767447,86
H3N2,E*rare,"CUSUM(d=0.5,h=4.0)",CUSUM,0.12097887418611916,0.16666666666666666,0.2,0.14285714285714285,3.085714285714286,25
H3N2,E*rare,"CUSUM(d=0.5,h=5.0)",CUSUM,0.12484159984869032,0.15384615384615385,0.23529411764705882,0.11428571428571428,3.630252100840336,17
H3N2,E*rare,AdaptiveKnee,AdaptiveKnee,-0.04449941594899848,0.0,0.0,0.0,0.0,15
H3N2,E*rare,ScoreDBSCAN(ep=8),ScoreDBSCAN,-0.01967713284359592,0.0,0.0,0.0,0.0,3
H3N2,E*rare,ScoreDBSCAN(ep=15),ScoreDBSCAN,-0.01967713284359592,0.0,0.0,0.0,0.0,3
H3N2,E*rare,Spectral(z=1.5),Spectral,0.043140333383917484,0.0967741935483871,0.1111111111111111,0.08571428571428572,1.7142857142857142,27
H3N2,E*rare,Spectral(z=2.0),Spectral,-0.037962677861840766,0.0,0.0,0.0,0.0,11
H3N2,E*rare,Bayes(prior=0.1),Bayes,0.056413306083345105,0.13986013986013987,0.09259259259259259,0.2857142857142857,1.4285714285714286,108
H3N2,E*rare,Bayes(prior=0.15),Bayes,0.05084533444305469,0.1360544217687075,0.08928571428571429,0.2857142857142857,1.3775510204081634,112
H3N2,E*rare,Ensemble(v>=2),Ensemble,-0.027905726264498,0.0,0.0,0.0,0.0,6
H3N2,E*rare,Ensemble(v>=3),Ensemble,-0.027905726264498,0.0,0.0,0.0,0.0,6
H3N2,E*rare,AdaptWin(s=90),AdaptWin,0.1941324588993368,0.2526315789473684,0.2,0.34285714285714286,3.085714285714286,60
H3N2,E*rare,AdaptWin(s=85),AdaptWin,0.1832302710445628,0.23076923076923078,0.1487603305785124,0.5142857142857142,2.295159386068477,121
H3N2,E*rare,FreqThresh(p=80),FreqThresh,0.062168879837590334,0.14388489208633093,0.09615384615384616,0.2857142857142857,1.4835164835164836,104
H3N2,E*rare,FreqThresh(p=85),FreqThresh,0.060561110135380174,0.13333333333333333,0.10909090909090909,0.17142857142857143,1.6831168831168832,55
H3N2,E*rare,FreqThresh(p=90),FreqThresh,-0.04746373923959792,0.0,0.0,0.0,0.0,17
H3N2,E*rare,FreqThresh(p=95),FreqThresh,-0.027905726264498,0.0,0.0,0.0,0.0,6
H3N2,E*rare,"SWAN(w=10,k=1.0)",SWAN,-0.052955893679949455,0.0,0.0,0.0,0.0,21
H3N2,E*rare,"SWAN(w=10,k=1.5)",SWAN,0.0,0.0,0.0,0.0,0.0,0
H3N2,E*rare,"SWAN(w=10,k=2.0)",SWAN,0.0,0.0,0.0,0.0,0.0,0
H3N2,E*rare,"SWAN(w=20,k=1.0)",SWAN,0.0,0.0,0.0,0.0,0.0,0
H3N2,E*rare,"SWAN(w=20,k=1.5)",SWAN,0.0,0.0,0.0,0.0,0.0,0
H3N2,E*rare,"SWAN(w=20,k=2.0)",SWAN,0.0,0.0,0.0,0.0,0.0,0
H3N2,E*rare,"SWAN(w=50,k=1.0)",SWAN,0.0,0.0,0.0,0.0,0.0,0
H3N2,E*rare,"SWAN(w=50,k=1.5)",SWAN,0.0,0.0,0.0,0.0,0.0,0
H3N2,E*rare,"SWAN(w=50,k=2.0)",SWAN,0.0,0.0,0.0,0.0,0.0,0
H3N2,E*rare,MutClust-Orig(g=10),MutClust-Orig,0.047093110487956405,0.136,0.07906976744186046,0.4857142857142857,1.2199335548172758,215
H3N2,P*E*rare,Wavelet(t=1.0),Wavelet,0.22616158132047368,0.23580786026200873,0.13917525773195877,0.7714285714285715,2.147275405007364,194
H3N2,P*E*rare,Wavelet(t=1.5),Wavelet,0.04000574134119273,0.12280701754385966,0.08860759493670886,0.2,1.3670886075949369,79
H3N2,P*E*rare,Wavelet(t=2.0),Wavelet,-0.034216961176062995,0.02985074626865672,0.03125,0.02857142857142857,0.48214285714285715,32
H3N2,P*E*rare,KDE(p=75),KDE,0.17805063141025843,0.2235294117647059,0.14074074074074075,0.5428571428571428,2.1714285714285717,135
H3N2,P*E*rare,KDE(p=80),KDE,0.11282661216669021,0.1818181818181818,0.12037037037037036,0.37142857142857144,1.8571428571428572,108
H3N2,P*E*rare,KDE(p=85),KDE,-0.026331476327561443,0.06896551724137931,0.04938271604938271,0.11428571428571428,0.7619047619047619,81
H3N2,P*E*rare,SlidingTest(p=0.01),SlidingTest,0.0,0.0,0.0,0.0,0.0,0
H3N2,P*E*rare,SlidingTest(p=0.05),SlidingTest,0.0,0.0,0.0,0.0,0.0,0
H3N2,P*E*rare,GradPeak(p=0.2),GradPeak,0.018202983469434917,0.11560693641618498,0.07246376811594203,0.2857142857142857,1.1180124223602486,138
H3N2,P*E*rare,GradPeak(p=0.5),GradPeak,0.024085381872266647,0.11904761904761904,0.07518796992481203,0.2857142857142857,1.1600429645542427,133
H3N2,P*E*rare,LocalContrast(z=1.0),LocalContrast,0.10586910225191298,0.12500000000000003,0.23076923076923078,0.08571428571428572,3.5604395604395607,13
H3N2,P*E*rare,LocalContrast(z=1.5),LocalContrast,0.10586910225191298,0.12500000000000003,0.23076923076923078,0.08571428571428572,3.5604395604395607,13
H3N2,P*E*rare,LocalContrast(z=2.0),LocalContrast,-0.03427380545782007,0.0,0.0,0.0,0.0,9
H3N2,P*E*rare,"CUSUM(d=0.3,h=3.0)",CUSUM,0.18203439984442912,0.2393162393162393,0.17073170731707318,0.4,2.634146341463415,82
H3N2,P*E*rare,"CUSUM(d=0.5,h=4.0)",CUSUM,0.09670592366364925,0.1515151515151515,0.16129032258064516,0.14285714285714285,2.488479262672811,31
H3N2,P*E*rare,"CUSUM(d=0.5,h=5.0)",CUSUM,0.06785649863118937,0.10909090909090909,0.15,0.08571428571428572,2.3142857142857145,20
H3N2,P*E*rare,AdaptiveKnee,AdaptiveKnee,-0.03427380545782007,0.0,0.0,0.0,0.0,9
H3N2,P*E*rare,ScoreDBSCAN(ep=8),ScoreDBSCAN,-0.01967713284359592,0.0,0.0,0.0,0.0,3
H3N2,P*E*rare,ScoreDBSCAN(ep=15),ScoreDBSCAN,-0.01967713284359592,0.0,0.0,0.0,0.0,3
H3N2,P*E*rare,Spectral(z=1.5),Spectral,-0.05677656357838739,0.0,0.0,0.0,0.0,24
H3N2,P*E*rare,Spectral(z=2.0),Spectral,-0.039688254128288074,0.0,0.0,0.0,0.0,12
H3N2,P*E*rare,Bayes(prior=0.1),Bayes,0.14193570667826552,0.20270270270270271,0.13274336283185842,0.42857142857142855,2.0480404551201015,113
H3N2,P*E*rare,Bayes(prior=0.15),Bayes,0.13541279261433936,0.19736842105263155,0.1282051282051282,0.42857142857142855,1.9780219780219779,117
H3N2,P*E*rare,Ensemble(v>=2),Ensemble,-0.027905726264498,0.0,0.0,0.0,0.0,6
H3N2,P*E*rare,Ensemble(v>=3),Ensemble,-0.027905726264498,0.0,0.0,0.0,0.0,6
H3N2,P*E*rare,AdaptWin(s=90),AdaptWin,0.1895127963416043,0.24761904761904763,0.18571428571428572,0.37142857142857144,2.8653061224489798,70
H3N2,P*E*rare,AdaptWin(s=85),AdaptWin,0.17817429806929896,0.22641509433962267,0.14516129032258066,0.5142857142857142,2.2396313364055302,124
H3N2,P*E*rare,FreqThresh(p=80),FreqThresh,0.1487028290442737,0.20833333333333334,0.13761467889908258,0.42857142857142855,2.123197903014417,109
H3N2,P*E*rare,FreqThresh(p=85),FreqThresh,0.05643891380969247,0.13043478260869565,0.10526315789473684,0.17142857142857143,1.6240601503759398,57
H3N2,P*E*rare,FreqThresh(p=90),FreqThresh,0.06376321892075547,0.10714285714285714,0.14285714285714285,0.08571428571428572,2.204081632653061,21
H3N2,P*E*rare,FreqThresh(p=95),FreqThresh,-0.027905726264498,0.0,0.0,0.0,0.0,6
H3N2,P*E*rare,"SWAN(w=10,k=1.0)",SWAN,-0.052955893679949455,0.0,0.0,0.0,0.0,21
H3N2,P*E*rare,"SWAN(w=10,k=1.5)",SWAN,0.0,0.0,0.0,0.0,0.0,0
H3N2,P*E*rare,"SWAN(w=10,k=2.0)",SWAN,0.0,0.0,0.0,0.0,0.0,0
H3N2,P*E*rare,"SWAN(w=20,k=1.0)",SWAN,0.0,0.0,0.0,0.0,0.0,0
H3N2,P*E*rare,"SWAN(w=20,k=1.5)",SWAN,0.0,0.0,0.0,0.0,0.0,0
H3N2,P*E*rare,"SWAN(w=20,k=2.0)",SWAN,0.0,0.0,0.0,0.0,0.0,0
H3N2,P*E*rare,"SWAN(w=50,k=1.0)",SWAN,0.0,0.0,0.0,0.0,0.0,0
H3N2,P*E*rare,"SWAN(w=50,k=1.5)",SWAN,0.0,0.0,0.0,0.0,0.0,0
H3N2,P*E*rare,"SWAN(w=50,k=2.0)",SWAN,0.0,0.0,0.0,0.0,0.0,0
H3N2,P*E*rare,MutClust-Orig(g=10),MutClust-Orig,0.03319343975931103,0.12745098039215688,0.07692307692307693,0.37142857142857144,1.186813186813187,169
H3N2,minority_E,Wavelet(t=1.0),Wavelet,0.22633663510771576,0.21985815602836878,0.12550607287449392,0.8857142857142857,1.9363794100636205,247
H3N2,minority_E,Wavelet(t=1.5),Wavelet,0.3191854546747002,0.325,0.208,0.7428571428571429,3.209142857142857,125
H3N2,minority_E,Wavelet(t=2.0),Wavelet,0.3652960735622376,0.40579710144927533,0.4117647058823529,0.4,6.352941176470588,34
H3N2,minority_E,KDE(p=75),KDE,0.03908428494371526,0.12941176470588237,0.08148148148148149,0.3142857142857143,1.2571428571428573,135
H3N2,minority_E,KDE(p=80),KDE,0.07521774144446014,0.15384615384615385,0.10185185185185185,0.3142857142857143,1.5714285714285714,108
H3N2,minority_E,KDE(p=85),KDE,-0.005266295265512289,0.08620689655172414,0.06172839506172839,0.14285714285714285,0.9523809523809523,81
H3N2,minority_E,SlidingTest(p=0.01),SlidingTest,-0.030575368340879625,0.09361702127659575,0.055,0.3142857142857143,0.8485714285714286,200
H3N2,minority_E,SlidingTest(p=0.05),SlidingTest,-0.09292377469343087,0.07333333333333333,0.04150943396226415,0.3142857142857143,0.6404312668463612,265
H3N2,minority_E,GradPeak(p=0.2),GradPeak,-0.08144541853636975,0.0703125,0.04072398190045249,0.2571428571428571,0.6283128636069814,221
H3N2,minority_E,GradPeak(p=0.5),GradPeak,-0.02372928713161403,0.08888888888888889,0.05517241379310345,0.22857142857142856,0.8512315270935961,145
H3N2,minority_E,LocalContrast(z=1.0),LocalContrast,-0.01986926288031779,0.06382978723404256,0.05084745762711865,0.08571428571428572,0.7845036319612592,59
H3N2,minority_E,LocalContrast(z=1.5),LocalContrast,0.0,0.0,0.0,0.0,0.0,0
H3N2,minority_E,LocalContrast(z=2.0),LocalContrast,0.0,0.0,0.0,0.0,0.0,0
H3N2,minority_E,"CUSUM(d=0.3,h=3.0)",CUSUM,0.08079164253227519,0.1498371335504886,0.08455882352941177,0.6571428571428571,1.304621848739496,272
H3N2,minority_E,"CUSUM(d=0.5,h=4.0)",CUSUM,0.12622245242611924,0.1925925925925926,0.13,0.37142857142857144,2.005714285714286,100
H3N2,minority_E,"CUSUM(d=0.5,h=5.0)",CUSUM,0.11529739076701809,0.18487394957983194,0.13095238095238096,0.3142857142857143,2.0204081632653064,84
H3N2,minority_E,AdaptiveKnee,AdaptiveKnee,0.022742381157094062,0.12259194395796846,0.06529850746268656,1.0,1.007462686567164,536
H3N2,minority_E,ScoreDBSCAN(ep=8),ScoreDBSCAN,0.0,0.1217391304347826,0.06481481481481481,1.0,1.0,540
H3N2,minority_E,ScoreDBSCAN(ep=15),ScoreDBSCAN,0.0,0.1217391304347826,0.06481481481481481,1.0,1.0,540
H3N2,minority_E,Spectral(z=1.5),Spectral,0.11339501179510877,0.1276595744680851,0.25,0.08571428571428572,3.857142857142857,12
H3N2,minority_E,Spectral(z=2.0),Spectral,0.0,0.0,0.0,0.0,0.0,0
H3N2,minority_E,Bayes(prior=0.1),Bayes,0.0,0.0,0.0,0.0,0.0,0
H3N2,minority_E,Bayes(prior=0.15),Bayes,-0.08520630333775861,0.07534246575342465,0.042801556420233464,0.3142857142857143,0.6603668704836021,257
H3N2,minority_E,Ensemble(v>=2),Ensemble,0.045652109667035805,0.11764705882352941,0.1,0.14285714285714285,1.542857142857143,50
H3N2,minority_E,Ensemble(v>=3),Ensemble,0.10586910225191298,0.12500000000000003,0.23076923076923078,0.08571428571428572,3.5604395604395607,13
H3N2,minority_E,AdaptWin(s=90),AdaptWin,-0.0975537949483129,0.08673469387755102,0.047619047619047616,0.4857142857142857,0.7346938775510204,357
H3N2,minority_E,AdaptWin(s=85),AdaptWin,-0.1700298832150148,0.07623318385650224,0.0413625304136253,0.4857142857142857,0.6381647549530761,411
H3N2,minority_E,FreqThresh(p=80),FreqThresh,0.05038790205125396,0.13664596273291924,0.0873015873015873,0.3142857142857143,1.346938775510204,126
H3N2,minority_E,FreqThresh(p=85),FreqThresh,0.08124342251503282,0.15827338129496402,0.10576923076923077,0.3142857142857143,1.6318681318681318,104
H3N2,minority_E,FreqThresh(p=90),FreqThresh,0.045652109667035805,0.11764705882352941,0.1,0.14285714285714285,1.542857142857143,50
H3N2,minority_E,FreqThresh(p=95),FreqThresh,0.10586910225191298,0.12500000000000003,0.23076923076923078,0.08571428571428572,3.5604395604395607,13
H3N2,minority_E,"SWAN(w=10,k=1.0)",SWAN,0.0,0.0,0.0,0.0,0.0,0
H3N2,minority_E,"SWAN(w=10,k=1.5)",SWAN,0.0,0.0,0.0,0.0,0.0,0
H3N2,minority_E,"SWAN(w=10,k=2.0)",SWAN,0.0,0.0,0.0,0.0,0.0,0
H3N2,minority_E,"SWAN(w=20,k=1.0)",SWAN,0.0,0.0,0.0,0.0,0.0,0
H3N2,minority_E,"SWAN(w=20,k=1.5)",SWAN,0.0,0.0,0.0,0.0,0.0,0
H3N2,minority_E,"SWAN(w=20,k=2.0)",SWAN,0.0,0.0,0.0,0.0,0.0,0
H3N2,minority_E,"SWAN(w=50,k=1.0)",SWAN,0.0,0.0,0.0,0.0,0.0,0
H3N2,minority_E,"SWAN(w=50,k=1.5)",SWAN,0.0,0.0,0.0,0.0,0.0,0
H3N2,minority_E,"SWAN(w=50,k=2.0)",SWAN,0.0,0.0,0.0,0.0,0.0,0
H3N2,minority_E,MutClust-Orig(g=10),MutClust-Orig,0.0,0.1217391304347826,0.06481481481481481,1.0,1.0,540
H3N2,P*minority_E,Wavelet(t=1.0),Wavelet,0.08328601906349191,0.15,0.08421052631578947,0.6857142857142857,1.299248120300752,285
H3N2,P*minority_E,Wavelet(t=1.5),Wavelet,-0.07346837697151735,0.033057851239669415,0.023255813953488372,0.05714285714285714,0.3588039867109635,86
H3N2,P*minority_E,Wavelet(t=2.0),Wavelet,-0.06496961434988201,0.0,0.0,0.0,0.0,31
H3N2,P*minority_E,KDE(p=75),KDE,0.19542142471857632,0.23529411764705882,0.14814814814814814,0.5714285714285714,2.2857142857142856,135
H3N2,P*minority_E,KDE(p=80),KDE,0.09402217680557517,0.1678321678321678,0.1111111111111111,0.34285714285714286,1.7142857142857142,108
H3N2,P*minority_E,KDE(p=85),KDE,-0.005266295265512289,0.08620689655172414,0.06172839506172839,0.14285714285714285,0.9523809523809523,81
H3N2,P*minority_E,SlidingTest(p=0.01),SlidingTest,0.0,0.0,0.0,0.0,0.0,0
H3N2,P*minority_E,SlidingTest(p=0.05),SlidingTest,0.0,0.0,0.0,0.0,0.0,0
H3N2,P*minority_E,GradPeak(p=0.2),GradPeak,0.06679549189262157,0.1477832512315271,0.08928571428571429,0.42857142857142855,1.3775510204081634,168
H3N2,P*minority_E,GradPeak(p=0.5),GradPeak,0.018202983469434917,0.11560693641618498,0.07246376811594203,0.2857142857142857,1.1180124223602486,138
H3N2,P*minority_E,LocalContrast(z=1.0),LocalContrast,-0.052955893679949455,0.0,0.0,0.0,0.0,21
H3N2,P*minority_E,LocalContrast(z=1.5),LocalContrast,-0.048886543770550774,0.0,0.0,0.0,0.0,18
H3N2,P*minority_E,LocalContrast(z=2.0),LocalContrast,-0.027905726264498,0.0,0.0,0.0,0.0,6
H3N2,P*minority_E,"CUSUM(d=0.3,h=3.0)",CUSUM,0.10201502804455703,0.17307692307692307,0.13043478260869565,0.2571428571428571,2.0124223602484475,69
H3N2,P*minority_E,"CUSUM(d=0.5,h=4.0)",CUSUM,-0.04746373923959792,0.0,0.0,0.0,0.0,17
H3N2,P*minority_E,"CUSUM(d=0.5,h=5.0)",CUSUM,-0.03427380545782007,0.0,0.0,0.0,0.0,9
H3N2,P*minority_E,AdaptiveKnee,AdaptiveKnee,0.11339501179510877,0.1276595744680851,0.25,0.08571428571428572,3.857142857142857,12
H3N2,P*minority_E,ScoreDBSCAN(ep=8),ScoreDBSCAN,-0.01967713284359592,0.0,0.0,0.0,0.0,3
H3N2,P*minority_E,ScoreDBSCAN(ep=15),ScoreDBSCAN,-0.01967713284359592,0.0,0.0,0.0,0.0,3
H3N2,P*minority_E,Spectral(z=1.5),Spectral,-0.07035975447302918,0.0,0.0,0.0,0.0,36
H3N2,P*minority_E,Spectral(z=2.0),Spectral,-0.04449941594899848,0.0,0.0,0.0,0.0,15
H3N2,P*minority_E,Bayes(prior=0.1),Bayes,0.17320265037326632,0.231404958677686,0.16279069767441862,0.4,2.5116279069767447,86
H3N2,P*minority_E,Bayes(prior=0.15),Bayes,0.15881744637139536,0.21875,0.15053763440860216,0.4,2.3225806451612905,93
H3N2,P*minority_E,Ensemble(v>=2),Ensemble,-0.03427380545782007,0.0,0.0,0.0,0.0,9
H3N2,P*minority_E,Ensemble(v>=3),Ensemble,-0.027905726264498,0.0,0.0,0.0,0.0,6
H3N2,P*minority_E,AdaptWin(s=90),AdaptWin,0.1941324588993368,0.2526315789473684,0.2,0.34285714285714286,3.085714285714286,60
H3N2,P*minority_E,AdaptWin(s=85),AdaptWin,-0.028826837895642866,0.10526315789473684,0.05863192182410423,0.5142857142857142,0.9046067938576082,307
H3N2,P*minority_E,FreqThresh(p=80),FreqThresh,0.15301798460482813,0.21374045801526717,0.14583333333333334,0.4,2.2500000000000004,96
H3N2,P*minority_E,FreqThresh(p=85),FreqThresh,0.045652109667035805,0.11764705882352941,0.1,0.14285714285714285,1.542857142857143,50
H3N2,P*minority_E,FreqThresh(p=90),FreqThresh,0.1679179346207624,0.1923076923076923,0.29411764705882354,0.14285714285714285,4.537815126050421,17
H3N2,P*minority_E,FreqThresh(p=95),FreqThresh,-0.027905726264498,0.0,0.0,0.0,0.0,6
H3N2,P*minority_E,"SWAN(w=10,k=1.0)",SWAN,-0.037962677861840766,0.0,0.0,0.0,0.0,11
H3N2,P*minority_E,"SWAN(w=10,k=1.5)",SWAN,0.0,0.0,0.0,0.0,0.0,0
H3N2,P*minority_E,"SWAN(w=10,k=2.0)",SWAN,0.0,0.0,0.0,0.0,0.0,0
H3N2,P*minority_E,"SWAN(w=20,k=1.0)",SWAN,0.0,0.0,0.0,0.0,0.0,0
H3N2,P*minority_E,"SWAN(w=20,k=1.5)",SWAN,0.0,0.0,0.0,0.0,0.0,0
H3N2,P*minority_E,"SWAN(w=20,k=2.0)",SWAN,0.0,0.0,0.0,0.0,0.0,0
H3N2,P*minority_E,"SWAN(w=50,k=1.0)",SWAN,0.0,0.0,0.0,0.0,0.0,0
H3N2,P*minority_E,"SWAN(w=50,k=1.5)",SWAN,0.0,0.0,0.0,0.0,0.0,0
H3N2,P*minority_E,"SWAN(w=50,k=2.0)",SWAN,0.0,0.0,0.0,0.0,0.0,0
H3N2,P*minority_E,MutClust-Orig(g=10),MutClust-Orig,0.10325988922137513,0.13916500994035785,0.07478632478632478,1.0,1.153846153846154,468
H3N2,P*E,Wavelet(t=1.0),Wavelet,0.06477483148031148,0.14285714285714285,0.08058608058608059,0.6285714285714286,1.2433281004709578,273
H3N2,P*E,Wavelet(t=1.5),Wavelet,-0.06328657449469881,0.036036036036036036,0.02631578947368421,0.05714285714285714,0.40601503759398494,76
H3N2,P*E,Wavelet(t=2.0),Wavelet,-0.06385043677268701,0.0,0.0,0.0,0.0,30
H3N2,P*E,KDE(p=75),KDE,0.16067983810194053,0.21176470588235294,0.13333333333333333,0.5142857142857142,2.0571428571428574,135
H3N2,P*E,KDE(p=80),KDE,0.13163104752780524,0.19580419580419578,0.12962962962962962,0.4,2.0,108
H3N2,P*E,KDE(p=85),KDE,0.015798885796536866,0.10344827586206896,0.07407407407407407,0.17142857142857143,1.1428571428571428,81
H3N2,P*E,SlidingTest(p=0.01),SlidingTest,0.0,0.0,0.0,0.0,0.0,0
H3N2,P*E,SlidingTest(p=0.05),SlidingTest,0.0,0.0,0.0,0.0,0.0,0
H3N2,P*E,GradPeak(p=0.2),GradPeak,-0.01029872257400438,0.10050251256281408,0.06097560975609756,0.2857142857142857,0.9407665505226481,164
H3N2,P*E,GradPeak(p=0.5),GradPeak,-0.0407012275966095,0.07777777777777778,0.04827586206896552,0.2,0.7448275862068966,145
H3N2,P*E,LocalContrast(z=1.0),LocalContrast,0.07219847065571125,0.11111111111111112,0.15789473684210525,0.08571428571428572,2.43609022556391,19
H3N2,P*E,LocalContrast(z=1.5),LocalContrast,-0.04134801847606902,0.0,0.0,0.0,0.0,13
H3N2,P*E,LocalContrast(z=2.0),LocalContrast,-0.03427380545782007,0.0,0.0,0.0,0.0,9
H3N2,P*E,"CUSUM(d=0.3,h=3.0)",CUSUM,0.09194695001023372,0.1651376146788991,0.12162162162162163,0.2571428571428571,1.8764478764478767,74
H3N2,P*E,"CUSUM(d=0.5,h=4.0)",CUSUM,-0.04600263208303414,0.0,0.0,0.0,0.0,16
H3N2,P*E,"CUSUM(d=0.5,h=5.0)",CUSUM,-0.032283269414765066,0.0,0.0,0.0,0.0,8
H3N2,P*E,AdaptiveKnee,AdaptiveKnee,0.1891111381616824,0.24691358024691357,0.21739130434782608,0.2857142857142857,3.3540372670807455,46
H3N2,P*E,ScoreDBSCAN(ep=8),ScoreDBSCAN,-0.01967713284359592,0.0,0.0,0.0,0.0,3
H3N2,P*E,ScoreDBSCAN(ep=15),ScoreDBSCAN,-0.01967713284359592,0.0,0.0,0.0,0.0,3
H3N2,P*E,Spectral(z=1.5),Spectral,-0.07035975447302918,0.0,0.0,0.0,0.0,36
H3N2,P*E,Spectral(z=2.0),Spectral,-0.04449941594899848,0.0,0.0,0.0,0.0,15
H3N2,P*E,Bayes(prior=0.1),Bayes,0.1487028290442737,0.20833333333333334,0.13761467889908258,0.42857142857142855,2.123197903014417,109
H3N2,P*E,Bayes(prior=0.15),Bayes,0.14193570667826552,0.20270270270270271,0.13274336283185842,0.42857142857142855,2.0480404551201015,113
H3N2,P*E,Ensemble(v>=2),Ensemble,-0.03427380545782007,0.0,0.0,0.0,0.0,9
H3N2,P*E,Ensemble(v>=3),Ensemble,-0.03427380545782007,0.0,0.0,0.0,0.0,9
H3N2,P*E,AdaptWin(s=90),AdaptWin,0.13789919264817696,0.20224719101123595,0.16666666666666666,0.2571428571428571,2.5714285714285716,54
H3N2,P*E,AdaptWin(s=85),AdaptWin,0.17817429806929896,0.22641509433962267,0.14516129032258066,0.5142857142857142,2.2396313364055302,124
H3N2,P*E,FreqThresh(p=80),FreqThresh,0.1487028290442737,0.20833333333333334,0.13761467889908258,0.42857142857142855,2.123197903014417,109
H3N2,P*E,FreqThresh(p=85),FreqThresh,0.16472209073076305,0.2268041237113402,0.1774193548387097,0.3142857142857143,2.7373271889400925,62
H3N2,P*E,FreqThresh(p=90),FreqThresh,0.06376321892075547,0.10714285714285714,0.14285714285714285,0.08571428571428572,2.204081632653061,21
H3N2,P*E,FreqThresh(p=95),FreqThresh,-0.027905726264498,0.0,0.0,0.0,0.0,6
H3N2,P*E,"SWAN(w=10,k=1.0)",SWAN,-0.037962677861840766,0.0,0.0,0.0,0.0,11
H3N2,P*E,"SWAN(w=10,k=1.5)",SWAN,0.0,0.0,0.0,0.0,0.0,0
H3N2,P*E,"SWAN(w=10,k=2.0)",SWAN,0.0,0.0,0.0,0.0,0.0,0
H3N2,P*E,"SWAN(w=20,k=1.0)",SWAN,0.0,0.0,0.0,0.0,0.0,0
H3N2,P*E,"SWAN(w=20,k=1.5)",SWAN,0.0,0.0,0.0,0.0,0.0,0
H3N2,P*E,"SWAN(w=20,k=2.0)",SWAN,0.0,0.0,0.0,0.0,0.0,0
H3N2,P*E,"SWAN(w=50,k=1.0)",SWAN,0.0,0.0,0.0,0.0,0.0,0
H3N2,P*E,"SWAN(w=50,k=1.5)",SWAN,0.0,0.0,0.0,0.0,0.0,0
H3N2,P*E,"SWAN(w=50,k=2.0)",SWAN,0.0,0.0,0.0,0.0,0.0,0
H3N2,P*E,MutClust-Orig(g=10),MutClust-Orig,0.09220230977046345,0.13565891472868216,0.07276507276507277,1.0,1.1226611226611227,481
H3N2,H-score,Wavelet(t=1.0),Wavelet,0.17794701932480478,0.19649122807017547,0.112,0.8,1.7280000000000002,250
H3N2,H-score,Wavelet(t=1.5),Wavelet,0.30345925513656097,0.33333333333333337,0.23076923076923078,0.6,3.5604395604395607,91
H3N2,H-score,Wavelet(t=2.0),Wavelet,-0.016205853347310912,0.03508771929824561,0.045454545454545456,0.02857142857142857,0.7012987012987013,22
H3N2,H-score,KDE(p=75),KDE,0.31701697787680155,0.3176470588235294,0.2,0.7714285714285715,3.085714285714286,135
H3N2,H-score,KDE(p=80),KDE,0.33847983650007063,0.34965034965034963,0.23148148148148148,0.7142857142857143,3.5714285714285716,108
H3N2,H-score,KDE(p=85),KDE,0.3739069638513725,0.396551724137931,0.2839506172839506,0.6571428571428571,4.380952380952381,81
H3N2,H-score,SlidingTest(p=0.01),SlidingTest,0.0,0.0,0.0,0.0,0.0,0
H3N2,H-score,SlidingTest(p=0.05),SlidingTest,0.3570475524485011,0.4,0.34,0.4857142857142857,5.245714285714286,50
H3N2,H-score,GradPeak(p=0.2),GradPeak,-0.054764853107753295,0.08196721311475409,0.04784688995215311,0.2857142857142857,0.7382091592617909,209
H3N2,H-score,GradPeak(p=0.5),GradPeak,-0.02359106089953849,0.09433962264150944,0.05649717514124294,0.2857142857142857,0.8716707021791767,177
H3N2,H-score,LocalContrast(z=1.0),LocalContrast,0.009728588097033647,0.07894736842105264,0.07317073170731707,0.08571428571428572,1.1289198606271778,41
H3N2,H-score,LocalContrast(z=1.5),LocalContrast,0.04020557398458811,0.09523809523809523,0.10714285714285714,0.08571428571428572,1.653061224489796,28
H3N2,H-score,LocalContrast(z=2.0),LocalContrast,-0.05027432773408166,0.0,0.0,0.0,0.0,19
H3N2,H-score,"CUSUM(d=0.3,h=3.0)",CUSUM,0.3592633816009574,0.3859649122807018,0.27848101265822783,0.6285714285714286,4.296564195298372,79
H3N2,H-score,"CUSUM(d=0.5,h=4.0)",CUSUM,0.1873429418730663,0.21818181818181817,0.3,0.17142857142857143,4.628571428571429,20
H3N2,H-score,"CUSUM(d=0.5,h=5.0)",CUSUM,0.18435472321727941,0.2,0.3333333333333333,0.14285714285714285,5.142857142857143,15
H3N2,H-score,AdaptiveKnee,AdaptiveKnee,0.20538551535497926,0.25862068965517243,0.18518518518518517,0.42857142857142855,2.857142857142857,81
H3N2,H-score,ScoreDBSCAN(ep=8),ScoreDBSCAN,-0.052955893679949455,0.0,0.0,0.0,0.0,21
H3N2,H-score,ScoreDBSCAN(ep=15),ScoreDBSCAN,-0.01967713284359592,0.0,0.0,0.0,0.0,3
H3N2,H-score,Spectral(z=1.5),Spectral,-0.05920978002511226,0.0,0.0,0.0,0.0,26
H3N2,H-score,Spectral(z=2.0),Spectral,-0.027905726264498,0.0,0.0,0.0,0.0,6
H3N2,H-score,Bayes(prior=0.1),Bayes,0.14193570667826552,0.20270270270270271,0.13274336283185842,0.42857142857142855,2.0480404551201015,113
H3N2,H-score,Bayes(prior=0.15),Bayes,0.12911303511161992,0.19230769230769232,0.12396694214876033,0.42857142857142855,1.912632821723731,121
H3N2,H-score,Ensemble(v>=2),Ensemble,0.043140333383917484,0.0967741935483871,0.1111111111111111,0.08571428571428572,1.7142857142857142,27
H3N2,H-score,Ensemble(v>=3),Ensemble,0.06376321892075547,0.10714285714285714,0.14285714285714285,0.08571428571428572,2.204081632653061,21
H3N2,H-score,AdaptWin(s=90),AdaptWin,0.13789919264817696,0.20224719101123595,0.16666666666666666,0.2571428571428571,2.5714285714285716,54
H3N2,H-score,AdaptWin(s=85),AdaptWin,0.17817429806929896,0.22641509433962267,0.14516129032258066,0.5142857142857142,2.2396313364055302,124
H3N2,H-score,FreqThresh(p=80),FreqThresh,0.1487028290442737,0.20833333333333334,0.13761467889908258,0.42857142857142855,2.123197903014417,109
H3N2,H-score,FreqThresh(p=85),FreqThresh,0.16472209073076305,0.2268041237113402,0.1774193548387097,0.3142857142857143,2.7373271889400925,62
H3N2,H-score,FreqThresh(p=90),FreqThresh,0.06376321892075547,0.10714285714285714,0.14285714285714285,0.08571428571428572,2.204081632653061,21
H3N2,H-score,FreqThresh(p=95),FreqThresh,-0.027905726264498,0.0,0.0,0.0,0.0,6
H3N2,H-score,"SWAN(w=10,k=1.0)",SWAN,-0.04600263208303414,0.0,0.0,0.0,0.0,16
H3N2,H-score,"SWAN(w=10,k=1.5)",SWAN,0.0,0.0,0.0,0.0,0.0,0
H3N2,H-score,"SWAN(w=10,k=2.0)",SWAN,0.0,0.0,0.0,0.0,0.0,0
H3N2,H-score,"SWAN(w=20,k=1.0)",SWAN,0.0,0.0,0.0,0.0,0.0,0
H3N2,H-score,"SWAN(w=20,k=1.5)",SWAN,0.0,0.0,0.0,0.0,0.0,0
H3N2,H-score,"SWAN(w=20,k=2.0)",SWAN,0.0,0.0,0.0,0.0,0.0,0
H3N2,H-score,"SWAN(w=50,k=1.0)",SWAN,0.0,0.0,0.0,0.0,0.0,0
H3N2,H-score,"SWAN(w=50,k=1.5)",SWAN,0.0,0.0,0.0,0.0,0.0,0
H3N2,H-score,"SWAN(w=50,k=2.0)",SWAN,0.0,0.0,0.0,0.0,0.0,0
H3N2,H-score,MutClust-Orig(g=10),MutClust-Orig,0.0,0.1217391304347826,0.06481481481481481,1.0,1.0,540
H3N2,E_only,Wavelet(t=1.0),Wavelet,0.1298238117932422,0.17161716171617164,0.09701492537313433,0.7428571428571429,1.4968017057569298,268
H3N2,E_only,Wavelet(t=1.5),Wavelet,0.03842575904577098,0.1217391304347826,0.0875,0.2,1.35,80
H3N2,E_only,Wavelet(t=2.0),Wavelet,-0.06039646673748448,0.0,0.0,0.0,0.0,27
H3N2,E_only,KDE(p=75),KDE,0.2301630113352121,0.25882352941176473,0.16296296296296298,0.6285714285714286,2.5142857142857147,135
H3N2,E_only,KDE(p=80),KDE,0.2632620950556105,0.29370629370629375,0.19444444444444445,0.6,3.0,108
H3N2,E_only,KDE(p=85),KDE,0.28964623960317587,0.32758620689655166,0.2345679012345679,0.5428571428571428,3.619047619047619,81
H3N2,E_only,SlidingTest(p=0.01),SlidingTest,0.0,0.0,0.0,0.0,0.0,0
H3N2,E_only,SlidingTest(p=0.05),SlidingTest,0.14751412745910733,0.18181818181818182,0.25,0.14285714285714285,3.857142857142857,20
H3N2,E_only,GradPeak(p=0.2),GradPeak,-0.03350296508460584,0.09243697478991597,0.054187192118226604,0.3142857142857143,0.836030964109782,203
H3N2,E_only,GradPeak(p=0.5),GradPeak,-0.00859318180565911,0.10328638497652581,0.06179775280898876,0.3142857142857143,0.9534510433386838,178
H3N2,E_only,LocalContrast(z=1.0),LocalContrast,0.027040348966525938,0.08823529411764705,0.09090909090909091,0.08571428571428572,1.4025974025974026,33
H3N2,E_only,LocalContrast(z=1.5),LocalContrast,-0.04600263208303414,0.0,0.0,0.0,0.0,16
H3N2,E_only,LocalContrast(z=2.0),LocalContrast,-0.036161829843152034,0.0,0.0,0.0,0.0,10
H3N2,E_only,"CUSUM(d=0.3,h=3.0)",CUSUM,0.1543710205132092,0.21782178217821782,0.16666666666666666,0.3142857142857143,2.5714285714285716,66
H3N2,E_only,"CUSUM(d=0.5,h=4.0)",CUSUM,0.10768531304514835,0.14545454545454545,0.2,0.11428571428571428,3.085714285714286,20
H3N2,E_only,"CUSUM(d=0.5,h=5.0)",CUSUM,0.18736701920448656,0.14634146341463414,0.5,0.08571428571428572,7.714285714285714,6
H3N2,E_only,AdaptiveKnee,AdaptiveKnee,0.1543710205132092,0.21782178217821782,0.16666666666666666,0.3142857142857143,2.5714285714285716,66
H3N2,E_only,ScoreDBSCAN(ep=8),ScoreDBSCAN,-0.01967713284359592,0.0,0.0,0.0,0.0,3
H3N2,E_only,ScoreDBSCAN(ep=15),ScoreDBSCAN,-0.027905726264498,0.0,0.0,0.0,0.0,6
H3N2,E_only,Spectral(z=1.5),Spectral,-0.06271578779966573,0.0,0.0,0.0,0.0,29
H3N2,E_only,Spectral(z=2.0),Spectral,-0.036161829843152034,0.0,0.0,0.0,0.0,10
H3N2,E_only,Bayes(prior=0.1),Bayes,0.16494979578413307,0.2222222222222222,0.15,0.42857142857142855,2.3142857142857145,100
H3N2,E_only,Bayes(prior=0.15),Bayes,0.1521852671787918,0.2112676056338028,0.14018691588785046,0.42857142857142855,2.1628838451268355,107
H3N2,E_only,Ensemble(v>=2),Ensemble,-0.03427380545782007,0.0,0.0,0.0,0.0,9
H3N2,E_only,Ensemble(v>=3),Ensemble,-0.03427380545782007,0.0,0.0,0.0,0.0,9
H3N2,E_only,AdaptWin(s=90),AdaptWin,0.22448292806722334,0.2795698924731183,0.22413793103448276,0.37142857142857144,3.4581280788177344,58
H3N2,E_only,AdaptWin(s=85),AdaptWin,0.1561624371325206,0.20809248554913293,0.13043478260869565,0.5142857142857142,2.0124223602484475,138
H3N2,E_only,FreqThresh(p=80),FreqThresh,0.1593641585545055,0.21739130434782608,0.14563106796116504,0.42857142857142855,2.246879334257975,103
H3N2,E_only,FreqThresh(p=85),FreqThresh,0.15160470292315484,0.21505376344086022,0.1724137931034483,0.2857142857142857,2.660098522167488,58
H3N2,E_only,FreqThresh(p=90),FreqThresh,0.06376321892075547,0.10714285714285714,0.14285714285714285,0.08571428571428572,2.204081632653061,21
H3N2,E_only,FreqThresh(p=95),FreqThresh,-0.027905726264498,0.0,0.0,0.0,0.0,6
H3N2,E_only,"SWAN(w=10,k=1.0)",SWAN,-0.036161829843152034,0.0,0.0,0.0,0.0,10
H3N2,E_only,"SWAN(w=10,k=1.5)",SWAN,0.0,0.0,0.0,0.0,0.0,0
H3N2,E_only,"SWAN(w=10,k=2.0)",SWAN,0.0,0.0,0.0,0.0,0.0,0
H3N2,E_only,"SWAN(w=20,k=1.0)",SWAN,0.0,0.0,0.0,0.0,0.0,0
H3N2,E_only,"SWAN(w=20,k=1.5)",SWAN,0.0,0.0,0.0,0.0,0.0,0
H3N2,E_only,"SWAN(w=20,k=2.0)",SWAN,0.0,0.0,0.0,0.0,0.0,0
H3N2,E_only,"SWAN(w=50,k=1.0)",SWAN,0.0,0.0,0.0,0.0,0.0,0
H3N2,E_only,"SWAN(w=50,k=1.5)",SWAN,0.0,0.0,0.0,0.0,0.0,0
H3N2,E_only,"SWAN(w=50,k=2.0)",SWAN,0.0,0.0,0.0,0.0,0.0,0
H3N2,E_only,MutClust-Orig(g=10),MutClust-Orig,0.011339501179510878,0.12195121951219512,0.06493506493506493,1.0,1.0018552875695732,539
H3N2,P*E^2,Wavelet(t=1.0),Wavelet,0.04151360583514432,0.13289036544850497,0.07518796992481203,0.5714285714285714,1.1600429645542427,266
H3N2,P*E^2,Wavelet(t=1.5),Wavelet,-0.07346837697151735,0.033057851239669415,0.023255813953488372,0.05714285714285714,0.3588039867109635,86
H3N2,P*E^2,Wavelet(t=2.0),Wavelet,-0.06385043677268701,0.0,0.0,0.0,0.0,30
H3N2,P*E^2,KDE(p=75),KDE,0.004342698327079474,0.10588235294117647,0.06666666666666667,0.2571428571428571,1.0285714285714287,135
H3N2,P*E^2,KDE(p=80),KDE,-0.018804435361115035,0.0839160839160839,0.05555555555555555,0.17142857142857143,0.8571428571428571,108
H3N2,P*E^2,KDE(p=85),KDE,-0.08952701951370891,0.017241379310344827,0.012345679012345678,0.02857142857142857,0.19047619047619047,81
H3N2,P*E^2,SlidingTest(p=0.01),SlidingTest,0.0,0.0,0.0,0.0,0.0,0
H3N2,P*E^2,SlidingTest(p=0.05),SlidingTest,0.0,0.0,0.0,0.0,0.0,0
H3N2,P*E^2,GradPeak(p=0.2),GradPeak,0.0013910143318495909,0.10638297872340426,0.06535947712418301,0.2857142857142857,1.008403361344538,153
H3N2,P*E^2,GradPeak(p=0.5),GradPeak,0.01360514065750662,0.11299435028248588,0.07042253521126761,0.2857142857142857,1.0865191146881288,142
H3N2,P*E^2,LocalContrast(z=1.0),LocalContrast,-0.04134801847606902,0.0,0.0,0.0,0.0,13
H3N2,P*E^2,LocalContrast(z=1.5),LocalContrast,-0.03427380545782007,0.0,0.0,0.0,0.0,9
H3N2,P*E^2,LocalContrast(z=2.0),LocalContrast,-0.03427380545782007,0.0,0.0,0.0,0.0,9
H3N2,P*E^2,"CUSUM(d=0.3,h=3.0)",CUSUM,0.05627929206277659,0.13675213675213677,0.0975609756097561,0.22857142857142856,1.505226480836237,82
H3N2,P*E^2,"CUSUM(d=0.5,h=4.0)",CUSUM,0.052721094751359714,0.1016949152542373,0.125,0.08571428571428572,1.9285714285714286,24
H3N2,P*E^2,"CUSUM(d=0.5,h=5.0)",CUSUM,-0.04746373923959792,0.0,0.0,0.0,0.0,17
H3N2,P*E^2,AdaptiveKnee,AdaptiveKnee,0.020102786992294053,0.08450704225352113,0.08333333333333333,0.08571428571428572,1.2857142857142858,36
H3N2,P*E^2,ScoreDBSCAN(ep=8),ScoreDBSCAN,-0.01967713284359592,0.0,0.0,0.0,0.0,3
H3N2,P*E^2,ScoreDBSCAN(ep=15),ScoreDBSCAN,-0.01967713284359592,0.0,0.0,0.0,0.0,3
H3N2,P*E^2,Spectral(z=1.5),Spectral,-0.07035975447302918,0.0,0.0,0.0,0.0,36
H3N2,P*E^2,Spectral(z=2.0),Spectral,-0.04449941594899848,0.0,0.0,0.0,0.0,15
H3N2,P*E^2,Bayes(prior=0.1),Bayes,0.14193570667826552,0.20270270270270271,0.13274336283185842,0.42857142857142855,2.0480404551201015,113
H3N2,P*E^2,Bayes(prior=0.15),Bayes,0.13541279261433936,0.19736842105263155,0.1282051282051282,0.42857142857142855,1.9780219780219779,117
H3N2,P*E^2,Ensemble(v>=2),Ensemble,-0.027905726264498,0.0,0.0,0.0,0.0,6
H3N2,P*E^2,Ensemble(v>=3),Ensemble,-0.027905726264498,0.0,0.0,0.0,0.0,6
H3N2,P*E^2,AdaptWin(s=90),AdaptWin,0.14068971494301524,0.20454545454545453,0.16981132075471697,0.2571428571428571,2.6199460916442048,53
H3N2,P*E^2,AdaptWin(s=85),AdaptWin,0.17817429806929896,0.22641509433962267,0.14516129032258066,0.5142857142857142,2.2396313364055302,124
H3N2,P*E^2,FreqThresh(p=80),FreqThresh,0.1487028290442737,0.20833333333333334,0.13761467889908258,0.42857142857142855,2.123197903014417,109
H3N2,P*E^2,FreqThresh(p=85),FreqThresh,0.16472209073076305,0.2268041237113402,0.1774193548387097,0.3142857142857143,2.7373271889400925,62
H3N2,P*E^2,FreqThresh(p=90),FreqThresh,0.06376321892075547,0.10714285714285714,0.14285714285714285,0.08571428571428572,2.204081632653061,21
H3N2,P*E^2,FreqThresh(p=95),FreqThresh,-0.027905726264498,0.0,0.0,0.0,0.0,6
H3N2,P*E^2,"SWAN(w=10,k=1.0)",SWAN,-0.037962677861840766,0.0,0.0,0.0,0.0,11
H3N2,P*E^2,"SWAN(w=10,k=1.5)",SWAN,0.0,0.0,0.0,0.0,0.0,0
H3N2,P*E^2,"SWAN(w=10,k=2.0)",SWAN,0.0,0.0,0.0,0.0,0.0,0
H3N2,P*E^2,"SWAN(w=20,k=1.0)",SWAN,0.0,0.0,0.0,0.0,0.0,0
H3N2,P*E^2,"SWAN(w=20,k=1.5)",SWAN,0.0,0.0,0.0,0.0,0.0,0
H3N2,P*E^2,"SWAN(w=20,k=2.0)",SWAN,0.0,0.0,0.0,0.0,0.0,0
H3N2,P*E^2,"SWAN(w=50,k=1.0)",SWAN,0.0,0.0,0.0,0.0,0.0,0
H3N2,P*E^2,"SWAN(w=50,k=1.5)",SWAN,0.0,0.0,0.0,0.0,0.0,0
H3N2,P*E^2,"SWAN(w=50,k=2.0)",SWAN,0.0,0.0,0.0,0.0,0.0,0
H3N2,P*E^2,MutClust-Orig(g=10),MutClust-Orig,0.0,0.1217391304347826,0.06481481481481481,1.0,1.0,540
H3N2,rank(P*E),Wavelet(t=1.0),Wavelet,0.1741026402987404,0.18130311614730876,0.10062893081761007,0.9142857142857143,1.5525606469002697,318
H3N2,rank(P*E),Wavelet(t=1.5),Wavelet,0.03928933342288875,0.125,0.08602150537634409,0.22857142857142856,1.3271889400921661,93
H3N2,rank(P*E),Wavelet(t=2.0),Wavelet,-0.04746373923959792,0.0,0.0,0.0,0.0,17
H3N2,rank(P*E),KDE(p=75),KDE,0.05645507825203316,0.1411764705882353,0.08888888888888889,0.34285714285714286,1.3714285714285717,135
H3N2,rank(P*E),KDE(p=80),KDE,0.07521774144446014,0.15384615384615385,0.10185185185185185,0.3142857142857143,1.5714285714285714,108
H3N2,rank(P*E),KDE(p=85),KDE,0.12112479110678265,0.1896551724137931,0.13580246913580246,0.3142857142857143,2.0952380952380953,81
H3N2,rank(P*E),SlidingTest(p=0.01),SlidingTest,-0.08865409658601281,0.0,0.0,0.0,0.0,55
H3N2,rank(P*E),SlidingTest(p=0.05),SlidingTest,0.09566436075697451,0.1692307692307692,0.11578947368421053,0.3142857142857143,1.7864661654135339,95
H3N2,rank(P*E),GradPeak(p=0.2),GradPeak,-0.039093016355691276,0.10471204188481675,0.05763688760806916,0.5714285714285714,0.8892548373816386,347
H3N2,rank(P*E),GradPeak(p=0.5),GradPeak,-0.024516084630483506,0.10423452768729642,0.058823529411764705,0.45714285714285713,0.907563025210084,272
H3N2,rank(P*E),LocalContrast(z=1.0),LocalContrast,0.09507429612335422,0.16666666666666663,0.10344827586206896,0.42857142857142855,1.5960591133004927,145
H3N2,rank(P*E),LocalContrast(z=1.5),LocalContrast,-0.06930693069306931,0.0,0.0,0.0,0.0,35
H3N2,rank(P*E),LocalContrast(z=2.0),LocalContrast,-0.022742381157094062,0.0,0.0,0.0,0.0,4
H3N2,rank(P*E),"CUSUM(d=0.3,h=3.0)",CUSUM,0.24081427166399005,0.21276595744680848,0.11904761904761904,1.0,1.836734693877551,294
H3N2,rank(P*E),"CUSUM(d=0.5,h=4.0)",CUSUM,0.22034674012328456,0.2745098039215686,0.208955223880597,0.4,3.2238805970149254,67
H3N2,rank(P*E),"CUSUM(d=0.5,h=5.0)",CUSUM,0.2502139336267214,0.2903225806451613,0.3333333333333333,0.2571428571428571,5.142857142857143,27
H3N2,rank(P*E),AdaptiveKnee,AdaptiveKnee,0.0,0.0,0.0,0.0,0.0,0
H3N2,rank(P*E),ScoreDBSCAN(ep=8),ScoreDBSCAN,0.0,0.0,0.0,0.0,0.0,0
H3N2,rank(P*E),ScoreDBSCAN(ep=15),ScoreDBSCAN,0.0,0.0,0.0,0.0,0.0,0
H3N2,rank(P*E),Spectral(z=1.5),Spectral,0.05989119715310555,0.10526315789473684,0.13636363636363635,0.08571428571428572,2.103896103896104,22
H3N2,rank(P*E),Spectral(z=2.0),Spectral,0.0,0.0,0.0,0.0,0.0,0
H3N2,rank(P*E),Bayes(prior=0.1),Bayes,-0.04913783844454713,0.09638554216867469,0.05387205387205387,0.45714285714285713,0.8311688311688312,297
H3N2,rank(P*E),Bayes(prior=0.15),Bayes,-0.08746076758147801,0.0867208672086721,0.04790419161676647,0.45714285714285713,0.7390932420872541,334
H3N2,rank(P*E),Ensemble(v>=2),Ensemble,0.06376321892075547,0.10714285714285714,0.14285714285714285,0.08571428571428572,2.204081632653061,21
H3N2,rank(P*E),Ensemble(v>=3),Ensemble,-0.03427380545782007,0.0,0.0,0.0,0.0,9
H3N2,rank(P*E),AdaptWin(s=90),AdaptWin,0.04561906000348238,0.13471502590673573,0.08227848101265822,0.37142857142857144,1.2694394213381555,158
H3N2,rank(P*E),AdaptWin(s=85),AdaptWin,0.16583042389312344,0.18855218855218855,0.10687022900763359,0.8,1.6488549618320612,262
H3N2,rank(P*E),FreqThresh(p=80),FreqThresh,0.1487028290442737,0.20833333333333334,0.13761467889908258,0.42857142857142855,2.123197903014417,109
H3N2,rank(P*E),FreqThresh(p=85),FreqThresh,0.16472209073076305,0.2268041237113402,0.1774193548387097,0.3142857142857143,2.7373271889400925,62
H3N2,rank(P*E),FreqThresh(p=90),FreqThresh,0.06376321892075547,0.10714285714285714,0.14285714285714285,0.08571428571428572,2.204081632653061,21
H3N2,rank(P*E),FreqThresh(p=95),FreqThresh,-0.027905726264498,0.0,0.0,0.0,0.0,6
H3N2,rank(P*E),"SWAN(w=10,k=1.0)",SWAN,-0.036161829843152034,0.0,0.0,0.0,0.0,10
H3N2,rank(P*E),"SWAN(w=10,k=1.5)",SWAN,0.0,0.0,0.0,0.0,0.0,0
H3N2,rank(P*E),"SWAN(w=10,k=2.0)",SWAN,0.0,0.0,0.0,0.0,0.0,0
H3N2,rank(P*E),"SWAN(w=20,k=1.0)",SWAN,0.0,0.0,0.0,0.0,0.0,0
H3N2,rank(P*E),"SWAN(w=20,k=1.5)",SWAN,0.0,0.0,0.0,0.0,0.0,0
H3N2,rank(P*E),"SWAN(w=20,k=2.0)",SWAN,0.0,0.0,0.0,0.0,0.0,0
H3N2,rank(P*E),"SWAN(w=50,k=1.0)",SWAN,0.0,0.0,0.0,0.0,0.0,0
H3N2,rank(P*E),"SWAN(w=50,k=1.5)",SWAN,0.0,0.0,0.0,0.0,0.0,0
H3N2,rank(P*E),"SWAN(w=50,k=2.0)",SWAN,0.0,0.0,0.0,0.0,0.0,0
H3N2,rank(P*E),MutClust-Orig(g=10),MutClust-Orig,0.0,0.1217391304347826,0.06481481481481481,1.0,1.0,540
Norovirus,E*rare,Wavelet(t=1.0),Wavelet,0.5108873495397467,0.5240641711229946,0.3684210526315789,0.9074074074074074,3.6569200779727096,133
Norovirus,E*rare,Wavelet(t=1.5),Wavelet,0.45891683584756854,0.5161290322580645,0.45714285714285713,0.5925925925925926,4.537566137566137,70
Norovirus,E*rare,Wavelet(t=2.0),Wavelet,0.2641901643669133,0.3225806451612903,0.38461538461538464,0.2777777777777778,3.817663817663818,39
Norovirus,E*rare,KDE(p=75),KDE,0.3793366799916004,0.42553191489361697,0.29850746268656714,0.7407407407407407,2.962962962962963,134
Norovirus,E*rare,KDE(p=80),KDE,0.3881681892673953,0.4444444444444444,0.3333333333333333,0.6666666666666666,3.308641975308642,108
Norovirus,E*rare,KDE(p=85),KDE,0.48179071807446744,0.5333333333333333,0.4444444444444444,0.6666666666666666,4.411522633744855,81
Norovirus,E*rare,SlidingTest(p=0.01),SlidingTest,0.4289885898399244,0.4832214765100672,0.37894736842105264,0.6666666666666666,3.76140350877193,95
Norovirus,E*rare,SlidingTest(p=0.05),SlidingTest,0.2844595593622342,0.3575418994413408,0.256,0.5925925925925926,2.541037037037037,125
Norovirus,E*rare,GradPeak(p=0.2),GradPeak,0.1938729609156029,0.2891566265060241,0.21428571428571427,0.4444444444444444,2.126984126984127,112
Norovirus,E*rare,GradPeak(p=0.5),GradPeak,0.33975174781195194,0.41025641025641024,0.38095238095238093,0.4444444444444444,3.7813051146384478,63
Norovirus,E*rare,LocalContrast(z=1.0),LocalContrast,0.21363815143635642,0.2935779816513761,0.2909090909090909,0.2962962962962963,2.8875420875420876,55
Norovirus,E*rare,LocalContrast(z=1.5),LocalContrast,0.20343096249236395,0.25581395348837205,0.34375,0.2037037037037037,3.412037037037037,32
Norovirus,E*rare,LocalContrast(z=2.0),LocalContrast,0.2560949570421917,0.23529411764705882,0.5714285714285714,0.14814814814814814,5.671957671957672,14
Norovirus,E*rare,"CUSUM(d=0.3,h=3.0)",CUSUM,0.1453096821202191,0.21386138613861388,0.1197339246119734,1.0,1.188470066518847,451
Norovirus,E*rare,"CUSUM(d=0.5,h=4.0)",CUSUM,0.2956303382044798,0.3636363636363636,0.2556390977443609,0.6296296296296297,2.5374547479810636,133
Norovirus,E*rare,"CUSUM(d=0.5,h=5.0)",CUSUM,0.3000483956290172,0.36756756756756753,0.2595419847328244,0.6296296296296297,2.5761945151258128,131
Norovirus,E*rare,AdaptiveKnee,AdaptiveKnee,0.3684760278833168,0.39999999999999997,0.5483870967741935,0.3148148148148148,5.443249701314217,31
Norovirus,E*rare,ScoreDBSCAN(ep=8),ScoreDBSCAN,0.0,0.0,0.0,0.0,0.0,0
Norovirus,E*rare,ScoreDBSCAN(ep=15),ScoreDBSCAN,0.0,0.0,0.0,0.0,0.0,0
Norovirus,E*rare,Spectral(z=1.5),Spectral,0.3572022750543244,0.375,0.5769230769230769,0.2777777777777778,5.726495726495726,26
Norovirus,E*rare,Spectral(z=2.0),Spectral,0.28452780801470007,0.24242424242424243,0.6666666666666666,0.14814814814814814,6.617283950617284,12
Norovirus,E*rare,Bayes(prior=0.1),Bayes,0.3234036303732997,0.33774834437086093,0.2056451612903226,0.9444444444444444,2.0412186379928317,248
Norovirus,E*rare,Bayes(prior=0.15),Bayes,0.31939826729506504,0.3344262295081967,0.20318725099601595,0.9444444444444444,2.016821602478973,251
Norovirus,E*rare,Ensemble(v>=2),Ensemble,0.33809096911792696,0.3287671232876712,0.631578947368421,0.2222222222222222,6.269005847953216,19
Norovirus,E*rare,Ensemble(v>=3),Ensemble,0.4521178136145673,0.3636363636363636,1.0,0.2222222222222222,9.925925925925926,12
Norovirus,E*rare,AdaptWin(s=90),AdaptWin,0.355022637903812,0.4251968503937008,0.3698630136986301,0.5,3.671232876712329,73
Norovirus,E*rare,AdaptWin(s=85),AdaptWin,0.3068201875384243,0.37362637362637363,0.265625,0.6296296296296297,2.636574074074074,128
Norovirus,E*rare,FreqThresh(p=80),FreqThresh,0.3161361195404738,0.3820224719101123,0.27419354838709675,0.6296296296296297,2.7216248506571086,124
Norovirus,E*rare,FreqThresh(p=85),FreqThresh,0.33690014240873434,0.4084507042253521,0.32954545454545453,0.5370370370370371,3.2710437710437708,88
Norovirus,E*rare,FreqThresh(p=90),FreqThresh,0.2945109741165841,0.3541666666666667,0.40476190476190477,0.3148148148148148,4.017636684303351,42
Norovirus,E*rare,FreqThresh(p=95),FreqThresh,0.33809096911792696,0.3287671232876712,0.631578947368421,0.2222222222222222,6.269005847953216,19
Norovirus,E*rare,"SWAN(w=10,k=1.0)",SWAN,0.4498097611722645,0.5079365079365079,0.4444444444444444,0.5925925925925926,4.411522633744855,72
Norovirus,E*rare,"SWAN(w=10,k=1.5)",SWAN,0.1979260355556105,0.25287356321839083,0.3333333333333333,0.2037037037037037,3.308641975308642,33
Norovirus,E*rare,"SWAN(w=10,k=2.0)",SWAN,-0.05871264967115346,0.0,0.0,0.0,0.0,16
Norovirus,E*rare,"SWAN(w=20,k=1.0)",SWAN,0.2554157850759435,0.33613445378151263,0.3076923076923077,0.37037037037037035,3.0541310541310542,65
Norovirus,E*rare,"SWAN(w=20,k=1.5)",SWAN,0.09762470509728072,0.13513513513513514,0.25,0.09259259259259259,2.4814814814814814,20
Norovirus,E*rare,"SWAN(w=20,k=2.0)",SWAN,0.0,0.0,0.0,0.0,0.0,0
Norovirus,E*rare,"SWAN(w=50,k=1.0)",SWAN,0.4041486389344472,0.4615384615384615,0.48,0.4444444444444444,4.764444444444444,50
Norovirus,E*rare,"SWAN(w=50,k=1.5)",SWAN,0.0,0.0,0.0,0.0,0.0,0
Norovirus,E*rare,"SWAN(w=50,k=2.0)",SWAN,0.0,0.0,0.0,0.0,0.0,0
Norovirus,E*rare,MutClust-Orig(g=10),MutClust-Orig,0.08696720730159557,0.13157894736842105,0.22727272727272727,0.09259259259259259,2.2558922558922556,22
Norovirus,P*E*rare,Wavelet(t=1.0),Wavelet,0.4123101103341898,0.4571428571428572,0.3305785123966942,0.7407407407407407,3.2812978267523722,121
Norovirus,P*E*rare,Wavelet(t=1.5),Wavelet,0.22495561016089632,0.297029702970297,0.3191489361702128,0.2777777777777778,3.1678486997635935,47
Norovirus,P*E*rare,Wavelet(t=2.0),Wavelet,0.20226659098796376,0.26373626373626374,0.32432432432432434,0.2222222222222222,3.2192192192192195,37
Norovirus,P*E*rare,KDE(p=75),KDE,0.4652242301783779,0.4893617021276595,0.34328358208955223,0.8518518518518519,3.4074074074074074,134
Norovirus,P*E*rare,KDE(p=80),KDE,0.3881681892673953,0.4444444444444444,0.3333333333333333,0.6666666666666666,3.308641975308642,108
Norovirus,P*E*rare,KDE(p=85),KDE,0.48179071807446744,0.5333333333333333,0.4444444444444444,0.6666666666666666,4.411522633744855,81
Norovirus,P*E*rare,SlidingTest(p=0.01),SlidingTest,0.0,0.0,0.0,0.0,0.0,0
Norovirus,P*E*rare,SlidingTest(p=0.05),SlidingTest,0.4710368320418825,0.5106382978723405,0.6,0.4444444444444444,5.955555555555556,40
Norovirus,P*E*rare,GradPeak(p=0.2),GradPeak,0.2646654992920156,0.3464566929133859,0.3013698630136986,0.4074074074074074,2.991374936580416,73
Norovirus,P*E*rare,GradPeak(p=0.5),GradPeak,0.4388661534431622,0.47826086956521735,0.5789473684210527,0.4074074074074074,5.746588693957115,38
Norovirus,P*E*rare,LocalContrast(z=1.0),LocalContrast,0.2557529374904,0.3023255813953488,0.40625,0.24074074074074073,4.032407407407407,32
Norovirus,P*E*rare,LocalContrast(z=1.5),LocalContrast,0.20400531654877502,0.2191780821917808,0.42105263157894735,0.14814814814814814,4.179337231968811,19
Norovirus,P*E*rare,LocalContrast(z=2.0),LocalContrast,-0.0385029978246417,0.0,0.0,0.0,0.0,7
Norovirus,P*E*rare,"CUSUM(d=0.3,h=3.0)",CUSUM,0.4318150016437311,0.4405286343612335,0.28901734104046245,0.9259259259259259,2.8687647184757012,173
Norovirus,P*E*rare,"CUSUM(d=0.5,h=4.0)",CUSUM,0.2433769106614451,0.328125,0.28378378378378377,0.3888888888888889,2.8168168168168166,74
Norovirus,P*E*rare,"CUSUM(d=0.5,h=5.0)",CUSUM,0.14729038993073632,0.2393162393162393,0.2222222222222222,0.25925925925925924,2.2057613168724277,63
Norovirus,P*E*rare,AdaptiveKnee,AdaptiveKnee,0.4755107844437633,0.4533333333333333,0.8095238095238095,0.3148148148148148,8.035273368606703,21
Norovirus,P*E*rare,ScoreDBSCAN(ep=8),ScoreDBSCAN,0.0,0.0,0.0,0.0,0.0,0
Norovirus,P*E*rare,ScoreDBSCAN(ep=15),ScoreDBSCAN,0.0,0.0,0.0,0.0,0.0,0
Norovirus,P*E*rare,Spectral(z=1.5),Spectral,0.3419468207699586,0.3142857142857142,0.6875,0.2037037037037037,6.824074074074074,16
Norovirus,P*E*rare,Spectral(z=2.0),Spectral,0.14922361779140003,0.12698412698412698,0.4444444444444444,0.07407407407407407,4.411522633744855,9
Norovirus,P*E*rare,Bayes(prior=0.1),Bayes,0.295033554197697,0.3148148148148148,0.18888888888888888,0.9444444444444444,1.8748971193415638,270
Norovirus,P*E*rare,Bayes(prior=0.15),Bayes,0.295033554197697,0.3148148148148148,0.18888888888888888,0.9444444444444444,1.8748971193415638,270
Norovirus,P*E*rare,Ensemble(v>=2),Ensemble,0.4147939972137971,0.3714285714285714,0.8125,0.24074074074074073,8.064814814814815,16
Norovirus,P*E*rare,Ensemble(v>=3),Ensemble,0.36775168511914197,0.25806451612903225,1.0,0.14814814814814814,9.925925925925926,8
Norovirus,P*E*rare,AdaptWin(s=90),AdaptWin,0.38539397581382034,0.4511278195488722,0.379746835443038,0.5555555555555556,3.7693389592123774,79
Norovirus,P*E*rare,AdaptWin(s=85),AdaptWin,0.30575535594512904,0.3764705882352941,0.27586206896551724,0.5925925925925926,2.7381864623243932,116
Norovirus,P*E*rare,FreqThresh(p=80),FreqThresh,0.25598499107749006,0.33720930232558144,0.2457627118644068,0.5370370370370371,2.4394224733207786,118
Norovirus,P*E*rare,FreqThresh(p=85),FreqThresh,0.3226646976609406,0.39705882352941174,0.32926829268292684,0.5,3.2682926829268295,82
Norovirus,P*E*rare,FreqThresh(p=90),FreqThresh,0.4790321688874655,0.5208333333333334,0.5952380952380952,0.46296296296296297,5.908289241622575,42
Norovirus,P*E*rare,FreqThresh(p=95),FreqThresh,0.4147939972137971,0.3714285714285714,0.8125,0.24074074074074073,8.064814814814815,16
Norovirus,P*E*rare,"SWAN(w=10,k=1.0)",SWAN,0.19735459466951238,0.2608695652173913,0.3157894736842105,0.2222222222222222,3.134502923976608,38
Norovirus,P*E*rare,"SWAN(w=10,k=1.5)",SWAN,0.20226659098796376,0.26373626373626374,0.32432432432432434,0.2222222222222222,3.2192192192192195,37
Norovirus,P*E*rare,"SWAN(w=10,k=2.0)",SWAN,-0.06057789004049719,0.0,0.0,0.0,0.0,17
Norovirus,P*E*rare,"SWAN(w=20,k=1.0)",SWAN,0.29282790296421035,0.36190476190476195,0.37254901960784315,0.35185185185185186,3.6978939724037763,51
Norovirus,P*E*rare,"SWAN(w=20,k=1.5)",SWAN,0.0,0.0,0.0,0.0,0.0,0
Norovirus,P*E*rare,"SWAN(w=20,k=2.0)",SWAN,0.0,0.0,0.0,0.0,0.0,0
Norovirus,P*E*rare,"SWAN(w=50,k=1.0)",SWAN,0.0,0.0,0.0,0.0,0.0,0
Norovirus,P*E*rare,"SWAN(w=50,k=1.5)",SWAN,0.0,0.0,0.0,0.0,0.0,0
Norovirus,P*E*rare,"SWAN(w=50,k=2.0)",SWAN,0.0,0.0,0.0,0.0,0.0,0
Norovirus,P*E*rare,MutClust-Orig(g=10),MutClust-Orig,-0.032479632183673106,0.0,0.0,0.0,0.0,5
Norovirus,minority_E,Wavelet(t=1.0),Wavelet,-0.07513054105778287,0.13636363636363635,0.08053691275167785,0.4444444444444444,0.7994034302759134,298
Norovirus,minority_E,Wavelet(t=1.5),Wavelet,-0.0027767056530226646,0.11851851851851851,0.09876543209876543,0.14814814814814814,0.9803383630544124,81
Norovirus,minority_E,Wavelet(t=2.0),Wavelet,0.10344107712191106,0.136986301369863,0.2631578947368421,0.09259259259259259,2.612085769980507,19
Norovirus,minority_E,KDE(p=75),KDE,0.5797409637607478,0.5744680851063829,0.40298507462686567,1.0,4.0,134
Norovirus,minority_E,KDE(p=80),KDE,0.6663207954803951,0.6666666666666666,0.5,1.0,4.962962962962963,108
Norovirus,minority_E,KDE(p=85),KDE,0.7067684505193735,0.725925925925926,0.6049382716049383,0.9074074074074074,6.004572473708277,81
Norovirus,minority_E,SlidingTest(p=0.01),SlidingTest,0.36804127040546597,0.42424242424242425,0.4666666666666667,0.3888888888888889,4.632098765432099,45
Norovirus,minority_E,SlidingTest(p=0.05),SlidingTest,0.5052141525640201,0.5365853658536586,0.4,0.8148148148148148,3.9703703703703708,110
Norovirus,minority_E,GradPeak(p=0.2),GradPeak,-0.027314566956037418,0.16187989556135768,0.09422492401215805,0.5740740740740741,0.9352696161206799,329
Norovirus,minority_E,GradPeak(p=0.5),GradPeak,-0.005865364541203619,0.15884476534296027,0.09865470852017937,0.4074074074074074,0.9792393290151137,223
Norovirus,minority_E,LocalContrast(z=1.0),LocalContrast,0.018925840222330438,0.16267942583732056,0.10967741935483871,0.3148148148148148,1.0886499402628436,155
Norovirus,minority_E,LocalContrast(z=1.5),LocalContrast,0.020275472781254224,0.10526315789473684,0.12195121951219512,0.09259259259259259,1.2104787714543812,41
Norovirus,minority_E,LocalContrast(z=2.0),LocalContrast,-0.02511136864078867,0.0,0.0,0.0,0.0,3
Norovirus,minority_E,"CUSUM(d=0.3,h=3.0)",CUSUM,0.08150021036640091,0.19285714285714284,0.1067193675889328,1.0,1.059288537549407,506
Norovirus,minority_E,"CUSUM(d=0.5,h=4.0)",CUSUM,0.32005407876990616,0.33121019108280253,0.2,0.9629629629629629,1.9851851851851854,260
Norovirus,minority_E,"CUSUM(d=0.5,h=5.0)",CUSUM,0.30801789599757223,0.3322033898305085,0.2033195020746888,0.9074074074074074,2.0181343168895034,241
Norovirus,minority_E,AdaptiveKnee,AdaptiveKnee,0.32452064237446415,0.37362637362637363,0.4594594594594595,0.3148148148148148,4.560560560560561,37
Norovirus,minority_E,ScoreDBSCAN(ep=8),ScoreDBSCAN,0.08846847071601623,0.1945945945945946,0.10778443113772455,1.0,1.0698602794411178,501
Norovirus,minority_E,ScoreDBSCAN(ep=15),ScoreDBSCAN,0.08846847071601623,0.1945945945945946,0.10778443113772455,1.0,1.0698602794411178,501
Norovirus,minority_E,Spectral(z=1.5),Spectral,0.017445908631689166,0.07692307692307691,0.125,0.05555555555555555,1.2407407407407407,24
Norovirus,minority_E,Spectral(z=2.0),Spectral,-0.0356132043066836,0.0,0.0,0.0,0.0,6
Norovirus,minority_E,Bayes(prior=0.1),Bayes,0.3721934486920739,0.39183673469387753,0.2513089005235602,0.8888888888888888,2.4944735311227455,191
Norovirus,minority_E,Bayes(prior=0.15),Bayes,0.3285479448778329,0.35294117647058826,0.22018348623853212,0.8888888888888888,2.1855249745158005,218
Norovirus,minority_E,Ensemble(v>=2),Ensemble,0.3684760278833168,0.39999999999999997,0.5483870967741935,0.3148148148148148,5.443249701314217,31
Norovirus,minority_E,Ensemble(v>=3),Ensemble,0.2560949570421917,0.23529411764705882,0.5714285714285714,0.14814814814814814,5.671957671957672,14
Norovirus,minority_E,AdaptWin(s=90),AdaptWin,0.2698017701084217,0.3463687150837989,0.248,0.5740740740740741,2.4616296296296296,125
Norovirus,minority_E,AdaptWin(s=85),AdaptWin,0.33310490853169306,0.3568773234200744,0.22325581395348837,0.8888888888888888,2.216020671834625,215
Norovirus,minority_E,FreqThresh(p=80),FreqThresh,0.2449686972214064,0.3309352517985611,0.27058823529411763,0.42592592592592593,2.685838779956427,85
Norovirus,minority_E,FreqThresh(p=85),FreqThresh,0.28377412278193664,0.34693877551020413,0.38636363636363635,0.3148148148148148,3.8350168350168348,44
Norovirus,minority_E,FreqThresh(p=90),FreqThresh,0.3684760278833168,0.39999999999999997,0.5483870967741935,0.3148148148148148,5.443249701314217,31
Norovirus,minority_E,FreqThresh(p=95),FreqThresh,0.1411338096598202,0.09999999999999999,0.5,0.05555555555555555,4.962962962962963,6
Norovirus,minority_E,"SWAN(w=10,k=1.0)",SWAN,0.28191392498941803,0.3255813953488372,0.4375,0.25925925925925924,4.342592592592593,32
Norovirus,minority_E,"SWAN(w=10,k=1.5)",SWAN,0.0,0.0,0.0,0.0,0.0,0
Norovirus,minority_E,"SWAN(w=10,k=2.0)",SWAN,0.0,0.0,0.0,0.0,0.0,0
Norovirus,minority_E,"SWAN(w=20,k=1.0)",SWAN,0.0,0.0,0.0,0.0,0.0,0
Norovirus,minority_E,"SWAN(w=20,k=1.5)",SWAN,0.0,0.0,0.0,0.0,0.0,0
Norovirus,minority_E,"SWAN(w=20,k=2.0)",SWAN,0.0,0.0,0.0,0.0,0.0,0
Norovirus,minority_E,"SWAN(w=50,k=1.0)",SWAN,0.0,0.0,0.0,0.0,0.0,0
Norovirus,minority_E,"SWAN(w=50,k=1.5)",SWAN,0.0,0.0,0.0,0.0,0.0,0
Norovirus,minority_E,"SWAN(w=50,k=2.0)",SWAN,0.0,0.0,0.0,0.0,0.0,0
Norovirus,minority_E,MutClust-Orig(g=10),MutClust-Orig,0.08846847071601623,0.1945945945945946,0.10778443113772455,1.0,1.0698602794411178,501
Norovirus,P*minority_E,Wavelet(t=1.0),Wavelet,0.5064925455265193,0.5154639175257733,0.35714285714285715,0.9259259259259259,3.544973544973545,140
Norovirus,P*minority_E,Wavelet(t=1.5),Wavelet,0.5843412009967329,0.6187050359712231,0.5058823529411764,0.7962962962962963,5.021350762527233,85
Norovirus,P*minority_E,Wavelet(t=2.0),Wavelet,0.4935999535862349,0.5454545454545454,0.5357142857142857,0.5555555555555556,5.317460317460317,56
Norovirus,P*minority_E,KDE(p=75),KDE,0.38005699714634483,0.43181818181818177,0.3114754098360656,0.7037037037037037,3.0916818457802067,122
Norovirus,P*minority_E,KDE(p=80),KDE,0.42226492888451617,0.47682119205298024,0.3711340206185567,0.6666666666666666,3.6838487972508593,97
Norovirus,P*minority_E,KDE(p=85),KDE,0.5176654874050455,0.5669291338582677,0.4931506849315068,0.6666666666666666,4.894977168949771,73
Norovirus,P*minority_E,SlidingTest(p=0.01),SlidingTest,0.27727673139084236,0.3582089552238806,0.3,0.4444444444444444,2.977777777777778,80
Norovirus,P*minority_E,SlidingTest(p=0.05),SlidingTest,0.26272749716954086,0.33862433862433866,0.23703703703703705,0.5925925925925926,2.35281207133059,135
Norovirus,P*minority_E,GradPeak(p=0.2),GradPeak,0.2372988609240999,0.32335329341317365,0.23893805309734514,0.5,2.3716814159292037,113
Norovirus,P*minority_E,GradPeak(p=0.5),GradPeak,0.2837370645722099,0.3636363636363637,0.3076923076923077,0.4444444444444444,3.0541310541310542,78
Norovirus,P*minority_E,LocalContrast(z=1.0),LocalContrast,0.19845204271781353,0.2857142857142857,0.26153846153846155,0.3148148148148148,2.596011396011396,65
Norovirus,P*minority_E,LocalContrast(z=1.5),LocalContrast,0.2641901643669133,0.3225806451612903,0.38461538461538464,0.2777777777777778,3.817663817663818,39
Norovirus,P*minority_E,LocalContrast(z=2.0),LocalContrast,0.3283504939468624,0.35000000000000003,0.5384615384615384,0.25925925925925924,5.344729344729345,26
Norovirus,P*minority_E,"CUSUM(d=0.3,h=3.0)",CUSUM,0.09759656477153897,0.19708029197080293,0.10931174089068826,1.0,1.0850202429149798,494
Norovirus,P*minority_E,"CUSUM(d=0.5,h=4.0)",CUSUM,0.3143097517867404,0.3628318584070797,0.23837209302325582,0.7592592592592593,2.3660637381567615,172
Norovirus,P*minority_E,"CUSUM(d=0.5,h=5.0)",CUSUM,0.28889297944581344,0.3486238532110092,0.23170731707317074,0.7037037037037037,2.2999096657633245,164
Norovirus,P*minority_E,AdaptiveKnee,AdaptiveKnee,0.510712821573597,0.5576923076923077,0.58,0.5370370370370371,5.757037037037037,50
Norovirus,P*minority_E,ScoreDBSCAN(ep=8),ScoreDBSCAN,0.0,0.0,0.0,0.0,0.0,0
Norovirus,P*minority_E,ScoreDBSCAN(ep=15),ScoreDBSCAN,0.0,0.0,0.0,0.0,0.0,0
Norovirus,P*minority_E,Spectral(z=1.5),Spectral,0.4746890695318555,0.4941176470588235,0.6774193548387096,0.3888888888888889,6.724014336917563,31
Norovirus,P*minority_E,Spectral(z=2.0),Spectral,0.4185023548335076,0.41558441558441556,0.6956521739130435,0.2962962962962963,6.904991948470209,23
Norovirus,P*minority_E,Bayes(prior=0.1),Bayes,0.29699046886895764,0.3298245614035088,0.20346320346320346,0.8703703703703703,2.019560686227353,231
Norovirus,P*minority_E,Bayes(prior=0.15),Bayes,0.29699046886895764,0.3298245614035088,0.20346320346320346,0.8703703703703703,2.019560686227353,231
Norovirus,P*minority_E,Ensemble(v>=2),Ensemble,0.4721766216870789,0.4383561643835616,0.8421052631578947,0.2962962962962963,8.358674463937621,19
Norovirus,P*minority_E,Ensemble(v>=3),Ensemble,0.4721766216870789,0.4383561643835616,0.8421052631578947,0.2962962962962963,8.358674463937621,19
Norovirus,P*minority_E,AdaptWin(s=90),AdaptWin,0.47973350191326103,0.5344827586206897,0.5,0.5740740740740741,4.962962962962963,62
Norovirus,P*minority_E,AdaptWin(s=85),AdaptWin,0.30122267052265234,0.3664921465968587,0.25547445255474455,0.6481481481481481,2.5358204920248717,137
Norovirus,P*minority_E,FreqThresh(p=80),FreqThresh,0.34176485708123666,0.4105960264900662,0.31958762886597936,0.5740740740740741,3.1722031309660172,97
Norovirus,P*minority_E,FreqThresh(p=85),FreqThresh,0.47973350191326103,0.5344827586206897,0.5,0.5740740740740741,4.962962962962963,62
Norovirus,P*minority_E,FreqThresh(p=90),FreqThresh,0.5387683057890724,0.5617977528089888,0.7142857142857143,0.46296296296296297,7.08994708994709,35
Norovirus,P*minority_E,FreqThresh(p=95),FreqThresh,0.4721766216870789,0.4383561643835616,0.8421052631578947,0.2962962962962963,8.358674463937621,19
Norovirus,P*minority_E,"SWAN(w=10,k=1.0)",SWAN,0.494670582756266,0.5454545454545455,0.46153846153846156,0.6666666666666666,4.581196581196582,78
Norovirus,P*minority_E,"SWAN(w=10,k=1.5)",SWAN,0.5404595547039612,0.5871559633027522,0.5818181818181818,0.5925925925925926,5.775084175084175,55
Norovirus,P*minority_E,"SWAN(w=10,k=2.0)",SWAN,0.3726863191384103,0.32352941176470584,0.7857142857142857,0.2037037037037037,7.798941798941799,14
Norovirus,P*minority_E,"SWAN(w=20,k=1.0)",SWAN,0.4466196123587836,0.5,0.4,0.6666666666666666,3.9703703703703708,90
Norovirus,P*minority_E,"SWAN(w=20,k=1.5)",SWAN,0.0,0.0,0.0,0.0,0.0,0
Norovirus,P*minority_E,"SWAN(w=20,k=2.0)",SWAN,0.0,0.0,0.0,0.0,0.0,0
Norovirus,P*minority_E,"SWAN(w=50,k=1.0)",SWAN,0.3822037805440295,0.4444444444444444,0.4444444444444444,0.4444444444444444,4.411522633744855,54
Norovirus,P*minority_E,"SWAN(w=50,k=1.5)",SWAN,0.0,0.0,0.0,0.0,0.0,0
Norovirus,P*minority_E,"SWAN(w=50,k=2.0)",SWAN,0.0,0.0,0.0,0.0,0.0,0
Norovirus,P*minority_E,MutClust-Orig(g=10),MutClust-Orig,0.3497452368453956,0.37860082304526743,0.24338624338624337,0.8518518518518519,2.4158338232412304,189
Norovirus,P*E,Wavelet(t=1.0),Wavelet,0.49956087724631454,0.4953271028037383,0.33125,0.9814814814814815,3.287962962962963,160
Norovirus,P*E,Wavelet(t=1.5),Wavelet,0.4546206857118105,0.5116279069767442,0.44,0.6111111111111112,4.367407407407407,75
Norovirus,P*E,Wavelet(t=2.0),Wavelet,0.4618246792644168,0.5142857142857143,0.5294117647058824,0.5,5.254901960784314,51
Norovirus,P*E,KDE(p=75),KDE,0.45090963848058163,0.4787234042553192,0.3358208955223881,0.8333333333333334,3.3333333333333335,134
Norovirus,P*E,KDE(p=80),KDE,0.3881681892673953,0.4444444444444444,0.3333333333333333,0.6666666666666666,3.308641975308642,108
Norovirus,P*E,KDE(p=85),KDE,0.48179071807446744,0.5333333333333333,0.4444444444444444,0.6666666666666666,4.411522633744855,81
Norovirus,P*E,SlidingTest(p=0.01),SlidingTest,0.29381336881242837,0.37209302325581395,0.32,0.4444444444444444,3.176296296296296,75
Norovirus,P*E,SlidingTest(p=0.05),SlidingTest,0.5102582889724973,0.5614035087719299,0.5333333333333333,0.5925925925925926,5.293827160493827,60
Norovirus,P*E,GradPeak(p=0.2),GradPeak,0.12688801457396842,0.2378854625550661,0.15606936416184972,0.5,1.5491329479768787,173
Norovirus,P*E,GradPeak(p=0.5),GradPeak,0.19826018999961886,0.2926829268292683,0.21818181818181817,0.4444444444444444,2.1656565656565654,110
Norovirus,P*E,LocalContrast(z=1.0),LocalContrast,0.1289141601560635,0.1978021978021978,0.24324324324324326,0.16666666666666666,2.4144144144144146,37
Norovirus,P*E,LocalContrast(z=1.5),LocalContrast,0.15110898749432794,0.20930232558139536,0.28125,0.16666666666666666,2.7916666666666665,32
Norovirus,P*E,LocalContrast(z=2.0),LocalContrast,0.22238288609637857,0.22535211267605632,0.47058823529411764,0.14814814814814814,4.671023965141612,17
Norovirus,P*E,"CUSUM(d=0.3,h=3.0)",CUSUM,0.37355031701196567,0.3732394366197183,0.23043478260869565,0.9814814814814815,2.2872785829307567,230
Norovirus,P*E,"CUSUM(d=0.5,h=4.0)",CUSUM,0.34783022327413327,0.4161073825503356,0.3263157894736842,0.5740740740740741,3.2389863547758284,95
Norovirus,P*E,"CUSUM(d=0.5,h=5.0)",CUSUM,0.2679409607464265,0.3503649635036496,0.2891566265060241,0.4444444444444444,2.870147255689424,83
Norovirus,P*E,AdaptiveKnee,AdaptiveKnee,0.4820081112371734,0.5357142857142857,0.5172413793103449,0.5555555555555556,5.134099616858238,58
Norovirus,P*E,ScoreDBSCAN(ep=8),ScoreDBSCAN,0.0,0.0,0.0,0.0,0.0,0
Norovirus,P*E,ScoreDBSCAN(ep=15),ScoreDBSCAN,0.0,0.0,0.0,0.0,0.0,0
Norovirus,P*E,Spectral(z=1.5),Spectral,0.41313830982878863,0.4337349397590361,0.6206896551724138,0.3333333333333333,6.1609195402298855,29
Norovirus,P*E,Spectral(z=2.0),Spectral,0.33809096911792696,0.3287671232876712,0.631578947368421,0.2222222222222222,6.269005847953216,19
Norovirus,P*E,Bayes(prior=0.1),Bayes,0.27172644718570027,0.30670926517571884,0.18532818532818532,0.8888888888888888,1.8395538395538396,259
Norovirus,P*E,Bayes(prior=0.15),Bayes,0.3012888726577018,0.3197492163009405,0.19245283018867926,0.9444444444444444,1.9102725366876312,265
Norovirus,P*E,Ensemble(v>=2),Ensemble,0.3771000250388197,0.3846153846153846,0.625,0.2777777777777778,6.203703703703704,24
Norovirus,P*E,Ensemble(v>=3),Ensemble,0.3771000250388197,0.3846153846153846,0.625,0.2777777777777778,6.203703703703704,24
Norovirus,P*E,AdaptWin(s=90),AdaptWin,0.3420451499871609,0.4132231404958678,0.373134328358209,0.46296296296296297,3.703703703703704,67
Norovirus,P*E,AdaptWin(s=85),AdaptWin,0.26690359425257176,0.3365384615384615,0.22727272727272727,0.6481481481481481,2.2558922558922556,154
Norovirus,P*E,FreqThresh(p=80),FreqThresh,0.3227531173553349,0.3947368421052632,0.30612244897959184,0.5555555555555556,3.0385487528344672,98
Norovirus,P*E,FreqThresh(p=85),FreqThresh,0.45522856254068134,0.5128205128205129,0.47619047619047616,0.5555555555555556,4.72663139329806,63
Norovirus,P*E,FreqThresh(p=90),FreqThresh,0.3882314794278511,0.42696629213483145,0.5428571428571428,0.35185185185185186,5.388359788359788,35
Norovirus,P*E,FreqThresh(p=95),FreqThresh,0.26909964432612,0.2571428571428572,0.5625,0.16666666666666666,5.583333333333333,16
Norovirus,P*E,"SWAN(w=10,k=1.0)",SWAN,0.5376321457642449,0.5853658536585366,0.5217391304347826,0.6666666666666666,5.178743961352657,69
Norovirus,P*E,"SWAN(w=10,k=1.5)",SWAN,0.48477532536459206,0.5,0.7,0.3888888888888889,6.948148148148148,30
Norovirus,P*E,"SWAN(w=10,k=2.0)",SWAN,0.43245739715344644,0.3384615384615384,1.0,0.2037037037037037,9.925925925925926,11
Norovirus,P*E,"SWAN(w=20,k=1.0)",SWAN,0.26299325402681084,0.2962962962962963,0.4444444444444444,0.2222222222222222,4.411522633744855,27
Norovirus,P*E,"SWAN(w=20,k=1.5)",SWAN,0.0,0.0,0.0,0.0,0.0,0
Norovirus,P*E,"SWAN(w=20,k=2.0)",SWAN,0.0,0.0,0.0,0.0,0.0,0
Norovirus,P*E,"SWAN(w=50,k=1.0)",SWAN,0.0,0.0,0.0,0.0,0.0,0
Norovirus,P*E,"SWAN(w=50,k=1.5)",SWAN,0.0,0.0,0.0,0.0,0.0,0
Norovirus,P*E,"SWAN(w=50,k=2.0)",SWAN,0.0,0.0,0.0,0.0,0.0,0
Norovirus,P*E,MutClust-Orig(g=10),MutClust-Orig,0.27887617976239637,0.31833910034602075,0.19574468085106383,0.8518518518518519,1.9429472025216707,235
Norovirus,H-score,Wavelet(t=1.0),Wavelet,0.38870097484304633,0.3953488372093023,0.25,0.9444444444444444,2.4814814814814814,204
Norovirus,H-score,Wavelet(t=1.5),Wavelet,0.5434986836402224,0.5751633986928105,0.4444444444444444,0.8148148148148148,4.411522633744855,99
Norovirus,H-score,Wavelet(t=2.0),Wavelet,0.4507004569111848,0.4634146341463415,0.6785714285714286,0.35185185185185186,6.735449735449736,28
Norovirus,H-score,KDE(p=75),KDE,0.021471887546694365,0.1595744680851064,0.11194029850746269,0.2777777777777778,1.1111111111111112,134
Norovirus,H-score,KDE(p=80),KDE,-0.013607797484715582,0.12345679012345677,0.09259259259259259,0.18518518518518517,0.9190672153635117,108
Norovirus,H-score,KDE(p=85),KDE,0.014529273765816267,0.13333333333333333,0.1111111111111111,0.16666666666666666,1.1028806584362139,81
Norovirus,H-score,SlidingTest(p=0.01),SlidingTest,0.19809881954088387,0.2857142857142857,0.18823529411764706,0.5925925925925926,1.8684095860566448,170
Norovirus,H-score,SlidingTest(p=0.05),SlidingTest,0.21071069138301937,0.28915662650602414,0.18461538461538463,0.6666666666666666,1.8324786324786326,195
Norovirus,H-score,GradPeak(p=0.2),GradPeak,0.13213640419911266,0.23880597014925373,0.14953271028037382,0.5925925925925926,1.4842506057459328,214
Norovirus,H-score,GradPeak(p=0.5),GradPeak,0.18534031495571746,0.2823529411764706,0.20689655172413793,0.4444444444444444,2.053639846743295,116
Norovirus,H-score,LocalContrast(z=1.0),LocalContrast,0.32729671979739294,0.39999999999999997,0.36363636363636365,0.4444444444444444,3.6094276094276094,66
Norovirus,H-score,LocalContrast(z=1.5),LocalContrast,0.15110898749432794,0.20930232558139536,0.28125,0.16666666666666666,2.7916666666666665,32
Norovirus,H-score,LocalContrast(z=2.0),LocalContrast,0.09214586020933294,0.13333333333333333,0.23809523809523808,0.09259259259259259,2.36331569664903,21
Norovirus,H-score,"CUSUM(d=0.3,h=3.0)",CUSUM,0.050652203185034515,0.18685121107266436,0.10305343511450382,1.0,1.0229007633587788,524
Norovirus,H-score,"CUSUM(d=0.5,h=4.0)",CUSUM,-0.28534823120676767,0.100418410041841,0.05660377358490566,0.4444444444444444,0.5618448637316562,424
Norovirus,H-score,"CUSUM(d=0.5,h=5.0)",CUSUM,-0.296065722546673,0.09361702127659574,0.052884615384615384,0.4074074074074074,0.5249287749287749,416
Norovirus,H-score,AdaptiveKnee,AdaptiveKnee,0.21021063967268924,0.2772277227722772,0.1686746987951807,0.7777777777777778,1.6742525658188308,249
Norovirus,H-score,ScoreDBSCAN(ep=8),ScoreDBSCAN,-0.046150933366342024,0.0,0.0,0.0,0.0,10
Norovirus,H-score,ScoreDBSCAN(ep=15),ScoreDBSCAN,-0.0356132043066836,0.0,0.0,0.0,0.0,6
Norovirus,H-score,Spectral(z=1.5),Spectral,0.42149927674588844,0.45454545454545453,0.5882352941176471,0.37037037037037035,5.8387799564270155,34
Norovirus,H-score,Spectral(z=2.0),Spectral,0.3919631909655821,0.37837837837837834,0.7,0.25925925925925924,6.948148148148148,20
Norovirus,H-score,Bayes(prior=0.1),Bayes,0.295033554197697,0.3148148148148148,0.18888888888888888,0.9444444444444444,1.8748971193415638,270
Norovirus,H-score,Bayes(prior=0.15),Bayes,0.2816186095383371,0.30447761194029854,0.18149466192170818,0.9444444444444444,1.8015025701858443,281
Norovirus,H-score,Ensemble(v>=2),Ensemble,0.3882314794278511,0.42696629213483145,0.5428571428571428,0.35185185185185186,5.388359788359788,35
Norovirus,H-score,Ensemble(v>=3),Ensemble,0.41271886248450806,0.4418604651162791,0.59375,0.35185185185185186,5.893518518518518,32
Norovirus,H-score,AdaptWin(s=90),AdaptWin,0.24844824970626023,0.328042328042328,0.22962962962962963,0.5740740740740741,2.279286694101509,135
Norovirus,H-score,AdaptWin(s=85),AdaptWin,0.21899532882747597,0.2936507936507937,0.18686868686868688,0.6851851851851852,1.8548447437336328,198
Norovirus,H-score,FreqThresh(p=80),FreqThresh,0.3227531173553349,0.3947368421052632,0.30612244897959184,0.5555555555555556,3.0385487528344672,98
Norovirus,H-score,FreqThresh(p=85),FreqThresh,0.45522856254068134,0.5128205128205129,0.47619047619047616,0.5555555555555556,4.72663139329806,63
Norovirus,H-score,FreqThresh(p=90),FreqThresh,0.3882314794278511,0.42696629213483145,0.5428571428571428,0.35185185185185186,5.388359788359788,35
Norovirus,H-score,FreqThresh(p=95),FreqThresh,0.26909964432612,0.2571428571428572,0.5625,0.16666666666666666,5.583333333333333,16
Norovirus,H-score,"SWAN(w=10,k=1.0)",SWAN,0.46345120423796765,0.5196850393700787,0.4520547945205479,0.6111111111111112,4.487062404870624,73
Norovirus,H-score,"SWAN(w=10,k=1.5)",SWAN,0.5881888482111164,0.5405405405405406,1.0,0.37037037037037035,9.925925925925926,20
Norovirus,H-score,"SWAN(w=10,k=2.0)",SWAN,0.0,0.0,0.0,0.0,0.0,0
Norovirus,H-score,"SWAN(w=20,k=1.0)",SWAN,0.1408181859616988,0.2127659574468085,0.25,0.18518518518518517,2.4814814814814814,40
Norovirus,H-score,"SWAN(w=20,k=1.5)",SWAN,0.0,0.0,0.0,0.0,0.0,0
Norovirus,H-score,"SWAN(w=20,k=2.0)",SWAN,0.0,0.0,0.0,0.0,0.0,0
Norovirus,H-score,"SWAN(w=50,k=1.0)",SWAN,0.0,0.0,0.0,0.0,0.0,0
Norovirus,H-score,"SWAN(w=50,k=1.5)",SWAN,0.0,0.0,0.0,0.0,0.0,0
Norovirus,H-score,"SWAN(w=50,k=2.0)",SWAN,0.0,0.0,0.0,0.0,0.0,0
Norovirus,H-score,MutClust-Orig(g=10),MutClust-Orig,0.0,0.18305084745762712,0.10074626865671642,1.0,1.0,536
Norovirus,E_only,Wavelet(t=1.0),Wavelet,0.45630859073678925,0.456140350877193,0.2988505747126437,0.9629629629629629,2.966368667518093,174
Norovirus,E_only,Wavelet(t=1.5),Wavelet,0.42788187319450205,0.48571428571428577,0.3953488372093023,0.6296296296296297,3.924203273040482,86
Norovirus,E_only,Wavelet(t=2.0),Wavelet,0.4329018701947452,0.4791666666666667,0.5476190476190477,0.42592592592592593,5.43562610229277,42
Norovirus,E_only,KDE(p=75),KDE,0.15030321282686054,0.2553191489361702,0.1791044776119403,0.4444444444444444,1.7777777777777777,134
Norovirus,E_only,KDE(p=80),KDE,0.20273311845872874,0.2962962962962963,0.2222222222222222,0.4444444444444444,2.2057613168724277,108
Norovirus,E_only,KDE(p=85),KDE,0.2741189650484002,0.3555555555555555,0.2962962962962963,0.4444444444444444,2.941015089163237,81
Norovirus,E_only,SlidingTest(p=0.01),SlidingTest,0.18198016330323094,0.2735042735042735,0.17777777777777778,0.5925925925925926,1.7646090534979424,180
Norovirus,E_only,SlidingTest(p=0.05),SlidingTest,0.21071069138301937,0.28915662650602414,0.18461538461538463,0.6666666666666666,1.8324786324786326,195
Norovirus,E_only,GradPeak(p=0.2),GradPeak,0.18355609091156444,0.27467811158798283,0.1787709497206704,0.5925925925925926,1.7744672046348025,179
Norovirus,E_only,GradPeak(p=0.5),GradPeak,0.2746453112089335,0.35526315789473684,0.2755102040816326,0.5,2.7346938775510203,98
Norovirus,E_only,LocalContrast(z=1.0),LocalContrast,0.2707060611485534,0.35000000000000003,0.3181818181818182,0.3888888888888889,3.1582491582491583,66
Norovirus,E_only,LocalContrast(z=1.5),LocalContrast,0.2698080623016073,0.32608695652173914,0.39473684210526316,0.2777777777777778,3.91812865497076,38
Norovirus,E_only,LocalContrast(z=2.0),LocalContrast,0.16730179046799357,0.20512820512820512,0.3333333333333333,0.14814814814814814,3.308641975308642,24
Norovirus,E_only,"CUSUM(d=0.3,h=3.0)",CUSUM,0.052770862507353425,0.18717504332755633,0.10325047801147227,1.0,1.0248565965583174,523
Norovirus,E_only,"CUSUM(d=0.5,h=4.0)",CUSUM,-0.1458166622226005,0.14428857715430862,0.08089887640449438,0.6666666666666666,0.8029962546816479,445
Norovirus,E_only,"CUSUM(d=0.5,h=5.0)",CUSUM,-0.17842969891613064,0.13414634146341464,0.07534246575342465,0.6111111111111112,0.747843734145104,438
Norovirus,E_only,AdaptiveKnee,AdaptiveKnee,0.4820081112371734,0.5357142857142857,0.5172413793103449,0.5555555555555556,5.134099616858238,58
Norovirus,E_only,ScoreDBSCAN(ep=8),ScoreDBSCAN,0.0,0.0,0.0,0.0,0.0,0
Norovirus,E_only,ScoreDBSCAN(ep=15),ScoreDBSCAN,0.0,0.0,0.0,0.0,0.0,0
Norovirus,E_only,Spectral(z=1.5),Spectral,0.4405377325048874,0.4578313253012048,0.6551724137931034,0.35185185185185186,6.503192848020434,29
Norovirus,E_only,Spectral(z=2.0),Spectral,0.4116166304046916,0.4,0.7142857142857143,0.2777777777777778,7.08994708994709,21
Norovirus,E_only,Bayes(prior=0.1),Bayes,0.27172644718570027,0.30670926517571884,0.18532818532818532,0.8888888888888888,1.8395538395538396,259
Norovirus,E_only,Bayes(prior=0.15),Bayes,0.28523252051339926,0.30722891566265065,0.18345323741007194,0.9444444444444444,1.8209432454036771,278
Norovirus,E_only,Ensemble(v>=2),Ensemble,0.4223238834836645,0.46153846153846156,0.5675675675675675,0.3888888888888889,5.633633633633633,37
Norovirus,E_only,Ensemble(v>=3),Ensemble,0.41271886248450806,0.4418604651162791,0.59375,0.35185185185185186,5.893518518518518,32
Norovirus,E_only,AdaptWin(s=90),AdaptWin,0.2610446846190264,0.3387978142076503,0.24031007751937986,0.5740740740740741,2.3853000287108816,129
Norovirus,E_only,AdaptWin(s=85),AdaptWin,0.22052160169994964,0.2948207171314741,0.18781725888324874,0.6851851851851852,1.86426019928558,197
Norovirus,E_only,FreqThresh(p=80),FreqThresh,0.3033172053195614,0.3773584905660377,0.2857142857142857,0.5555555555555556,2.835978835978836,105
Norovirus,E_only,FreqThresh(p=85),FreqThresh,0.4820081112371734,0.5357142857142857,0.5172413793103449,0.5555555555555556,5.134099616858238,58
Norovirus,E_only,FreqThresh(p=90),FreqThresh,0.4223238834836645,0.46153846153846156,0.5675675675675675,0.3888888888888889,5.633633633633633,37
Norovirus,E_only,FreqThresh(p=95),FreqThresh,0.4116166304046916,0.4,0.7142857142857143,0.2777777777777778,7.08994708994709,21
Norovirus,E_only,"SWAN(w=10,k=1.0)",SWAN,0.5129017538732934,0.5625,0.4864864864864865,0.6666666666666666,4.828828828828829,74
Norovirus,E_only,"SWAN(w=10,k=1.5)",SWAN,0.6668319862566654,0.6813186813186813,0.8378378378378378,0.5740740740740741,8.316316316316316,37
Norovirus,E_only,"SWAN(w=10,k=2.0)",SWAN,0.0,0.0,0.0,0.0,0.0,0
Norovirus,E_only,"SWAN(w=20,k=1.0)",SWAN,0.3045607499885679,0.38016528925619836,0.34328358208955223,0.42592592592592593,3.4074074074074074,67
Norovirus,E_only,"SWAN(w=20,k=1.5)",SWAN,0.0,0.0,0.0,0.0,0.0,0
Norovirus,E_only,"SWAN(w=20,k=2.0)",SWAN,0.0,0.0,0.0,0.0,0.0,0
Norovirus,E_only,"SWAN(w=50,k=1.0)",SWAN,0.0,0.0,0.0,0.0,0.0,0
Norovirus,E_only,"SWAN(w=50,k=1.5)",SWAN,0.0,0.0,0.0,0.0,0.0,0
Norovirus,E_only,"SWAN(w=50,k=2.0)",SWAN,0.0,0.0,0.0,0.0,0.0,0
Norovirus,E_only,MutClust-Orig(g=10),MutClust-Orig,0.15336030795572295,0.21730382293762576,0.12189616252821671,1.0,1.2099322799097065,443
Norovirus,P*E^2,Wavelet(t=1.0),Wavelet,0.5768709413617155,0.5714285714285715,0.4,1.0,3.9703703703703708,135
Norovirus,P*E^2,Wavelet(t=1.5),Wavelet,0.4367532060563236,0.49612403100775193,0.4266666666666667,0.5925925925925926,4.2350617283950625,75
Norovirus,P*E^2,Wavelet(t=2.0),Wavelet,0.48939998504576704,0.5384615384615384,0.56,0.5185185185185185,5.558518518518519,50
Norovirus,P*E^2,KDE(p=75),KDE,0.4652242301783779,0.4893617021276595,0.34328358208955223,0.8518518518518519,3.4074074074074074,134
Norovirus,P*E^2,KDE(p=80),KDE,0.3881681892673953,0.4444444444444444,0.3333333333333333,0.6666666666666666,3.308641975308642,108
Norovirus,P*E^2,KDE(p=85),KDE,0.48179071807446744,0.5333333333333333,0.4444444444444444,0.6666666666666666,4.411522633744855,81
Norovirus,P*E^2,SlidingTest(p=0.01),SlidingTest,0.4041486389344472,0.4615384615384615,0.48,0.4444444444444444,4.764444444444444,50
Norovirus,P*E^2,SlidingTest(p=0.05),SlidingTest,0.4710368320418825,0.5106382978723405,0.6,0.4444444444444444,5.955555555555556,40
Norovirus,P*E^2,GradPeak(p=0.2),GradPeak,0.18195823672969344,0.27835051546391754,0.19285714285714287,0.5,1.9142857142857144,140
Norovirus,P*E^2,GradPeak(p=0.5),GradPeak,0.3294608353323773,0.40298507462686567,0.3375,0.5,3.35,80
Norovirus,P*E^2,LocalContrast(z=1.0),LocalContrast,0.1289141601560635,0.1978021978021978,0.24324324324324326,0.16666666666666666,2.4144144144144146,37
Norovirus,P*E^2,LocalContrast(z=1.5),LocalContrast,0.16730179046799357,0.20512820512820512,0.3333333333333333,0.14814814814814814,3.308641975308642,24
Norovirus,P*E^2,LocalContrast(z=2.0),LocalContrast,0.22238288609637857,0.22535211267605632,0.47058823529411764,0.14814814814814814,4.671023965141612,17
Norovirus,P*E^2,"CUSUM(d=0.3,h=3.0)",CUSUM,0.4405579793121031,0.43621399176954734,0.2804232804232804,0.9814814814814815,2.783460709386635,189
Norovirus,P*E^2,"CUSUM(d=0.5,h=4.0)",CUSUM,0.3637060240294999,0.4305555555555556,0.34444444444444444,0.5740740740740741,3.4189300411522634,90
Norovirus,P*E^2,"CUSUM(d=0.5,h=5.0)",CUSUM,0.326036903304917,0.4,0.3333333333333333,0.5,3.308641975308642,81
Norovirus,P*E^2,AdaptiveKnee,AdaptiveKnee,0.41271886248450806,0.4418604651162791,0.59375,0.35185185185185186,5.893518518518518,32
Norovirus,P*E^2,ScoreDBSCAN(ep=8),ScoreDBSCAN,0.0,0.0,0.0,0.0,0.0,0
Norovirus,P*E^2,ScoreDBSCAN(ep=15),ScoreDBSCAN,0.0,0.0,0.0,0.0,0.0,0
Norovirus,P*E^2,Spectral(z=1.5),Spectral,0.33748668140180016,0.35443037974683544,0.56,0.25925925925925924,5.558518518518519,25
Norovirus,P*E^2,Spectral(z=2.0),Spectral,0.35925891475799304,0.3513513513513513,0.65,0.24074074074074073,6.451851851851852,20
Norovirus,P*E^2,Bayes(prior=0.1),Bayes,0.30255262792936943,0.3207547169811321,0.19318181818181818,0.9444444444444444,1.9175084175084174,264
Norovirus,P*E^2,Bayes(prior=0.15),Bayes,0.3012888726577018,0.3197492163009405,0.19245283018867926,0.9444444444444444,1.9102725366876312,265
Norovirus,P*E^2,Ensemble(v>=2),Ensemble,0.3771000250388197,0.3846153846153846,0.625,0.2777777777777778,6.203703703703704,24
Norovirus,P*E^2,Ensemble(v>=3),Ensemble,0.32642530941466685,0.27272727272727276,0.75,0.16666666666666666,7.444444444444445,12
Norovirus,P*E^2,AdaptWin(s=90),AdaptWin,0.3420451499871609,0.4132231404958678,0.373134328358209,0.46296296296296297,3.703703703703704,67
Norovirus,P*E^2,AdaptWin(s=85),AdaptWin,0.3145274548962671,0.3737373737373737,0.2569444444444444,0.6851851851851852,2.5504115226337447,144
Norovirus,P*E^2,FreqThresh(p=80),FreqThresh,0.3087096511006436,0.38216560509554137,0.2912621359223301,0.5555555555555556,2.8910463861920173,103
Norovirus,P*E^2,FreqThresh(p=85),FreqThresh,0.4820081112371734,0.5357142857142857,0.5172413793103449,0.5555555555555556,5.134099616858238,58
Norovirus,P*E^2,FreqThresh(p=90),FreqThresh,0.3882314794278511,0.42696629213483145,0.5428571428571428,0.35185185185185186,5.388359788359788,35
Norovirus,P*E^2,FreqThresh(p=95),FreqThresh,0.3771000250388197,0.3846153846153846,0.625,0.2777777777777778,6.203703703703704,24
Norovirus,P*E^2,"SWAN(w=10,k=1.0)",SWAN,0.5482093499794223,0.5950413223140495,0.5373134328358209,0.6666666666666666,5.333333333333333,67
Norovirus,P*E^2,"SWAN(w=10,k=1.5)",SWAN,0.48477532536459206,0.5,0.7,0.3888888888888889,6.948148148148148,30
Norovirus,P*E^2,"SWAN(w=10,k=2.0)",SWAN,0.3504863520975647,0.3333333333333333,0.6666666666666666,0.2222222222222222,6.617283950617284,18
Norovirus,P*E^2,"SWAN(w=20,k=1.0)",SWAN,0.21805613191401435,0.27272727272727276,0.35294117647058826,0.2222222222222222,3.5032679738562096,34
Norovirus,P*E^2,"SWAN(w=20,k=1.5)",SWAN,0.0,0.0,0.0,0.0,0.0,0
Norovirus,P*E^2,"SWAN(w=20,k=2.0)",SWAN,0.0,0.0,0.0,0.0,0.0,0
Norovirus,P*E^2,"SWAN(w=50,k=1.0)",SWAN,0.0,0.0,0.0,0.0,0.0,0
Norovirus,P*E^2,"SWAN(w=50,k=1.5)",SWAN,0.0,0.0,0.0,0.0,0.0,0
Norovirus,P*E^2,"SWAN(w=50,k=2.0)",SWAN,0.0,0.0,0.0,0.0,0.0,0
Norovirus,P*E^2,MutClust-Orig(g=10),MutClust-Orig,0.32244883769820504,0.3253012048192771,0.19424460431654678,1.0,1.9280575539568348,278
Norovirus,rank(P*E),Wavelet(t=1.0),Wavelet,0.05244710099250747,0.19333333333333336,0.11788617886178862,0.5370370370370371,1.1701294790725685,246
Norovirus,rank(P*E),Wavelet(t=1.5),Wavelet,0.08166200473433613,0.1875,0.16216216216216217,0.2222222222222222,1.6096096096096097,74
Norovirus,rank(P*E),Wavelet(t=2.0),Wavelet,0.2744246729061072,0.28947368421052627,0.5,0.2037037037037037,4.962962962962963,22
Norovirus,rank(P*E),KDE(p=75),KDE,0.007157295848898121,0.14893617021276595,0.1044776119402985,0.25925925925925924,1.037037037037037,134
Norovirus,rank(P*E),KDE(p=80),KDE,-0.12177825545643775,0.037037037037037035,0.027777777777777776,0.05555555555555555,0.27572016460905346,108
Norovirus,rank(P*E),KDE(p=85),KDE,-0.12391856158489518,0.014814814814814814,0.012345679012345678,0.018518518518518517,0.12254229538180154,81
Norovirus,rank(P*E),SlidingTest(p=0.01),SlidingTest,0.38607364512795356,0.38028169014084506,0.23478260869565218,1.0,2.3304347826086955,230
Norovirus,rank(P*E),SlidingTest(p=0.05),SlidingTest,0.35800275851414115,0.35526315789473684,0.216,1.0,2.144,250
Norovirus,rank(P*E),GradPeak(p=0.2),GradPeak,0.06761526543043474,0.2,0.12755102040816327,0.46296296296296297,1.2660619803476947,196
Norovirus,rank(P*E),GradPeak(p=0.5),GradPeak,0.09264760894874671,0.1984732824427481,0.16883116883116883,0.24074074074074073,1.6758056758056759,77
Norovirus,rank(P*E),LocalContrast(z=1.0),LocalContrast,0.248667563591962,0.32967032967032966,0.234375,0.5555555555555556,2.326388888888889,128
Norovirus,rank(P*E),LocalContrast(z=1.5),LocalContrast,0.31296306624724046,0.3595505617977528,0.45714285714285713,0.2962962962962963,4.537566137566137,35
Norovirus,rank(P*E),LocalContrast(z=2.0),LocalContrast,0.10963932039975101,0.1388888888888889,0.2777777777777778,0.09259259259259259,2.757201646090535,18
Norovirus,rank(P*E),"CUSUM(d=0.3,h=3.0)",CUSUM,0.02511136864078867,0.1839863713798978,0.10131332082551595,1.0,1.0056285178236397,533
Norovirus,rank(P*E),"CUSUM(d=0.5,h=4.0)",CUSUM,-0.21743995683719017,0.13714285714285715,0.07643312101910828,0.6666666666666666,0.7586694975230007,471
Norovirus,rank(P*E),"CUSUM(d=0.5,h=5.0)",CUSUM,-0.21342589184419114,0.13281250000000003,0.07423580786026202,0.6296296296296297,0.7368591298722303,458
Norovirus,rank(P*E),AdaptiveKnee,AdaptiveKnee,0.0,0.0,0.0,0.0,0.0,0
Norovirus,rank(P*E),ScoreDBSCAN(ep=8),ScoreDBSCAN,-0.0356132043066836,0.0,0.0,0.0,0.0,6
Norovirus,rank(P*E),ScoreDBSCAN(ep=15),ScoreDBSCAN,0.0,0.0,0.0,0.0,0.0,0
Norovirus,rank(P*E),Spectral(z=1.5),Spectral,0.23016577470565416,0.29473684210526313,0.34146341463414637,0.25925925925925924,3.3893405600722675,41
Norovirus,rank(P*E),Spectral(z=2.0),Spectral,0.17988437608020433,0.13114754098360656,0.5714285714285714,0.07407407407407407,5.671957671957672,7
Norovirus,rank(P*E),Bayes(prior=0.1),Bayes,0.20122600067909424,0.27491408934707906,0.16877637130801687,0.7407407407407407,1.6752617596499453,237
Norovirus,rank(P*E),Bayes(prior=0.15),Bayes,0.26578393567127806,0.3051948051948052,0.18503937007874016,0.8703703703703703,1.836687080781569,254
Norovirus,rank(P*E),Ensemble(v>=2),Ensemble,0.3882314794278511,0.42696629213483145,0.5428571428571428,0.35185185185185186,5.388359788359788,35
Norovirus,rank(P*E),Ensemble(v>=3),Ensemble,0.3771000250388197,0.3846153846153846,0.625,0.2777777777777778,6.203703703703704,24
Norovirus,rank(P*E),AdaptWin(s=90),AdaptWin,0.26638431678791497,0.31141868512110726,0.19148936170212766,0.8333333333333334,1.900709219858156,235
Norovirus,rank(P*E),AdaptWin(s=85),AdaptWin,0.31529309606596195,0.31952662721893493,0.19014084507042253,1.0,1.8873239436619718,284
Norovirus,rank(P*E),FreqThresh(p=80),FreqThresh,0.3087096511006436,0.38216560509554137,0.2912621359223301,0.5555555555555556,2.8910463861920173,103
Norovirus,rank(P*E),FreqThresh(p=85),FreqThresh,0.45522856254068134,0.5128205128205129,0.47619047619047616,0.5555555555555556,4.72663139329806,63
Norovirus,rank(P*E),FreqThresh(p=90),FreqThresh,0.3882314794278511,0.42696629213483145,0.5428571428571428,0.35185185185185186,5.388359788359788,35
Norovirus,rank(P*E),FreqThresh(p=95),FreqThresh,0.26909964432612,0.2571428571428572,0.5625,0.16666666666666666,5.583333333333333,16
Norovirus,rank(P*E),"SWAN(w=10,k=1.0)",SWAN,0.2882919701716368,0.36257309941520466,0.26495726495726496,0.5740740740740741,2.629946185501741,117
Norovirus,rank(P*E),"SWAN(w=10,k=1.5)",SWAN,0.0,0.0,0.0,0.0,0.0,0
Norovirus,rank(P*E),"SWAN(w=10,k=2.0)",SWAN,0.0,0.0,0.0,0.0,0.0,0
Norovirus,rank(P*E),"SWAN(w=20,k=1.0)",SWAN,0.06809544635358165,0.1746031746031746,0.1527777777777778,0.2037037037037037,1.5164609053497944,72
Norovirus,rank(P*E),"SWAN(w=20,k=1.5)",SWAN,0.0,0.0,0.0,0.0,0.0,0
Norovirus,rank(P*E),"SWAN(w=20,k=2.0)",SWAN,0.0,0.0,0.0,0.0,0.0,0
Norovirus,rank(P*E),"SWAN(w=50,k=1.0)",SWAN,0.0,0.0,0.0,0.0,0.0,0
Norovirus,rank(P*E),"SWAN(w=50,k=1.5)",SWAN,0.0,0.0,0.0,0.0,0.0,0
Norovirus,rank(P*E),"SWAN(w=50,k=2.0)",SWAN,0.0,0.0,0.0,0.0,0.0,0
Norovirus,rank(P*E),MutClust-Orig(g=10),MutClust-Orig,0.0,0.18305084745762712,0.10074626865671642,1.0,1.0,536
HIV-1,E*rare,Wavelet(t=1.0),Wavelet,0.2846445555276627,0.38620689655172413,0.25112107623318386,0.835820895522388,1.6866340941034739,223
HIV-1,E*rare,Wavelet(t=1.5),Wavelet,0.31168113734246294,0.4217687074829932,0.3875,0.4626865671641791,2.602611940298508,80
HIV-1,E*rare,Wavelet(t=2.0),Wavelet,0.22261106199714364,0.2325581395348837,0.5263157894736842,0.14925373134328357,3.534956794972506,19
HIV-1,E*rare,KDE(p=75),KDE,0.09282575897495916,0.24516129032258066,0.2159090909090909,0.2835820895522388,1.4501356852103122,88
HIV-1,E*rare,KDE(p=80),KDE,0.0244695174665739,0.1739130434782609,0.16901408450704225,0.1791044776119403,1.13516922430103,71
HIV-1,E*rare,KDE(p=85),KDE,-0.07535571060031376,0.06666666666666667,0.07547169811320754,0.05970149253731343,0.5068994649394537,53
HIV-1,E*rare,SlidingTest(p=0.01),SlidingTest,0.3375709094474125,0.4105960264900662,0.26382978723404255,0.9253731343283582,1.7719911082883455,235
HIV-1,E*rare,SlidingTest(p=0.05),SlidingTest,0.32867405277448397,0.40390879478827363,0.25833333333333336,0.9253731343283582,1.735074626865672,240
HIV-1,E*rare,GradPeak(p=0.2),GradPeak,0.11235571678561411,0.2830188679245283,0.20689655172413793,0.44776119402985076,1.3896037056098818,145
HIV-1,E*rare,GradPeak(p=0.5),GradPeak,0.20380506985306637,0.2909090909090909,0.37209302325581395,0.23880597014925373,2.4991322457480045,43
HIV-1,E*rare,LocalContrast(z=1.0),LocalContrast,0.11274781325588368,0.27472527472527475,0.21739130434782608,0.373134328358209,1.4600908500973395,115
HIV-1,E*rare,LocalContrast(z=1.5),LocalContrast,0.0767530732996022,0.21212121212121213,0.2153846153846154,0.208955223880597,1.4466130884041333,65
HIV-1,E*rare,LocalContrast(z=2.0),LocalContrast,-0.07494778246255726,0.0,0.0,0.0,0.0,14
HIV-1,E*rare,"CUSUM(d=0.3,h=3.0)",CUSUM,0.034264537976485834,0.2607003891050583,0.14988814317673377,1.0,1.0067114093959733,447
HIV-1,E*rare,"CUSUM(d=0.5,h=4.0)",CUSUM,-0.24253879187261868,0.17535545023696683,0.10422535211267606,0.5522388059701493,0.700021021652302,355
HIV-1,E*rare,"CUSUM(d=0.5,h=5.0)",CUSUM,-0.24761857245424457,0.16908212560386476,0.10086455331412104,0.5223880597014925,0.6774484924082758,347
HIV-1,E*rare,AdaptiveKnee,AdaptiveKnee,0.16480456498055315,0.31521739130434784,0.24786324786324787,0.43283582089552236,1.664753157290471,117
HIV-1,E*rare,ScoreDBSCAN(ep=8),ScoreDBSCAN,0.0,0.0,0.0,0.0,0.0,0
HIV-1,E*rare,ScoreDBSCAN(ep=15),ScoreDBSCAN,0.0,0.0,0.0,0.0,0.0,0
HIV-1,E*rare,Spectral(z=1.5),Spectral,0.20054429683714756,0.19512195121951217,0.5333333333333333,0.11940298507462686,3.582089552238806,15
HIV-1,E*rare,Spectral(z=2.0),Spectral,-0.034264537976485834,0.0,0.0,0.0,0.0,3
HIV-1,E*rare,Bayes(prior=0.1),Bayes,0.13168480130064172,0.3017543859649123,0.19724770642201836,0.6417910447761194,1.3247980282075862,218
HIV-1,E*rare,Bayes(prior=0.15),Bayes,0.2145793744857402,0.34161490683229817,0.21568627450980393,0.8208955223880597,1.4486391571553996,255
HIV-1,E*rare,Ensemble(v>=2),Ensemble,0.24896382865716976,0.347107438016529,0.3888888888888889,0.31343283582089554,2.611940298507463,54
HIV-1,E*rare,Ensemble(v>=3),Ensemble,0.2654921705848902,0.32,0.48484848484848486,0.23880597014925373,3.256445047489824,33
HIV-1,E*rare,AdaptWin(s=90),AdaptWin,0.14292731317741164,0.3082706766917293,0.20603015075376885,0.6119402985074627,1.3837845946148655,199
HIV-1,E*rare,AdaptWin(s=85),AdaptWin,0.2680329766776974,0.3745819397993311,0.2413793103448276,0.835820895522388,1.6212043232115287,232
HIV-1,E*rare,FreqThresh(p=80),FreqThresh,0.14236980966204382,0.30051813471502586,0.23015873015873015,0.43283582089552236,1.5458422174840085,126
HIV-1,E*rare,FreqThresh(p=85),FreqThresh,0.10486785885452399,0.25925925925925924,0.22105263157894736,0.31343283582089554,1.4846818538884525,95
HIV-1,E*rare,FreqThresh(p=90),FreqThresh,0.24896382865716976,0.347107438016529,0.3888888888888889,0.31343283582089554,2.611940298507463,54
HIV-1,E*rare,FreqThresh(p=95),FreqThresh,-0.06305385970605605,0.0,0.0,0.0,0.0,10
HIV-1,E*rare,"SWAN(w=10,k=1.0)",SWAN,0.19468890217439722,0.3216783216783216,0.3026315789473684,0.34328358208955223,2.032600157109191,76
HIV-1,E*rare,"SWAN(w=10,k=1.5)",SWAN,0.0,0.0,0.0,0.0,0.0,0
HIV-1,E*rare,"SWAN(w=10,k=2.0)",SWAN,0.0,0.0,0.0,0.0,0.0,0
HIV-1,E*rare,"SWAN(w=20,k=1.0)",SWAN,0.05043501523935082,0.20408163265306126,0.1875,0.22388059701492538,1.2593283582089554,80
HIV-1,E*rare,"SWAN(w=20,k=1.5)",SWAN,0.0,0.0,0.0,0.0,0.0,0
HIV-1,E*rare,"SWAN(w=20,k=2.0)",SWAN,0.0,0.0,0.0,0.0,0.0,0
HIV-1,E*rare,"SWAN(w=50,k=1.0)",SWAN,-0.1703077255564699,0.0,0.0,0.0,0.0,64
HIV-1,E*rare,"SWAN(w=50,k=1.5)",SWAN,0.0,0.0,0.0,0.0,0.0,0
HIV-1,E*rare,"SWAN(w=50,k=2.0)",SWAN,0.0,0.0,0.0,0.0,0.0,0
HIV-1,E*rare,MutClust-Orig(g=10),MutClust-Orig,0.18254013301636227,0.30112359550561796,0.17724867724867724,1.0,1.1904761904761905,378
HIV-1,P*E*rare,Wavelet(t=1.0),Wavelet,0.23922377792018215,0.36298932384341637,0.2383177570093458,0.7611940298507462,1.6006416515553077,214
HIV-1,P*E*rare,Wavelet(t=1.5),Wavelet,0.3333938600706819,0.4430379746835443,0.38461538461538464,0.5223880597014925,2.5832376578645238,91
HIV-1,P*E*rare,Wavelet(t=2.0),Wavelet,0.15076427752281146,0.19780219780219782,0.375,0.13432835820895522,2.518656716417911,24
HIV-1,P*E*rare,KDE(p=75),KDE,-0.096043532081853,0.09032258064516129,0.07954545454545454,0.1044776119402985,0.5342605156037992,88
HIV-1,P*E*rare,KDE(p=80),KDE,-0.076168511701891,0.0875912408759124,0.08571428571428572,0.08955223880597014,0.5756929637526653,70
HIV-1,P*E*rare,KDE(p=85),KDE,-0.07535571060031376,0.06666666666666667,0.07547169811320754,0.05970149253731343,0.5068994649394537,53
HIV-1,P*E*rare,SlidingTest(p=0.01),SlidingTest,0.3375709094474125,0.4105960264900662,0.26382978723404255,0.9253731343283582,1.7719911082883455,235
HIV-1,P*E*rare,SlidingTest(p=0.05),SlidingTest,0.32867405277448397,0.40390879478827363,0.25833333333333336,0.9253731343283582,1.735074626865672,240
HIV-1,P*E*rare,GradPeak(p=0.2),GradPeak,0.199195535649134,0.34343434343434337,0.2595419847328244,0.5074626865671642,1.7431924347727015,131
HIV-1,P*E*rare,GradPeak(p=0.5),GradPeak,0.03096505228966883,0.09195402298850575,0.2,0.05970149253731343,1.3432835820895523,20
HIV-1,P*E*rare,LocalContrast(z=1.0),LocalContrast,0.068924813272682,0.24875621890547264,0.1865671641791045,0.373134328358209,1.2530630429939855,134
HIV-1,P*E*rare,LocalContrast(z=1.5),LocalContrast,-0.02690505264209603,0.13043478260869565,0.1267605633802817,0.13432835820895522,0.8513769182257725,71
HIV-1,P*E*rare,LocalContrast(z=2.0),LocalContrast,-0.0902025436264266,0.0,0.0,0.0,0.0,20
HIV-1,P*E*rare,"CUSUM(d=0.3,h=3.0)",CUSUM,0.034264537976485834,0.2607003891050583,0.14988814317673377,1.0,1.0067114093959733,447
HIV-1,P*E*rare,"CUSUM(d=0.5,h=4.0)",CUSUM,-0.2731323325433064,0.16587677725118483,0.09859154929577464,0.5223880597014925,0.6621820475089342,355
HIV-1,P*E*rare,"CUSUM(d=0.5,h=5.0)",CUSUM,-0.2784318623693861,0.162291169451074,0.09659090909090909,0.5074626865671642,0.6487449118046134,352
HIV-1,P*E*rare,AdaptiveKnee,AdaptiveKnee,-0.019682583533755835,0.06521739130434782,0.12,0.04477611940298507,0.8059701492537313,25
HIV-1,P*E*rare,ScoreDBSCAN(ep=8),ScoreDBSCAN,0.0,0.0,0.0,0.0,0.0,0
HIV-1,P*E*rare,ScoreDBSCAN(ep=15),ScoreDBSCAN,0.0,0.0,0.0,0.0,0.0,0
HIV-1,P*E*rare,Spectral(z=1.5),Spectral,0.1463210717038439,0.16666666666666669,0.4117647058823529,0.1044776119402985,2.76558384547849,17
HIV-1,P*E*rare,Spectral(z=2.0),Spectral,0.07401900861825947,0.07894736842105263,0.3333333333333333,0.04477611940298507,2.238805970149254,9
HIV-1,P*E*rare,Bayes(prior=0.1),Bayes,0.1828951468723594,0.32989690721649484,0.21428571428571427,0.7164179104477612,1.439232409381663,224
HIV-1,P*E*rare,Bayes(prior=0.15),Bayes,0.22863016405390957,0.35031847133757954,0.22267206477732793,0.8208955223880597,1.4955586440268296,247
HIV-1,P*E*rare,Ensemble(v>=2),Ensemble,0.1913333127643064,0.29752066115702475,0.3333333333333333,0.26865671641791045,2.238805970149254,54
HIV-1,P*E*rare,Ensemble(v>=3),Ensemble,-0.0878165112867567,0.0,0.0,0.0,0.0,19
HIV-1,P*E*rare,AdaptWin(s=90),AdaptWin,0.12125601081021867,0.29387755102040813,0.20224719101123595,0.5373134328358209,1.3583766560456147,178
HIV-1,P*E*rare,AdaptWin(s=85),AdaptWin,0.2753632992817968,0.3796610169491525,0.24561403508771928,0.835820895522388,1.6496465043205029,228
HIV-1,P*E*rare,FreqThresh(p=80),FreqThresh,0.1442281948291982,0.30303030303030304,0.22900763358778625,0.44776119402985076,1.538110971858266,131
HIV-1,P*E*rare,FreqThresh(p=85),FreqThresh,0.10756240267118285,0.26086956521739135,0.22340425531914893,0.31343283582089554,1.5004763416957765,94
HIV-1,P*E*rare,FreqThresh(p=90),FreqThresh,0.1913333127643064,0.29752066115702475,0.3333333333333333,0.26865671641791045,2.238805970149254,54
HIV-1,P*E*rare,FreqThresh(p=95),FreqThresh,-0.06305385970605605,0.0,0.0,0.0,0.0,10
HIV-1,P*E*rare,"SWAN(w=10,k=1.0)",SWAN,0.15805998911950983,0.2916666666666667,0.2727272727272727,0.31343283582089554,1.8317503392130259,77
HIV-1,P*E*rare,"SWAN(w=10,k=1.5)",SWAN,0.0,0.0,0.0,0.0,0.0,0
HIV-1,P*E*rare,"SWAN(w=10,k=2.0)",SWAN,0.0,0.0,0.0,0.0,0.0,0
HIV-1,P*E*rare,"SWAN(w=20,k=1.0)",SWAN,-0.04402990934498601,0.11594202898550725,0.11267605633802817,0.11940298507462686,0.7567794828673534,71
HIV-1,P*E*rare,"SWAN(w=20,k=1.5)",SWAN,0.0,0.0,0.0,0.0,0.0,0
HIV-1,P*E*rare,"SWAN(w=20,k=2.0)",SWAN,0.0,0.0,0.0,0.0,0.0,0
HIV-1,P*E*rare,"SWAN(w=50,k=1.0)",SWAN,-0.1687535068328089,0.0,0.0,0.0,0.0,63
HIV-1,P*E*rare,"SWAN(w=50,k=1.5)",SWAN,0.0,0.0,0.0,0.0,0.0,0
HIV-1,P*E*rare,"SWAN(w=50,k=2.0)",SWAN,0.0,0.0,0.0,0.0,0.0,0
HIV-1,P*E*rare,MutClust-Orig(g=10),MutClust-Orig,0.22212735919034604,0.32057416267942584,0.1908831908831909,1.0,1.2820512820512822,351
HIV-1,minority_E,Wavelet(t=1.0),Wavelet,-0.08167617260104076,0.15246636771300448,0.10897435897435898,0.2537313432835821,0.7319173363949484,156
HIV-1,minority_E,Wavelet(t=1.5),Wavelet,-0.03494665893122068,0.147239263803681,0.125,0.1791044776119403,0.8395522388059702,96
HIV-1,minority_E,Wavelet(t=2.0),Wavelet,-0.09472182697389527,0.049999999999999996,0.05660377358490566,0.04477611940298507,0.3801745987045903,53
HIV-1,minority_E,KDE(p=75),KDE,-0.20329961124226018,0.0,0.0,0.0,0.0,86
HIV-1,minority_E,KDE(p=80),KDE,-0.17799183150586095,0.0,0.0,0.0,0.0,69
HIV-1,minority_E,KDE(p=85),KDE,-0.1511813259862079,0.0,0.0,0.0,0.0,52
HIV-1,minority_E,SlidingTest(p=0.01),SlidingTest,0.28107433076586785,0.35543766578249336,0.2161290322580645,1.0,1.4516129032258065,310
HIV-1,minority_E,SlidingTest(p=0.05),SlidingTest,0.28107433076586785,0.35543766578249336,0.2161290322580645,1.0,1.4516129032258065,310
HIV-1,minority_E,GradPeak(p=0.2),GradPeak,-0.09482600850722425,0.0,0.0,0.0,0.0,22
HIV-1,minority_E,GradPeak(p=0.5),GradPeak,-0.0396096113091112,0.0,0.0,0.0,0.0,4
HIV-1,minority_E,LocalContrast(z=1.0),LocalContrast,-0.040345930546577195,0.16494845360824742,0.12598425196850394,0.23880597014925373,0.8461628863556235,127
HIV-1,minority_E,LocalContrast(z=1.5),LocalContrast,-0.10773598944285856,0.0,0.0,0.0,0.0,28
HIV-1,minority_E,LocalContrast(z=2.0),LocalContrast,0.0,0.0,0.0,0.0,0.0,0
HIV-1,minority_E,"CUSUM(d=0.3,h=3.0)",CUSUM,0.027945636466866024,0.26019417475728157,0.14955357142857142,1.0,1.0044642857142858,448
HIV-1,minority_E,"CUSUM(d=0.5,h=4.0)",CUSUM,-0.49762977095266825,0.1391304347826087,0.08142493638676845,0.47761194029850745,0.5468839011051613,393
HIV-1,minority_E,"CUSUM(d=0.5,h=5.0)",CUSUM,-0.4618459947872688,0.13747228381374726,0.08072916666666667,0.4626865671641791,0.5422108208955224,384
HIV-1,minority_E,AdaptiveKnee,AdaptiveKnee,0.2796180611225781,0.3544973544973545,0.21543408360128619,1.0,1.446945337620579,311
HIV-1,minority_E,ScoreDBSCAN(ep=8),ScoreDBSCAN,0.0,0.0,0.0,0.0,0.0,0
HIV-1,minority_E,ScoreDBSCAN(ep=15),ScoreDBSCAN,0.0,0.0,0.0,0.0,0.0,0
HIV-1,minority_E,Spectral(z=1.5),Spectral,-0.0902025436264266,0.0,0.0,0.0,0.0,20
HIV-1,minority_E,Spectral(z=2.0),Spectral,-0.06922956171339777,0.0,0.0,0.0,0.0,12
HIV-1,minority_E,Bayes(prior=0.1),Bayes,0.10436004808333055,0.2857142857142857,0.18932038834951456,0.582089552238806,1.2715548471236053,206
HIV-1,minority_E,Bayes(prior=0.15),Bayes,0.1753407520828918,0.3212121212121212,0.20152091254752852,0.7910447761194029,1.3534986663639976,263
HIV-1,minority_E,Ensemble(v>=2),Ensemble,-0.10201198892191093,0.03508771929824562,0.0425531914893617,0.029850746268656716,0.2858050174658622,47
HIV-1,minority_E,Ensemble(v>=3),Ensemble,-0.10773598944285856,0.0,0.0,0.0,0.0,28
HIV-1,minority_E,AdaptWin(s=90),AdaptWin,0.2608259403574162,0.34271099744245526,0.20679012345679013,1.0,1.388888888888889,324
HIV-1,minority_E,AdaptWin(s=85),AdaptWin,0.12518833131071144,0.2791666666666667,0.162227602905569,1.0,1.089588377723971,413
HIV-1,minority_E,FreqThresh(p=80),FreqThresh,-0.04956333874567557,0.14117647058823526,0.11650485436893204,0.1791044776119403,0.7824952905376034,103
HIV-1,minority_E,FreqThresh(p=85),FreqThresh,-0.04402990934498601,0.11594202898550725,0.11267605633802817,0.11940298507462686,0.7567794828673534,71
HIV-1,minority_E,FreqThresh(p=90),FreqThresh,-0.10201198892191093,0.03508771929824562,0.0425531914893617,0.029850746268656716,0.2858050174658622,47
HIV-1,minority_E,FreqThresh(p=95),FreqThresh,-0.10773598944285856,0.0,0.0,0.0,0.0,28
HIV-1,minority_E,"SWAN(w=10,k=1.0)",SWAN,0.0,0.0,0.0,0.0,0.0,0
HIV-1,minority_E,"SWAN(w=10,k=1.5)",SWAN,0.0,0.0,0.0,0.0,0.0,0
HIV-1,minority_E,"SWAN(w=10,k=2.0)",SWAN,0.0,0.0,0.0,0.0,0.0,0
HIV-1,minority_E,"SWAN(w=20,k=1.0)",SWAN,0.0,0.0,0.0,0.0,0.0,0
HIV-1,minority_E,"SWAN(w=20,k=1.5)",SWAN,0.0,0.0,0.0,0.0,0.0,0
HIV-1,minority_E,"SWAN(w=20,k=2.0)",SWAN,0.0,0.0,0.0,0.0,0.0,0
HIV-1,minority_E,"SWAN(w=50,k=1.0)",SWAN,0.0,0.0,0.0,0.0,0.0,0
HIV-1,minority_E,"SWAN(w=50,k=1.5)",SWAN,0.0,0.0,0.0,0.0,0.0,0
HIV-1,minority_E,"SWAN(w=50,k=2.0)",SWAN,0.0,0.0,0.0,0.0,0.0,0
HIV-1,minority_E,MutClust-Orig(g=10),MutClust-Orig,0.0,0.25918762088974856,0.14888888888888888,1.0,1.0,450
HIV-1,P*minority_E,Wavelet(t=1.0),Wavelet,-0.01571136936287471,0.19444444444444442,0.14093959731543623,0.31343283582089554,0.9466092357006912,149
HIV-1,P*minority_E,Wavelet(t=1.5),Wavelet,0.023925019421320966,0.18543046357615892,0.16666666666666666,0.208955223880597,1.119402985074627,84
HIV-1,P*minority_E,Wavelet(t=2.0),Wavelet,-0.06841950250576422,0.06837606837606838,0.08,0.05970149253731343,0.537313432835821,50
HIV-1,P*minority_E,KDE(p=75),KDE,-0.2018371220260232,0.0,0.0,0.0,0.0,85
HIV-1,P*minority_E,KDE(p=80),KDE,-0.17646589749376054,0.0,0.0,0.0,0.0,68
HIV-1,P*minority_E,KDE(p=85),KDE,-0.14953286508337227,0.0,0.0,0.0,0.0,51
HIV-1,P*minority_E,SlidingTest(p=0.01),SlidingTest,0.2883846204946476,0.3602150537634409,0.21967213114754097,1.0,1.4754098360655739,305
HIV-1,P*minority_E,SlidingTest(p=0.05),SlidingTest,0.2883846204946476,0.3602150537634409,0.21967213114754097,1.0,1.4754098360655739,305
HIV-1,P*minority_E,GradPeak(p=0.2),GradPeak,-0.028229399730271262,0.0784313725490196,0.11428571428571428,0.05970149253731343,0.767590618336887,35
HIV-1,P*minority_E,GradPeak(p=0.5),GradPeak,-0.0396096113091112,0.0,0.0,0.0,0.0,4
HIV-1,P*minority_E,LocalContrast(z=1.0),LocalContrast,-0.032603828666006356,0.15384615384615383,0.12745098039215685,0.19402985074626866,0.8560140474100087,102
HIV-1,P*minority_E,LocalContrast(z=1.5),LocalContrast,-0.06841950250576422,0.06837606837606838,0.08,0.05970149253731343,0.537313432835821,50
HIV-1,P*minority_E,LocalContrast(z=2.0),LocalContrast,-0.06305385970605605,0.0,0.0,0.0,0.0,10
HIV-1,P*minority_E,"CUSUM(d=0.3,h=3.0)",CUSUM,0.027945636466866024,0.26019417475728157,0.14955357142857142,1.0,1.0044642857142858,448
HIV-1,P*minority_E,"CUSUM(d=0.5,h=4.0)",CUSUM,0.034264537976485834,0.2607003891050583,0.14988814317673377,1.0,1.0067114093959733,447
HIV-1,P*minority_E,"CUSUM(d=0.5,h=5.0)",CUSUM,0.0396096113091112,0.26120857699805067,0.15022421524663676,1.0,1.0089686098654709,446
HIV-1,P*minority_E,AdaptiveKnee,AdaptiveKnee,0.28691849701393596,0.3592493297587131,0.21895424836601307,1.0,1.4705882352941178,306
HIV-1,P*minority_E,ScoreDBSCAN(ep=8),ScoreDBSCAN,0.0,0.0,0.0,0.0,0.0,0
HIV-1,P*minority_E,ScoreDBSCAN(ep=15),ScoreDBSCAN,0.0,0.0,0.0,0.0,0.0,0
HIV-1,P*minority_E,Spectral(z=1.5),Spectral,-0.10144100744320315,0.0,0.0,0.0,0.0,25
HIV-1,P*minority_E,Spectral(z=2.0),Spectral,-0.09253776703730959,0.0,0.0,0.0,0.0,21
HIV-1,P*minority_E,Bayes(prior=0.1),Bayes,0.16298710398843957,0.3186440677966102,0.20614035087719298,0.7014925373134329,1.384524744697565,228
HIV-1,P*minority_E,Bayes(prior=0.15),Bayes,0.24965284629569484,0.35649546827794565,0.22348484848484848,0.8805970149253731,1.5010176390773406,264
HIV-1,P*minority_E,Ensemble(v>=2),Ensemble,-0.07076226012286009,0.06779661016949153,0.0784313725490196,0.05970149253731343,0.5267778753292363,51
HIV-1,P*minority_E,Ensemble(v>=3),Ensemble,-0.11178254586746408,0.0,0.0,0.0,0.0,30
HIV-1,P*minority_E,AdaptWin(s=90),AdaptWin,0.2752597077978498,0.3517060367454068,0.21337579617834396,1.0,1.4331210191082804,314
HIV-1,P*minority_E,AdaptWin(s=85),AdaptWin,0.26658438134290446,0.3462532299741602,0.209375,1.0,1.4062500000000002,320
HIV-1,P*minority_E,FreqThresh(p=80),FreqThresh,-0.017905972142768817,0.17045454545454544,0.13761467889908258,0.22388059701492538,0.9242776940983158,109
HIV-1,P*minority_E,FreqThresh(p=85),FreqThresh,-0.12917169370653878,0.054421768707483,0.05,0.05970149253731343,0.3358208955223881,80
HIV-1,P*minority_E,FreqThresh(p=90),FreqThresh,-0.07076226012286009,0.06779661016949153,0.0784313725490196,0.05970149253731343,0.5267778753292363,51
HIV-1,P*minority_E,FreqThresh(p=95),FreqThresh,-0.11178254586746408,0.0,0.0,0.0,0.0,30
HIV-1,P*minority_E,"SWAN(w=10,k=1.0)",SWAN,0.0,0.0,0.0,0.0,0.0,0
HIV-1,P*minority_E,"SWAN(w=10,k=1.5)",SWAN,0.0,0.0,0.0,0.0,0.0,0
HIV-1,P*minority_E,"SWAN(w=10,k=2.0)",SWAN,0.0,0.0,0.0,0.0,0.0,0
HIV-1,P*minority_E,"SWAN(w=20,k=1.0)",SWAN,0.0,0.0,0.0,0.0,0.0,0
HIV-1,P*minority_E,"SWAN(w=20,k=1.5)",SWAN,0.0,0.0,0.0,0.0,0.0,0
HIV-1,P*minority_E,"SWAN(w=20,k=2.0)",SWAN,0.0,0.0,0.0,0.0,0.0,0
HIV-1,P*minority_E,"SWAN(w=50,k=1.0)",SWAN,0.0,0.0,0.0,0.0,0.0,0
HIV-1,P*minority_E,"SWAN(w=50,k=1.5)",SWAN,0.0,0.0,0.0,0.0,0.0,0
HIV-1,P*minority_E,"SWAN(w=50,k=2.0)",SWAN,0.0,0.0,0.0,0.0,0.0,0
HIV-1,P*minority_E,MutClust-Orig(g=10),MutClust-Orig,0.0,0.25918762088974856,0.14888888888888888,1.0,1.0,450
HIV-1,P*E,Wavelet(t=1.0),Wavelet,-0.04794041812649057,0.16981132075471697,0.12413793103448276,0.26865671641791045,0.8337622233659291,145
HIV-1,P*E,Wavelet(t=1.5),Wavelet,0.02144187161119298,0.18421052631578946,0.16470588235294117,0.208955223880597,1.1062335381913961,85
HIV-1,P*E,Wavelet(t=2.0),Wavelet,-0.03260087670161728,0.09009009009009009,0.11363636363636363,0.07462686567164178,0.7632293080054274,44
HIV-1,P*E,KDE(p=75),KDE,-0.2018371220260232,0.0,0.0,0.0,0.0,85
HIV-1,P*E,KDE(p=80),KDE,-0.17646589749376054,0.0,0.0,0.0,0.0,68
HIV-1,P*E,KDE(p=85),KDE,-0.14953286508337227,0.0,0.0,0.0,0.0,51
HIV-1,P*E,SlidingTest(p=0.01),SlidingTest,0.2883846204946476,0.3602150537634409,0.21967213114754097,1.0,1.4754098360655739,305
HIV-1,P*E,SlidingTest(p=0.05),SlidingTest,0.2883846204946476,0.3602150537634409,0.21967213114754097,1.0,1.4754098360655739,305
HIV-1,P*E,GradPeak(p=0.2),GradPeak,-0.053618633887473684,0.07207207207207207,0.09090909090909091,0.05970149253731343,0.610583446404342,44
HIV-1,P*E,GradPeak(p=0.5),GradPeak,-0.0396096113091112,0.0,0.0,0.0,0.0,4
HIV-1,P*E,LocalContrast(z=1.0),LocalContrast,-0.07252412507107255,0.13756613756613756,0.10655737704918032,0.19402985074626866,0.7156838757034499,122
HIV-1,P*E,LocalContrast(z=1.5),LocalContrast,-0.06118904982465889,0.07017543859649124,0.0851063829787234,0.05970149253731343,0.5716100349317244,47
HIV-1,P*E,LocalContrast(z=2.0),LocalContrast,-0.05257571302717548,0.0,0.0,0.0,0.0,7
HIV-1,P*E,"CUSUM(d=0.3,h=3.0)",CUSUM,0.027945636466866024,0.26019417475728157,0.14955357142857142,1.0,1.0044642857142858,448
HIV-1,P*E,"CUSUM(d=0.5,h=4.0)",CUSUM,0.034264537976485834,0.2607003891050583,0.14988814317673377,1.0,1.0067114093959733,447
HIV-1,P*E,"CUSUM(d=0.5,h=5.0)",CUSUM,0.0396096113091112,0.26120857699805067,0.15022421524663676,1.0,1.0089686098654709,446
HIV-1,P*E,AdaptiveKnee,AdaptiveKnee,0.28691849701393596,0.3592493297587131,0.21895424836601307,1.0,1.4705882352941178,306
HIV-1,P*E,ScoreDBSCAN(ep=8),ScoreDBSCAN,0.034264537976485834,0.2607003891050583,0.14988814317673377,1.0,1.0067114093959733,447
HIV-1,P*E,ScoreDBSCAN(ep=15),ScoreDBSCAN,0.0,0.0,0.0,0.0,0.0,0
HIV-1,P*E,Spectral(z=1.5),Spectral,-0.1035718562894483,0.0,0.0,0.0,0.0,26
HIV-1,P*E,Spectral(z=2.0),Spectral,-0.08030695164739082,0.0,0.0,0.0,0.0,16
HIV-1,P*E,Bayes(prior=0.1),Bayes,0.1787614255480731,0.32666666666666666,0.21030042918454936,0.7313432835820896,1.4124655691499586,233
HIV-1,P*E,Bayes(prior=0.15),Bayes,0.23788621364484996,0.3491124260355029,0.2177121771217712,0.8805970149253731,1.4622459657432396,271
HIV-1,P*E,Ensemble(v>=2),Ensemble,-0.07307386709551496,0.06722689075630252,0.07692307692307693,0.05970149253731343,0.5166475315729048,52
HIV-1,P*E,Ensemble(v>=3),Ensemble,-0.11178254586746408,0.0,0.0,0.0,0.0,30
HIV-1,P*E,AdaptWin(s=90),AdaptWin,0.2839924721799108,0.35733333333333334,0.21753246753246752,1.0,1.4610389610389611,308
HIV-1,P*E,AdaptWin(s=85),AdaptWin,0.26658438134290446,0.3462532299741602,0.209375,1.0,1.4062500000000002,320
HIV-1,P*E,FreqThresh(p=80),FreqThresh,-0.0241917450011676,0.16759776536312848,0.13392857142857142,0.22388059701492538,0.8995202558635395,112
HIV-1,P*E,FreqThresh(p=85),FreqThresh,-0.12004571567269605,0.056338028169014086,0.05333333333333334,0.05970149253731343,0.35820895522388063,75
HIV-1,P*E,FreqThresh(p=90),FreqThresh,-0.07307386709551496,0.06722689075630252,0.07692307692307693,0.05970149253731343,0.5166475315729048,52
HIV-1,P*E,FreqThresh(p=95),FreqThresh,-0.11178254586746408,0.0,0.0,0.0,0.0,30
HIV-1,P*E,"SWAN(w=10,k=1.0)",SWAN,0.0,0.0,0.0,0.0,0.0,0
HIV-1,P*E,"SWAN(w=10,k=1.5)",SWAN,0.0,0.0,0.0,0.0,0.0,0
HIV-1,P*E,"SWAN(w=10,k=2.0)",SWAN,0.0,0.0,0.0,0.0,0.0,0
HIV-1,P*E,"SWAN(w=20,k=1.0)",SWAN,0.0,0.0,0.0,0.0,0.0,0
HIV-1,P*E,"SWAN(w=20,k=1.5)",SWAN,0.0,0.0,0.0,0.0,0.0,0
HIV-1,P*E,"SWAN(w=20,k=2.0)",SWAN,0.0,0.0,0.0,0.0,0.0,0
HIV-1,P*E,"SWAN(w=50,k=1.0)",SWAN,0.0,0.0,0.0,0.0,0.0,0
HIV-1,P*E,"SWAN(w=50,k=1.5)",SWAN,0.0,0.0,0.0,0.0,0.0,0
HIV-1,P*E,"SWAN(w=50,k=2.0)",SWAN,0.0,0.0,0.0,0.0,0.0,0
HIV-1,P*E,MutClust-Orig(g=10),MutClust-Orig,0.0,0.25918762088974856,0.14888888888888888,1.0,1.0,450
HIV-1,H-score,Wavelet(t=1.0),Wavelet,-0.059417823075647185,0.16113744075829384,0.11805555555555555,0.2537313432835821,0.7929104477611941,144
HIV-1,H-score,Wavelet(t=1.5),Wavelet,-0.040929400793661065,0.15028901734104047,0.12264150943396226,0.19402985074626866,0.8237116305266123,106
HIV-1,H-score,Wavelet(t=2.0),Wavelet,0.006242566991901401,0.125,0.15555555555555556,0.1044776119402985,1.0447761194029852,45
HIV-1,H-score,KDE(p=75),KDE,-0.2018371220260232,0.0,0.0,0.0,0.0,85
HIV-1,H-score,KDE(p=80),KDE,-0.17646589749376054,0.0,0.0,0.0,0.0,68
HIV-1,H-score,KDE(p=85),KDE,-0.14953286508337227,0.0,0.0,0.0,0.0,51
HIV-1,H-score,SlidingTest(p=0.01),SlidingTest,0.28107433076586785,0.35543766578249336,0.2161290322580645,1.0,1.4516129032258065,310
HIV-1,H-score,SlidingTest(p=0.05),SlidingTest,0.26658438134290446,0.3462532299741602,0.209375,1.0,1.4062500000000002,320
HIV-1,H-score,GradPeak(p=0.2),GradPeak,-0.13768966263089932,0.0,0.0,0.0,0.0,44
HIV-1,H-score,GradPeak(p=0.5),GradPeak,-0.0396096113091112,0.0,0.0,0.0,0.0,4
HIV-1,H-score,LocalContrast(z=1.0),LocalContrast,-0.06290467851589335,0.14130434782608695,0.1111111111111111,0.19402985074626866,0.746268656716418,117
HIV-1,H-score,LocalContrast(z=1.5),LocalContrast,-0.028229399730271262,0.0784313725490196,0.11428571428571428,0.05970149253731343,0.767590618336887,35
HIV-1,H-score,LocalContrast(z=2.0),LocalContrast,-0.034264537976485834,0.0,0.0,0.0,0.0,3
HIV-1,H-score,"CUSUM(d=0.3,h=3.0)",CUSUM,0.027945636466866024,0.26019417475728157,0.14955357142857142,1.0,1.0044642857142858,448
HIV-1,H-score,"CUSUM(d=0.5,h=4.0)",CUSUM,0.027945636466866024,0.26019417475728157,0.14955357142857142,1.0,1.0044642857142858,448
HIV-1,H-score,"CUSUM(d=0.5,h=5.0)",CUSUM,0.027945636466866024,0.26019417475728157,0.14955357142857142,1.0,1.0044642857142858,448
HIV-1,H-score,AdaptiveKnee,AdaptiveKnee,0.28691849701393596,0.3592493297587131,0.21895424836601307,1.0,1.4705882352941178,306
HIV-1,H-score,ScoreDBSCAN(ep=8),ScoreDBSCAN,0.0,0.0,0.0,0.0,0.0,0
HIV-1,H-score,ScoreDBSCAN(ep=15),ScoreDBSCAN,0.0,0.0,0.0,0.0,0.0,0
HIV-1,H-score,Spectral(z=1.5),Spectral,-0.09927475768086848,0.0,0.0,0.0,0.0,24
HIV-1,H-score,Spectral(z=2.0),Spectral,-0.06620672368001891,0.0,0.0,0.0,0.0,11
HIV-1,H-score,Bayes(prior=0.1),Bayes,0.21678807413263668,0.3414634146341463,0.21455938697318008,0.835820895522388,1.441070509521359,261
HIV-1,H-score,Bayes(prior=0.15),Bayes,0.2312071232201223,0.3450292397660819,0.21454545454545454,0.8805970149253731,1.440976933514247,275
HIV-1,H-score,Ensemble(v>=2),Ensemble,-0.07307386709551496,0.06722689075630252,0.07692307692307693,0.05970149253731343,0.5166475315729048,52
HIV-1,H-score,Ensemble(v>=3),Ensemble,-0.11178254586746408,0.0,0.0,0.0,0.0,30
HIV-1,H-score,AdaptWin(s=90),AdaptWin,0.019738531718610716,0.2596899224806202,0.1492204899777283,1.0,1.002227171492205,449
HIV-1,H-score,AdaptWin(s=85),AdaptWin,0.019738531718610716,0.2596899224806202,0.1492204899777283,1.0,1.002227171492205,449
HIV-1,H-score,FreqThresh(p=80),FreqThresh,-0.0241917450011676,0.16759776536312848,0.13392857142857142,0.22388059701492538,0.8995202558635395,112
HIV-1,H-score,FreqThresh(p=85),FreqThresh,-0.12004571567269605,0.056338028169014086,0.05333333333333334,0.05970149253731343,0.35820895522388063,75
HIV-1,H-score,FreqThresh(p=90),FreqThresh,-0.07307386709551496,0.06722689075630252,0.07692307692307693,0.05970149253731343,0.5166475315729048,52
HIV-1,H-score,FreqThresh(p=95),FreqThresh,-0.11178254586746408,0.0,0.0,0.0,0.0,30
HIV-1,H-score,"SWAN(w=10,k=1.0)",SWAN,0.0,0.0,0.0,0.0,0.0,0
HIV-1,H-score,"SWAN(w=10,k=1.5)",SWAN,0.0,0.0,0.0,0.0,0.0,0
HIV-1,H-score,"SWAN(w=10,k=2.0)",SWAN,0.0,0.0,0.0,0.0,0.0,0
HIV-1,H-score,"SWAN(w=20,k=1.0)",SWAN,0.0,0.0,0.0,0.0,0.0,0
HIV-1,H-score,"SWAN(w=20,k=1.5)",SWAN,0.0,0.0,0.0,0.0,0.0,0
HIV-1,H-score,"SWAN(w=20,k=2.0)",SWAN,0.0,0.0,0.0,0.0,0.0,0
HIV-1,H-score,"SWAN(w=50,k=1.0)",SWAN,0.0,0.0,0.0,0.0,0.0,0
HIV-1,H-score,"SWAN(w=50,k=1.5)",SWAN,0.0,0.0,0.0,0.0,0.0,0
HIV-1,H-score,"SWAN(w=50,k=2.0)",SWAN,0.0,0.0,0.0,0.0,0.0,0
HIV-1,H-score,MutClust-Orig(g=10),MutClust-Orig,0.0,0.25918762088974856,0.14888888888888888,1.0,1.0,450
HIV-1,E_only,Wavelet(t=1.0),Wavelet,-0.05738409887580226,0.16589861751152074,0.12,0.26865671641791045,0.8059701492537313,150
HIV-1,E_only,Wavelet(t=1.5),Wavelet,-0.013347169655816607,0.16766467065868265,0.14,0.208955223880597,0.9402985074626867,100
HIV-1,E_only,Wavelet(t=2.0),Wavelet,-0.043411689976984254,0.08695652173913042,0.10416666666666667,0.07462686567164178,0.6996268656716419,48
HIV-1,E_only,KDE(p=75),KDE,-0.2018371220260232,0.0,0.0,0.0,0.0,85
HIV-1,E_only,KDE(p=80),KDE,-0.17646589749376054,0.0,0.0,0.0,0.0,68
HIV-1,E_only,KDE(p=85),KDE,-0.14953286508337227,0.0,0.0,0.0,0.0,51
HIV-1,E_only,SlidingTest(p=0.01),SlidingTest,0.2883846204946476,0.3602150537634409,0.21967213114754097,1.0,1.4754098360655739,305
HIV-1,E_only,SlidingTest(p=0.05),SlidingTest,0.28107433076586785,0.35543766578249336,0.2161290322580645,1.0,1.4516129032258065,310
HIV-1,E_only,GradPeak(p=0.2),GradPeak,-0.1176594887077956,0.0,0.0,0.0,0.0,33
HIV-1,E_only,GradPeak(p=0.5),GradPeak,-0.034264537976485834,0.0,0.0,0.0,0.0,3
HIV-1,E_only,LocalContrast(z=1.0),LocalContrast,-0.040929400793661065,0.15028901734104047,0.12264150943396226,0.19402985074626866,0.8237116305266123,106
HIV-1,E_only,LocalContrast(z=1.5),LocalContrast,-0.034289179895108136,0.07692307692307691,0.10810810810810811,0.05970149253731343,0.7260992335619202,37
HIV-1,E_only,LocalContrast(z=2.0),LocalContrast,-0.048620806058079204,0.0,0.0,0.0,0.0,6
HIV-1,E_only,"CUSUM(d=0.3,h=3.0)",CUSUM,0.027945636466866024,0.26019417475728157,0.14955357142857142,1.0,1.0044642857142858,448
HIV-1,E_only,"CUSUM(d=0.5,h=4.0)",CUSUM,0.027945636466866024,0.26019417475728157,0.14955357142857142,1.0,1.0044642857142858,448
HIV-1,E_only,"CUSUM(d=0.5,h=5.0)",CUSUM,0.0396096113091112,0.26120857699805067,0.15022421524663676,1.0,1.0089686098654709,446
HIV-1,E_only,AdaptiveKnee,AdaptiveKnee,0.28691849701393596,0.3592493297587131,0.21895424836601307,1.0,1.4705882352941178,306
HIV-1,E_only,ScoreDBSCAN(ep=8),ScoreDBSCAN,0.0,0.0,0.0,0.0,0.0,0
HIV-1,E_only,ScoreDBSCAN(ep=15),ScoreDBSCAN,0.0,0.0,0.0,0.0,0.0,0
HIV-1,E_only,Spectral(z=1.5),Spectral,-0.10144100744320315,0.0,0.0,0.0,0.0,25
HIV-1,E_only,Spectral(z=2.0),Spectral,-0.06620672368001891,0.0,0.0,0.0,0.0,11
HIV-1,E_only,Bayes(prior=0.1),Bayes,0.010495912637886351,0.23321554770318023,0.1527777777777778,0.4925373134328358,1.0261194029850749,216
HIV-1,E_only,Bayes(prior=0.15),Bayes,0.29523371118877156,0.3742690058479532,0.23272727272727273,0.9552238805970149,1.5630936227951155,275
HIV-1,E_only,Ensemble(v>=2),Ensemble,-0.1511813259862079,0.0,0.0,0.0,0.0,52
HIV-1,E_only,Ensemble(v>=3),Ensemble,-0.10144100744320315,0.0,0.0,0.0,0.0,25
HIV-1,E_only,AdaptWin(s=90),AdaptWin,0.26658438134290446,0.3462532299741602,0.209375,1.0,1.4062500000000002,320
HIV-1,E_only,AdaptWin(s=85),AdaptWin,0.21780708357132889,0.3182897862232779,0.18926553672316385,1.0,1.2711864406779663,354
HIV-1,E_only,FreqThresh(p=80),FreqThresh,-0.034704243185679565,0.15294117647058825,0.1262135922330097,0.19402985074626866,0.8477032314157369,103
HIV-1,E_only,FreqThresh(p=85),FreqThresh,-0.13096494796655106,0.05405405405405404,0.04938271604938271,0.05970149253731343,0.33167495854063017,81
HIV-1,E_only,FreqThresh(p=90),FreqThresh,-0.1511813259862079,0.0,0.0,0.0,0.0,52
HIV-1,E_only,FreqThresh(p=95),FreqThresh,-0.10144100744320315,0.0,0.0,0.0,0.0,25
HIV-1,E_only,"SWAN(w=10,k=1.0)",SWAN,0.0,0.0,0.0,0.0,0.0,0
HIV-1,E_only,"SWAN(w=10,k=1.5)",SWAN,0.0,0.0,0.0,0.0,0.0,0
HIV-1,E_only,"SWAN(w=10,k=2.0)",SWAN,0.0,0.0,0.0,0.0,0.0,0
HIV-1,E_only,"SWAN(w=20,k=1.0)",SWAN,0.0,0.0,0.0,0.0,0.0,0
HIV-1,E_only,"SWAN(w=20,k=1.5)",SWAN,0.0,0.0,0.0,0.0,0.0,0
HIV-1,E_only,"SWAN(w=20,k=2.0)",SWAN,0.0,0.0,0.0,0.0,0.0,0
HIV-1,E_only,"SWAN(w=50,k=1.0)",SWAN,0.0,0.0,0.0,0.0,0.0,0
HIV-1,E_only,"SWAN(w=50,k=1.5)",SWAN,0.0,0.0,0.0,0.0,0.0,0
HIV-1,E_only,"SWAN(w=50,k=2.0)",SWAN,0.0,0.0,0.0,0.0,0.0,0
HIV-1,E_only,MutClust-Orig(g=10),MutClust-Orig,0.0,0.25918762088974856,0.14888888888888888,1.0,1.0,450
HIV-1,P*E^2,Wavelet(t=1.0),Wavelet,-0.0010217729447716296,0.2072072072072072,0.14838709677419354,0.34328358208955223,0.9966297544535387,155
HIV-1,P*E^2,Wavelet(t=1.5),Wavelet,0.045135890533969415,0.20134228187919462,0.18292682926829268,0.22388059701492538,1.2286130323989808,82
HIV-1,P*E^2,Wavelet(t=2.0),Wavelet,-0.10665138916999314,0.018867924528301883,0.02564102564102564,0.014925373134328358,0.17221584385763491,39
HIV-1,P*E^2,KDE(p=75),KDE,-0.2018371220260232,0.0,0.0,0.0,0.0,85
HIV-1,P*E^2,KDE(p=80),KDE,-0.17493472584856398,0.0,0.0,0.0,0.0,67
HIV-1,P*E^2,KDE(p=85),KDE,-0.14953286508337227,0.0,0.0,0.0,0.0,51
HIV-1,P*E^2,SlidingTest(p=0.01),SlidingTest,0.2883846204946476,0.3602150537634409,0.21967213114754097,1.0,1.4754098360655739,305
HIV-1,P*E^2,SlidingTest(p=0.05),SlidingTest,0.2883846204946476,0.3602150537634409,0.21967213114754097,1.0,1.4754098360655739,305
HIV-1,P*E^2,GradPeak(p=0.2),GradPeak,-0.015172429295588805,0.08163265306122448,0.12903225806451613,0.05970149253731343,0.8666345690900338,31
HIV-1,P*E^2,GradPeak(p=0.5),GradPeak,0.0,0.0,0.0,0.0,0.0,0
HIV-1,P*E^2,LocalContrast(z=1.0),LocalContrast,-0.03886667286290149,0.1511627906976744,0.12380952380952381,0.19402985074626866,0.8315565031982943,105
HIV-1,P*E^2,LocalContrast(z=1.5),LocalContrast,-0.04289670752254278,0.07476635514018691,0.1,0.05970149253731343,0.6716417910447762,40
HIV-1,P*E^2,LocalContrast(z=2.0),LocalContrast,-0.06305385970605605,0.0,0.0,0.0,0.0,10
HIV-1,P*E^2,"CUSUM(d=0.3,h=3.0)",CUSUM,0.027945636466866024,0.26019417475728157,0.14955357142857142,1.0,1.0044642857142858,448
HIV-1,P*E^2,"CUSUM(d=0.5,h=4.0)",CUSUM,0.0396096113091112,0.26120857699805067,0.15022421524663676,1.0,1.0089686098654709,446
HIV-1,P*E^2,"CUSUM(d=0.5,h=5.0)",CUSUM,0.044334622107328206,0.26171875,0.15056179775280898,1.0,1.0112359550561798,445
HIV-1,P*E^2,AdaptiveKnee,AdaptiveKnee,0.29279617611399633,0.3631436314363144,0.22185430463576158,1.0,1.490066225165563,302
HIV-1,P*E^2,ScoreDBSCAN(ep=8),ScoreDBSCAN,0.0,0.0,0.0,0.0,0.0,0
HIV-1,P*E^2,ScoreDBSCAN(ep=15),ScoreDBSCAN,0.0,0.0,0.0,0.0,0.0,0
HIV-1,P*E^2,Spectral(z=1.5),Spectral,-0.1097731092288023,0.0,0.0,0.0,0.0,29
HIV-1,P*E^2,Spectral(z=2.0),Spectral,-0.0721388096850227,0.0,0.0,0.0,0.0,13
HIV-1,P*E^2,Bayes(prior=0.1),Bayes,0.18922345276268937,0.3345195729537367,0.21962616822429906,0.7014925373134329,1.4751011298646952,214
HIV-1,P*E^2,Bayes(prior=0.15),Bayes,0.24965284629569484,0.35649546827794565,0.22348484848484848,0.8805970149253731,1.5010176390773406,264
HIV-1,P*E^2,Ensemble(v>=2),Ensemble,-0.07076226012286009,0.06779661016949153,0.0784313725490196,0.05970149253731343,0.5267778753292363,51
HIV-1,P*E^2,Ensemble(v>=3),Ensemble,-0.11178254586746408,0.0,0.0,0.0,0.0,30
HIV-1,P*E^2,AdaptWin(s=90),AdaptWin,0.28691849701393596,0.3592493297587131,0.21895424836601307,1.0,1.4705882352941178,306
HIV-1,P*E^2,AdaptWin(s=85),AdaptWin,0.2839924721799108,0.35733333333333334,0.21753246753246752,1.0,1.4610389610389611,308
HIV-1,P*E^2,FreqThresh(p=80),FreqThresh,-0.026263475497848472,0.16666666666666669,0.13274336283185842,0.22388059701492538,0.8915598996169596,113
HIV-1,P*E^2,FreqThresh(p=85),FreqThresh,-0.12917169370653878,0.054421768707483,0.05,0.05970149253731343,0.3358208955223881,80
HIV-1,P*E^2,FreqThresh(p=90),FreqThresh,-0.07076226012286009,0.06779661016949153,0.0784313725490196,0.05970149253731343,0.5267778753292363,51
HIV-1,P*E^2,FreqThresh(p=95),FreqThresh,-0.11178254586746408,0.0,0.0,0.0,0.0,30
HIV-1,P*E^2,"SWAN(w=10,k=1.0)",SWAN,-0.10773598944285856,0.0,0.0,0.0,0.0,28
HIV-1,P*E^2,"SWAN(w=10,k=1.5)",SWAN,0.0,0.0,0.0,0.0,0.0,0
HIV-1,P*E^2,"SWAN(w=10,k=2.0)",SWAN,0.0,0.0,0.0,0.0,0.0,0
HIV-1,P*E^2,"SWAN(w=20,k=1.0)",SWAN,0.0,0.0,0.0,0.0,0.0,0
HIV-1,P*E^2,"SWAN(w=20,k=1.5)",SWAN,0.0,0.0,0.0,0.0,0.0,0
HIV-1,P*E^2,"SWAN(w=20,k=2.0)",SWAN,0.0,0.0,0.0,0.0,0.0,0
HIV-1,P*E^2,"SWAN(w=50,k=1.0)",SWAN,0.0,0.0,0.0,0.0,0.0,0
HIV-1,P*E^2,"SWAN(w=50,k=1.5)",SWAN,0.0,0.0,0.0,0.0,0.0,0
HIV-1,P*E^2,"SWAN(w=50,k=2.0)",SWAN,0.0,0.0,0.0,0.0,0.0,0
HIV-1,P*E^2,MutClust-Orig(g=10),MutClust-Orig,0.0,0.25918762088974856,0.14888888888888888,1.0,1.0,450
HIV-1,rank(P*E),Wavelet(t=1.0),Wavelet,0.1048299258050221,0.2875,0.18181818181818182,0.6865671641791045,1.221166892808684,253
HIV-1,rank(P*E),Wavelet(t=1.5),Wavelet,-0.11442814308488382,0.05755395683453236,0.05555555555555555,0.05970149253731343,0.373134328358209,72
HIV-1,rank(P*E),Wavelet(t=2.0),Wavelet,0.03967220417810089,0.075,0.23076923076923078,0.04477611940298507,1.5499425947187144,13
HIV-1,rank(P*E),KDE(p=75),KDE,-0.2018371220260232,0.0,0.0,0.0,0.0,85
HIV-1,rank(P*E),KDE(p=80),KDE,-0.17646589749376054,0.0,0.0,0.0,0.0,68
HIV-1,rank(P*E),KDE(p=85),KDE,-0.14953286508337227,0.0,0.0,0.0,0.0,51
HIV-1,rank(P*E),SlidingTest(p=0.01),SlidingTest,0.15010866026847097,0.3112582781456954,0.2,0.7014925373134329,1.3432835820895523,235
HIV-1,rank(P*E),SlidingTest(p=0.05),SlidingTest,0.35754288560000935,0.4097859327217125,0.25769230769230766,1.0,1.7307692307692308,260
HIV-1,rank(P*E),GradPeak(p=0.2),GradPeak,0.2040617663834049,0.3444444444444444,0.2743362831858407,0.4626865671641791,1.8425571258750495,113
HIV-1,rank(P*E),GradPeak(p=0.5),GradPeak,0.2977542229033049,0.3225806451612903,0.5769230769230769,0.22388059701492538,3.8748564867967854,26
HIV-1,rank(P*E),LocalContrast(z=1.0),LocalContrast,-0.11327047097406681,0.13274336283185842,0.09433962264150944,0.22388059701492538,0.6336243311743172,159
HIV-1,rank(P*E),LocalContrast(z=1.5),LocalContrast,0.0739163409385473,0.16,0.24242424242424243,0.11940298507462686,1.628222523744912,33
HIV-1,rank(P*E),LocalContrast(z=2.0),LocalContrast,0.0,0.0,0.0,0.0,0.0,0
HIV-1,rank(P*E),"CUSUM(d=0.3,h=3.0)",CUSUM,0.034264537976485834,0.2607003891050583,0.14988814317673377,1.0,1.0067114093959733,447
HIV-1,rank(P*E),"CUSUM(d=0.5,h=4.0)",CUSUM,-0.36828207951175146,0.14385150812064965,0.08516483516483517,0.4626865671641791,0.5720026242414302,364
HIV-1,rank(P*E),"CUSUM(d=0.5,h=5.0)",CUSUM,-0.3603905879721097,0.1445221445221445,0.0856353591160221,0.4626865671641791,0.5751628597344769,362
HIV-1,rank(P*E),AdaptiveKnee,AdaptiveKnee,0.0,0.0,0.0,0.0,0.0,0
HIV-1,rank(P*E),ScoreDBSCAN(ep=8),ScoreDBSCAN,0.0,0.0,0.0,0.0,0.0,0
HIV-1,rank(P*E),ScoreDBSCAN(ep=15),ScoreDBSCAN,0.0,0.0,0.0,0.0,0.0,0
HIV-1,rank(P*E),Spectral(z=1.5),Spectral,-0.10144100744320315,0.0,0.0,0.0,0.0,25
HIV-1,rank(P*E),Spectral(z=2.0),Spectral,-0.06305385970605605,0.0,0.0,0.0,0.0,10
HIV-1,rank(P*E),Bayes(prior=0.1),Bayes,0.16600542259421905,0.31921824104234525,0.20416666666666666,0.7313432835820896,1.371268656716418,240
HIV-1,rank(P*E),Bayes(prior=0.15),Bayes,0.20176237941181197,0.33650793650793653,0.21370967741935484,0.7910447761194029,1.4353635050553686,248
HIV-1,rank(P*E),Ensemble(v>=2),Ensemble,-0.07307386709551496,0.06722689075630252,0.07692307692307693,0.05970149253731343,0.5166475315729048,52
HIV-1,rank(P*E),Ensemble(v>=3),Ensemble,-0.1137658326604258,0.0,0.0,0.0,0.0,31
HIV-1,rank(P*E),AdaptWin(s=90),AdaptWin,-0.0034923183942359988,0.20869565217391306,0.147239263803681,0.3582089552238806,0.9889204285321859,163
HIV-1,rank(P*E),AdaptWin(s=85),AdaptWin,0.2321714657145416,0.3525641025641026,0.22448979591836735,0.8208955223880597,1.5077672860188853,245
HIV-1,rank(P*E),FreqThresh(p=80),FreqThresh,-0.0241917450011676,0.16759776536312848,0.13392857142857142,0.22388059701492538,0.8995202558635395,112
HIV-1,rank(P*E),FreqThresh(p=85),FreqThresh,-0.12004571567269605,0.056338028169014086,0.05333333333333334,0.05970149253731343,0.35820895522388063,75
HIV-1,rank(P*E),FreqThresh(p=90),FreqThresh,-0.07307386709551496,0.06722689075630252,0.07692307692307693,0.05970149253731343,0.5166475315729048,52
HIV-1,rank(P*E),FreqThresh(p=95),FreqThresh,-0.11178254586746408,0.0,0.0,0.0,0.0,30
HIV-1,rank(P*E),"SWAN(w=10,k=1.0)",SWAN,-0.19744827418724856,0.0335195530726257,0.026785714285714284,0.04477611940298507,0.17990405117270789,112
HIV-1,rank(P*E),"SWAN(w=10,k=1.5)",SWAN,0.0,0.0,0.0,0.0,0.0,0
HIV-1,rank(P*E),"SWAN(w=10,k=2.0)",SWAN,0.0,0.0,0.0,0.0,0.0,0
HIV-1,rank(P*E),"SWAN(w=20,k=1.0)",SWAN,-0.16885113211199643,0.03726708074534161,0.031914893617021274,0.04477611940298507,0.21435376309939663,94
HIV-1,rank(P*E),"SWAN(w=20,k=1.5)",SWAN,0.0,0.0,0.0,0.0,0.0,0
HIV-1,rank(P*E),"SWAN(w=20,k=2.0)",SWAN,0.0,0.0,0.0,0.0,0.0,0
HIV-1,rank(P*E),"SWAN(w=50,k=1.0)",SWAN,-0.03300383235513756,0.11111111111111112,0.11864406779661017,0.1044776119402985,0.796863141917531,59
HIV-1,rank(P*E),"SWAN(w=50,k=1.5)",SWAN,0.0,0.0,0.0,0.0,0.0,0
HIV-1,rank(P*E),"SWAN(w=50,k=2.0)",SWAN,0.0,0.0,0.0,0.0,0.0,0
HIV-1,rank(P*E),MutClust-Orig(g=10),MutClust-Orig,0.12333578268766723,0.27858627858627855,0.16183574879227053,1.0,1.0869565217391306,414
Dengue,E*rare,Wavelet(t=1.0),Wavelet,0.014924842830961816,0.18050541516245486,0.1111111111111111,0.4807692307692308,1.047008547008547,225
Dengue,E*rare,Wavelet(t=1.5),Wavelet,0.15525480329447608,0.2595419847328244,0.21518987341772153,0.3269230769230769,2.027750730282376,79
Dengue,E*rare,Wavelet(t=2.0),Wavelet,-0.01966594274667838,0.05194805194805195,0.08,0.038461538461538464,0.7538461538461539,25
Dengue,E*rare,KDE(p=75),KDE,0.029752540825323588,0.1714285714285714,0.12195121951219512,0.28846153846153844,1.1491557223264541,123
Dengue,E*rare,KDE(p=80),KDE,0.039256794194266025,0.17105263157894737,0.13,0.25,1.225,100
Dengue,E*rare,KDE(p=85),KDE,0.09524536051297823,0.20634920634920637,0.17567567567567569,0.25,1.6554054054054055,74
Dengue,E*rare,SlidingTest(p=0.01),SlidingTest,-0.04973292445386293,0.0,0.0,0.0,0.0,10
Dengue,E*rare,SlidingTest(p=0.05),SlidingTest,-0.07107726128514215,0.0,0.0,0.0,0.0,20
Dengue,E*rare,GradPeak(p=0.2),GradPeak,0.04105786337860712,0.1968253968253968,0.11787072243346007,0.5961538461538461,1.110704884469143,263
Dengue,E*rare,GradPeak(p=0.5),GradPeak,0.10337208745455602,0.2293577981651376,0.15060240963855423,0.4807692307692308,1.4191380908248379,166
Dengue,E*rare,LocalContrast(z=1.0),LocalContrast,-0.00441743343400386,0.09900990099009901,0.10204081632653061,0.09615384615384616,0.9615384615384616,49
Dengue,E*rare,LocalContrast(z=1.5),LocalContrast,-0.04513813547700288,0.026666666666666665,0.043478260869565216,0.019230769230769232,0.4096989966555184,23
Dengue,E*rare,LocalContrast(z=2.0),LocalContrast,-0.01565104540883018,0.03076923076923077,0.07692307692307693,0.019230769230769232,0.7248520710059172,13
Dengue,E*rare,"CUSUM(d=0.3,h=3.0)",CUSUM,0.09458410427640165,0.21656050955414013,0.1619047619047619,0.3269230769230769,1.5256410256410258,105
Dengue,E*rare,"CUSUM(d=0.5,h=4.0)",CUSUM,-0.05909151954364433,0.0,0.0,0.0,0.0,14
Dengue,E*rare,"CUSUM(d=0.5,h=5.0)",CUSUM,-0.04148012640736798,0.0,0.0,0.0,0.0,7
Dengue,E*rare,AdaptiveKnee,AdaptiveKnee,0.09087466928951925,0.17391304347826086,0.2,0.15384615384615385,1.8846153846153848,40
Dengue,E*rare,ScoreDBSCAN(ep=8),ScoreDBSCAN,0.0,0.0,0.0,0.0,0.0,0
Dengue,E*rare,ScoreDBSCAN(ep=15),ScoreDBSCAN,0.0,0.0,0.0,0.0,0.0,0
Dengue,E*rare,Spectral(z=1.5),Spectral,0.10883783550353884,0.14285714285714288,0.2777777777777778,0.09615384615384616,2.6175213675213675,18
Dengue,E*rare,Spectral(z=2.0),Spectral,-0.0028692071800305538,0.03225806451612903,0.1,0.019230769230769232,0.9423076923076924,10
Dengue,E*rare,Bayes(prior=0.1),Bayes,0.1742554178383713,0.27835051546391754,0.19014084507042253,0.5192307692307693,1.7917118093174431,142
Dengue,E*rare,Bayes(prior=0.15),Bayes,0.14158779024302806,0.25471698113207547,0.16875,0.5192307692307693,1.5901442307692308,160
Dengue,E*rare,Ensemble(v>=2),Ensemble,-0.01565104540883018,0.03076923076923077,0.07692307692307693,0.019230769230769232,0.7248520710059172,13
Dengue,E*rare,Ensemble(v>=3),Ensemble,-0.0028692071800305538,0.03225806451612903,0.1,0.019230769230769232,0.9423076923076924,10
Dengue,E*rare,AdaptWin(s=90),AdaptWin,0.16530612117204185,0.2644628099173553,0.2318840579710145,0.3076923076923077,2.1850613154960983,69
Dengue,E*rare,AdaptWin(s=85),AdaptWin,0.1450439382828455,0.25773195876288657,0.176056338028169,0.4807692307692308,1.6589924160346694,142
Dengue,E*rare,FreqThresh(p=80),FreqThresh,0.16607245219348712,0.2727272727272727,0.20588235294117646,0.40384615384615385,1.9400452488687783,102
Dengue,E*rare,FreqThresh(p=85),FreqThresh,0.09775531015102819,0.208,0.1780821917808219,0.25,1.678082191780822,73
Dengue,E*rare,FreqThresh(p=90),FreqThresh,0.08844441475764327,0.1627906976744186,0.20588235294117646,0.1346153846153846,1.9400452488687783,34
Dengue,E*rare,FreqThresh(p=95),FreqThresh,-0.0028692071800305538,0.03225806451612903,0.1,0.019230769230769232,0.9423076923076924,10
Dengue,E*rare,"SWAN(w=10,k=1.0)",SWAN,0.0,0.0,0.0,0.0,0.0,0
Dengue,E*rare,"SWAN(w=10,k=1.5)",SWAN,0.0,0.0,0.0,0.0,0.0,0
Dengue,E*rare,"SWAN(w=10,k=2.0)",SWAN,0.0,0.0,0.0,0.0,0.0,0
Dengue,E*rare,"SWAN(w=20,k=1.0)",SWAN,0.0,0.0,0.0,0.0,0.0,0
Dengue,E*rare,"SWAN(w=20,k=1.5)",SWAN,0.0,0.0,0.0,0.0,0.0,0
Dengue,E*rare,"SWAN(w=20,k=2.0)",SWAN,0.0,0.0,0.0,0.0,0.0,0
Dengue,E*rare,"SWAN(w=50,k=1.0)",SWAN,0.0,0.0,0.0,0.0,0.0,0
Dengue,E*rare,"SWAN(w=50,k=1.5)",SWAN,0.0,0.0,0.0,0.0,0.0,0
Dengue,E*rare,"SWAN(w=50,k=2.0)",SWAN,0.0,0.0,0.0,0.0,0.0,0
Dengue,E*rare,MutClust-Orig(g=10),MutClust-Orig,-0.022764957113706814,0.029850746268656716,0.06666666666666667,0.019230769230769232,0.6282051282051282,15
Dengue,P*E*rare,Wavelet(t=1.0),Wavelet,0.10626353825889778,0.23076923076923075,0.14423076923076922,0.5769230769230769,1.3590976331360947,208
Dengue,P*E*rare,Wavelet(t=1.5),Wavelet,0.14918710270801874,0.25,0.22058823529411764,0.28846153846153844,2.0786199095022626,68
Dengue,P*E*rare,Wavelet(t=2.0),Wavelet,0.046549830278514184,0.12048192771084337,0.16129032258064516,0.09615384615384616,1.5198511166253101,31
Dengue,P*E*rare,KDE(p=75),KDE,0.13672446433775534,0.25142857142857145,0.17886178861788618,0.4230769230769231,1.685428392745466,123
Dengue,P*E*rare,KDE(p=80),KDE,-0.006626150151005789,0.13333333333333333,0.10204081632653061,0.19230769230769232,0.9615384615384616,98
Dengue,P*E*rare,KDE(p=85),KDE,-0.10831232908454463,0.031746031746031744,0.02702702702702703,0.038461538461538464,0.2546777546777547,74
Dengue,P*E*rare,SlidingTest(p=0.01),SlidingTest,0.0,0.0,0.0,0.0,0.0,0
Dengue,P*E*rare,SlidingTest(p=0.05),SlidingTest,-0.061229884650659705,0.0,0.0,0.0,0.0,15
Dengue,P*E*rare,GradPeak(p=0.2),GradPeak,0.08284779892980922,0.21739130434782608,0.13392857142857142,0.5769230769230769,1.2620192307692308,224
Dengue,P*E*rare,GradPeak(p=0.5),GradPeak,0.11619070070957865,0.2376237623762376,0.16,0.46153846153846156,1.5076923076923079,150
Dengue,P*E*rare,LocalContrast(z=1.0),LocalContrast,0.09430625558671125,0.20168067226890757,0.1791044776119403,0.23076923076923078,1.6877152698048221,67
Dengue,P*E*rare,LocalContrast(z=1.5),LocalContrast,0.012849293739648661,0.10638297872340424,0.11904761904761904,0.09615384615384616,1.1217948717948718,42
Dengue,P*E*rare,LocalContrast(z=2.0),LocalContrast,0.048543690422036885,0.08823529411764705,0.1875,0.057692307692307696,1.7668269230769231,16
Dengue,P*E*rare,"CUSUM(d=0.3,h=3.0)",CUSUM,-0.02654138702089946,0.11267605633802817,0.08888888888888889,0.15384615384615385,0.8376068376068376,90
Dengue,P*E*rare,"CUSUM(d=0.5,h=4.0)",CUSUM,0.01044753208417289,0.07792207792207792,0.12,0.057692307692307696,1.1307692307692307,25
Dengue,P*E*rare,"CUSUM(d=0.5,h=5.0)",CUSUM,-0.06920396271554972,0.0,0.0,0.0,0.0,19
Dengue,P*E*rare,AdaptiveKnee,AdaptiveKnee,0.13671540079633648,0.18421052631578946,0.2916666666666667,0.1346153846153846,2.748397435897436,24
Dengue,P*E*rare,ScoreDBSCAN(ep=8),ScoreDBSCAN,0.0,0.0,0.0,0.0,0.0,0
Dengue,P*E*rare,ScoreDBSCAN(ep=15),ScoreDBSCAN,0.0,0.0,0.0,0.0,0.0,0
Dengue,P*E*rare,Spectral(z=1.5),Spectral,0.09067028360523481,0.136986301369863,0.23809523809523808,0.09615384615384616,2.2435897435897436,21
Dengue,P*E*rare,Spectral(z=2.0),Spectral,0.09262982549715186,0.11940298507462686,0.26666666666666666,0.07692307692307693,2.5128205128205128,15
Dengue,P*E*rare,Bayes(prior=0.1),Bayes,0.09063977335262335,0.22077922077922077,0.1328125,0.6538461538461539,1.251502403846154,256
Dengue,P*E*rare,Bayes(prior=0.15),Bayes,0.0882754824170209,0.21884498480243159,0.1299638989169675,0.6923076923076923,1.2246598167175784,277
Dengue,P*E*rare,Ensemble(v>=2),Ensemble,0.021886835269449394,0.034482758620689655,0.16666666666666666,0.019230769230769232,1.5705128205128205,6
Dengue,P*E*rare,Ensemble(v>=3),Ensemble,0.021886835269449394,0.034482758620689655,0.16666666666666666,0.019230769230769232,1.5705128205128205,6
Dengue,P*E*rare,AdaptWin(s=90),AdaptWin,0.2716463397852154,0.35593220338983045,0.3181818181818182,0.40384615384615385,2.9982517482517483,66
Dengue,P*E*rare,AdaptWin(s=85),AdaptWin,0.1631719780712486,0.2711864406779661,0.192,0.46153846153846156,1.8092307692307694,125
Dengue,P*E*rare,FreqThresh(p=80),FreqThresh,0.21503484784619994,0.31168831168831174,0.23529411764705882,0.46153846153846156,2.2171945701357467,102
Dengue,P*E*rare,FreqThresh(p=85),FreqThresh,0.143371066989764,0.24590163934426226,0.21428571428571427,0.28846153846153844,2.019230769230769,70
Dengue,P*E*rare,FreqThresh(p=90),FreqThresh,0.13671540079633648,0.18421052631578946,0.2916666666666667,0.1346153846153846,2.748397435897436,24
Dengue,P*E*rare,FreqThresh(p=95),FreqThresh,0.021886835269449394,0.034482758620689655,0.16666666666666666,0.019230769230769232,1.5705128205128205,6
Dengue,P*E*rare,"SWAN(w=10,k=1.0)",SWAN,0.0,0.0,0.0,0.0,0.0,0
Dengue,P*E*rare,"SWAN(w=10,k=1.5)",SWAN,0.0,0.0,0.0,0.0,0.0,0
Dengue,P*E*rare,"SWAN(w=10,k=2.0)",SWAN,0.0,0.0,0.0,0.0,0.0,0
Dengue,P*E*rare,"SWAN(w=20,k=1.0)",SWAN,0.0,0.0,0.0,0.0,0.0,0
Dengue,P*E*rare,"SWAN(w=20,k=1.5)",SWAN,0.0,0.0,0.0,0.0,0.0,0
Dengue,P*E*rare,"SWAN(w=20,k=2.0)",SWAN,0.0,0.0,0.0,0.0,0.0,0
Dengue,P*E*rare,"SWAN(w=50,k=1.0)",SWAN,0.0,0.0,0.0,0.0,0.0,0
Dengue,P*E*rare,"SWAN(w=50,k=1.5)",SWAN,0.0,0.0,0.0,0.0,0.0,0
Dengue,P*E*rare,"SWAN(w=50,k=2.0)",SWAN,0.0,0.0,0.0,0.0,0.0,0
Dengue,P*E*rare,MutClust-Orig(g=10),MutClust-Orig,0.0,0.0,0.0,0.0,0.0,0
Dengue,minority_E,Wavelet(t=1.0),Wavelet,-0.10181079936851326,0.13293051359516614,0.07885304659498207,0.4230769230769231,0.743038323683485,279
Dengue,minority_E,Wavelet(t=1.5),Wavelet,-0.0638537988671244,0.08333333333333334,0.06521739130434782,0.11538461538461539,0.6145484949832776,92
Dengue,minority_E,Wavelet(t=2.0),Wavelet,-0.04148012640736798,0.0,0.0,0.0,0.0,7
Dengue,minority_E,KDE(p=75),KDE,0.06031594754316123,0.19428571428571428,0.13821138211382114,0.3269230769230769,1.3023764853033146,123
Dengue,minority_E,KDE(p=80),KDE,0.04306997598153763,0.17333333333333334,0.1326530612244898,0.25,1.2500000000000002,98
Dengue,minority_E,KDE(p=85),KDE,0.09524536051297823,0.20634920634920637,0.17567567567567569,0.25,1.6554054054054055,74
Dengue,minority_E,SlidingTest(p=0.01),SlidingTest,0.05901966324384222,0.18309859154929575,0.14444444444444443,0.25,1.361111111111111,90
Dengue,minority_E,SlidingTest(p=0.05),SlidingTest,0.0396507592516628,0.1818181818181818,0.1259259259259259,0.3269230769230769,1.1866096866096865,135
Dengue,minority_E,GradPeak(p=0.2),GradPeak,0.1841273714275847,0.2684563758389262,0.16260162601626016,0.7692307692307693,1.5322076297686054,246
Dengue,minority_E,GradPeak(p=0.5),GradPeak,0.19782829517360115,0.2909090909090909,0.19047619047619047,0.6153846153846154,1.794871794871795,168
Dengue,minority_E,LocalContrast(z=1.0),LocalContrast,-0.06718779540708325,0.09523809523809525,0.06896551724137931,0.15384615384615385,0.649867374005305,116
Dengue,minority_E,LocalContrast(z=1.5),LocalContrast,-0.0222257201892853,0.0808080808080808,0.0851063829787234,0.07692307692307693,0.8019639934533551,47
Dengue,minority_E,LocalContrast(z=2.0),LocalContrast,-0.022441844486675636,0.05128205128205129,0.07692307692307693,0.038461538461538464,0.7248520710059172,26
Dengue,minority_E,"CUSUM(d=0.3,h=3.0)",CUSUM,-0.03795214943512383,0.17777777777777778,0.10050251256281408,0.7692307692307693,0.947042906841902,398
Dengue,minority_E,"CUSUM(d=0.5,h=4.0)",CUSUM,-0.02028932279832181,0.1504424778761062,0.09770114942528736,0.3269230769230769,0.9206454465075156,174
Dengue,minority_E,"CUSUM(d=0.5,h=5.0)",CUSUM,0.018672678515143933,0.17000000000000004,0.11486486486486487,0.3269230769230769,1.0823804573804574,148
Dengue,minority_E,AdaptiveKnee,AdaptiveKnee,0.02854825098586513,0.17924528301886794,0.11875,0.36538461538461536,1.1189903846153846,160
Dengue,minority_E,ScoreDBSCAN(ep=8),ScoreDBSCAN,0.0,0.0,0.0,0.0,0.0,0
Dengue,minority_E,ScoreDBSCAN(ep=15),ScoreDBSCAN,0.0,0.0,0.0,0.0,0.0,0
Dengue,minority_E,Spectral(z=1.5),Spectral,-0.06330462450021111,0.0,0.0,0.0,0.0,16
Dengue,minority_E,Spectral(z=2.0),Spectral,-0.02704336708718054,0.0,0.0,0.0,0.0,3
Dengue,minority_E,Bayes(prior=0.1),Bayes,0.07399876845613614,0.2125,0.12686567164179105,0.6538461538461539,1.1954649827784156,268
Dengue,minority_E,Bayes(prior=0.15),Bayes,0.10069337855793722,0.2216216216216216,0.1289308176100629,0.7884615384615384,1.2149250120948234,318
Dengue,minority_E,Ensemble(v>=2),Ensemble,-0.02141177088446199,0.10084033613445378,0.08955223880597014,0.11538461538461539,0.8438576349024111,67
Dengue,minority_E,Ensemble(v>=3),Ensemble,-0.11090523524198843,0.0,0.0,0.0,0.0,46
Dengue,minority_E,AdaptWin(s=90),AdaptWin,0.006809607430024642,0.15873015873015875,0.10948905109489052,0.28846153846153844,1.031723750701853,137
Dengue,minority_E,AdaptWin(s=85),AdaptWin,-0.024346030243544828,0.1532258064516129,0.09693877551020408,0.36538461538461536,0.9134615384615384,196
Dengue,minority_E,FreqThresh(p=80),FreqThresh,-0.034505240875492824,0.12834224598930483,0.08888888888888889,0.23076923076923078,0.8376068376068376,135
Dengue,minority_E,FreqThresh(p=85),FreqThresh,-0.05786000361274577,0.09271523178807947,0.0707070707070707,0.1346153846153846,0.6662781662781663,99
Dengue,minority_E,FreqThresh(p=90),FreqThresh,-0.11090523524198843,0.0,0.0,0.0,0.0,46
Dengue,minority_E,FreqThresh(p=95),FreqThresh,-0.05221474993496673,0.0,0.0,0.0,0.0,11
Dengue,minority_E,"SWAN(w=10,k=1.0)",SWAN,0.04824232528812723,0.15789473684210525,0.14516129032258066,0.17307692307692307,1.3678660049627793,62
Dengue,minority_E,"SWAN(w=10,k=1.5)",SWAN,0.0,0.0,0.0,0.0,0.0,0
Dengue,minority_E,"SWAN(w=10,k=2.0)",SWAN,0.0,0.0,0.0,0.0,0.0,0
Dengue,minority_E,"SWAN(w=20,k=1.0)",SWAN,-0.07107726128514215,0.0,0.0,0.0,0.0,20
Dengue,minority_E,"SWAN(w=20,k=1.5)",SWAN,0.0,0.0,0.0,0.0,0.0,0
Dengue,minority_E,"SWAN(w=20,k=2.0)",SWAN,0.0,0.0,0.0,0.0,0.0,0
Dengue,minority_E,"SWAN(w=50,k=1.0)",SWAN,0.0,0.0,0.0,0.0,0.0,0
Dengue,minority_E,"SWAN(w=50,k=1.5)",SWAN,0.0,0.0,0.0,0.0,0.0,0
Dengue,minority_E,"SWAN(w=50,k=2.0)",SWAN,0.0,0.0,0.0,0.0,0.0,0
Dengue,minority_E,MutClust-Orig(g=10),MutClust-Orig,0.0,0.1918819188191882,0.10612244897959183,1.0,1.0,490
Dengue,P*minority_E,Wavelet(t=1.0),Wavelet,0.14577237201632234,0.24539877300613497,0.145985401459854,0.7692307692307693,1.3756316676024705,274
Dengue,P*minority_E,Wavelet(t=1.5),Wavelet,0.1372361264554677,0.24427480916030536,0.20253164556962025,0.3076923076923077,1.9084712755598832,79
Dengue,P*minority_E,Wavelet(t=2.0),Wavelet,-0.06330462450021111,0.0,0.0,0.0,0.0,16
Dengue,P*minority_E,KDE(p=75),KDE,-0.03137427261035171,0.12571428571428572,0.08943089430894309,0.21153846153846154,0.842714196372733,123
Dengue,P*minority_E,KDE(p=80),KDE,0.009939225226508685,0.14666666666666667,0.11224489795918367,0.21153846153846154,1.0576923076923077,98
Dengue,P*minority_E,KDE(p=85),KDE,0.0582348714952468,0.17460317460317462,0.14864864864864866,0.21153846153846154,1.400727650727651,74
Dengue,P*minority_E,SlidingTest(p=0.01),SlidingTest,-0.032715210821024125,0.04878048780487805,0.06666666666666667,0.038461538461538464,0.6282051282051282,30
Dengue,P*minority_E,SlidingTest(p=0.05),SlidingTest,0.04500175620036361,0.16666666666666669,0.1375,0.21153846153846154,1.295673076923077,80
Dengue,P*minority_E,GradPeak(p=0.2),GradPeak,0.08455288672633753,0.21739130434782608,0.12962962962962962,0.6730769230769231,1.2215099715099715,270
Dengue,P*minority_E,GradPeak(p=0.5),GradPeak,0.11225321742524054,0.23437499999999997,0.14705882352941177,0.5769230769230769,1.3857466063348418,204
Dengue,P*minority_E,LocalContrast(z=1.0),LocalContrast,0.17538158823590627,0.2804878048780488,0.20535714285714285,0.4423076923076923,1.9350961538461537,112
Dengue,P*minority_E,LocalContrast(z=1.5),LocalContrast,0.11278175368777829,0.20202020202020202,0.2127659574468085,0.19230769230769232,2.004909983633388,47
Dengue,P*minority_E,LocalContrast(z=2.0),LocalContrast,-0.05909151954364433,0.0,0.0,0.0,0.0,14
Dengue,P*minority_E,"CUSUM(d=0.3,h=3.0)",CUSUM,0.09974455224422213,0.22508038585209003,0.13513513513513514,0.6730769230769231,1.2733887733887734,259
Dengue,P*minority_E,"CUSUM(d=0.5,h=4.0)",CUSUM,0.05401739162006141,0.14583333333333334,0.1590909090909091,0.1346153846153846,1.4991258741258742,44
Dengue,P*minority_E,"CUSUM(d=0.5,h=5.0)",CUSUM,0.09067028360523481,0.136986301369863,0.23809523809523808,0.09615384615384616,2.2435897435897436,21
Dengue,P*minority_E,AdaptiveKnee,AdaptiveKnee,0.19570350399605896,0.29545454545454547,0.20967741935483872,0.5,1.9758064516129035,124
Dengue,P*minority_E,ScoreDBSCAN(ep=8),ScoreDBSCAN,0.0,0.0,0.0,0.0,0.0,0
Dengue,P*minority_E,ScoreDBSCAN(ep=15),ScoreDBSCAN,0.0,0.0,0.0,0.0,0.0,0
Dengue,P*minority_E,Spectral(z=1.5),Spectral,0.022562214359326982,0.0975609756097561,0.13333333333333333,0.07692307692307693,1.2564102564102564,30
Dengue,P*minority_E,Spectral(z=2.0),Spectral,-0.011723613706024445,0.03125,0.08333333333333333,0.019230769230769232,0.7852564102564102,12
Dengue,P*minority_E,Bayes(prior=0.1),Bayes,0.12067807451672781,0.23648648648648649,0.14344262295081966,0.6730769230769231,1.351670870113493,244
Dengue,P*minority_E,Bayes(prior=0.15),Bayes,0.12067807451672781,0.23648648648648649,0.14344262295081966,0.6730769230769231,1.351670870113493,244
Dengue,P*minority_E,Ensemble(v>=2),Ensemble,0.06777926239542376,0.1616161616161616,0.1702127659574468,0.15384615384615385,1.6039279869067102,47
Dengue,P*minority_E,Ensemble(v>=3),Ensemble,0.08075130497757328,0.1590909090909091,0.19444444444444445,0.1346153846153846,1.8322649572649574,36
Dengue,P*minority_E,AdaptWin(s=90),AdaptWin,0.2100242820578845,0.3025210084033613,0.26865671641791045,0.34615384615384615,2.5315729047072333,67
Dengue,P*minority_E,AdaptWin(s=85),AdaptWin,0.12313014743085487,0.24175824175824173,0.16923076923076924,0.4230769230769231,1.594674556213018,130
Dengue,P*minority_E,FreqThresh(p=80),FreqThresh,0.1684627738375423,0.27499999999999997,0.2037037037037037,0.4230769230769231,1.9195156695156694,108
Dengue,P*minority_E,FreqThresh(p=85),FreqThresh,0.0815845894057436,0.1935483870967742,0.16666666666666666,0.23076923076923078,1.5705128205128205,72
Dengue,P*minority_E,FreqThresh(p=90),FreqThresh,0.08075130497757328,0.1590909090909091,0.19444444444444445,0.1346153846153846,1.8322649572649574,36
Dengue,P*minority_E,FreqThresh(p=95),FreqThresh,-0.04148012640736798,0.0,0.0,0.0,0.0,7
Dengue,P*minority_E,"SWAN(w=10,k=1.0)",SWAN,0.21327658903282037,0.24324324324324326,0.4090909090909091,0.17307692307692307,3.8548951048951055,22
Dengue,P*minority_E,"SWAN(w=10,k=1.5)",SWAN,0.0,0.0,0.0,0.0,0.0,0
Dengue,P*minority_E,"SWAN(w=10,k=2.0)",SWAN,0.0,0.0,0.0,0.0,0.0,0
Dengue,P*minority_E,"SWAN(w=20,k=1.0)",SWAN,0.0,0.0,0.0,0.0,0.0,0
Dengue,P*minority_E,"SWAN(w=20,k=1.5)",SWAN,0.0,0.0,0.0,0.0,0.0,0
Dengue,P*minority_E,"SWAN(w=20,k=2.0)",SWAN,0.0,0.0,0.0,0.0,0.0,0
Dengue,P*minority_E,"SWAN(w=50,k=1.0)",SWAN,0.0,0.0,0.0,0.0,0.0,0
Dengue,P*minority_E,"SWAN(w=50,k=1.5)",SWAN,0.0,0.0,0.0,0.0,0.0,0
Dengue,P*minority_E,"SWAN(w=50,k=2.0)",SWAN,0.0,0.0,0.0,0.0,0.0,0
Dengue,P*minority_E,MutClust-Orig(g=10),MutClust-Orig,0.10686736045985225,0.20841683366733466,0.116331096196868,1.0,1.0961968680089484,447
Dengue,P*E,Wavelet(t=1.0),Wavelet,0.18448640359487745,0.26299694189602446,0.15636363636363637,0.8269230769230769,1.4734265734265735,275
Dengue,P*E,Wavelet(t=1.5),Wavelet,0.07405006795262827,0.1925925925925926,0.1566265060240964,0.25,1.4759036144578315,83
Dengue,P*E,Wavelet(t=2.0),Wavelet,-0.04973292445386293,0.0,0.0,0.0,0.0,10
Dengue,P*E,KDE(p=75),KDE,-0.00081086589251406,0.14857142857142858,0.10569105691056911,0.25,0.9959349593495936,123
Dengue,P*E,KDE(p=80),KDE,0.04306997598153763,0.17333333333333334,0.1326530612244898,0.25,1.2500000000000002,98
Dengue,P*E,KDE(p=85),KDE,0.09524536051297823,0.20634920634920637,0.17567567567567569,0.25,1.6554054054054055,74
Dengue,P*E,SlidingTest(p=0.01),SlidingTest,0.04399451009380182,0.06451612903225806,0.2,0.038461538461538464,1.8846153846153848,10
Dengue,P*E,SlidingTest(p=0.05),SlidingTest,0.055961952856871056,0.17322834645669294,0.14666666666666667,0.21153846153846154,1.382051282051282,75
Dengue,P*E,GradPeak(p=0.2),GradPeak,0.1438506443642054,0.24913494809688583,0.1518987341772152,0.6923076923076923,1.4313534566699124,237
Dengue,P*E,GradPeak(p=0.5),GradPeak,0.15411493019292047,0.2588235294117647,0.1625615763546798,0.6346153846153846,1.5318302387267906,203
Dengue,P*E,LocalContrast(z=1.0),LocalContrast,0.20001653677520762,0.29885057471264365,0.21311475409836064,0.5,2.0081967213114753,122
Dengue,P*E,LocalContrast(z=1.5),LocalContrast,0.09524536051297823,0.20634920634920637,0.17567567567567569,0.25,1.6554054054054055,74
Dengue,P*E,LocalContrast(z=2.0),LocalContrast,0.043301591425384645,0.08695652173913045,0.17647058823529413,0.057692307692307696,1.66289592760181,17
Dengue,P*E,"CUSUM(d=0.3,h=3.0)",CUSUM,-0.022165346940272328,0.15625000000000003,0.09803921568627451,0.38461538461538464,0.9238310708898945,204
Dengue,P*E,"CUSUM(d=0.5,h=4.0)",CUSUM,0.023965064317530017,0.1111111111111111,0.13157894736842105,0.09615384615384616,1.2398785425101215,38
Dengue,P*E,"CUSUM(d=0.5,h=5.0)",CUSUM,0.0908582273676342,0.0967741935483871,0.3,0.057692307692307696,2.826923076923077,10
Dengue,P*E,AdaptiveKnee,AdaptiveKnee,0.0,0.0,0.0,0.0,0.0,0
Dengue,P*E,ScoreDBSCAN(ep=8),ScoreDBSCAN,0.0,0.0,0.0,0.0,0.0,0
Dengue,P*E,ScoreDBSCAN(ep=15),ScoreDBSCAN,0.0,0.0,0.0,0.0,0.0,0
Dengue,P*E,Spectral(z=1.5),Spectral,0.1491075149050527,0.20253164556962028,0.2962962962962963,0.15384615384615385,2.792022792022792,27
Dengue,P*E,Spectral(z=2.0),Spectral,0.10091023128099834,0.09836065573770493,0.3333333333333333,0.057692307692307696,3.141025641025641,9
Dengue,P*E,Bayes(prior=0.1),Bayes,0.06154186907688479,0.20668693009118544,0.12274368231046931,0.6538461538461539,1.1566231602332686,277
Dengue,P*E,Bayes(prior=0.15),Bayes,0.05738414360061108,0.20481927710843373,0.12142857142857143,0.6538461538461539,1.1442307692307692,280
Dengue,P*E,Ensemble(v>=2),Ensemble,0.06777926239542376,0.1616161616161616,0.1702127659574468,0.15384615384615385,1.6039279869067102,47
Dengue,P*E,Ensemble(v>=3),Ensemble,-0.0910766119992129,0.0,0.0,0.0,0.0,32
Dengue,P*E,AdaptWin(s=90),AdaptWin,0.18140639776331088,0.2836879432624113,0.2247191011235955,0.38461538461538464,2.1175453759723424,89
Dengue,P*E,AdaptWin(s=85),AdaptWin,0.0797714652134204,0.2121212121212121,0.14383561643835616,0.40384615384615385,1.3553740779768177,146
Dengue,P*E,FreqThresh(p=80),FreqThresh,0.19147513792539847,0.2929936305732484,0.21904761904761905,0.4423076923076923,2.0641025641025643,105
Dengue,P*E,FreqThresh(p=85),FreqThresh,0.0582348714952468,0.17460317460317462,0.14864864864864866,0.21153846153846154,1.400727650727651,74
Dengue,P*E,FreqThresh(p=90),FreqThresh,-0.0910766119992129,0.0,0.0,0.0,0.0,32
Dengue,P*E,FreqThresh(p=95),FreqThresh,-0.02704336708718054,0.0,0.0,0.0,0.0,3
Dengue,P*E,"SWAN(w=10,k=1.0)",SWAN,0.35035001792028375,0.28571428571428575,0.8181818181818182,0.17307692307692307,7.709790209790211,11
Dengue,P*E,"SWAN(w=10,k=1.5)",SWAN,0.0,0.0,0.0,0.0,0.0,0
Dengue,P*E,"SWAN(w=10,k=2.0)",SWAN,0.0,0.0,0.0,0.0,0.0,0
Dengue,P*E,"SWAN(w=20,k=1.0)",SWAN,0.0,0.0,0.0,0.0,0.0,0
Dengue,P*E,"SWAN(w=20,k=1.5)",SWAN,0.0,0.0,0.0,0.0,0.0,0
Dengue,P*E,"SWAN(w=20,k=2.0)",SWAN,0.0,0.0,0.0,0.0,0.0,0
Dengue,P*E,"SWAN(w=50,k=1.0)",SWAN,0.0,0.0,0.0,0.0,0.0,0
Dengue,P*E,"SWAN(w=50,k=1.5)",SWAN,0.0,0.0,0.0,0.0,0.0,0
Dengue,P*E,"SWAN(w=50,k=2.0)",SWAN,0.0,0.0,0.0,0.0,0.0,0
Dengue,P*E,MutClust-Orig(g=10),MutClust-Orig,0.07296167685194352,0.2045929018789144,0.11475409836065574,0.9423076923076923,1.0813366960907944,427
Dengue,H-score,Wavelet(t=1.0),Wavelet,0.07598089719048425,0.21359223300970873,0.12840466926070038,0.6346153846153846,1.2099670757258305,257
Dengue,H-score,Wavelet(t=1.5),Wavelet,0.08885512358624795,0.20833333333333331,0.16304347826086957,0.28846153846153844,1.5363712374581941,92
Dengue,H-score,Wavelet(t=2.0),Wavelet,-0.0672867992280795,0.0,0.0,0.0,0.0,18
Dengue,H-score,KDE(p=75),KDE,-0.03137427261035171,0.12571428571428572,0.08943089430894309,0.21153846153846154,0.842714196372733,123
Dengue,H-score,KDE(p=80),KDE,0.009939225226508685,0.14666666666666667,0.11224489795918367,0.21153846153846154,1.0576923076923077,98
Dengue,H-score,KDE(p=85),KDE,0.060536893698810774,0.17600000000000002,0.1506849315068493,0.21153846153846154,1.4199157007376184,73
Dengue,H-score,SlidingTest(p=0.01),SlidingTest,0.004144042667633051,0.17004048582995954,0.1076923076923077,0.40384615384615385,1.0147928994082842,195
Dengue,H-score,SlidingTest(p=0.05),SlidingTest,0.04399451009380183,0.19879518072289157,0.11785714285714285,0.6346153846153846,1.1105769230769231,280
Dengue,H-score,GradPeak(p=0.2),GradPeak,-0.013856654042198727,0.16666666666666666,0.1016949152542373,0.46153846153846156,0.9582790091264669,236
Dengue,H-score,GradPeak(p=0.5),GradPeak,-0.03300751050121891,0.12903225806451613,0.08955223880597014,0.23076923076923078,0.8438576349024111,134
Dengue,H-score,LocalContrast(z=1.0),LocalContrast,0.17741989806818148,0.28,0.1891891891891892,0.5384615384615384,1.782744282744283,148
Dengue,H-score,LocalContrast(z=1.5),LocalContrast,0.09085090360047132,0.19469026548672566,0.18032786885245902,0.21153846153846154,1.6992433795712485,61
Dengue,H-score,LocalContrast(z=2.0),LocalContrast,-0.04973292445386293,0.0,0.0,0.0,0.0,10
Dengue,H-score,"CUSUM(d=0.3,h=3.0)",CUSUM,0.08283018120100126,0.21204819277108433,0.12121212121212122,0.8461538461538461,1.1421911421911424,363
Dengue,H-score,"CUSUM(d=0.5,h=4.0)",CUSUM,0.03235813468002298,0.1856540084388186,0.11891891891891893,0.4230769230769231,1.1205821205821207,185
Dengue,H-score,"CUSUM(d=0.5,h=5.0)",CUSUM,-0.010099620105442284,0.15525114155251143,0.10179640718562874,0.3269230769230769,0.95923537540304,167
Dengue,H-score,AdaptiveKnee,AdaptiveKnee,-0.09032554751463269,0.16738197424892706,0.09420289855072464,0.75,0.8876811594202899,414
Dengue,H-score,ScoreDBSCAN(ep=8),ScoreDBSCAN,-0.06422441787079765,0.1689497716894977,0.09585492227979274,0.7115384615384616,0.903248306098047,386
Dengue,H-score,ScoreDBSCAN(ep=15),ScoreDBSCAN,0.0,0.1918819188191882,0.10612244897959183,1.0,1.0,490
Dengue,H-score,Spectral(z=1.5),Spectral,0.07531251684564456,0.13157894736842105,0.20833333333333334,0.09615384615384616,1.9631410256410258,24
Dengue,H-score,Spectral(z=2.0),Spectral,-0.03836344159588882,0.0,0.0,0.0,0.0,6
Dengue,H-score,Bayes(prior=0.1),Bayes,0.11830844105773958,0.23809523809523805,0.15,0.5769230769230769,1.4134615384615385,200
Dengue,H-score,Bayes(prior=0.15),Bayes,0.08369520351759738,0.21725239616613418,0.13026819923371646,0.6538461538461539,1.2275272620100206,261
Dengue,H-score,Ensemble(v>=2),Ensemble,-0.0910766119992129,0.0,0.0,0.0,0.0,32
Dengue,H-score,Ensemble(v>=3),Ensemble,-0.02704336708718054,0.0,0.0,0.0,0.0,3
Dengue,H-score,AdaptWin(s=90),AdaptWin,0.02920157141399666,0.1921921921921922,0.11387900355871886,0.6153846153846154,1.0730906104571585,281
Dengue,H-score,AdaptWin(s=85),AdaptWin,-0.020243223088751396,0.17721518987341772,0.10204081632653061,0.6730769230769231,0.9615384615384616,343
Dengue,H-score,FreqThresh(p=80),FreqThresh,0.19147513792539847,0.2929936305732484,0.21904761904761905,0.4423076923076923,2.0641025641025643,105
Dengue,H-score,FreqThresh(p=85),FreqThresh,0.0582348714952468,0.17460317460317462,0.14864864864864866,0.21153846153846154,1.400727650727651,74
Dengue,H-score,FreqThresh(p=90),FreqThresh,-0.0910766119992129,0.0,0.0,0.0,0.0,32
Dengue,H-score,FreqThresh(p=95),FreqThresh,-0.02704336708718054,0.0,0.0,0.0,0.0,3
Dengue,H-score,"SWAN(w=10,k=1.0)",SWAN,0.37204053101062845,0.2903225806451613,0.9,0.17307692307692307,8.480769230769232,10
Dengue,H-score,"SWAN(w=10,k=1.5)",SWAN,0.0,0.0,0.0,0.0,0.0,0
Dengue,H-score,"SWAN(w=10,k=2.0)",SWAN,0.0,0.0,0.0,0.0,0.0,0
Dengue,H-score,"SWAN(w=20,k=1.0)",SWAN,0.0,0.0,0.0,0.0,0.0,0
Dengue,H-score,"SWAN(w=20,k=1.5)",SWAN,0.0,0.0,0.0,0.0,0.0,0
Dengue,H-score,"SWAN(w=20,k=2.0)",SWAN,0.0,0.0,0.0,0.0,0.0,0
Dengue,H-score,"SWAN(w=50,k=1.0)",SWAN,0.0,0.0,0.0,0.0,0.0,0
Dengue,H-score,"SWAN(w=50,k=1.5)",SWAN,0.0,0.0,0.0,0.0,0.0,0
Dengue,H-score,"SWAN(w=50,k=2.0)",SWAN,0.0,0.0,0.0,0.0,0.0,0
Dengue,H-score,MutClust-Orig(g=10),MutClust-Orig,0.0,0.1918819188191882,0.10612244897959183,1.0,1.0,490
Dengue,E_only,Wavelet(t=1.0),Wavelet,0.12451839910180897,0.23602484472049692,0.14074074074074075,0.7307692307692307,1.3262108262108263,270
Dengue,E_only,Wavelet(t=1.5),Wavelet,0.22478207207503823,0.31746031746031744,0.2702702702702703,0.38461538461538464,2.546777546777547,74
Dengue,E_only,Wavelet(t=2.0),Wavelet,-0.06920396271554972,0.0,0.0,0.0,0.0,19
Dengue,E_only,KDE(p=75),KDE,-0.03137427261035171,0.12571428571428572,0.08943089430894309,0.21153846153846154,0.842714196372733,123
Dengue,E_only,KDE(p=80),KDE,0.009939225226508685,0.14666666666666667,0.11224489795918367,0.21153846153846154,1.0576923076923077,98
Dengue,E_only,KDE(p=85),KDE,0.0582348714952468,0.17460317460317462,0.14864864864864866,0.21153846153846154,1.400727650727651,74
Dengue,E_only,SlidingTest(p=0.01),SlidingTest,0.02999008184373711,0.16560509554140126,0.12380952380952381,0.25,1.1666666666666667,105
Dengue,E_only,SlidingTest(p=0.05),SlidingTest,0.0489298326882472,0.19354838709677416,0.12727272727272726,0.40384615384615385,1.1993006993006992,165
Dengue,E_only,GradPeak(p=0.2),GradPeak,0.054416021050572916,0.2027027027027027,0.12295081967213115,0.5769230769230769,1.1585750315258512,244
Dengue,E_only,GradPeak(p=0.5),GradPeak,0.09754247872951581,0.22535211267605634,0.14906832298136646,0.46153846153846156,1.4046822742474918,161
Dengue,E_only,LocalContrast(z=1.0),LocalContrast,0.1961002347565465,0.29508196721311475,0.20610687022900764,0.5192307692307693,1.9421608925425722,131
Dengue,E_only,LocalContrast(z=1.5),LocalContrast,0.06817380875455417,0.17543859649122806,0.16129032258064516,0.19230769230769232,1.5198511166253101,62
Dengue,E_only,LocalContrast(z=2.0),LocalContrast,-0.05909151954364433,0.0,0.0,0.0,0.0,14
Dengue,E_only,"CUSUM(d=0.3,h=3.0)",CUSUM,0.08681049856542478,0.21621621621621623,0.12578616352201258,0.7692307692307693,1.185292694726657,318
Dengue,E_only,"CUSUM(d=0.5,h=4.0)",CUSUM,0.10831671745716942,0.23255813953488372,0.15337423312883436,0.4807692307692308,1.4452571967909391,163
Dengue,E_only,"CUSUM(d=0.5,h=5.0)",CUSUM,0.07472509837314428,0.20895522388059698,0.14093959731543623,0.40384615384615385,1.3280846670108415,149
Dengue,E_only,AdaptiveKnee,AdaptiveKnee,0.2114719461051044,0.3052631578947368,0.21014492753623187,0.5576923076923077,1.980211817168339,138
Dengue,E_only,ScoreDBSCAN(ep=8),ScoreDBSCAN,0.0,0.0,0.0,0.0,0.0,0
Dengue,E_only,ScoreDBSCAN(ep=15),ScoreDBSCAN,0.0,0.0,0.0,0.0,0.0,0
Dengue,E_only,Spectral(z=1.5),Spectral,0.05398370828336859,0.1234567901234568,0.1724137931034483,0.09615384615384616,1.6246684350132627,29
Dengue,E_only,Spectral(z=2.0),Spectral,-0.03836344159588882,0.0,0.0,0.0,0.0,6
Dengue,E_only,Bayes(prior=0.1),Bayes,0.11983319176207666,0.23904382470119517,0.1507537688442211,0.5769230769230769,1.4205643602628526,199
Dengue,E_only,Bayes(prior=0.15),Bayes,0.08416341061422958,0.21686746987951805,0.12857142857142856,0.6923076923076923,1.2115384615384615,280
Dengue,E_only,Ensemble(v>=2),Ensemble,0.06777926239542376,0.1616161616161616,0.1702127659574468,0.15384615384615385,1.6039279869067102,47
Dengue,E_only,Ensemble(v>=3),Ensemble,0.06667434975046249,0.15217391304347824,0.175,0.1346153846153846,1.6490384615384615,40
Dengue,E_only,AdaptWin(s=90),AdaptWin,0.16841623275352066,0.27450980392156865,0.2079207920792079,0.40384615384615385,1.9592536176694593,101
Dengue,E_only,AdaptWin(s=85),AdaptWin,0.04399451009380183,0.19879518072289157,0.11785714285714285,0.6346153846153846,1.1105769230769231,280
Dengue,E_only,FreqThresh(p=80),FreqThresh,0.22035791319766368,0.3151515151515151,0.23008849557522124,0.5,2.168141592920354,113
Dengue,E_only,FreqThresh(p=85),FreqThresh,0.06523231225432011,0.17886178861788618,0.15492957746478872,0.21153846153846154,1.459913326110509,71
Dengue,E_only,FreqThresh(p=90),FreqThresh,0.06667434975046249,0.15217391304347824,0.175,0.1346153846153846,1.6490384615384615,40
Dengue,E_only,FreqThresh(p=95),FreqThresh,-0.04148012640736798,0.0,0.0,0.0,0.0,7
Dengue,E_only,"SWAN(w=10,k=1.0)",SWAN,0.2368153736640491,0.26666666666666666,0.43478260869565216,0.19230769230769232,4.096989966555184,23
Dengue,E_only,"SWAN(w=10,k=1.5)",SWAN,0.0,0.0,0.0,0.0,0.0,0
Dengue,E_only,"SWAN(w=10,k=2.0)",SWAN,0.0,0.0,0.0,0.0,0.0,0
Dengue,E_only,"SWAN(w=20,k=1.0)",SWAN,0.0,0.0,0.0,0.0,0.0,0
Dengue,E_only,"SWAN(w=20,k=1.5)",SWAN,0.0,0.0,0.0,0.0,0.0,0
Dengue,E_only,"SWAN(w=20,k=2.0)",SWAN,0.0,0.0,0.0,0.0,0.0,0
Dengue,E_only,"SWAN(w=50,k=1.0)",SWAN,0.0,0.0,0.0,0.0,0.0,0
Dengue,E_only,"SWAN(w=50,k=1.5)",SWAN,0.0,0.0,0.0,0.0,0.0,0
Dengue,E_only,"SWAN(w=50,k=2.0)",SWAN,0.0,0.0,0.0,0.0,0.0,0
Dengue,E_only,MutClust-Orig(g=10),MutClust-Orig,0.0,0.1918819188191882,0.10612244897959183,1.0,1.0,490
Dengue,P*E^2,Wavelet(t=1.0),Wavelet,0.16053762882757627,0.2507462686567164,0.14840989399293286,0.8076923076923077,1.3984778472410981,283
Dengue,P*E^2,Wavelet(t=1.5),Wavelet,0.0629292850931914,0.18181818181818185,0.15,0.23076923076923078,1.4134615384615385,80
Dengue,P*E^2,Wavelet(t=2.0),Wavelet,-0.05688229406650108,0.0,0.0,0.0,0.0,13
Dengue,P*E^2,KDE(p=75),KDE,-0.00081086589251406,0.14857142857142858,0.10569105691056911,0.25,0.9959349593495936,123
Dengue,P*E^2,KDE(p=80),KDE,0.04306997598153763,0.17333333333333334,0.1326530612244898,0.25,1.2500000000000002,98
Dengue,P*E^2,KDE(p=85),KDE,0.07674011600411251,0.19047619047619047,0.16216216216216217,0.23076923076923078,1.5280665280665282,74
Dengue,P*E^2,SlidingTest(p=0.01),SlidingTest,0.0,0.0,0.0,0.0,0.0,0
Dengue,P*E^2,SlidingTest(p=0.05),SlidingTest,0.07213855343390765,0.19736842105263155,0.15,0.28846153846153844,1.4134615384615385,100
Dengue,P*E^2,GradPeak(p=0.2),GradPeak,0.16265531166035938,0.26086956521739135,0.16071428571428573,0.6923076923076923,1.514423076923077,224
Dengue,P*E^2,GradPeak(p=0.5),GradPeak,0.1849348905240063,0.2786885245901639,0.17708333333333334,0.6538461538461539,1.668669871794872,192
Dengue,P*E^2,LocalContrast(z=1.0),LocalContrast,0.18967842860709208,0.29139072847682124,0.2222222222222222,0.4230769230769231,2.094017094017094,99
Dengue,P*E^2,LocalContrast(z=1.5),LocalContrast,0.08739075011890507,0.18691588785046728,0.18181818181818182,0.19230769230769232,1.7132867132867133,55
Dengue,P*E^2,LocalContrast(z=2.0),LocalContrast,0.029387713800587616,0.08333333333333334,0.15,0.057692307692307696,1.4134615384615385,20
Dengue,P*E^2,"CUSUM(d=0.3,h=3.0)",CUSUM,-0.06701135807245488,0.10582010582010581,0.072992700729927,0.19230769230769232,0.6878158338012352,137
Dengue,P*E^2,"CUSUM(d=0.5,h=4.0)",CUSUM,-0.015858264499264557,0.06976744186046513,0.08823529411764706,0.057692307692307696,0.831447963800905,34
Dengue,P*E^2,"CUSUM(d=0.5,h=5.0)",CUSUM,-0.06532185464170653,0.0,0.0,0.0,0.0,17
Dengue,P*E^2,AdaptiveKnee,AdaptiveKnee,-0.02704336708718054,0.0,0.0,0.0,0.0,3
Dengue,P*E^2,ScoreDBSCAN(ep=8),ScoreDBSCAN,0.0,0.0,0.0,0.0,0.0,0
Dengue,P*E^2,ScoreDBSCAN(ep=15),ScoreDBSCAN,0.0,0.0,0.0,0.0,0.0,0
Dengue,P*E^2,Spectral(z=1.5),Spectral,0.04461107487029861,0.10526315789473684,0.16666666666666666,0.07692307692307693,1.5705128205128205,24
Dengue,P*E^2,Spectral(z=2.0),Spectral,-0.04148012640736798,0.0,0.0,0.0,0.0,7
Dengue,P*E^2,Bayes(prior=0.1),Bayes,0.05599702083882505,0.2042042042042042,0.12099644128113879,0.6538461538461539,1.140158773610731,281
Dengue,P*E^2,Bayes(prior=0.15),Bayes,0.07043479281577054,0.21052631578947367,0.12413793103448276,0.6923076923076923,1.169761273209549,290
Dengue,P*E^2,Ensemble(v>=2),Ensemble,-0.09258987258798954,0.0,0.0,0.0,0.0,33
Dengue,P*E^2,Ensemble(v>=3),Ensemble,-0.04148012640736798,0.0,0.0,0.0,0.0,7
Dengue,P*E^2,AdaptWin(s=90),AdaptWin,0.1677527235556706,0.2706766917293233,0.2222222222222222,0.34615384615384615,2.094017094017094,81
Dengue,P*E^2,AdaptWin(s=85),AdaptWin,0.09539476603300008,0.22222222222222224,0.15328467153284672,0.40384615384615385,1.4444132509825942,137
Dengue,P*E^2,FreqThresh(p=80),FreqThresh,0.22272109148724345,0.3170731707317073,0.23214285714285715,0.5,2.1875,112
Dengue,P*E^2,FreqThresh(p=85),FreqThresh,0.06286902348401403,0.1774193548387097,0.1527777777777778,0.21153846153846154,1.4396367521367524,72
Dengue,P*E^2,FreqThresh(p=90),FreqThresh,-0.09258987258798954,0.0,0.0,0.0,0.0,33
Dengue,P*E^2,FreqThresh(p=95),FreqThresh,-0.04148012640736798,0.0,0.0,0.0,0.0,7
Dengue,P*E^2,"SWAN(w=10,k=1.0)",SWAN,0.0,0.0,0.0,0.0,0.0,0
Dengue,P*E^2,"SWAN(w=10,k=1.5)",SWAN,0.0,0.0,0.0,0.0,0.0,0
Dengue,P*E^2,"SWAN(w=10,k=2.0)",SWAN,0.0,0.0,0.0,0.0,0.0,0
Dengue,P*E^2,"SWAN(w=20,k=1.0)",SWAN,0.0,0.0,0.0,0.0,0.0,0
Dengue,P*E^2,"SWAN(w=20,k=1.5)",SWAN,0.0,0.0,0.0,0.0,0.0,0
Dengue,P*E^2,"SWAN(w=20,k=2.0)",SWAN,0.0,0.0,0.0,0.0,0.0,0
Dengue,P*E^2,"SWAN(w=50,k=1.0)",SWAN,0.0,0.0,0.0,0.0,0.0,0
Dengue,P*E^2,"SWAN(w=50,k=1.5)",SWAN,0.0,0.0,0.0,0.0,0.0,0
Dengue,P*E^2,"SWAN(w=50,k=2.0)",SWAN,0.0,0.0,0.0,0.0,0.0,0
Dengue,P*E^2,MutClust-Orig(g=10),MutClust-Orig,-0.0660431259019226,0.1807465618860511,0.10065645514223195,0.8846153846153846,0.9484935196094935,457
Dengue,rank(P*E),Wavelet(t=1.0),Wavelet,0.07538287077839533,0.21316614420062696,0.12734082397003746,0.6538461538461539,1.1999423797176607,267
Dengue,rank(P*E),Wavelet(t=1.5),Wavelet,0.20342930104797904,0.30075187969924816,0.24691358024691357,0.38461538461538464,2.326685660018993,81
Dengue,rank(P*E),Wavelet(t=2.0),Wavelet,-0.06532185464170653,0.0,0.0,0.0,0.0,17
Dengue,rank(P*E),KDE(p=75),KDE,-0.03137427261035171,0.12571428571428572,0.08943089430894309,0.21153846153846154,0.842714196372733,123
Dengue,rank(P*E),KDE(p=80),KDE,0.009939225226508685,0.14666666666666667,0.11224489795918367,0.21153846153846154,1.0576923076923077,98
Dengue,rank(P*E),KDE(p=85),KDE,0.0582348714952468,0.17460317460317462,0.14864864864864866,0.21153846153846154,1.400727650727651,74
Dengue,rank(P*E),SlidingTest(p=0.01),SlidingTest,0.02106621385726346,0.16049382716049382,0.11818181818181818,0.25,1.1136363636363638,110
Dengue,rank(P*E),SlidingTest(p=0.05),SlidingTest,0.09010102436042185,0.21875,0.15,0.40384615384615385,1.4134615384615385,140
Dengue,rank(P*E),GradPeak(p=0.2),GradPeak,-0.01888028304297336,0.16611295681063123,0.10040160642570281,0.4807692307692308,0.9460920605498919,249
Dengue,rank(P*E),GradPeak(p=0.5),GradPeak,0.049000237230906775,0.19230769230769232,0.1282051282051282,0.38461538461538464,1.2080867850098618,156
Dengue,rank(P*E),LocalContrast(z=1.0),LocalContrast,0.17369922934361254,0.27722772277227725,0.18666666666666668,0.5384615384615384,1.7589743589743592,150
Dengue,rank(P*E),LocalContrast(z=1.5),LocalContrast,-0.03855474269951694,0.07476635514018691,0.07272727272727272,0.07692307692307693,0.6853146853146853,55
Dengue,rank(P*E),LocalContrast(z=2.0),LocalContrast,-0.05909151954364433,0.0,0.0,0.0,0.0,14
Dengue,rank(P*E),"CUSUM(d=0.3,h=3.0)",CUSUM,0.1098917824817933,0.22278481012658227,0.1282798833819242,0.8461538461538461,1.208791208791209,343
Dengue,rank(P*E),"CUSUM(d=0.5,h=4.0)",CUSUM,0.08418326600235491,0.2173913043478261,0.1404494382022472,0.4807692307692308,1.323465859982714,178
Dengue,rank(P*E),"CUSUM(d=0.5,h=5.0)",CUSUM,0.05049361367503656,0.19444444444444445,0.12804878048780488,0.40384615384615385,1.2066135084427767,164
Dengue,rank(P*E),AdaptiveKnee,AdaptiveKnee,0.0,0.0,0.0,0.0,0.0,0
Dengue,rank(P*E),ScoreDBSCAN(ep=8),ScoreDBSCAN,-0.05236028251052059,0.04395604395604396,0.05128205128205128,0.038461538461538464,0.4832347140039448,39
Dengue,rank(P*E),ScoreDBSCAN(ep=15),ScoreDBSCAN,0.0,0.0,0.0,0.0,0.0,0
Dengue,rank(P*E),Spectral(z=1.5),Spectral,0.061989849201385186,0.12658227848101267,0.18518518518518517,0.09615384615384616,1.745014245014245,27
Dengue,rank(P*E),Spectral(z=2.0),Spectral,0.05156291259068977,0.0655737704918033,0.2222222222222222,0.038461538461538464,2.094017094017094,9
Dengue,rank(P*E),Bayes(prior=0.1),Bayes,0.05738414360061108,0.20481927710843373,0.12142857142857143,0.6538461538461539,1.1442307692307692,280
Dengue,rank(P*E),Bayes(prior=0.15),Bayes,0.04965299976762147,0.20168067226890757,0.1180327868852459,0.6923076923076923,1.1122320302648172,305
Dengue,rank(P*E),Ensemble(v>=2),Ensemble,-0.0910766119992129,0.0,0.0,0.0,0.0,32
Dengue,rank(P*E),Ensemble(v>=3),Ensemble,-0.04148012640736798,0.0,0.0,0.0,0.0,7
Dengue,rank(P*E),AdaptWin(s=90),AdaptWin,0.12308304625452053,0.2421052631578947,0.16666666666666666,0.4423076923076923,1.5705128205128205,138
Dengue,rank(P*E),AdaptWin(s=85),AdaptWin,0.04723226453728878,0.1978021978021978,0.12217194570135746,0.5192307692307693,1.1512356421858685,221
Dengue,rank(P*E),FreqThresh(p=80),FreqThresh,0.19147513792539847,0.2929936305732484,0.21904761904761905,0.4423076923076923,2.0641025641025643,105
Dengue,rank(P*E),FreqThresh(p=85),FreqThresh,0.0582348714952468,0.17460317460317462,0.14864864864864866,0.21153846153846154,1.400727650727651,74
Dengue,rank(P*E),FreqThresh(p=90),FreqThresh,-0.0910766119992129,0.0,0.0,0.0,0.0,32
Dengue,rank(P*E),FreqThresh(p=95),FreqThresh,-0.02704336708718054,0.0,0.0,0.0,0.0,3
Dengue,rank(P*E),"SWAN(w=10,k=1.0)",SWAN,0.21327658903282037,0.24324324324324326,0.4090909090909091,0.17307692307692307,3.8548951048951055,22
Dengue,rank(P*E),"SWAN(w=10,k=1.5)",SWAN,0.0,0.0,0.0,0.0,0.0,0
Dengue,rank(P*E),"SWAN(w=10,k=2.0)",SWAN,0.0,0.0,0.0,0.0,0.0,0
Dengue,rank(P*E),"SWAN(w=20,k=1.0)",SWAN,0.0,0.0,0.0,0.0,0.0,0
Dengue,rank(P*E),"SWAN(w=20,k=1.5)",SWAN,0.0,0.0,0.0,0.0,0.0,0
Dengue,rank(P*E),"SWAN(w=20,k=2.0)",SWAN,0.0,0.0,0.0,0.0,0.0,0
Dengue,rank(P*E),"SWAN(w=50,k=1.0)",SWAN,0.0,0.0,0.0,0.0,0.0,0
Dengue,rank(P*E),"SWAN(w=50,k=1.5)",SWAN,0.0,0.0,0.0,0.0,0.0,0
Dengue,rank(P*E),"SWAN(w=50,k=2.0)",SWAN,0.0,0.0,0.0,0.0,0.0,0
Dengue,rank(P*E),MutClust-Orig(g=10),MutClust-Orig,0.03125910055961311,0.19330855018587362,0.10699588477366255,1.0,1.008230452674897,486
RSV,E*rare,Wavelet(t=1.0),Wavelet,-0.0804237355756288,0.15139442231075698,0.12582781456953643,0.19,0.7121854304635762,151
RSV,E*rare,Wavelet(t=1.5),Wavelet,-0.10367003338132567,0.058823529411764705,0.07142857142857142,0.05,0.40428571428571425,70
RSV,E*rare,Wavelet(t=2.0),Wavelet,-0.13940305510422504,0.0,0.0,0.0,0.0,47
RSV,E*rare,KDE(p=75),KDE,-0.054371639523841636,0.16528925619834714,0.14084507042253522,0.2,0.7971830985915493,142
RSV,E*rare,KDE(p=80),KDE,-0.04594535076923723,0.15023474178403753,0.1415929203539823,0.16,0.8014159292035398,113
RSV,E*rare,KDE(p=85),KDE,-0.1298996854699351,0.05405405405405405,0.058823529411764705,0.05,0.33294117647058824,85
RSV,E*rare,SlidingTest(p=0.01),SlidingTest,-0.11774131369159674,0.04705882352941177,0.05714285714285714,0.04,0.3234285714285714,70
RSV,E*rare,SlidingTest(p=0.05),SlidingTest,-0.11774131369159674,0.04705882352941177,0.05714285714285714,0.04,0.3234285714285714,70
RSV,E*rare,GradPeak(p=0.2),GradPeak,0.012250404584882262,0.25595238095238093,0.18220338983050846,0.43,1.0312711864406778,236
RSV,E*rare,GradPeak(p=0.5),GradPeak,0.007851581719734414,0.1953488372093023,0.1826086956521739,0.21,1.0335652173913044,115
RSV,E*rare,LocalContrast(z=1.0),LocalContrast,0.0914960838470397,0.21686746987951808,0.2727272727272727,0.18,1.5436363636363635,66
RSV,E*rare,LocalContrast(z=1.5),LocalContrast,0.027416289692336965,0.11678832116788321,0.21621621621621623,0.08,1.2237837837837837,37
RSV,E*rare,LocalContrast(z=2.0),LocalContrast,0.008200561256883773,0.03636363636363636,0.2,0.02,1.1320000000000001,10
RSV,E*rare,"CUSUM(d=0.3,h=3.0)",CUSUM,0.04441626084183398,0.2605633802816901,0.20108695652173914,0.37,1.1381521739130436,184
RSV,E*rare,"CUSUM(d=0.5,h=4.0)",CUSUM,0.060005209210511,0.22772277227722773,0.22549019607843138,0.23,1.2762745098039217,102
RSV,E*rare,"CUSUM(d=0.5,h=5.0)",CUSUM,0.07206280036948827,0.23350253807106597,0.23711340206185566,0.23,1.342061855670103,97
RSV,E*rare,AdaptiveKnee,AdaptiveKnee,-0.041490529450849946,0.09937888198757765,0.13114754098360656,0.08,0.7422950819672132,61
RSV,E*rare,ScoreDBSCAN(ep=8),ScoreDBSCAN,0.0,0.0,0.0,0.0,0.0,0
RSV,E*rare,ScoreDBSCAN(ep=15),ScoreDBSCAN,0.0,0.0,0.0,0.0,0.0,0
RSV,E*rare,Spectral(z=1.5),Spectral,-0.021256901912326837,0.04918032786885246,0.13636363636363635,0.03,0.7718181818181817,22
RSV,E*rare,Spectral(z=2.0),Spectral,-0.06817776848629889,0.0,0.0,0.0,0.0,12
RSV,E*rare,Bayes(prior=0.1),Bayes,-0.05209733417259831,0.11891891891891891,0.12941176470588237,0.11,0.7324705882352942,85
RSV,E*rare,Bayes(prior=0.15),Bayes,-0.05861210632563121,0.12935323383084577,0.12871287128712872,0.13,0.7285148514851485,101
RSV,E*rare,Ensemble(v>=2),Ensemble,-0.11893065296292686,0.0,0.0,0.0,0.0,35
RSV,E*rare,Ensemble(v>=3),Ensemble,-0.10568051463178309,0.0,0.0,0.0,0.0,28
RSV,E*rare,AdaptWin(s=90),AdaptWin,-0.03913027562304218,0.1297297297297297,0.1411764705882353,0.12,0.7990588235294117,85
RSV,E*rare,AdaptWin(s=85),AdaptWin,-0.11348670569732429,0.15172413793103448,0.11578947368421053,0.22,0.6553684210526316,190
RSV,E*rare,FreqThresh(p=80),FreqThresh,-0.08710598888438587,0.14901960784313725,0.12258064516129032,0.19,0.6938064516129032,155
RSV,E*rare,FreqThresh(p=85),FreqThresh,-0.053417116375423894,0.12499999999999997,0.13043478260869565,0.12,0.7382608695652173,92
RSV,E*rare,FreqThresh(p=90),FreqThresh,-0.041490529450849946,0.09937888198757765,0.13114754098360656,0.08,0.7422950819672132,61
RSV,E*rare,FreqThresh(p=95),FreqThresh,-0.11893065296292686,0.0,0.0,0.0,0.0,35
RSV,E*rare,"SWAN(w=10,k=1.0)",SWAN,-0.15350268172898063,0.0,0.0,0.0,0.0,56
RSV,E*rare,"SWAN(w=10,k=1.5)",SWAN,-0.13282824208405797,0.0,0.0,0.0,0.0,43
RSV,E*rare,"SWAN(w=10,k=2.0)",SWAN,-0.08151646351674414,0.0,0.0,0.0,0.0,17
RSV,E*rare,"SWAN(w=20,k=1.0)",SWAN,-0.10367003338132567,0.058823529411764705,0.07142857142857142,0.05,0.40428571428571425,70
RSV,E*rare,"SWAN(w=20,k=1.5)",SWAN,-0.1488971187256327,0.0,0.0,0.0,0.0,53
RSV,E*rare,"SWAN(w=20,k=2.0)",SWAN,0.0,0.0,0.0,0.0,0.0,0
RSV,E*rare,"SWAN(w=50,k=1.0)",SWAN,0.0,0.0,0.0,0.0,0.0,0
RSV,E*rare,"SWAN(w=50,k=1.5)",SWAN,0.0,0.0,0.0,0.0,0.0,0
RSV,E*rare,"SWAN(w=50,k=2.0)",SWAN,0.0,0.0,0.0,0.0,0.0,0
RSV,E*rare,MutClust-Orig(g=10),MutClust-Orig,0.0,0.0,0.0,0.0,0.0,0
RSV,P*E*rare,Wavelet(t=1.0),Wavelet,-0.02655955635231008,0.19531250000000003,0.16025641025641027,0.25,0.907051282051282,156
RSV,P*E*rare,Wavelet(t=1.5),Wavelet,-0.09671284280292097,0.07734806629834254,0.08641975308641975,0.07,0.48913580246913574,81
RSV,P*E*rare,Wavelet(t=2.0),Wavelet,-0.13282824208405797,0.0,0.0,0.0,0.0,43
RSV,P*E*rare,KDE(p=75),KDE,-0.011629489564821684,0.19834710743801653,0.16901408450704225,0.24,0.9566197183098591,142
RSV,P*E*rare,KDE(p=80),KDE,-0.07093575024325925,0.1308411214953271,0.12280701754385964,0.14,0.6950877192982455,114
RSV,P*E*rare,KDE(p=85),KDE,-0.1298996854699351,0.05405405405405405,0.058823529411764705,0.05,0.33294117647058824,85
RSV,P*E*rare,SlidingTest(p=0.01),SlidingTest,-0.08865958990420669,0.0,0.0,0.0,0.0,20
RSV,P*E*rare,SlidingTest(p=0.05),SlidingTest,-0.14420064169659055,0.0,0.0,0.0,0.0,50
RSV,P*E*rare,GradPeak(p=0.2),GradPeak,-0.10846057520141235,0.15699658703071673,0.11917098445595854,0.23,0.6745077720207253,193
RSV,P*E*rare,GradPeak(p=0.5),GradPeak,-0.005989296315691382,0.1708542713567839,0.1717171717171717,0.17,0.9719191919191918,99
RSV,P*E*rare,LocalContrast(z=1.0),LocalContrast,0.24484584226795836,0.35955056179775285,0.41025641025641024,0.32,2.322051282051282,78
RSV,P*E*rare,LocalContrast(z=1.5),LocalContrast,0.040453967009176396,0.0967741935483871,0.25,0.06,1.415,24
RSV,P*E*rare,LocalContrast(z=2.0),LocalContrast,0.02301881870186251,0.037037037037037035,0.25,0.02,1.415,8
RSV,P*E*rare,"CUSUM(d=0.3,h=3.0)",CUSUM,0.08919896664720897,0.28,0.23333333333333334,0.35,1.3206666666666667,150
RSV,P*E*rare,"CUSUM(d=0.5,h=4.0)",CUSUM,0.09413829099326519,0.2346368715083799,0.26582278481012656,0.21,1.5045569620253163,79
RSV,P*E*rare,"CUSUM(d=0.5,h=5.0)",CUSUM,0.08729608002924999,0.22093023255813954,0.2638888888888889,0.19,1.493611111111111,72
RSV,P*E*rare,AdaptiveKnee,AdaptiveKnee,-0.044804776431876,0.058823529411764705,0.1111111111111111,0.04,0.6288888888888888,36
RSV,P*E*rare,ScoreDBSCAN(ep=8),ScoreDBSCAN,0.0,0.0,0.0,0.0,0.0,0
RSV,P*E*rare,ScoreDBSCAN(ep=15),ScoreDBSCAN,0.0,0.0,0.0,0.0,0.0,0
RSV,P*E*rare,Spectral(z=1.5),Spectral,-0.09747943857632865,0.0,0.0,0.0,0.0,24
RSV,P*E*rare,Spectral(z=2.0),Spectral,-0.07901065975089905,0.0,0.0,0.0,0.0,16
RSV,P*E*rare,Bayes(prior=0.1),Bayes,-0.050049923643689986,0.11956521739130435,0.13095238095238096,0.11,0.7411904761904762,84
RSV,P*E*rare,Bayes(prior=0.15),Bayes,-0.04289278272592336,0.13471502590673573,0.13978494623655913,0.13,0.7911827956989246,93
RSV,P*E*rare,Ensemble(v>=2),Ensemble,-0.09093235481793362,0.0,0.0,0.0,0.0,21
RSV,P*E*rare,Ensemble(v>=3),Ensemble,-0.06521641065594959,0.0,0.0,0.0,0.0,11
RSV,P*E*rare,AdaptWin(s=90),AdaptWin,-0.05209733417259831,0.11891891891891891,0.12941176470588237,0.11,0.7324705882352942,85
RSV,P*E*rare,AdaptWin(s=85),AdaptWin,-0.12055748342091802,0.14184397163120568,0.10989010989010989,0.2,0.621978021978022,182
RSV,P*E*rare,FreqThresh(p=80),FreqThresh,-0.07811581938485146,0.16030534351145037,0.12962962962962962,0.21,0.7337037037037036,162
RSV,P*E*rare,FreqThresh(p=85),FreqThresh,-0.06240804846873671,0.12807881773399016,0.1262135922330097,0.13,0.7143689320388349,103
RSV,P*E*rare,FreqThresh(p=90),FreqThresh,-0.004496912573888229,0.13414634146341464,0.171875,0.11,0.9728125,64
RSV,P*E*rare,FreqThresh(p=95),FreqThresh,-0.09093235481793362,0.0,0.0,0.0,0.0,21
RSV,P*E*rare,"SWAN(w=10,k=1.0)",SWAN,-0.15044194551373324,0.0,0.0,0.0,0.0,54
RSV,P*E*rare,"SWAN(w=10,k=1.5)",SWAN,-0.11339956857499701,0.0,0.0,0.0,0.0,32
RSV,P*E*rare,"SWAN(w=10,k=2.0)",SWAN,-0.062125464067301316,0.0,0.0,0.0,0.0,10
RSV,P*E*rare,"SWAN(w=20,k=1.0)",SWAN,-0.15951715979834838,0.0,0.0,0.0,0.0,60
RSV,P*E*rare,"SWAN(w=20,k=1.5)",SWAN,0.0,0.0,0.0,0.0,0.0,0
RSV,P*E*rare,"SWAN(w=20,k=2.0)",SWAN,0.0,0.0,0.0,0.0,0.0,0
RSV,P*E*rare,"SWAN(w=50,k=1.0)",SWAN,0.0,0.0,0.0,0.0,0.0,0
RSV,P*E*rare,"SWAN(w=50,k=1.5)",SWAN,0.0,0.0,0.0,0.0,0.0,0
RSV,P*E*rare,"SWAN(w=50,k=2.0)",SWAN,0.0,0.0,0.0,0.0,0.0,0
RSV,P*E*rare,MutClust-Orig(g=10),MutClust-Orig,0.0,0.0,0.0,0.0,0.0,0
RSV,minority_E,Wavelet(t=1.0),Wavelet,0.10027676386401535,0.31770833333333337,0.2147887323943662,0.61,1.2157042253521126,284
RSV,minority_E,Wavelet(t=1.5),Wavelet,0.01726536570703768,0.1951219512195122,0.19047619047619047,0.2,1.078095238095238,105
RSV,minority_E,Wavelet(t=2.0),Wavelet,-0.023609023012922805,0.062015503875969,0.13793103448275862,0.04,0.7806896551724137,29
RSV,minority_E,KDE(p=75),KDE,-0.24671131433943144,0.01652892561983471,0.014084507042253521,0.02,0.07971830985915493,142
RSV,minority_E,KDE(p=80),KDE,-0.2326431394629331,0.0,0.0,0.0,0.0,114
RSV,minority_E,KDE(p=85),KDE,-0.19473497821771577,0.0,0.0,0.0,0.0,85
RSV,minority_E,SlidingTest(p=0.01),SlidingTest,-0.13614272431146038,0.0,0.0,0.0,0.0,45
RSV,minority_E,SlidingTest(p=0.05),SlidingTest,-0.14286674401949123,0.04324324324324324,0.047058823529411764,0.04,0.26635294117647057,85
RSV,minority_E,GradPeak(p=0.2),GradPeak,0.04541736860244348,0.29126213592233013,0.19230769230769232,0.6,1.0884615384615386,312
RSV,minority_E,GradPeak(p=0.5),GradPeak,0.10192205370556656,0.3154929577464789,0.2196078431372549,0.56,1.2429803921568627,255
RSV,minority_E,LocalContrast(z=1.0),LocalContrast,0.12601342300836943,0.3248407643312102,0.2383177570093458,0.51,1.348878504672897,214
RSV,minority_E,LocalContrast(z=1.5),LocalContrast,0.1085825259959083,0.3007518796992481,0.24096385542168675,0.4,1.363855421686747,166
RSV,minority_E,LocalContrast(z=2.0),LocalContrast,0.05467304215093303,0.21649484536082472,0.22340425531914893,0.21,1.264468085106383,94
RSV,minority_E,"CUSUM(d=0.3,h=3.0)",CUSUM,0.045201768631625505,0.26666666666666666,0.2,0.4,1.1320000000000001,200
RSV,minority_E,"CUSUM(d=0.5,h=4.0)",CUSUM,-0.08259063336220636,0.041666666666666664,0.06818181818181818,0.03,0.38590909090909087,44
RSV,minority_E,"CUSUM(d=0.5,h=5.0)",CUSUM,-0.10765120556206939,0.0,0.0,0.0,0.0,29
RSV,minority_E,AdaptiveKnee,AdaptiveKnee,0.0855383470890716,0.31250000000000006,0.20569620253164558,0.65,1.164240506329114,316
RSV,minority_E,ScoreDBSCAN(ep=8),ScoreDBSCAN,-0.0038634068808902702,0.03571428571428571,0.16666666666666666,0.02,0.9433333333333332,12
RSV,minority_E,ScoreDBSCAN(ep=15),ScoreDBSCAN,0.0,0.0,0.0,0.0,0.0,0
RSV,minority_E,Spectral(z=1.5),Spectral,0.05324766835364336,0.1111111111111111,0.2692307692307692,0.07,1.5238461538461536,26
RSV,minority_E,Spectral(z=2.0),Spectral,0.06901082000320484,0.07207207207207207,0.36363636363636365,0.04,2.058181818181818,11
RSV,minority_E,Bayes(prior=0.1),Bayes,0.07424188407935291,0.3073286052009456,0.20123839009287925,0.65,1.1390092879256966,323
RSV,minority_E,Bayes(prior=0.15),Bayes,0.07424188407935291,0.3073286052009456,0.20123839009287925,0.65,1.1390092879256966,323
RSV,minority_E,Ensemble(v>=2),Ensemble,0.11387269457922515,0.2803738317757009,0.2631578947368421,0.3,1.4894736842105263,114
RSV,minority_E,Ensemble(v>=3),Ensemble,0.07290818421519078,0.21468926553672313,0.24675324675324675,0.19,1.3966233766233767,77
RSV,minority_E,AdaptWin(s=90),AdaptWin,0.06259995369763059,0.23300970873786409,0.22641509433962265,0.24,1.2815094339622641,106
RSV,minority_E,AdaptWin(s=85),AdaptWin,0.08639991934745998,0.2916666666666667,0.22340425531914893,0.42,1.264468085106383,188
RSV,minority_E,FreqThresh(p=80),FreqThresh,0.1611893966892961,0.3418181818181818,0.26857142857142857,0.47,1.5201142857142858,175
RSV,minority_E,FreqThresh(p=85),FreqThresh,0.08196288993642385,0.26609442060085836,0.23308270676691728,0.31,1.3192481203007518,133
RSV,minority_E,FreqThresh(p=90),FreqThresh,0.07290818421519078,0.21468926553672313,0.24675324675324675,0.19,1.3966233766233767,77
RSV,minority_E,FreqThresh(p=95),FreqThresh,-0.03847676036341659,0.047244094488188976,0.1111111111111111,0.03,0.6288888888888888,27
RSV,minority_E,"SWAN(w=10,k=1.0)",SWAN,-0.10568051463178309,0.0,0.0,0.0,0.0,28
RSV,minority_E,"SWAN(w=10,k=1.5)",SWAN,0.0,0.0,0.0,0.0,0.0,0
RSV,minority_E,"SWAN(w=10,k=2.0)",SWAN,0.0,0.0,0.0,0.0,0.0,0
RSV,minority_E,"SWAN(w=20,k=1.0)",SWAN,0.0,0.0,0.0,0.0,0.0,0
RSV,minority_E,"SWAN(w=20,k=1.5)",SWAN,0.0,0.0,0.0,0.0,0.0,0
RSV,minority_E,"SWAN(w=20,k=2.0)",SWAN,0.0,0.0,0.0,0.0,0.0,0
RSV,minority_E,"SWAN(w=50,k=1.0)",SWAN,0.0,0.0,0.0,0.0,0.0,0
RSV,minority_E,"SWAN(w=50,k=1.5)",SWAN,0.0,0.0,0.0,0.0,0.0,0
RSV,minority_E,"SWAN(w=50,k=2.0)",SWAN,0.0,0.0,0.0,0.0,0.0,0
RSV,minority_E,MutClust-Orig(g=10),MutClust-Orig,-0.1821188067896253,0.29003021148036257,0.1708185053380783,0.96,0.9668327402135232,562
RSV,P*minority_E,Wavelet(t=1.0),Wavelet,-0.01977778715745895,0.20155038759689922,0.16455696202531644,0.26,0.931392405063291,158
RSV,P*minority_E,Wavelet(t=1.5),Wavelet,-0.0017854903438136488,0.15555555555555556,0.175,0.14,0.9904999999999999,80
RSV,P*minority_E,Wavelet(t=2.0),Wavelet,-0.01628545763012275,0.08633093525179857,0.15384615384615385,0.06,0.8707692307692307,39
RSV,P*minority_E,KDE(p=75),KDE,-0.06505717701359663,0.15702479338842976,0.13380281690140844,0.19,0.7573239436619718,142
RSV,P*minority_E,KDE(p=80),KDE,-0.036284166839043425,0.15887850467289721,0.14912280701754385,0.17,0.8440350877192981,114
RSV,P*minority_E,KDE(p=85),KDE,-0.05209733417259831,0.11891891891891891,0.12941176470588237,0.11,0.7324705882352942,85
RSV,P*minority_E,SlidingTest(p=0.01),SlidingTest,-0.10959362044586181,0.0,0.0,0.0,0.0,30
RSV,P*minority_E,SlidingTest(p=0.05),SlidingTest,-0.1277450748875717,0.0,0.0,0.0,0.0,40
RSV,P*minority_E,GradPeak(p=0.2),GradPeak,-0.15830892150303386,0.12666666666666665,0.095,0.19,0.5377,200
RSV,P*minority_E,GradPeak(p=0.5),GradPeak,-0.1676494840448045,0.09737827715355807,0.07784431137724551,0.13,0.4405988023952096,167
RSV,P*minority_E,LocalContrast(z=1.0),LocalContrast,-0.0029117705301136836,0.19469026548672566,0.1746031746031746,0.22,0.9882539682539682,126
RSV,P*minority_E,LocalContrast(z=1.5),LocalContrast,-0.11789993521677596,0.07253886010362696,0.07526881720430108,0.07,0.4260215053763441,93
RSV,P*minority_E,LocalContrast(z=2.0),LocalContrast,-0.05190758560724519,0.0880503144654088,0.11864406779661017,0.07,0.6715254237288135,59
RSV,P*minority_E,"CUSUM(d=0.3,h=3.0)",CUSUM,0.012018966329988438,0.24675324675324672,0.18269230769230768,0.38,1.0340384615384615,208
RSV,P*minority_E,"CUSUM(d=0.5,h=4.0)",CUSUM,0.022891558646606584,0.19289340101522842,0.1958762886597938,0.19,1.108659793814433,97
RSV,P*minority_E,"CUSUM(d=0.5,h=5.0)",CUSUM,0.02813293776108057,0.18478260869565222,0.20238095238095238,0.17,1.1454761904761905,84
RSV,P*minority_E,AdaptiveKnee,AdaptiveKnee,-0.1527018277812605,0.07207207207207207,0.06557377049180328,0.08,0.3711475409836066,122
RSV,P*minority_E,ScoreDBSCAN(ep=8),ScoreDBSCAN,0.0,0.0,0.0,0.0,0.0,0
RSV,P*minority_E,ScoreDBSCAN(ep=15),ScoreDBSCAN,0.1821188067896253,0.07692307692307693,1.0,0.04,5.66,4
RSV,P*minority_E,Spectral(z=1.5),Spectral,0.02249485240019383,0.09375,0.21428571428571427,0.06,1.2128571428571429,28
RSV,P*minority_E,Spectral(z=2.0),Spectral,0.06073944468350364,0.08620689655172414,0.3125,0.05,1.76875,16
RSV,P*minority_E,Bayes(prior=0.1),Bayes,-0.1318046785138665,0.11673151750972763,0.09554140127388536,0.15,0.5407643312101911,157
RSV,P*minority_E,Bayes(prior=0.15),Bayes,-0.1318046785138665,0.11673151750972763,0.09554140127388536,0.15,0.5407643312101911,157
RSV,P*minority_E,Ensemble(v>=2),Ensemble,-0.07349471216608294,0.08284023668639054,0.10144927536231885,0.07,0.5742028985507247,69
RSV,P*minority_E,Ensemble(v>=3),Ensemble,-0.057970645795547546,0.05673758865248227,0.0975609756097561,0.04,0.5521951219512196,41
RSV,P*minority_E,AdaptWin(s=90),AdaptWin,-0.11619553802926509,0.07291666666666667,0.07608695652173914,0.07,0.4306521739130435,92
RSV,P*minority_E,AdaptWin(s=85),AdaptWin,-0.06462489200926852,0.16535433070866143,0.13636363636363635,0.21,0.7718181818181817,154
RSV,P*minority_E,FreqThresh(p=80),FreqThresh,-0.1380547166084281,0.11494252873563218,0.09316770186335403,0.15,0.5273291925465838,161
RSV,P*minority_E,FreqThresh(p=85),FreqThresh,-0.1557650969792518,0.07142857142857142,0.06451612903225806,0.08,0.3651612903225806,124
RSV,P*minority_E,FreqThresh(p=90),FreqThresh,-0.07349471216608294,0.08284023668639054,0.10144927536231885,0.07,0.5742028985507247,69
RSV,P*minority_E,FreqThresh(p=95),FreqThresh,0.03892951304098431,0.06956521739130435,0.26666666666666666,0.04,1.5093333333333332,15
RSV,P*minority_E,"SWAN(w=10,k=1.0)",SWAN,0.09041565265929177,0.18055555555555558,0.29545454545454547,0.13,1.6722727272727274,44
RSV,P*minority_E,"SWAN(w=10,k=1.5)",SWAN,-0.10367989319483512,0.0,0.0,0.0,0.0,27
RSV,P*minority_E,"SWAN(w=10,k=2.0)",SWAN,-0.09747943857632865,0.0,0.0,0.0,0.0,24
RSV,P*minority_E,"SWAN(w=20,k=1.0)",SWAN,-0.11526578361010993,0.0,0.0,0.0,0.0,33
RSV,P*minority_E,"SWAN(w=20,k=1.5)",SWAN,-0.10568051463178309,0.0,0.0,0.0,0.0,28
RSV,P*minority_E,"SWAN(w=20,k=2.0)",SWAN,-0.09958144259704922,0.0,0.0,0.0,0.0,25
RSV,P*minority_E,"SWAN(w=50,k=1.0)",SWAN,0.0,0.0,0.0,0.0,0.0,0
RSV,P*minority_E,"SWAN(w=50,k=1.5)",SWAN,0.0,0.0,0.0,0.0,0.0,0
RSV,P*minority_E,"SWAN(w=50,k=2.0)",SWAN,0.0,0.0,0.0,0.0,0.0,0
RSV,P*minority_E,MutClust-Orig(g=10),MutClust-Orig,-0.1568649367576387,0.1488095238095238,0.1059322033898305,0.25,0.5995762711864406,236
RSV,P*E,Wavelet(t=1.0),Wavelet,0.0480477644680461,0.2624113475177305,0.2032967032967033,0.37,1.1506593406593406,182
RSV,P*E,Wavelet(t=1.5),Wavelet,0.037042769721384955,0.1764705882352941,0.21428571428571427,0.15,1.2128571428571429,70
RSV,P*E,Wavelet(t=2.0),Wavelet,0.031121880635315066,0.11764705882352941,0.2222222222222222,0.08,1.2577777777777777,36
RSV,P*E,KDE(p=75),KDE,0.009741585414688293,0.21487603305785127,0.18309859154929578,0.26,1.036338028169014,142
RSV,P*E,KDE(p=80),KDE,-0.0016325834348276007,0.18691588785046728,0.17543859649122806,0.2,0.9929824561403507,114
RSV,P*E,KDE(p=85),KDE,-0.02616321707348605,0.14054054054054055,0.15294117647058825,0.13,0.8656470588235294,85
RSV,P*E,SlidingTest(p=0.01),SlidingTest,-0.08865958990420669,0.0,0.0,0.0,0.0,20
RSV,P*E,SlidingTest(p=0.05),SlidingTest,-0.11893065296292686,0.0,0.0,0.0,0.0,35
RSV,P*E,GradPeak(p=0.2),GradPeak,-0.14138532013656344,0.20276497695852536,0.1317365269461078,0.44,0.7456287425149701,334
RSV,P*E,GradPeak(p=0.5),GradPeak,-0.07962816863163433,0.19195046439628485,0.13901345291479822,0.31,0.7868161434977579,223
RSV,P*E,LocalContrast(z=1.0),LocalContrast,0.0008471102846046422,0.11034482758620691,0.17777777777777778,0.08,1.0062222222222221,45
RSV,P*E,LocalContrast(z=1.5),LocalContrast,-0.009400488181161445,0.064,0.16,0.04,0.9056,25
RSV,P*E,LocalContrast(z=2.0),LocalContrast,0.10150467042026119,0.07407407407407407,0.5,0.04,2.83,8
RSV,P*E,"CUSUM(d=0.3,h=3.0)",CUSUM,0.008598657008920907,0.2109704641350211,0.18248175182481752,0.25,1.032846715328467,137
RSV,P*E,"CUSUM(d=0.5,h=4.0)",CUSUM,-0.0192423515196993,0.12941176470588237,0.15714285714285714,0.11,0.8894285714285713,70
RSV,P*E,"CUSUM(d=0.5,h=5.0)",CUSUM,0.0006813484568631163,0.13580246913580246,0.1774193548387097,0.11,1.0041935483870967,62
RSV,P*E,AdaptiveKnee,AdaptiveKnee,-0.07450249076386824,0.05405405405405406,0.08333333333333333,0.04,0.4716666666666666,48
RSV,P*E,ScoreDBSCAN(ep=8),ScoreDBSCAN,0.0,0.0,0.0,0.0,0.0,0
RSV,P*E,ScoreDBSCAN(ep=15),ScoreDBSCAN,0.1821188067896253,0.07692307692307693,1.0,0.04,5.66,4
RSV,P*E,Spectral(z=1.5),Spectral,0.013144750422810497,0.08000000000000002,0.2,0.05,1.1320000000000001,25
RSV,P*E,Spectral(z=2.0),Spectral,0.054184472808188756,0.08547008547008549,0.29411764705882354,0.05,1.6647058823529413,17
RSV,P*E,Bayes(prior=0.1),Bayes,-0.057970645795547546,0.05673758865248227,0.0975609756097561,0.04,0.5521951219512196,41
RSV,P*E,Bayes(prior=0.15),Bayes,-0.06529000476005654,0.05555555555555555,0.09090909090909091,0.04,0.5145454545454545,44
RSV,P*E,Ensemble(v>=2),Ensemble,-0.057970645795547546,0.05673758865248227,0.0975609756097561,0.04,0.5521951219512196,41
RSV,P*E,Ensemble(v>=3),Ensemble,-0.03912822060391049,0.05970149253731344,0.11764705882352941,0.04,0.6658823529411765,34
RSV,P*E,AdaptWin(s=90),AdaptWin,-0.08409419349238162,0.10256410256410256,0.10526315789473684,0.1,0.5957894736842104,95
RSV,P*E,AdaptWin(s=85),AdaptWin,-0.21777677377346402,0.12324929971988796,0.08560311284046693,0.22,0.4845136186770428,257
RSV,P*E,FreqThresh(p=80),FreqThresh,-0.0929354626925944,0.15498154981549814,0.12280701754385964,0.21,0.6950877192982455,171
RSV,P*E,FreqThresh(p=85),FreqThresh,-0.15423587966478466,0.07174887892376683,0.06504065040650407,0.08,0.36813008130081304,123
RSV,P*E,FreqThresh(p=90),FreqThresh,-0.08319167366200456,0.052631578947368425,0.07692307692307693,0.04,0.43538461538461537,52
RSV,P*E,FreqThresh(p=95),FreqThresh,-0.0014922641635838165,0.06504065040650407,0.17391304347826086,0.04,0.9843478260869565,23
RSV,P*E,"SWAN(w=10,k=1.0)",SWAN,0.11636013751522807,0.18840579710144928,0.34210526315789475,0.13,1.9363157894736842,38
RSV,P*E,"SWAN(w=10,k=1.5)",SWAN,-0.08151646351674414,0.0,0.0,0.0,0.0,17
RSV,P*E,"SWAN(w=10,k=2.0)",SWAN,0.0,0.0,0.0,0.0,0.0,0
RSV,P*E,"SWAN(w=20,k=1.0)",SWAN,-0.11150927638392368,0.0,0.0,0.0,0.0,31
RSV,P*E,"SWAN(w=20,k=1.5)",SWAN,-0.08865958990420669,0.0,0.0,0.0,0.0,20
RSV,P*E,"SWAN(w=20,k=2.0)",SWAN,0.0,0.0,0.0,0.0,0.0,0
RSV,P*E,"SWAN(w=50,k=1.0)",SWAN,0.0,0.0,0.0,0.0,0.0,0
RSV,P*E,"SWAN(w=50,k=1.5)",SWAN,0.0,0.0,0.0,0.0,0.0,0
RSV,P*E,"SWAN(w=50,k=2.0)",SWAN,0.0,0.0,0.0,0.0,0.0,0
RSV,P*E,MutClust-Orig(g=10),MutClust-Orig,-0.16062931806621927,0.1602209944751381,0.11068702290076336,0.29,0.6264885496183206,262
RSV,H-score,Wavelet(t=1.0),Wavelet,0.05635651323358151,0.2968369829683698,0.19614147909967847,0.61,1.1101607717041801,311
RSV,H-score,Wavelet(t=1.5),Wavelet,0.16006596199024642,0.2754491017964072,0.34328358208955223,0.23,1.9429850746268655,67
RSV,H-score,Wavelet(t=2.0),Wavelet,-0.07901065975089905,0.0,0.0,0.0,0.0,16
RSV,H-score,KDE(p=75),KDE,-0.1704256515167016,0.07468879668049791,0.06382978723404255,0.09,0.3612765957446808,141
RSV,H-score,KDE(p=80),KDE,-0.13030371113113642,0.08372093023255814,0.0782608695652174,0.09,0.44295652173913047,115
RSV,H-score,KDE(p=85),KDE,-0.07803145127171057,0.0972972972972973,0.10588235294117647,0.09,0.5992941176470588,85
RSV,H-score,SlidingTest(p=0.01),SlidingTest,-0.08427823276012739,0.0625,0.08333333333333333,0.05,0.4716666666666666,60
RSV,H-score,SlidingTest(p=0.05),SlidingTest,-0.03240343347639485,0.15,0.15,0.15,0.849,100
RSV,H-score,GradPeak(p=0.2),GradPeak,-0.07760018336602757,0.22388059701492538,0.1490066225165563,0.45,0.8433774834437087,302
RSV,H-score,GradPeak(p=0.5),GradPeak,-0.08630584042429808,0.20441988950276244,0.14122137404580154,0.37,0.7993129770992367,262
RSV,H-score,LocalContrast(z=1.0),LocalContrast,0.06043315953622379,0.124031007751938,0.27586206896551724,0.08,1.5613793103448275,29
RSV,H-score,LocalContrast(z=1.5),LocalContrast,0.10150467042026119,0.07407407407407407,0.5,0.04,2.83,8
RSV,H-score,LocalContrast(z=2.0),LocalContrast,0.0,0.0,0.0,0.0,0.0,0
RSV,H-score,"CUSUM(d=0.3,h=3.0)",CUSUM,0.21189030888518828,0.37500000000000006,0.3076923076923077,0.48,1.7415384615384615,156
RSV,H-score,"CUSUM(d=0.5,h=4.0)",CUSUM,-0.073773692405298,0.0,0.0,0.0,0.0,14
RSV,H-score,"CUSUM(d=0.5,h=5.0)",CUSUM,-0.05888446028166078,0.0,0.0,0.0,0.0,9
RSV,H-score,AdaptiveKnee,AdaptiveKnee,-0.015703257383413435,0.29754601226993865,0.17572463768115942,0.97,0.9946014492753623,552
RSV,H-score,ScoreDBSCAN(ep=8),ScoreDBSCAN,0.04373313524483742,0.30257186081694404,0.17825311942959002,1.0,1.0089126559714794,561
RSV,H-score,ScoreDBSCAN(ep=15),ScoreDBSCAN,0.04373313524483742,0.30257186081694404,0.17825311942959002,1.0,1.0089126559714794,561
RSV,H-score,Spectral(z=1.5),Spectral,-0.08633565316310968,0.0,0.0,0.0,0.0,19
RSV,H-score,Spectral(z=2.0),Spectral,-0.03381531766469687,0.0,0.0,0.0,0.0,3
RSV,H-score,Bayes(prior=0.1),Bayes,0.0,0.0,0.0,0.0,0.0,0
RSV,H-score,Bayes(prior=0.15),Bayes,-0.004882307062553151,0.2902097902097902,0.17584745762711865,0.83,0.9952966101694916,472
RSV,H-score,Ensemble(v>=2),Ensemble,-0.08319167366200456,0.052631578947368425,0.07692307692307693,0.04,0.43538461538461537,52
RSV,H-score,Ensemble(v>=3),Ensemble,-0.0014922641635838165,0.06504065040650407,0.17391304347826086,0.04,0.9843478260869565,23
RSV,H-score,AdaptWin(s=90),AdaptWin,-0.21935019680896153,0.12290502793296088,0.08527131782945736,0.22,0.48263565891472865,258
RSV,H-score,AdaptWin(s=85),AdaptWin,-0.220720190000389,0.13612565445026178,0.09219858156028368,0.26,0.5218439716312057,282
RSV,H-score,FreqThresh(p=80),FreqThresh,-0.0929354626925944,0.15498154981549814,0.12280701754385964,0.21,0.6950877192982455,171
RSV,H-score,FreqThresh(p=85),FreqThresh,-0.15423587966478466,0.07174887892376683,0.06504065040650407,0.08,0.36813008130081304,123
RSV,H-score,FreqThresh(p=90),FreqThresh,-0.08319167366200456,0.052631578947368425,0.07692307692307693,0.04,0.43538461538461537,52
RSV,H-score,FreqThresh(p=95),FreqThresh,-0.0014922641635838165,0.06504065040650407,0.17391304347826086,0.04,0.9843478260869565,23
RSV,H-score,"SWAN(w=10,k=1.0)",SWAN,0.0,0.0,0.0,0.0,0.0,0
RSV,H-score,"SWAN(w=10,k=1.5)",SWAN,0.0,0.0,0.0,0.0,0.0,0
RSV,H-score,"SWAN(w=10,k=2.0)",SWAN,0.0,0.0,0.0,0.0,0.0,0
RSV,H-score,"SWAN(w=20,k=1.0)",SWAN,0.0,0.0,0.0,0.0,0.0,0
RSV,H-score,"SWAN(w=20,k=1.5)",SWAN,0.0,0.0,0.0,0.0,0.0,0
RSV,H-score,"SWAN(w=20,k=2.0)",SWAN,0.0,0.0,0.0,0.0,0.0,0
RSV,H-score,"SWAN(w=50,k=1.0)",SWAN,0.0,0.0,0.0,0.0,0.0,0
RSV,H-score,"SWAN(w=50,k=1.5)",SWAN,0.0,0.0,0.0,0.0,0.0,0
RSV,H-score,"SWAN(w=50,k=2.0)",SWAN,0.0,0.0,0.0,0.0,0.0,0
RSV,H-score,MutClust-Orig(g=10),MutClust-Orig,0.0,0.3003003003003003,0.17667844522968199,1.0,1.0,566
RSV,E_only,Wavelet(t=1.0),Wavelet,0.10974924084495123,0.32152588555858314,0.2209737827715356,0.59,1.2507116104868914,267
RSV,E_only,Wavelet(t=1.5),Wavelet,-0.001087854253028157,0.12738853503184713,0.17543859649122806,0.1,0.9929824561403507,57
RSV,E_only,Wavelet(t=2.0),Wavelet,-0.09747943857632865,0.0,0.0,0.0,0.0,24
RSV,E_only,KDE(p=75),KDE,-0.17191255191114652,0.0743801652892562,0.06338028169014084,0.09,0.35873239436619714,142
RSV,E_only,KDE(p=80),KDE,-0.12543735963492816,0.08490566037735849,0.08035714285714286,0.09,0.4548214285714286,112
RSV,E_only,KDE(p=85),KDE,-0.07803145127171057,0.0972972972972973,0.10588235294117647,0.09,0.5992941176470588,85
RSV,E_only,SlidingTest(p=0.01),SlidingTest,-0.10367003338132567,0.058823529411764705,0.07142857142857142,0.05,0.40428571428571425,70
RSV,E_only,SlidingTest(p=0.05),SlidingTest,-0.12146032996732321,0.05555555555555556,0.0625,0.05,0.35375,80
RSV,E_only,GradPeak(p=0.2),GradPeak,-0.0513816864922206,0.24886877828054296,0.1608187134502924,0.55,0.9102339181286548,342
RSV,E_only,GradPeak(p=0.5),GradPeak,-0.11095561765059751,0.18888888888888888,0.13076923076923078,0.34,0.7401538461538462,260
RSV,E_only,LocalContrast(z=1.0),LocalContrast,-0.052902602063450585,0.111731843575419,0.12658227848101267,0.1,0.7164556962025317,79
RSV,E_only,LocalContrast(z=1.5),LocalContrast,0.0027100432716910708,0.06557377049180327,0.18181818181818182,0.04,1.029090909090909,22
RSV,E_only,LocalContrast(z=2.0),LocalContrast,0.1821188067896253,0.07692307692307693,1.0,0.04,5.66,4
RSV,E_only,"CUSUM(d=0.3,h=3.0)",CUSUM,0.27706346168873097,0.42599277978339345,0.3333333333333333,0.59,1.8866666666666665,177
RSV,E_only,"CUSUM(d=0.5,h=4.0)",CUSUM,-0.057970645795547546,0.05673758865248227,0.0975609756097561,0.04,0.5521951219512196,41
RSV,E_only,"CUSUM(d=0.5,h=5.0)",CUSUM,-0.06628914488412875,0.0437956204379562,0.08108108108108109,0.03,0.45891891891891895,37
RSV,E_only,AdaptiveKnee,AdaptiveKnee,-0.15880953864241656,0.07079646017699115,0.06349206349206349,0.08,0.35936507936507933,126
RSV,E_only,ScoreDBSCAN(ep=8),ScoreDBSCAN,0.027585603365577284,0.30120481927710846,0.1773049645390071,1.0,1.00354609929078,564
RSV,E_only,ScoreDBSCAN(ep=15),ScoreDBSCAN,0.0,0.0,0.0,0.0,0.0,0
RSV,E_only,Spectral(z=1.5),Spectral,-0.044619568650209454,0.04651162790697674,0.10344827586206896,0.03,0.5855172413793103,29
RSV,E_only,Spectral(z=2.0),Spectral,-0.062125464067301316,0.0,0.0,0.0,0.0,10
RSV,E_only,Bayes(prior=0.1),Bayes,0.0,0.0,0.0,0.0,0.0,0
RSV,E_only,Bayes(prior=0.15),Bayes,-0.18816888809929752,0.028985507246376812,0.028037383177570093,0.03,0.15869158878504672,107
RSV,E_only,Ensemble(v>=2),Ensemble,-0.07159922221672119,0.06493506493506493,0.09259259259259259,0.05,0.524074074074074,54
RSV,E_only,Ensemble(v>=3),Ensemble,-0.026886968216051427,0.061538461538461535,0.13333333333333333,0.04,0.7546666666666666,30
RSV,E_only,AdaptWin(s=90),AdaptWin,-0.19901528924052161,0.12753623188405797,0.08979591836734693,0.22,0.5082448979591836,245
RSV,E_only,AdaptWin(s=85),AdaptWin,-0.220720190000389,0.13612565445026178,0.09219858156028368,0.26,0.5218439716312057,282
RSV,E_only,FreqThresh(p=80),FreqThresh,-0.14646224878155825,0.11721611721611722,0.09248554913294797,0.16,0.5234682080924855,173
RSV,E_only,FreqThresh(p=85),FreqThresh,-0.14437756099431404,0.08658008658008659,0.07633587786259542,0.1,0.43206106870229005,131
RSV,E_only,FreqThresh(p=90),FreqThresh,-0.07159922221672119,0.06493506493506493,0.09259259259259259,0.05,0.524074074074074,54
RSV,E_only,FreqThresh(p=95),FreqThresh,0.03892951304098431,0.06956521739130435,0.26666666666666666,0.04,1.5093333333333332,15
RSV,E_only,"SWAN(w=10,k=1.0)",SWAN,-0.10164753136525165,0.0,0.0,0.0,0.0,26
RSV,E_only,"SWAN(w=10,k=1.5)",SWAN,-0.062125464067301316,0.0,0.0,0.0,0.0,10
RSV,E_only,"SWAN(w=10,k=2.0)",SWAN,0.0,0.0,0.0,0.0,0.0,0
RSV,E_only,"SWAN(w=20,k=1.0)",SWAN,-0.10164753136525165,0.0,0.0,0.0,0.0,26
RSV,E_only,"SWAN(w=20,k=1.5)",SWAN,0.0,0.0,0.0,0.0,0.0,0
RSV,E_only,"SWAN(w=20,k=2.0)",SWAN,0.0,0.0,0.0,0.0,0.0,0
RSV,E_only,"SWAN(w=50,k=1.0)",SWAN,0.0,0.0,0.0,0.0,0.0,0
RSV,E_only,"SWAN(w=50,k=1.5)",SWAN,0.0,0.0,0.0,0.0,0.0,0
RSV,E_only,"SWAN(w=50,k=2.0)",SWAN,0.0,0.0,0.0,0.0,0.0,0
RSV,E_only,MutClust-Orig(g=10),MutClust-Orig,0.0,0.3003003003003003,0.17667844522968199,1.0,1.0,566
RSV,P*E^2,Wavelet(t=1.0),Wavelet,-0.03480733764679924,0.18106995884773663,0.15384615384615385,0.22,0.8707692307692307,143
RSV,P*E^2,Wavelet(t=1.5),Wavelet,0.04066887533627764,0.1899441340782123,0.21518987341772153,0.17,1.2179746835443037,79
RSV,P*E^2,Wavelet(t=2.0),Wavelet,0.07109013417493365,0.15714285714285714,0.275,0.11,1.5565,40
RSV,P*E^2,KDE(p=75),KDE,-0.054371639523841636,0.16528925619834714,0.14084507042253522,0.2,0.7971830985915493,142
RSV,P*E^2,KDE(p=80),KDE,-0.02473363903763815,0.16822429906542055,0.15789473684210525,0.18,0.8936842105263157,114
RSV,P*E^2,KDE(p=85),KDE,0.02570501712473848,0.1837837837837838,0.2,0.17,1.1320000000000001,85
RSV,P*E^2,SlidingTest(p=0.01),SlidingTest,-0.07890659113637435,0.05333333333333334,0.08,0.04,0.4528,50
RSV,P*E^2,SlidingTest(p=0.05),SlidingTest,-0.10959362044586181,0.0,0.0,0.0,0.0,30
RSV,P*E^2,GradPeak(p=0.2),GradPeak,-0.14389108404754608,0.18134715025906736,0.12237762237762238,0.35,0.6926573426573427,286
RSV,P*E^2,GradPeak(p=0.5),GradPeak,-0.16557526504201295,0.11643835616438358,0.08854166666666667,0.17,0.5011458333333333,192
RSV,P*E^2,LocalContrast(z=1.0),LocalContrast,-0.01634987240947593,0.10596026490066224,0.1568627450980392,0.08,0.8878431372549019,51
RSV,P*E^2,LocalContrast(z=1.5),LocalContrast,0.0027100432716910708,0.06557377049180327,0.18181818181818182,0.04,1.029090909090909,22
RSV,P*E^2,LocalContrast(z=2.0),LocalContrast,0.06045095472451835,0.07142857142857142,0.3333333333333333,0.04,1.8866666666666665,12
RSV,P*E^2,"CUSUM(d=0.3,h=3.0)",CUSUM,-0.03631843512560716,0.168141592920354,0.15079365079365079,0.19,0.8534920634920634,126
RSV,P*E^2,"CUSUM(d=0.5,h=4.0)",CUSUM,-0.03518882237498075,0.12429378531073446,0.14285714285714285,0.11,0.8085714285714285,77
RSV,P*E^2,"CUSUM(d=0.5,h=5.0)",CUSUM,-0.01444939975348523,0.13095238095238096,0.16176470588235295,0.11,0.9155882352941177,68
RSV,P*E^2,AdaptiveKnee,AdaptiveKnee,-0.07450249076386824,0.05405405405405406,0.08333333333333333,0.04,0.4716666666666666,48
RSV,P*E^2,ScoreDBSCAN(ep=8),ScoreDBSCAN,0.0,0.0,0.0,0.0,0.0,0
RSV,P*E^2,ScoreDBSCAN(ep=15),ScoreDBSCAN,0.1821188067896253,0.07692307692307693,1.0,0.04,5.66,4
RSV,P*E^2,Spectral(z=1.5),Spectral,0.02667698845570898,0.08196721311475409,0.22727272727272727,0.05,1.2863636363636364,22
RSV,P*E^2,Spectral(z=2.0),Spectral,0.054184472808188756,0.08547008547008549,0.29411764705882354,0.05,1.6647058823529413,17
RSV,P*E^2,Bayes(prior=0.1),Bayes,-0.06529000476005654,0.05555555555555555,0.09090909090909091,0.04,0.5145454545454545,44
RSV,P*E^2,Bayes(prior=0.15),Bayes,-0.08319167366200456,0.052631578947368425,0.07692307692307693,0.04,0.43538461538461537,52
RSV,P*E^2,Ensemble(v>=2),Ensemble,-0.03912822060391049,0.05970149253731344,0.11764705882352941,0.04,0.6658823529411765,34
RSV,P*E^2,Ensemble(v>=3),Ensemble,-0.03912822060391049,0.05970149253731344,0.11764705882352941,0.04,0.6658823529411765,34
RSV,P*E^2,AdaptWin(s=90),AdaptWin,-0.07852848503696037,0.10416666666666666,0.10869565217391304,0.1,0.6152173913043478,92
RSV,P*E^2,AdaptWin(s=85),AdaptWin,-0.14446182749492276,0.13058419243986252,0.09947643979057591,0.19,0.5630366492146597,191
RSV,P*E^2,FreqThresh(p=80),FreqThresh,-0.10141059333787321,0.14814814814814817,0.11764705882352941,0.2,0.6658823529411765,170
RSV,P*E^2,FreqThresh(p=85),FreqThresh,-0.15423587966478466,0.07174887892376683,0.06504065040650407,0.08,0.36813008130081304,123
RSV,P*E^2,FreqThresh(p=90),FreqThresh,-0.08319167366200456,0.052631578947368425,0.07692307692307693,0.04,0.43538461538461537,52
RSV,P*E^2,FreqThresh(p=95),FreqThresh,-0.0014922641635838165,0.06504065040650407,0.17391304347826086,0.04,0.9843478260869565,23
RSV,P*E^2,"SWAN(w=10,k=1.0)",SWAN,0.10286947930386378,0.1843971631205674,0.3170731707317073,0.13,1.7946341463414635,41
RSV,P*E^2,"SWAN(w=10,k=1.5)",SWAN,0.11784967318611672,0.16923076923076924,0.36666666666666664,0.11,2.075333333333333,30
RSV,P*E^2,"SWAN(w=10,k=2.0)",SWAN,-0.06817776848629889,0.0,0.0,0.0,0.0,12
RSV,P*E^2,"SWAN(w=20,k=1.0)",SWAN,-0.11339956857499701,0.0,0.0,0.0,0.0,32
RSV,P*E^2,"SWAN(w=20,k=1.5)",SWAN,-0.09747943857632865,0.0,0.0,0.0,0.0,24
RSV,P*E^2,"SWAN(w=20,k=2.0)",SWAN,0.0,0.0,0.0,0.0,0.0,0
RSV,P*E^2,"SWAN(w=50,k=1.0)",SWAN,0.0,0.0,0.0,0.0,0.0,0
RSV,P*E^2,"SWAN(w=50,k=1.5)",SWAN,0.0,0.0,0.0,0.0,0.0,0
RSV,P*E^2,"SWAN(w=50,k=2.0)",SWAN,0.0,0.0,0.0,0.0,0.0,0
RSV,P*E^2,MutClust-Orig(g=10),MutClust-Orig,-0.18366067426612018,0.15706806282722513,0.10638297872340426,0.3,0.6021276595744681,282
RSV,rank(P*E),Wavelet(t=1.0),Wavelet,0.10369063119873033,0.3224299065420561,0.21036585365853658,0.69,1.190670731707317,328
RSV,rank(P*E),Wavelet(t=1.5),Wavelet,0.184107753344314,0.33170731707317075,0.3238095238095238,0.34,1.8327619047619048,105
RSV,rank(P*E),Wavelet(t=2.0),Wavelet,-0.03908128901064921,0.0,0.0,0.0,0.0,4
RSV,rank(P*E),KDE(p=75),KDE,-0.17191255191114652,0.0743801652892562,0.06338028169014084,0.09,0.35873239436619714,142
RSV,rank(P*E),KDE(p=80),KDE,-0.1286883892502856,0.08411214953271028,0.07894736842105263,0.09,0.4468421052631579,114
RSV,rank(P*E),KDE(p=85),KDE,-0.07803145127171057,0.0972972972972973,0.10588235294117647,0.09,0.5992941176470588,85
RSV,rank(P*E),SlidingTest(p=0.01),SlidingTest,-0.0625830784963203,0.06666666666666667,0.1,0.05,0.5660000000000001,50
RSV,rank(P*E),SlidingTest(p=0.05),SlidingTest,-0.09421012166504478,0.060606060606060615,0.07692307692307693,0.05,0.43538461538461537,65
RSV,rank(P*E),GradPeak(p=0.2),GradPeak,0.0015500081126582097,0.2755555555555555,0.17714285714285713,0.62,1.0026285714285714,350
RSV,rank(P*E),GradPeak(p=0.5),GradPeak,-0.008710234914068117,0.2546419098143236,0.17328519855595667,0.48,0.9807942238267148,277
RSV,rank(P*E),LocalContrast(z=1.0),LocalContrast,-0.024402116907380336,0.22839506172839508,0.16517857142857142,0.37,0.9349107142857143,224
RSV,rank(P*E),LocalContrast(z=1.5),LocalContrast,-0.062085297614498255,0.11578947368421053,0.12222222222222222,0.11,0.6917777777777777,90
RSV,rank(P*E),LocalContrast(z=2.0),LocalContrast,-0.06817776848629889,0.0,0.0,0.0,0.0,12
RSV,rank(P*E),"CUSUM(d=0.3,h=3.0)",CUSUM,0.1651355023009606,0.3538083538083538,0.23452768729641693,0.72,1.3274267100977197,307
RSV,rank(P*E),"CUSUM(d=0.5,h=4.0)",CUSUM,0.08729793531904355,0.24083769633507854,0.25274725274725274,0.23,1.4305494505494505,91
RSV,rank(P*E),"CUSUM(d=0.5,h=5.0)",CUSUM,-0.06045359134438344,0.056338028169014086,0.09523809523809523,0.04,0.539047619047619,42
RSV,rank(P*E),AdaptiveKnee,AdaptiveKnee,0.0,0.0,0.0,0.0,0.0,0
RSV,rank(P*E),ScoreDBSCAN(ep=8),ScoreDBSCAN,-0.05546703301653617,0.0,0.0,0.0,0.0,8
RSV,rank(P*E),ScoreDBSCAN(ep=15),ScoreDBSCAN,0.0,0.0,0.0,0.0,0.0,0
RSV,rank(P*E),Spectral(z=1.5),Spectral,-0.021256901912326837,0.04918032786885246,0.13636363636363635,0.03,0.7718181818181817,22
RSV,rank(P*E),Spectral(z=2.0),Spectral,-0.051838229218324566,0.0,0.0,0.0,0.0,7
RSV,rank(P*E),Bayes(prior=0.1),Bayes,-0.2301425857689654,0.1577726218097448,0.1027190332326284,0.34,0.5813897280966768,331
RSV,rank(P*E),Bayes(prior=0.15),Bayes,-0.24262015083078353,0.16593886462882096,0.10614525139664804,0.38,0.6007821229050279,358
RSV,rank(P*E),Ensemble(v>=2),Ensemble,-0.08319167366200456,0.052631578947368425,0.07692307692307693,0.04,0.43538461538461537,52
RSV,rank(P*E),Ensemble(v>=3),Ensemble,-0.02023026994379848,0.0625,0.14285714285714285,0.04,0.8085714285714285,28
RSV,rank(P*E),AdaptWin(s=90),AdaptWin,-0.09913125446807045,0.140625,0.11538461538461539,0.18,0.6530769230769231,156
RSV,rank(P*E),AdaptWin(s=85),AdaptWin,-0.1459905590646455,0.14860681114551086,0.10762331838565023,0.24,0.6091479820627803,223
RSV,rank(P*E),FreqThresh(p=80),FreqThresh,-0.0929354626925944,0.15498154981549814,0.12280701754385964,0.21,0.6950877192982455,171
RSV,rank(P*E),FreqThresh(p=85),FreqThresh,-0.15423587966478466,0.07174887892376683,0.06504065040650407,0.08,0.36813008130081304,123
RSV,rank(P*E),FreqThresh(p=90),FreqThresh,-0.08319167366200456,0.052631578947368425,0.07692307692307693,0.04,0.43538461538461537,52
RSV,rank(P*E),FreqThresh(p=95),FreqThresh,-0.0014922641635838165,0.06504065040650407,0.17391304347826086,0.04,0.9843478260869565,23
RSV,rank(P*E),"SWAN(w=10,k=1.0)",SWAN,-0.10164753136525165,0.0,0.0,0.0,0.0,26
RSV,rank(P*E),"SWAN(w=10,k=1.5)",SWAN,0.0,0.0,0.0,0.0,0.0,0
RSV,rank(P*E),"SWAN(w=10,k=2.0)",SWAN,0.0,0.0,0.0,0.0,0.0,0
RSV,rank(P*E),"SWAN(w=20,k=1.0)",SWAN,-0.09747943857632865,0.0,0.0,0.0,0.0,24
RSV,rank(P*E),"SWAN(w=20,k=1.5)",SWAN,0.0,0.0,0.0,0.0,0.0,0
RSV,rank(P*E),"SWAN(w=20,k=2.0)",SWAN,0.0,0.0,0.0,0.0,0.0,0
RSV,rank(P*E),"SWAN(w=50,k=1.0)",SWAN,0.0,0.0,0.0,0.0,0.0,0
RSV,rank(P*E),"SWAN(w=50,k=1.5)",SWAN,0.0,0.0,0.0,0.0,0.0,0
RSV,rank(P*E),"SWAN(w=50,k=2.0)",SWAN,0.0,0.0,0.0,0.0,0.0,0
RSV,rank(P*E),MutClust-Orig(g=10),MutClust-Orig,0.027585603365577284,0.30120481927710846,0.1773049645390071,1.0,1.00354609929078,564
Influenza_B,E*rare,Wavelet(t=1.0),Wavelet,0.3001292588508184,0.32950191570881227,0.20574162679425836,0.8269230769230769,2.2156790577843206,209
Influenza_B,E*rare,Wavelet(t=1.5),Wavelet,0.30393349879691717,0.3680981595092025,0.2702702702702703,0.5769230769230769,2.9106029106029108,111
Influenza_B,E*rare,Wavelet(t=2.0),Wavelet,0.25369518266942104,0.32,0.3333333333333333,0.3076923076923077,3.5897435897435894,48
Influenza_B,E*rare,KDE(p=75),KDE,0.014209075961972871,0.14583333333333334,0.1,0.2692307692307692,1.0769230769230769,140
Influenza_B,E*rare,KDE(p=80),KDE,0.024610841494742637,0.14634146341463414,0.10714285714285714,0.23076923076923078,1.1538461538461537,112
Influenza_B,E*rare,KDE(p=85),KDE,0.03790827831588407,0.14705882352941174,0.11904761904761904,0.19230769230769232,1.282051282051282,84
Influenza_B,E*rare,SlidingTest(p=0.01),SlidingTest,-0.017136790394008082,0.11627906976744184,0.08333333333333333,0.19230769230769232,0.8974358974358974,120
Influenza_B,E*rare,SlidingTest(p=0.05),SlidingTest,-0.08650478162799048,0.10108303249097471,0.06222222222222222,0.2692307692307692,0.67008547008547,225
Influenza_B,E*rare,GradPeak(p=0.2),GradPeak,0.021760434797554153,0.16613418530351437,0.09961685823754789,0.5,1.0727969348659003,261
Influenza_B,E*rare,GradPeak(p=0.5),GradPeak,0.0454476927600518,0.17000000000000004,0.11486486486486487,0.3269230769230769,1.2370062370062371,148
Influenza_B,E*rare,LocalContrast(z=1.0),LocalContrast,-0.06562891065264703,0.03703703703703704,0.03571428571428571,0.038461538461538464,0.3846153846153846,56
Influenza_B,E*rare,LocalContrast(z=1.5),LocalContrast,0.06518153726707127,0.06666666666666668,0.25,0.038461538461538464,2.692307692307692,8
Influenza_B,E*rare,LocalContrast(z=2.0),LocalContrast,-0.02713703629773392,0.0,0.0,0.0,0.0,4
Influenza_B,E*rare,"CUSUM(d=0.3,h=3.0)",CUSUM,0.3356031092955302,0.3677130044843049,0.23976608187134502,0.7884615384615384,2.5820962663067926,171
Influenza_B,E*rare,"CUSUM(d=0.5,h=4.0)",CUSUM,0.36802308788812493,0.3846153846153846,0.5769230769230769,0.28846153846153844,6.213017751479289,26
Influenza_B,E*rare,"CUSUM(d=0.5,h=5.0)",CUSUM,0.2302829475317092,0.23188405797101452,0.47058823529411764,0.15384615384615385,5.067873303167421,17
Influenza_B,E*rare,AdaptiveKnee,AdaptiveKnee,0.06124421900286735,0.08955223880597014,0.2,0.057692307692307696,2.1538461538461537,15
Influenza_B,E*rare,ScoreDBSCAN(ep=8),ScoreDBSCAN,0.0,0.0,0.0,0.0,0.0,0
Influenza_B,E*rare,ScoreDBSCAN(ep=15),ScoreDBSCAN,0.0,0.0,0.0,0.0,0.0,0
Influenza_B,E*rare,Spectral(z=1.5),Spectral,0.13409240773222258,0.17948717948717946,0.2692307692307692,0.1346153846153846,2.8994082840236683,26
Influenza_B,E*rare,Spectral(z=2.0),Spectral,0.092855938901328,0.11764705882352941,0.25,0.07692307692307693,2.692307692307692,16
Influenza_B,E*rare,Bayes(prior=0.1),Bayes,-0.07019613337569126,0.11486486486486486,0.06967213114754098,0.3269230769230769,0.7503152585119798,244
Influenza_B,E*rare,Bayes(prior=0.15),Bayes,-0.06610443428050265,0.125,0.07394366197183098,0.40384615384615385,0.7963163596966414,284
Influenza_B,E*rare,Ensemble(v>=2),Ensemble,0.06518153726707127,0.06666666666666668,0.25,0.038461538461538464,2.692307692307692,8
Influenza_B,E*rare,Ensemble(v>=3),Ensemble,0.0,0.0,0.0,0.0,0.0,0
Influenza_B,E*rare,AdaptWin(s=90),AdaptWin,-0.04068860141960578,0.10891089108910891,0.07333333333333333,0.21153846153846154,0.7897435897435897,150
Influenza_B,E*rare,AdaptWin(s=85),AdaptWin,-0.1457317051953597,0.07407407407407406,0.044897959183673466,0.21153846153846154,0.48351648351648346,245
Influenza_B,E*rare,FreqThresh(p=80),FreqThresh,-0.019802610118525917,0.11494252873563218,0.08196721311475409,0.19230769230769232,0.8827238335435056,122
Influenza_B,E*rare,FreqThresh(p=85),FreqThresh,0.03970390838409764,0.14814814814814814,0.12048192771084337,0.19230769230769232,1.2974976830398517,83
Influenza_B,E*rare,FreqThresh(p=90),FreqThresh,0.12505350108685326,0.20202020202020202,0.2127659574468085,0.19230769230769232,2.2913256955810146,47
Influenza_B,E*rare,FreqThresh(p=95),FreqThresh,0.06518153726707127,0.06666666666666668,0.25,0.038461538461538464,2.692307692307692,8
Influenza_B,E*rare,"SWAN(w=10,k=1.0)",SWAN,0.0,0.0,0.0,0.0,0.0,0
Influenza_B,E*rare,"SWAN(w=10,k=1.5)",SWAN,0.0,0.0,0.0,0.0,0.0,0
Influenza_B,E*rare,"SWAN(w=10,k=2.0)",SWAN,0.0,0.0,0.0,0.0,0.0,0
Influenza_B,E*rare,"SWAN(w=20,k=1.0)",SWAN,0.0,0.0,0.0,0.0,0.0,0
Influenza_B,E*rare,"SWAN(w=20,k=1.5)",SWAN,0.0,0.0,0.0,0.0,0.0,0
Influenza_B,E*rare,"SWAN(w=20,k=2.0)",SWAN,0.0,0.0,0.0,0.0,0.0,0
Influenza_B,E*rare,"SWAN(w=50,k=1.0)",SWAN,0.0,0.0,0.0,0.0,0.0,0
Influenza_B,E*rare,"SWAN(w=50,k=1.5)",SWAN,0.0,0.0,0.0,0.0,0.0,0
Influenza_B,E*rare,"SWAN(w=50,k=2.0)",SWAN,0.0,0.0,0.0,0.0,0.0,0
Influenza_B,E*rare,MutClust-Orig(g=10),MutClust-Orig,0.20733768480530826,0.25882352941176473,0.3333333333333333,0.21153846153846154,3.5897435897435894,33
Influenza_B,P*E*rare,Wavelet(t=1.0),Wavelet,0.2624774923876242,0.3222748815165877,0.2138364779874214,0.6538461538461539,2.3028543783260766,159
Influenza_B,P*E*rare,Wavelet(t=1.5),Wavelet,0.17575656310091706,0.2647058823529412,0.21428571428571427,0.34615384615384615,2.3076923076923075,84
Influenza_B,P*E*rare,Wavelet(t=2.0),Wavelet,0.20973809656333323,0.27999999999999997,0.2916666666666667,0.2692307692307692,3.141025641025641,48
Influenza_B,P*E*rare,KDE(p=75),KDE,0.1989270634676202,0.28125000000000006,0.19285714285714287,0.5192307692307693,2.076923076923077,140
Influenza_B,P*E*rare,KDE(p=80),KDE,0.16304682490266997,0.25609756097560976,0.1875,0.40384615384615385,2.019230769230769,112
Influenza_B,P*E*rare,KDE(p=85),KDE,0.022387562048354123,0.1333333333333333,0.10843373493975904,0.17307692307692307,1.1677479147358665,83
Influenza_B,P*E*rare,SlidingTest(p=0.01),SlidingTest,-0.043140827472236354,0.0,0.0,0.0,0.0,10
Influenza_B,P*E*rare,SlidingTest(p=0.05),SlidingTest,0.04521300285197603,0.15151515151515152,0.125,0.19230769230769232,1.346153846153846,80
Influenza_B,P*E*rare,GradPeak(p=0.2),GradPeak,-0.0809875337385106,0.10294117647058822,0.06363636363636363,0.2692307692307692,0.6853146853146852,220
Influenza_B,P*E*rare,GradPeak(p=0.5),GradPeak,-0.002860102128874951,0.13658536585365852,0.0915032679738562,0.2692307692307692,0.9854198089492207,153
Influenza_B,P*E*rare,LocalContrast(z=1.0),LocalContrast,-0.025749773977673154,0.04761904761904762,0.0625,0.038461538461538464,0.673076923076923,32
Influenza_B,P*E*rare,LocalContrast(z=1.5),LocalContrast,0.0,0.0,0.0,0.0,0.0,0
Influenza_B,P*E*rare,LocalContrast(z=2.0),LocalContrast,0.0,0.0,0.0,0.0,0.0,0
Influenza_B,P*E*rare,"CUSUM(d=0.3,h=3.0)",CUSUM,0.3711796102297608,0.43243243243243246,0.4067796610169492,0.46153846153846156,4.380704041720991,59
Influenza_B,P*E*rare,"CUSUM(d=0.5,h=4.0)",CUSUM,0.20890622771947284,0.25,0.35714285714285715,0.19230769230769232,3.8461538461538463,28
Influenza_B,P*E*rare,"CUSUM(d=0.5,h=5.0)",CUSUM,0.15080735203792456,0.18666666666666668,0.30434782608695654,0.1346153846153846,3.277591973244147,23
Influenza_B,P*E*rare,AdaptiveKnee,AdaptiveKnee,0.06518153726707127,0.06666666666666668,0.25,0.038461538461538464,2.692307692307692,8
Influenza_B,P*E*rare,ScoreDBSCAN(ep=8),ScoreDBSCAN,0.0,0.0,0.0,0.0,0.0,0
Influenza_B,P*E*rare,ScoreDBSCAN(ep=15),ScoreDBSCAN,0.0,0.0,0.0,0.0,0.0,0
Influenza_B,P*E*rare,Spectral(z=1.5),Spectral,0.10419989038780106,0.1388888888888889,0.25,0.09615384615384616,2.692307692307692,20
Influenza_B,P*E*rare,Spectral(z=2.0),Spectral,0.07597931396419896,0.11267605633802817,0.21052631578947367,0.07692307692307693,2.267206477732793,19
Influenza_B,P*E*rare,Bayes(prior=0.1),Bayes,-0.09641331052460757,0.0979020979020979,0.05982905982905983,0.2692307692307692,0.6443129520052597,234
Influenza_B,P*E*rare,Bayes(prior=0.15),Bayes,-0.1340764824768259,0.08750000000000001,0.05223880597014925,0.2692307692307692,0.5625717566016073,268
Influenza_B,P*E*rare,Ensemble(v>=2),Ensemble,0.0,0.0,0.0,0.0,0.0,0
Influenza_B,P*E*rare,Ensemble(v>=3),Ensemble,0.0,0.0,0.0,0.0,0.0,0
Influenza_B,P*E*rare,AdaptWin(s=90),AdaptWin,-0.1321824555953939,0.023952095808383235,0.017391304347826087,0.038461538461538464,0.18729096989966554,115
Influenza_B,P*E*rare,AdaptWin(s=85),AdaptWin,-0.19897625230012864,0.030303030303030304,0.018867924528301886,0.07692307692307693,0.2031930333817126,212
Influenza_B,P*E*rare,FreqThresh(p=80),FreqThresh,-0.11807548964725156,0.0261437908496732,0.019801980198019802,0.038461538461538464,0.21325209444021326,101
Influenza_B,P*E*rare,FreqThresh(p=85),FreqThresh,-0.08249855390242626,0.033057851239669415,0.028985507246376812,0.038461538461538464,0.31215161649944256,69
Influenza_B,P*E*rare,FreqThresh(p=90),FreqThresh,-0.02780676420881272,0.047058823529411764,0.06060606060606061,0.038461538461538464,0.6526806526806527,33
Influenza_B,P*E*rare,FreqThresh(p=95),FreqThresh,0.0,0.0,0.0,0.0,0.0,0
Influenza_B,P*E*rare,"SWAN(w=10,k=1.0)",SWAN,0.0,0.0,0.0,0.0,0.0,0
Influenza_B,P*E*rare,"SWAN(w=10,k=1.5)",SWAN,0.0,0.0,0.0,0.0,0.0,0
Influenza_B,P*E*rare,"SWAN(w=10,k=2.0)",SWAN,0.0,0.0,0.0,0.0,0.0,0
Influenza_B,P*E*rare,"SWAN(w=20,k=1.0)",SWAN,0.0,0.0,0.0,0.0,0.0,0
Influenza_B,P*E*rare,"SWAN(w=20,k=1.5)",SWAN,0.0,0.0,0.0,0.0,0.0,0
Influenza_B,P*E*rare,"SWAN(w=20,k=2.0)",SWAN,0.0,0.0,0.0,0.0,0.0,0
Influenza_B,P*E*rare,"SWAN(w=50,k=1.0)",SWAN,0.0,0.0,0.0,0.0,0.0,0
Influenza_B,P*E*rare,"SWAN(w=50,k=1.5)",SWAN,0.0,0.0,0.0,0.0,0.0,0
Influenza_B,P*E*rare,"SWAN(w=50,k=2.0)",SWAN,0.0,0.0,0.0,0.0,0.0,0
Influenza_B,P*E*rare,MutClust-Orig(g=10),MutClust-Orig,0.1374592470953245,0.14925373134328357,0.3333333333333333,0.09615384615384616,3.5897435897435894,15
Influenza_B,minority_E,Wavelet(t=1.0),Wavelet,0.1622599014763382,0.23636363636363633,0.14028776978417265,0.75,1.5107913669064745,278
Influenza_B,minority_E,Wavelet(t=1.5),Wavelet,-0.021276210225823464,0.09929078014184396,0.07865168539325842,0.1346153846153846,0.8470181503889369,89
Influenza_B,minority_E,Wavelet(t=2.0),Wavelet,0.18522176477071015,0.18181818181818182,0.42857142857142855,0.11538461538461539,4.615384615384615,14
Influenza_B,minority_E,KDE(p=75),KDE,0.35522689904932175,0.39583333333333326,0.2714285714285714,0.7307692307692307,2.923076923076923,140
Influenza_B,minority_E,KDE(p=80),KDE,0.3322463601790256,0.3902439024390244,0.2857142857142857,0.6153846153846154,3.0769230769230766,112
Influenza_B,minority_E,KDE(p=85),KDE,0.24468070549343357,0.3235294117647059,0.2619047619047619,0.4230769230769231,2.8205128205128207,84
Influenza_B,minority_E,SlidingTest(p=0.01),SlidingTest,0.33057791244144097,0.3756345177664975,0.25517241379310346,0.7115384615384616,2.7480106100795756,145
Influenza_B,minority_E,SlidingTest(p=0.05),SlidingTest,0.3622060411320969,0.36641221374045796,0.22857142857142856,0.9230769230769231,2.4615384615384612,210
Influenza_B,minority_E,GradPeak(p=0.2),GradPeak,0.0914925879172169,0.2005730659025788,0.11784511784511785,0.6730769230769231,1.269101269101269,297
Influenza_B,minority_E,GradPeak(p=0.5),GradPeak,0.11090249781589669,0.21698113207547168,0.14375,0.4423076923076923,1.548076923076923,160
Influenza_B,minority_E,LocalContrast(z=1.0),LocalContrast,0.11617708811780819,0.21794871794871795,0.16346153846153846,0.3269230769230769,1.7603550295857988,104
Influenza_B,minority_E,LocalContrast(z=1.5),LocalContrast,0.06124421900286735,0.08955223880597014,0.2,0.057692307692307696,2.1538461538461537,15
Influenza_B,minority_E,LocalContrast(z=2.0),LocalContrast,-0.02713703629773392,0.0,0.0,0.0,0.0,4
Influenza_B,minority_E,"CUSUM(d=0.3,h=3.0)",CUSUM,0.09907347716560219,0.1847246891651865,0.10176125244618395,1.0,1.095890410958904,511
Influenza_B,minority_E,"CUSUM(d=0.5,h=4.0)",CUSUM,0.37078604572041957,0.3573883161512028,0.2175732217573222,1.0,2.3430962343096233,239
Influenza_B,minority_E,"CUSUM(d=0.5,h=5.0)",CUSUM,0.41147296070066053,0.3954372623574145,0.24644549763033174,1.0,2.654028436018957,211
Influenza_B,minority_E,AdaptiveKnee,AdaptiveKnee,0.035996167996546,0.171900826446281,0.09403254972875226,1.0,1.0126582278481013,553
Influenza_B,minority_E,ScoreDBSCAN(ep=8),ScoreDBSCAN,0.0,0.0,0.0,0.0,0.0,0
Influenza_B,minority_E,ScoreDBSCAN(ep=15),ScoreDBSCAN,0.0,0.0,0.0,0.0,0.0,0
Influenza_B,minority_E,Spectral(z=1.5),Spectral,0.1253238562716908,0.16216216216216214,0.2727272727272727,0.11538461538461539,2.9370629370629366,22
Influenza_B,minority_E,Spectral(z=2.0),Spectral,0.22938404880254648,0.1090909090909091,1.0,0.057692307692307696,10.769230769230768,3
Influenza_B,minority_E,Bayes(prior=0.1),Bayes,0.26127284895679415,0.3296703296703296,0.23076923076923078,0.5769230769230769,2.4852071005917162,130
Influenza_B,minority_E,Bayes(prior=0.15),Bayes,0.2271185611594378,0.29464285714285715,0.19186046511627908,0.6346153846153846,2.066189624329159,172
Influenza_B,minority_E,Ensemble(v>=2),Ensemble,0.23549832968574064,0.31496062992125984,0.26666666666666666,0.38461538461538464,2.871794871794872,75
Influenza_B,minority_E,Ensemble(v>=3),Ensemble,0.2792808137427298,0.3508771929824561,0.3225806451612903,0.38461538461538464,3.4739454094292803,62
Influenza_B,minority_E,AdaptWin(s=90),AdaptWin,0.28450312491028695,0.31939163498098855,0.1990521327014218,0.8076923076923077,2.143638352169158,211
Influenza_B,minority_E,AdaptWin(s=85),AdaptWin,0.2700684798240196,0.27440633245382584,0.15902140672782875,1.0,1.7125382262996942,327
Influenza_B,minority_E,FreqThresh(p=80),FreqThresh,0.26127284895679415,0.3296703296703296,0.23076923076923078,0.5769230769230769,2.4852071005917162,130
Influenza_B,minority_E,FreqThresh(p=85),FreqThresh,0.2843320882902694,0.3561643835616438,0.2765957446808511,0.5,2.978723404255319,94
Influenza_B,minority_E,FreqThresh(p=90),FreqThresh,0.23549832968574064,0.31496062992125984,0.26666666666666666,0.38461538461538464,2.871794871794872,75
Influenza_B,minority_E,FreqThresh(p=95),FreqThresh,0.28029908282966154,0.30769230769230776,0.46153846153846156,0.23076923076923078,4.9704142011834325,26
Influenza_B,minority_E,"SWAN(w=10,k=1.0)",SWAN,0.20434068370435565,0.2857142857142857,0.2537313432835821,0.3269230769230769,2.7324913892078073,67
Influenza_B,minority_E,"SWAN(w=10,k=1.5)",SWAN,-0.043140827472236354,0.0,0.0,0.0,0.0,10
Influenza_B,minority_E,"SWAN(w=10,k=2.0)",SWAN,0.0,0.0,0.0,0.0,0.0,0
Influenza_B,minority_E,"SWAN(w=20,k=1.0)",SWAN,0.21171611761366105,0.29457364341085274,0.24675324675324675,0.36538461538461536,2.657342657342657,77
Influenza_B,minority_E,"SWAN(w=20,k=1.5)",SWAN,0.0,0.0,0.0,0.0,0.0,0
Influenza_B,minority_E,"SWAN(w=20,k=2.0)",SWAN,0.0,0.0,0.0,0.0,0.0,0
Influenza_B,minority_E,"SWAN(w=50,k=1.0)",SWAN,0.0,0.0,0.0,0.0,0.0,0
Influenza_B,minority_E,"SWAN(w=50,k=1.5)",SWAN,0.0,0.0,0.0,0.0,0.0,0
Influenza_B,minority_E,"SWAN(w=50,k=2.0)",SWAN,0.0,0.0,0.0,0.0,0.0,0
Influenza_B,minority_E,MutClust-Orig(g=10),MutClust-Orig,0.0,0.1699346405228758,0.09285714285714286,1.0,1.0,560
Influenza_B,P*minority_E,Wavelet(t=1.0),Wavelet,0.34019237956292625,0.3465703971119134,0.21333333333333335,0.9230769230769231,2.2974358974358977,225
Influenza_B,P*minority_E,Wavelet(t=1.5),Wavelet,0.44961819502798384,0.4999999999999999,0.4125,0.6346153846153846,4.442307692307692,80
Influenza_B,P*minority_E,Wavelet(t=2.0),Wavelet,0.22228967461278043,0.288659793814433,0.3111111111111111,0.2692307692307692,3.3504273504273505,45
Influenza_B,P*minority_E,KDE(p=75),KDE,-0.028418151923945742,0.11458333333333334,0.07857142857142857,0.21153846153846154,0.8461538461538461,140
Influenza_B,P*minority_E,KDE(p=80),KDE,-0.06767981411054225,0.07317073170731707,0.05357142857142857,0.11538461538461539,0.5769230769230769,112
Influenza_B,P*minority_E,KDE(p=85),KDE,-0.04824689967476155,0.07352941176470587,0.05952380952380952,0.09615384615384616,0.641025641025641,84
Influenza_B,P*minority_E,SlidingTest(p=0.01),SlidingTest,-0.21469321450677428,0.07235142118863049,0.041791044776119404,0.2692307692307692,0.45005740528128585,335
Influenza_B,P*minority_E,SlidingTest(p=0.05),SlidingTest,-0.249476199364584,0.06796116504854369,0.03888888888888889,0.2692307692307692,0.4188034188034188,360
Influenza_B,P*minority_E,GradPeak(p=0.2),GradPeak,-0.09375046026562779,0.1045751633986928,0.06299212598425197,0.3076923076923077,0.6783767413688673,254
Influenza_B,P*minority_E,GradPeak(p=0.5),GradPeak,0.11970639614536568,0.2191780821917808,0.1702127659574468,0.3076923076923077,1.8330605564648117,94
Influenza_B,P*minority_E,LocalContrast(z=1.0),LocalContrast,-0.001679603207243721,0.07058823529411766,0.09090909090909091,0.057692307692307696,0.9790209790209791,33
Influenza_B,P*minority_E,LocalContrast(z=1.5),LocalContrast,0.0,0.0,0.0,0.0,0.0,0
Influenza_B,P*minority_E,LocalContrast(z=2.0),LocalContrast,0.0,0.0,0.0,0.0,0.0,0
Influenza_B,P*minority_E,"CUSUM(d=0.3,h=3.0)",CUSUM,0.02713703629773392,0.17105263157894735,0.09352517985611511,1.0,1.0071942446043165,556
Influenza_B,P*minority_E,"CUSUM(d=0.5,h=4.0)",CUSUM,0.2384698964514406,0.2524271844660194,0.14444444444444443,1.0,1.5555555555555554,360
Influenza_B,P*minority_E,"CUSUM(d=0.5,h=5.0)",CUSUM,0.24782518603775053,0.25870646766169153,0.14857142857142858,1.0,1.6,350
Influenza_B,P*minority_E,AdaptiveKnee,AdaptiveKnee,0.043387488914857136,0.0634920634920635,0.18181818181818182,0.038461538461538464,1.9580419580419581,11
Influenza_B,P*minority_E,ScoreDBSCAN(ep=8),ScoreDBSCAN,0.0,0.0,0.0,0.0,0.0,0
Influenza_B,P*minority_E,ScoreDBSCAN(ep=15),ScoreDBSCAN,0.0,0.0,0.0,0.0,0.0,0
Influenza_B,P*minority_E,Spectral(z=1.5),Spectral,0.1253238562716908,0.16216216216216214,0.2727272727272727,0.11538461538461539,2.9370629370629366,22
Influenza_B,P*minority_E,Spectral(z=2.0),Spectral,0.07325459059790901,0.09230769230769231,0.23076923076923078,0.057692307692307696,2.4852071005917162,13
Influenza_B,P*minority_E,Bayes(prior=0.1),Bayes,-0.21734711048551644,0.07197943444730077,0.04154302670623145,0.2692307692307692,0.4473864414517233,337
Influenza_B,P*minority_E,Bayes(prior=0.15),Bayes,-0.23232017800433963,0.07,0.040229885057471264,0.2692307692307692,0.43324491600353665,348
Influenza_B,P*minority_E,Ensemble(v>=2),Ensemble,-0.02780676420881272,0.047058823529411764,0.06060606060606061,0.038461538461538464,0.6526806526806527,33
Influenza_B,P*minority_E,Ensemble(v>=3),Ensemble,0.06080784495815537,0.03636363636363637,0.3333333333333333,0.019230769230769232,3.5897435897435894,3
Influenza_B,P*minority_E,AdaptWin(s=90),AdaptWin,-0.09823892326209319,0.08298755186721991,0.05291005291005291,0.19230769230769232,0.5698005698005697,189
Influenza_B,P*minority_E,AdaptWin(s=85),AdaptWin,-0.18222884452169025,0.06269592476489028,0.03745318352059925,0.19230769230769232,0.40334197637568425,267
Influenza_B,P*minority_E,FreqThresh(p=80),FreqThresh,-0.06526432874004987,0.07407407407407408,0.05454545454545454,0.11538461538461539,0.5874125874125874,110
Influenza_B,P*minority_E,FreqThresh(p=85),FreqThresh,-0.07367186962320756,0.03508771929824561,0.03225806451612903,0.038461538461538464,0.34739454094292804,62
Influenza_B,P*minority_E,FreqThresh(p=90),FreqThresh,-0.02780676420881272,0.047058823529411764,0.06060606060606061,0.038461538461538464,0.6526806526806527,33
Influenza_B,P*minority_E,FreqThresh(p=95),FreqThresh,0.06080784495815537,0.03636363636363637,0.3333333333333333,0.019230769230769232,3.5897435897435894,3
Influenza_B,P*minority_E,"SWAN(w=10,k=1.0)",SWAN,0.09623723051498878,0.0967741935483871,0.3,0.057692307692307696,3.2307692307692304,10
Influenza_B,P*minority_E,"SWAN(w=10,k=1.5)",SWAN,0.0,0.0,0.0,0.0,0.0,0
Influenza_B,P*minority_E,"SWAN(w=10,k=2.0)",SWAN,0.0,0.0,0.0,0.0,0.0,0
Influenza_B,P*minority_E,"SWAN(w=20,k=1.0)",SWAN,0.0,0.0,0.0,0.0,0.0,0
Influenza_B,P*minority_E,"SWAN(w=20,k=1.5)",SWAN,0.0,0.0,0.0,0.0,0.0,0
Influenza_B,P*minority_E,"SWAN(w=20,k=2.0)",SWAN,0.0,0.0,0.0,0.0,0.0,0
Influenza_B,P*minority_E,"SWAN(w=50,k=1.0)",SWAN,0.0,0.0,0.0,0.0,0.0,0
Influenza_B,P*minority_E,"SWAN(w=50,k=1.5)",SWAN,0.0,0.0,0.0,0.0,0.0,0
Influenza_B,P*minority_E,"SWAN(w=50,k=2.0)",SWAN,0.0,0.0,0.0,0.0,0.0,0
Influenza_B,P*minority_E,MutClust-Orig(g=10),MutClust-Orig,0.081342291375499,0.17993079584775087,0.09885931558935361,1.0,1.064638783269962,526
Influenza_B,P*E,Wavelet(t=1.0),Wavelet,0.3918460247171256,0.37681159420289856,0.23214285714285715,1.0,2.5,224
Influenza_B,P*E,Wavelet(t=1.5),Wavelet,0.3605548499780012,0.41891891891891897,0.3229166666666667,0.5961538461538461,3.4775641025641026,96
Influenza_B,P*E,Wavelet(t=2.0),Wavelet,0.16989489392381693,0.23655913978494625,0.2682926829268293,0.21153846153846154,2.8893058161350846,41
Influenza_B,P*E,KDE(p=75),KDE,-0.11367260769578297,0.05208333333333333,0.03571428571428571,0.09615384615384616,0.3846153846153846,140
Influenza_B,P*E,KDE(p=80),KDE,-0.1138251419131847,0.036585365853658534,0.026785714285714284,0.057692307692307696,0.28846153846153844,112
Influenza_B,P*E,KDE(p=85),KDE,-0.11717104206727805,0.014705882352941176,0.011904761904761904,0.019230769230769232,0.1282051282051282,84
Influenza_B,P*E,SlidingTest(p=0.01),SlidingTest,-0.21469321450677428,0.07235142118863049,0.041791044776119404,0.2692307692307692,0.45005740528128585,335
Influenza_B,P*E,SlidingTest(p=0.05),SlidingTest,-0.2804236750468599,0.06481481481481481,0.03684210526315789,0.2692307692307692,0.39676113360323884,380
Influenza_B,P*E,GradPeak(p=0.2),GradPeak,-0.05778772596079634,0.12162162162162163,0.07377049180327869,0.34615384615384615,0.7944514501891551,244
Influenza_B,P*E,GradPeak(p=0.5),GradPeak,0.015149010848259032,0.13749999999999998,0.10185185185185185,0.21153846153846154,1.0968660968660968,108
Influenza_B,P*E,LocalContrast(z=1.0),LocalContrast,-0.04088982679845213,0.0,0.0,0.0,0.0,9
Influenza_B,P*E,LocalContrast(z=1.5),LocalContrast,0.0,0.0,0.0,0.0,0.0,0
Influenza_B,P*E,LocalContrast(z=2.0),LocalContrast,0.0,0.0,0.0,0.0,0.0,0
Influenza_B,P*E,"CUSUM(d=0.3,h=3.0)",CUSUM,0.02713703629773392,0.17105263157894735,0.09352517985611511,1.0,1.0071942446043165,556
Influenza_B,P*E,"CUSUM(d=0.5,h=4.0)",CUSUM,0.39625388018754704,0.38095238095238093,0.23529411764705882,1.0,2.5339366515837103,221
Influenza_B,P*E,"CUSUM(d=0.5,h=5.0)",CUSUM,0.40189879258164396,0.39080459770114945,0.24401913875598086,0.9807692307692307,2.6278984173721014,209
Influenza_B,P*E,AdaptiveKnee,AdaptiveKnee,0.0,0.0,0.0,0.0,0.0,0
Influenza_B,P*E,ScoreDBSCAN(ep=8),ScoreDBSCAN,0.0,0.0,0.0,0.0,0.0,0
Influenza_B,P*E,ScoreDBSCAN(ep=15),ScoreDBSCAN,0.0,0.0,0.0,0.0,0.0,0
Influenza_B,P*E,Spectral(z=1.5),Spectral,0.04636840267375921,0.10256410256410257,0.15384615384615385,0.07692307692307693,1.6568047337278107,26
Influenza_B,P*E,Spectral(z=2.0),Spectral,0.06124421900286735,0.08955223880597014,0.2,0.057692307692307696,2.1538461538461537,15
Influenza_B,P*E,Bayes(prior=0.1),Bayes,-0.20652330920690248,0.0664819944598338,0.038834951456310676,0.23076923076923078,0.4182225541448842,309
Influenza_B,P*E,Bayes(prior=0.15),Bayes,-0.2365233002690525,0.06947890818858561,0.039886039886039885,0.2692307692307692,0.42954196800350647,351
Influenza_B,P*E,Ensemble(v>=2),Ensemble,-0.00420754726684371,0.05333333333333333,0.08695652173913043,0.038461538461538464,0.9364548494983277,23
Influenza_B,P*E,Ensemble(v>=3),Ensemble,0.0,0.0,0.0,0.0,0.0,0
Influenza_B,P*E,AdaptWin(s=90),AdaptWin,-0.07154096893543217,0.10317460317460318,0.065,0.25,0.7,200
Influenza_B,P*E,AdaptWin(s=85),AdaptWin,-0.16340778789532578,0.07761194029850746,0.045936395759717315,0.25,0.4946996466431095,283
Influenza_B,P*E,FreqThresh(p=80),FreqThresh,-0.11807548964725156,0.0261437908496732,0.019801980198019802,0.038461538461538464,0.21325209444021326,101
Influenza_B,P*E,FreqThresh(p=85),FreqThresh,-0.07878052298627296,0.03389830508474576,0.030303030303030304,0.038461538461538464,0.32634032634032634,66
Influenza_B,P*E,FreqThresh(p=90),FreqThresh,-0.00420754726684371,0.05333333333333333,0.08695652173913043,0.038461538461538464,0.9364548494983277,23
Influenza_B,P*E,FreqThresh(p=95),FreqThresh,0.0,0.0,0.0,0.0,0.0,0
Influenza_B,P*E,"SWAN(w=10,k=1.0)",SWAN,0.0,0.0,0.0,0.0,0.0,0
Influenza_B,P*E,"SWAN(w=10,k=1.5)",SWAN,0.0,0.0,0.0,0.0,0.0,0
Influenza_B,P*E,"SWAN(w=10,k=2.0)",SWAN,0.0,0.0,0.0,0.0,0.0,0
Influenza_B,P*E,"SWAN(w=20,k=1.0)",SWAN,0.0,0.0,0.0,0.0,0.0,0
Influenza_B,P*E,"SWAN(w=20,k=1.5)",SWAN,0.0,0.0,0.0,0.0,0.0,0
Influenza_B,P*E,"SWAN(w=20,k=2.0)",SWAN,0.0,0.0,0.0,0.0,0.0,0
Influenza_B,P*E,"SWAN(w=50,k=1.0)",SWAN,0.0,0.0,0.0,0.0,0.0,0
Influenza_B,P*E,"SWAN(w=50,k=1.5)",SWAN,0.0,0.0,0.0,0.0,0.0,0
Influenza_B,P*E,"SWAN(w=50,k=2.0)",SWAN,0.0,0.0,0.0,0.0,0.0,0
Influenza_B,P*E,MutClust-Orig(g=10),MutClust-Orig,-0.022670520752790732,0.16457960644007158,0.09072978303747535,0.8846153846153846,0.9770899711728115,507
Influenza_B,H-score,Wavelet(t=1.0),Wavelet,0.4370064927117024,0.4383561643835616,0.2874251497005988,0.9230769230769231,3.0953477660064483,167
Influenza_B,H-score,Wavelet(t=1.5),Wavelet,0.5588649041791023,0.5647058823529413,0.4067796610169492,0.9230769230769231,4.380704041720991,118
Influenza_B,H-score,Wavelet(t=2.0),Wavelet,0.5563627487592807,0.5982905982905983,0.5384615384615384,0.6730769230769231,5.798816568047337,65
Influenza_B,H-score,KDE(p=75),KDE,-0.14209075961972872,0.03125000000000001,0.02142857142857143,0.057692307692307696,0.23076923076923075,140
Influenza_B,H-score,KDE(p=80),KDE,-0.15997046971582712,0.0,0.0,0.0,0.0,112
Influenza_B,H-score,KDE(p=85),KDE,-0.13251431427694071,0.0,0.0,0.0,0.0,82
Influenza_B,H-score,SlidingTest(p=0.01),SlidingTest,-0.2804236750468599,0.06481481481481481,0.03684210526315789,0.2692307692307692,0.39676113360323884,380
Influenza_B,H-score,SlidingTest(p=0.05),SlidingTest,-0.2804236750468599,0.06481481481481481,0.03684210526315789,0.2692307692307692,0.39676113360323884,380
Influenza_B,H-score,GradPeak(p=0.2),GradPeak,0.163642435403294,0.2564102564102564,0.19230769230769232,0.38461538461538464,2.0710059171597632,104
Influenza_B,H-score,GradPeak(p=0.5),GradPeak,0.15534720257468881,0.23300970873786409,0.23529411764705882,0.23076923076923078,2.5339366515837103,51
Influenza_B,H-score,LocalContrast(z=1.0),LocalContrast,0.08782950092968596,0.14634146341463417,0.2,0.11538461538461539,2.1538461538461537,30
Influenza_B,H-score,LocalContrast(z=1.5),LocalContrast,-0.043140827472236354,0.0,0.0,0.0,0.0,10
Influenza_B,H-score,LocalContrast(z=2.0),LocalContrast,0.0,0.0,0.0,0.0,0.0,0
Influenza_B,H-score,"CUSUM(d=0.3,h=3.0)",CUSUM,0.023480256964040193,0.17077175697865352,0.0933572710951526,1.0,1.0053859964093357,557
Influenza_B,H-score,"CUSUM(d=0.5,h=4.0)",CUSUM,0.02713703629773392,0.17105263157894735,0.09352517985611511,1.0,1.0071942446043165,556
Influenza_B,H-score,"CUSUM(d=0.5,h=5.0)",CUSUM,0.030367450083012063,0.171334431630972,0.0936936936936937,1.0,1.009009009009009,555
Influenza_B,H-score,AdaptiveKnee,AdaptiveKnee,0.0,0.0,0.0,0.0,0.0,0
Influenza_B,H-score,ScoreDBSCAN(ep=8),ScoreDBSCAN,-0.043140827472236354,0.0,0.0,0.0,0.0,10
Influenza_B,H-score,ScoreDBSCAN(ep=15),ScoreDBSCAN,0.0,0.0,0.0,0.0,0.0,0
Influenza_B,H-score,Spectral(z=1.5),Spectral,0.06639025399099373,0.10958904109589042,0.19047619047619047,0.07692307692307693,2.051282051282051,21
Influenza_B,H-score,Spectral(z=2.0),Spectral,0.08772506882784983,0.09523809523809523,0.2727272727272727,0.057692307692307696,2.9370629370629366,11
Influenza_B,H-score,Bayes(prior=0.1),Bayes,-0.22679840792124936,0.0707070707070707,0.040697674418604654,0.2692307692307692,0.4382826475849732,344
Influenza_B,H-score,Bayes(prior=0.15),Bayes,-0.20670210467178726,0.08312958435207823,0.047619047619047616,0.3269230769230769,0.5128205128205128,357
Influenza_B,H-score,Ensemble(v>=2),Ensemble,-0.00420754726684371,0.05333333333333333,0.08695652173913043,0.038461538461538464,0.9364548494983277,23
Influenza_B,H-score,Ensemble(v>=3),Ensemble,0.0,0.0,0.0,0.0,0.0,0
Influenza_B,H-score,AdaptWin(s=90),AdaptWin,-0.2369258007090493,0.08520179372197309,0.048223350253807105,0.36538461538461536,0.5193283873486919,394
Influenza_B,H-score,AdaptWin(s=85),AdaptWin,-0.2369258007090493,0.08520179372197309,0.048223350253807105,0.36538461538461536,0.5193283873486919,394
Influenza_B,H-score,FreqThresh(p=80),FreqThresh,-0.11807548964725156,0.0261437908496732,0.019801980198019802,0.038461538461538464,0.21325209444021326,101
Influenza_B,H-score,FreqThresh(p=85),FreqThresh,-0.07878052298627296,0.03389830508474576,0.030303030303030304,0.038461538461538464,0.32634032634032634,66
Influenza_B,H-score,FreqThresh(p=90),FreqThresh,-0.00420754726684371,0.05333333333333333,0.08695652173913043,0.038461538461538464,0.9364548494983277,23
Influenza_B,H-score,FreqThresh(p=95),FreqThresh,0.0,0.0,0.0,0.0,0.0,0
Influenza_B,H-score,"SWAN(w=10,k=1.0)",SWAN,0.0,0.0,0.0,0.0,0.0,0
Influenza_B,H-score,"SWAN(w=10,k=1.5)",SWAN,0.0,0.0,0.0,0.0,0.0,0
Influenza_B,H-score,"SWAN(w=10,k=2.0)",SWAN,0.0,0.0,0.0,0.0,0.0,0
Influenza_B,H-score,"SWAN(w=20,k=1.0)",SWAN,0.0,0.0,0.0,0.0,0.0,0
Influenza_B,H-score,"SWAN(w=20,k=1.5)",SWAN,0.0,0.0,0.0,0.0,0.0,0
Influenza_B,H-score,"SWAN(w=20,k=2.0)",SWAN,0.0,0.0,0.0,0.0,0.0,0
Influenza_B,H-score,"SWAN(w=50,k=1.0)",SWAN,0.0,0.0,0.0,0.0,0.0,0
Influenza_B,H-score,"SWAN(w=50,k=1.5)",SWAN,0.0,0.0,0.0,0.0,0.0,0
Influenza_B,H-score,"SWAN(w=50,k=2.0)",SWAN,0.0,0.0,0.0,0.0,0.0,0
Influenza_B,H-score,MutClust-Orig(g=10),MutClust-Orig,0.023480256964040193,0.17077175697865352,0.0933572710951526,1.0,1.0053859964093357,557
Influenza_B,E_only,Wavelet(t=1.0),Wavelet,0.46677306581685607,0.4502164502164503,0.2905027932960894,1.0,3.128491620111732,179
Influenza_B,E_only,Wavelet(t=1.5),Wavelet,0.5886356628792724,0.5962732919254659,0.44036697247706424,0.9230769230769231,4.742413549753,109
Influenza_B,E_only,Wavelet(t=2.0),Wavelet,0.3855698500843013,0.4444444444444445,0.42857142857142855,0.46153846153846156,4.615384615384615,56
Influenza_B,E_only,KDE(p=75),KDE,-0.07104537980986436,0.08333333333333333,0.05714285714285714,0.15384615384615385,0.6153846153846153,140
Influenza_B,E_only,KDE(p=80),KDE,-0.1138251419131847,0.036585365853658534,0.026785714285714284,0.057692307692307696,0.28846153846153844,112
Influenza_B,E_only,KDE(p=85),KDE,-0.11717104206727805,0.014705882352941176,0.011904761904761904,0.019230769230769232,0.1282051282051282,84
Influenza_B,E_only,SlidingTest(p=0.01),SlidingTest,-0.2804236750468599,0.06481481481481481,0.03684210526315789,0.2692307692307692,0.39676113360323884,380
Influenza_B,E_only,SlidingTest(p=0.05),SlidingTest,-0.2804236750468599,0.06481481481481481,0.03684210526315789,0.2692307692307692,0.39676113360323884,380
Influenza_B,E_only,GradPeak(p=0.2),GradPeak,-0.015384139220111689,0.13274336283185842,0.08620689655172414,0.28846153846153844,0.9283819628647215,174
Influenza_B,E_only,GradPeak(p=0.5),GradPeak,0.11336608634273032,0.2,0.1896551724137931,0.21153846153846154,2.042440318302387,58
Influenza_B,E_only,LocalContrast(z=1.0),LocalContrast,0.02021636980768811,0.07792207792207792,0.12,0.057692307692307696,1.2923076923076922,25
Influenza_B,E_only,LocalContrast(z=1.5),LocalContrast,0.0,0.0,0.0,0.0,0.0,0
Influenza_B,E_only,LocalContrast(z=2.0),LocalContrast,0.0,0.0,0.0,0.0,0.0,0
Influenza_B,E_only,"CUSUM(d=0.3,h=3.0)",CUSUM,0.023480256964040193,0.17077175697865352,0.0933572710951526,1.0,1.0053859964093357,557
Influenza_B,E_only,"CUSUM(d=0.5,h=4.0)",CUSUM,0.02713703629773392,0.17105263157894735,0.09352517985611511,1.0,1.0071942446043165,556
Influenza_B,E_only,"CUSUM(d=0.5,h=5.0)",CUSUM,0.030367450083012063,0.171334431630972,0.0936936936936937,1.0,1.009009009009009,555
Influenza_B,E_only,AdaptiveKnee,AdaptiveKnee,0.06518153726707127,0.06666666666666668,0.25,0.038461538461538464,2.692307692307692,8
Influenza_B,E_only,ScoreDBSCAN(ep=8),ScoreDBSCAN,0.0,0.0,0.0,0.0,0.0,0
Influenza_B,E_only,ScoreDBSCAN(ep=15),ScoreDBSCAN,0.0,0.0,0.0,0.0,0.0,0
Influenza_B,E_only,Spectral(z=1.5),Spectral,0.05097475701758635,0.08695652173913045,0.17647058823529413,0.057692307692307696,1.900452488687783,17
Influenza_B,E_only,Spectral(z=2.0),Spectral,-0.043140827472236354,0.0,0.0,0.0,0.0,10
Influenza_B,E_only,Bayes(prior=0.1),Bayes,-0.2164519361361883,0.06504065040650407,0.03785488958990536,0.23076923076923078,0.40766804173744237,317
Influenza_B,E_only,Bayes(prior=0.15),Bayes,-0.2365233002690525,0.06947890818858561,0.039886039886039885,0.2692307692307692,0.42954196800350647,351
Influenza_B,E_only,Ensemble(v>=2),Ensemble,-0.0214694335605899,0.04878048780487805,0.06666666666666667,0.038461538461538464,0.717948717948718,30
Influenza_B,E_only,Ensemble(v>=3),Ensemble,0.0,0.0,0.0,0.0,0.0,0
Influenza_B,E_only,AdaptWin(s=90),AdaptWin,-0.249476199364584,0.06796116504854369,0.03888888888888889,0.2692307692307692,0.4188034188034188,360
Influenza_B,E_only,AdaptWin(s=85),AdaptWin,-0.2853668729215904,0.06436781609195402,0.03655352480417755,0.2692307692307692,0.393653344044989,383
Influenza_B,E_only,FreqThresh(p=80),FreqThresh,-0.1053278658811257,0.03846153846153847,0.028846153846153848,0.057692307692307696,0.31065088757396453,104
Influenza_B,E_only,FreqThresh(p=85),FreqThresh,-0.08126927664800863,0.03333333333333333,0.029411764705882353,0.038461538461538464,0.3167420814479638,68
Influenza_B,E_only,FreqThresh(p=90),FreqThresh,-0.0214694335605899,0.04878048780487805,0.06666666666666667,0.038461538461538464,0.717948717948718,30
Influenza_B,E_only,FreqThresh(p=95),FreqThresh,0.0,0.0,0.0,0.0,0.0,0
Influenza_B,E_only,"SWAN(w=10,k=1.0)",SWAN,0.0,0.0,0.0,0.0,0.0,0
Influenza_B,E_only,"SWAN(w=10,k=1.5)",SWAN,0.0,0.0,0.0,0.0,0.0,0
Influenza_B,E_only,"SWAN(w=10,k=2.0)",SWAN,0.0,0.0,0.0,0.0,0.0,0
Influenza_B,E_only,"SWAN(w=20,k=1.0)",SWAN,0.0,0.0,0.0,0.0,0.0,0
Influenza_B,E_only,"SWAN(w=20,k=1.5)",SWAN,0.0,0.0,0.0,0.0,0.0,0
Influenza_B,E_only,"SWAN(w=20,k=2.0)",SWAN,0.0,0.0,0.0,0.0,0.0,0
Influenza_B,E_only,"SWAN(w=50,k=1.0)",SWAN,0.0,0.0,0.0,0.0,0.0,0
Influenza_B,E_only,"SWAN(w=50,k=1.5)",SWAN,0.0,0.0,0.0,0.0,0.0,0
Influenza_B,E_only,"SWAN(w=50,k=2.0)",SWAN,0.0,0.0,0.0,0.0,0.0,0
Influenza_B,E_only,MutClust-Orig(g=10),MutClust-Orig,0.04528767091112825,0.17304492512479203,0.0947176684881603,1.0,1.0200364298724955,549
Influenza_B,P*E^2,Wavelet(t=1.0),Wavelet,0.35699309610836716,0.36947791164658633,0.233502538071066,0.8846153846153846,2.5146427176884028,197
Influenza_B,P*E^2,Wavelet(t=1.5),Wavelet,0.24152125102306587,0.32061068702290074,0.26582278481012656,0.40384615384615385,2.8627069133398244,79
Influenza_B,P*E^2,Wavelet(t=2.0),Wavelet,0.10583657393104719,0.17582417582417584,0.20512820512820512,0.15384615384615385,2.2090729783037473,39
Influenza_B,P*E^2,KDE(p=75),KDE,-0.07104537980986436,0.08333333333333333,0.05714285714285714,0.15384615384615385,0.6153846153846153,140
Influenza_B,P*E^2,KDE(p=80),KDE,-0.03691626224211395,0.0975609756097561,0.07142857142857142,0.15384615384615385,0.7692307692307692,112
Influenza_B,P*E^2,KDE(p=85),KDE,-0.013784828478503298,0.10294117647058822,0.08333333333333333,0.1346153846153846,0.8974358974358974,84
Influenza_B,P*E^2,SlidingTest(p=0.01),SlidingTest,-0.044826919614233844,0.11059907834101383,0.07272727272727272,0.23076923076923078,0.7832167832167831,165
Influenza_B,P*E^2,SlidingTest(p=0.05),SlidingTest,-0.20170611195398117,0.07427055702917772,0.043076923076923075,0.2692307692307692,0.46390532544378693,325
Influenza_B,P*E^2,GradPeak(p=0.2),GradPeak,-0.10301580072430333,0.0958904109589041,0.058333333333333334,0.2692307692307692,0.6282051282051282,240
Influenza_B,P*E^2,GradPeak(p=0.5),GradPeak,0.0035879757442146155,0.14,0.0945945945945946,0.2692307692307692,1.0187110187110187,148
Influenza_B,P*E^2,LocalContrast(z=1.0),LocalContrast,-0.04088982679845213,0.0,0.0,0.0,0.0,9
Influenza_B,P*E^2,LocalContrast(z=1.5),LocalContrast,0.0,0.0,0.0,0.0,0.0,0
Influenza_B,P*E^2,LocalContrast(z=2.0),LocalContrast,0.0,0.0,0.0,0.0,0.0,0
Influenza_B,P*E^2,"CUSUM(d=0.3,h=3.0)",CUSUM,0.3486475557210121,0.33766233766233766,0.203125,1.0,2.1875,256
Influenza_B,P*E^2,"CUSUM(d=0.5,h=4.0)",CUSUM,0.3195647993216566,0.37362637362637363,0.26153846153846155,0.6538461538461539,2.8165680473372783,130
Influenza_B,P*E^2,"CUSUM(d=0.5,h=5.0)",CUSUM,0.3399945380726403,0.39751552795031053,0.29357798165137616,0.6153846153846154,3.1616090331686664,109
Influenza_B,P*E^2,AdaptiveKnee,AdaptiveKnee,0.14509594688035093,0.07272727272727274,0.6666666666666666,0.038461538461538464,7.179487179487179,3
Influenza_B,P*E^2,ScoreDBSCAN(ep=8),ScoreDBSCAN,0.0,0.0,0.0,0.0,0.0,0
Influenza_B,P*E^2,ScoreDBSCAN(ep=15),ScoreDBSCAN,0.0,0.0,0.0,0.0,0.0,0
Influenza_B,P*E^2,Spectral(z=1.5),Spectral,0.1198043721769709,0.16,0.2608695652173913,0.11538461538461539,2.809364548494983,23
Influenza_B,P*E^2,Spectral(z=2.0),Spectral,0.055924599565572546,0.08823529411764705,0.1875,0.057692307692307696,2.019230769230769,16
Influenza_B,P*E^2,Bayes(prior=0.1),Bayes,-0.21469321450677428,0.07235142118863049,0.041791044776119404,0.2692307692307692,0.45005740528128585,335
Influenza_B,P*E^2,Bayes(prior=0.15),Bayes,-0.2365233002690525,0.06947890818858561,0.039886039886039885,0.2692307692307692,0.42954196800350647,351
Influenza_B,P*E^2,Ensemble(v>=2),Ensemble,0.0,0.0,0.0,0.0,0.0,0
Influenza_B,P*E^2,Ensemble(v>=3),Ensemble,0.0,0.0,0.0,0.0,0.0,0
Influenza_B,P*E^2,AdaptWin(s=90),AdaptWin,-0.10377673345309292,0.07692307692307693,0.04945054945054945,0.17307692307692307,0.5325443786982248,182
Influenza_B,P*E^2,AdaptWin(s=85),AdaptWin,-0.1576892000263005,0.0787878787878788,0.046762589928057555,0.25,0.5035971223021583,278
Influenza_B,P*E^2,FreqThresh(p=80),FreqThresh,-0.11287745626736906,0.02702702702702703,0.020833333333333332,0.038461538461538464,0.22435897435897434,96
Influenza_B,P*E^2,FreqThresh(p=85),FreqThresh,-0.08249855390242626,0.033057851239669415,0.028985507246376812,0.038461538461538464,0.31215161649944256,69
Influenza_B,P*E^2,FreqThresh(p=90),FreqThresh,-0.01456596712723453,0.05063291139240507,0.07407407407407407,0.038461538461538464,0.7977207977207976,27
Influenza_B,P*E^2,FreqThresh(p=95),FreqThresh,0.0,0.0,0.0,0.0,0.0,0
Influenza_B,P*E^2,"SWAN(w=10,k=1.0)",SWAN,0.0,0.0,0.0,0.0,0.0,0
Influenza_B,P*E^2,"SWAN(w=10,k=1.5)",SWAN,0.0,0.0,0.0,0.0,0.0,0
Influenza_B,P*E^2,"SWAN(w=10,k=2.0)",SWAN,0.0,0.0,0.0,0.0,0.0,0
Influenza_B,P*E^2,"SWAN(w=20,k=1.0)",SWAN,0.0,0.0,0.0,0.0,0.0,0
Influenza_B,P*E^2,"SWAN(w=20,k=1.5)",SWAN,0.0,0.0,0.0,0.0,0.0,0
Influenza_B,P*E^2,"SWAN(w=20,k=2.0)",SWAN,0.0,0.0,0.0,0.0,0.0,0
Influenza_B,P*E^2,"SWAN(w=50,k=1.0)",SWAN,0.0,0.0,0.0,0.0,0.0,0
Influenza_B,P*E^2,"SWAN(w=50,k=1.5)",SWAN,0.0,0.0,0.0,0.0,0.0,0
Influenza_B,P*E^2,"SWAN(w=50,k=2.0)",SWAN,0.0,0.0,0.0,0.0,0.0,0
Influenza_B,P*E^2,MutClust-Orig(g=10),MutClust-Orig,-0.06351396208956313,0.16,0.08795411089866156,0.8846153846153846,0.9471981173702014,523
Influenza_B,rank(P*E),Wavelet(t=1.0),Wavelet,0.2216554490735548,0.2598870056497175,0.152317880794702,0.8846153846153846,1.640346408558329,302
Influenza_B,rank(P*E),Wavelet(t=1.5),Wavelet,0.16091833273430228,0.2518518518518518,0.20481927710843373,0.3269230769230769,2.2057460611677477,83
Influenza_B,rank(P*E),Wavelet(t=2.0),Wavelet,0.18630718819139988,0.2380952380952381,0.3125,0.19230769230769232,3.3653846153846154,32
Influenza_B,rank(P*E),KDE(p=75),KDE,-0.0994635317338101,0.06250000000000001,0.04285714285714286,0.11538461538461539,0.4615384615384615,140
Influenza_B,rank(P*E),KDE(p=80),KDE,-0.12920691784739885,0.024390243902439025,0.017857142857142856,0.038461538461538464,0.1923076923076923,112
Influenza_B,rank(P*E),KDE(p=85),KDE,-0.13440207766540715,0.0,0.0,0.0,0.0,84
Influenza_B,rank(P*E),SlidingTest(p=0.01),SlidingTest,-0.249476199364584,0.06796116504854369,0.03888888888888889,0.2692307692307692,0.4188034188034188,360
Influenza_B,rank(P*E),SlidingTest(p=0.05),SlidingTest,-0.2804236750468599,0.06481481481481481,0.03684210526315789,0.2692307692307692,0.39676113360323884,380
Influenza_B,rank(P*E),GradPeak(p=0.2),GradPeak,-0.03751363794020233,0.13333333333333333,0.08064516129032258,0.38461538461538464,0.8684863523573201,248
Influenza_B,rank(P*E),GradPeak(p=0.5),GradPeak,0.005424611118341238,0.1282051282051282,0.09615384615384616,0.19230769230769232,1.0355029585798816,104
Influenza_B,rank(P*E),LocalContrast(z=1.0),LocalContrast,-0.097666606147658,0.04026845637583893,0.030927835051546393,0.057692307692307696,0.3330689928628073,97
Influenza_B,rank(P*E),LocalContrast(z=1.5),LocalContrast,0.004736358653990957,0.05555555555555555,0.1,0.038461538461538464,1.0769230769230769,20
Influenza_B,rank(P*E),LocalContrast(z=2.0),LocalContrast,0.0,0.0,0.0,0.0,0.0,0
Influenza_B,rank(P*E),"CUSUM(d=0.3,h=3.0)",CUSUM,0.023480256964040193,0.17077175697865352,0.0933572710951526,1.0,1.0053859964093357,557
Influenza_B,rank(P*E),"CUSUM(d=0.5,h=4.0)",CUSUM,0.14644184346277853,0.20194174757281552,0.11231101511879049,1.0,1.2095032397408207,463
Influenza_B,rank(P*E),"CUSUM(d=0.5,h=5.0)",CUSUM,0.17150634578622811,0.2135523613963039,0.11954022988505747,1.0,1.2873563218390804,435
Influenza_B,rank(P*E),AdaptiveKnee,AdaptiveKnee,0.0,0.0,0.0,0.0,0.0,0
Influenza_B,rank(P*E),ScoreDBSCAN(ep=8),ScoreDBSCAN,0.0,0.0,0.0,0.0,0.0,0
Influenza_B,rank(P*E),ScoreDBSCAN(ep=15),ScoreDBSCAN,0.0,0.0,0.0,0.0,0.0,0
Influenza_B,rank(P*E),Spectral(z=1.5),Spectral,-0.0677006816885396,0.0,0.0,0.0,0.0,24
Influenza_B,rank(P*E),Spectral(z=2.0),Spectral,-0.033295884665276936,0.0,0.0,0.0,0.0,6
Influenza_B,rank(P*E),Bayes(prior=0.1),Bayes,-0.19343705336232958,0.05660377358490566,0.03383458646616541,0.17307692307692307,0.36437246963562747,266
Influenza_B,rank(P*E),Bayes(prior=0.15),Bayes,-0.18733230805730494,0.06956521739130435,0.040955631399317405,0.23076923076923078,0.4410606458388028,293
Influenza_B,rank(P*E),Ensemble(v>=2),Ensemble,-0.00420754726684371,0.05333333333333333,0.08695652173913043,0.038461538461538464,0.9364548494983277,23
Influenza_B,rank(P*E),Ensemble(v>=3),Ensemble,0.04977787785258041,0.06451612903225806,0.2,0.038461538461538464,2.1538461538461537,10
Influenza_B,rank(P*E),AdaptWin(s=90),AdaptWin,-0.08810535421979106,0.09737827715355805,0.06046511627906977,0.25,0.6511627906976744,215
Influenza_B,rank(P*E),AdaptWin(s=85),AdaptWin,-0.1683686433596586,0.09230769230769231,0.05325443786982249,0.34615384615384615,0.5735093309057806,338
Influenza_B,rank(P*E),FreqThresh(p=80),FreqThresh,-0.11807548964725156,0.0261437908496732,0.019801980198019802,0.038461538461538464,0.21325209444021326,101
Influenza_B,rank(P*E),FreqThresh(p=85),FreqThresh,-0.07878052298627296,0.03389830508474576,0.030303030303030304,0.038461538461538464,0.32634032634032634,66
Influenza_B,rank(P*E),FreqThresh(p=90),FreqThresh,-0.00420754726684371,0.05333333333333333,0.08695652173913043,0.038461538461538464,0.9364548494983277,23
Influenza_B,rank(P*E),FreqThresh(p=95),FreqThresh,0.0,0.0,0.0,0.0,0.0,0
Influenza_B,rank(P*E),"SWAN(w=10,k=1.0)",SWAN,-0.09457415247161931,0.0,0.0,0.0,0.0,45
Influenza_B,rank(P*E),"SWAN(w=10,k=1.5)",SWAN,0.0,0.0,0.0,0.0,0.0,0
Influenza_B,rank(P*E),"SWAN(w=10,k=2.0)",SWAN,0.0,0.0,0.0,0.0,0.0,0
Influenza_B,rank(P*E),"SWAN(w=20,k=1.0)",SWAN,0.0,0.0,0.0,0.0,0.0,0
Influenza_B,rank(P*E),"SWAN(w=20,k=1.5)",SWAN,0.0,0.0,0.0,0.0,0.0,0
Influenza_B,rank(P*E),"SWAN(w=20,k=2.0)",SWAN,0.0,0.0,0.0,0.0,0.0,0
Influenza_B,rank(P*E),"SWAN(w=50,k=1.0)",SWAN,0.0,0.0,0.0,0.0,0.0,0
Influenza_B,rank(P*E),"SWAN(w=50,k=1.5)",SWAN,0.0,0.0,0.0,0.0,0.0,0
Influenza_B,rank(P*E),"SWAN(w=50,k=2.0)",SWAN,0.0,0.0,0.0,0.0,0.0,0
Influenza_B,rank(P*E),MutClust-Orig(g=10),MutClust-Orig,-0.055924599565572546,0.1644295302013423,0.0900735294117647,0.9423076923076923,0.9700226244343891,544
MERS,E*rare,Wavelet(t=1.0),Wavelet,0.04057017543859649,0.16408668730650153,0.09962406015037593,0.4649122807017544,1.162280701754386,532
MERS,E*rare,Wavelet(t=1.5),Wavelet,0.015173296620528489,0.11724137931034481,0.09659090909090909,0.14912280701754385,1.1268939393939394,176
MERS,E*rare,Wavelet(t=2.0),Wavelet,0.08344835524223061,0.13559322033898305,0.19047619047619047,0.10526315789473684,2.222222222222222,63
MERS,E*rare,KDE(p=75),KDE,0.027632443196581407,0.1476510067114094,0.0990990990990991,0.2894736842105263,1.1561561561561562,333
MERS,E*rare,KDE(p=80),KDE,0.021486752129677003,0.13684210526315788,0.09774436090225563,0.22807017543859648,1.1403508771929824,266
MERS,E*rare,KDE(p=85),KDE,0.051525403992954466,0.15286624203821655,0.12,0.21052631578947367,1.4,200
MERS,E*rare,SlidingTest(p=0.01),SlidingTest,0.06003002251876642,0.17341040462427745,0.1111111111111111,0.39473684210526316,1.2962962962962963,405
MERS,E*rare,SlidingTest(p=0.05),SlidingTest,0.003906555211548694,0.14373088685015292,0.08703703703703704,0.41228070175438597,1.0154320987654322,540
MERS,E*rare,GradPeak(p=0.2),GradPeak,-0.06254216472626355,0.10982658959537571,0.0657439446366782,0.3333333333333333,0.7670126874279123,578
MERS,E*rare,GradPeak(p=0.5),GradPeak,-0.1475493970650963,0.025695931477516067,0.0169971671388102,0.05263157894736842,0.198300283286119,353
MERS,E*rare,LocalContrast(z=1.0),LocalContrast,0.01374858420150148,0.11643835616438357,0.09550561797752809,0.14912280701754385,1.1142322097378277,178
MERS,E*rare,LocalContrast(z=1.5),LocalContrast,0.07683682690344101,0.13259668508287292,0.1791044776119403,0.10526315789473684,2.08955223880597,67
MERS,E*rare,LocalContrast(z=2.0),LocalContrast,0.10141076182314689,0.11188811188811187,0.27586206896551724,0.07017543859649122,3.218390804597701,29
MERS,E*rare,"CUSUM(d=0.3,h=3.0)",CUSUM,0.12956477740062602,0.19090098126672617,0.10625620655412116,0.9385964912280702,1.2396557431314135,1007
MERS,E*rare,"CUSUM(d=0.5,h=4.0)",CUSUM,-0.0978568919998215,0.10488676996424315,0.060689655172413794,0.38596491228070173,0.7080459770114943,725
MERS,E*rare,"CUSUM(d=0.5,h=5.0)",CUSUM,-0.10199943990993873,0.10181818181818182,0.05907172995780591,0.3684210526315789,0.6891701828410689,711
MERS,E*rare,AdaptiveKnee,AdaptiveKnee,0.05190491348542642,0.11578947368421053,0.14473684210526316,0.09649122807017543,1.6885964912280702,76
MERS,E*rare,ScoreDBSCAN(ep=8),ScoreDBSCAN,0.0,0.0,0.0,0.0,0.0,0
MERS,E*rare,ScoreDBSCAN(ep=15),ScoreDBSCAN,0.0,0.0,0.0,0.0,0.0,0
MERS,E*rare,Spectral(z=1.5),Spectral,0.01734364837735801,0.07100591715976332,0.10909090909090909,0.05263157894736842,1.2727272727272727,55
MERS,E*rare,Spectral(z=2.0),Spectral,0.04392896850034466,0.06944444444444445,0.16666666666666666,0.043859649122807015,1.9444444444444444,30
MERS,E*rare,Bayes(prior=0.1),Bayes,0.07998291172673008,0.18625954198473282,0.11275415896487985,0.5350877192982456,1.3154651879235983,541
MERS,E*rare,Bayes(prior=0.15),Bayes,0.0710662675419429,0.1802030456852792,0.10534124629080119,0.6228070175438597,1.2289812067260137,674
MERS,E*rare,Ensemble(v>=2),Ensemble,0.007527952369049561,0.09442060085836909,0.09243697478991597,0.09649122807017543,1.0784313725490196,119
MERS,E*rare,Ensemble(v>=3),Ensemble,0.048233210087903364,0.08,0.16666666666666666,0.05263157894736842,1.9444444444444444,36
MERS,E*rare,AdaptWin(s=90),AdaptWin,0.12596752379827209,0.2164179104477612,0.13744075829383887,0.5087719298245614,1.60347551342812,422
MERS,E*rare,AdaptWin(s=85),AdaptWin,0.19968601354766533,0.23085460599334073,0.13214739517153748,0.9122807017543859,1.5417196103346038,787
MERS,E*rare,FreqThresh(p=80),FreqThresh,0.06177441237282138,0.16842105263157894,0.12030075187969924,0.2807017543859649,1.4035087719298245,266
MERS,E*rare,FreqThresh(p=85),FreqThresh,0.05465021217505707,0.15333333333333335,0.12365591397849462,0.20175438596491227,1.4426523297491038,186
MERS,E*rare,FreqThresh(p=90),FreqThresh,0.007527952369049561,0.09442060085836909,0.09243697478991597,0.09649122807017543,1.0784313725490196,119
MERS,E*rare,FreqThresh(p=95),FreqThresh,0.048233210087903364,0.08,0.16666666666666666,0.05263157894736842,1.9444444444444444,36
MERS,E*rare,"SWAN(w=10,k=1.0)",SWAN,0.06228085360555985,0.1346153846153846,0.14893617021276595,0.12280701754385964,1.7375886524822695,94
MERS,E*rare,"SWAN(w=10,k=1.5)",SWAN,-0.0629879074825336,0.0,0.0,0.0,0.0,54
MERS,E*rare,"SWAN(w=10,k=2.0)",SWAN,-0.03158069703999446,0.0,0.0,0.0,0.0,14
MERS,E*rare,"SWAN(w=20,k=1.0)",SWAN,-0.07745966692414834,0.0,0.0,0.0,0.0,80
MERS,E*rare,"SWAN(w=20,k=1.5)",SWAN,-0.06176207566630455,0.0,0.0,0.0,0.0,52
MERS,E*rare,"SWAN(w=20,k=2.0)",SWAN,0.0,0.0,0.0,0.0,0.0,0
MERS,E*rare,"SWAN(w=50,k=1.0)",SWAN,-0.08443846498446095,0.0,0.0,0.0,0.0,94
MERS,E*rare,"SWAN(w=50,k=1.5)",SWAN,0.0,0.0,0.0,0.0,0.0,0
MERS,E*rare,"SWAN(w=50,k=2.0)",SWAN,0.0,0.0,0.0,0.0,0.0,0
MERS,E*rare,MutClust-Orig(g=10),MutClust-Orig,0.07042331133262134,0.17821782178217824,0.1018867924528302,0.7105263157894737,1.1886792452830188,795
MERS,P*E*rare,Wavelet(t=1.0),Wavelet,-0.010363237703812759,0.13051146384479717,0.08167770419426049,0.32456140350877194,0.952906548933039,453
MERS,P*E*rare,Wavelet(t=1.5),Wavelet,-0.01042263968216172,0.10334346504559269,0.07906976744186046,0.14912280701754385,0.9224806201550387,215
MERS,P*E*rare,Wavelet(t=2.0),Wavelet,0.023404467221124242,0.09756097560975609,0.10989010989010989,0.08771929824561403,1.282051282051282,91
MERS,P*E*rare,KDE(p=75),KDE,-0.04056300956421245,0.09843400447427292,0.06606606606606606,0.19298245614035087,0.7707707707707707,333
MERS,P*E*rare,KDE(p=80),KDE,-0.05237395831608769,0.07894736842105263,0.05639097744360902,0.13157894736842105,0.6578947368421052,266
MERS,P*E*rare,KDE(p=85),KDE,-0.12881350998238617,0.0,0.0,0.0,0.0,200
MERS,P*E*rare,SlidingTest(p=0.01),SlidingTest,-0.060515364784490884,0.0,0.0,0.0,0.0,50
MERS,P*E*rare,SlidingTest(p=0.05),SlidingTest,-0.09642365197998375,0.0,0.0,0.0,0.0,120
MERS,P*E*rare,GradPeak(p=0.2),GradPeak,-0.0839372118756714,0.09206349206349207,0.0562015503875969,0.2543859649122807,0.6556847545219638,516
MERS,P*E*rare,GradPeak(p=0.5),GradPeak,-0.13752283283450578,0.03063457330415755,0.02040816326530612,0.06140350877192982,0.23809523809523808,343
MERS,P*E*rare,LocalContrast(z=1.0),LocalContrast,-0.012129299706985917,0.0885608856088561,0.07643312101910828,0.10526315789473684,0.8917197452229298,157
MERS,P*E*rare,LocalContrast(z=1.5),LocalContrast,0.06294980789065656,0.10843373493975904,0.17307692307692307,0.07894736842105263,2.019230769230769,52
MERS,P*E*rare,LocalContrast(z=2.0),LocalContrast,0.007752170911825528,0.041666666666666664,0.1,0.02631578947368421,1.1666666666666667,30
MERS,P*E*rare,"CUSUM(d=0.3,h=3.0)",CUSUM,-0.14481849537519526,0.048526863084922,0.03023758099352052,0.12280701754385964,0.35277177825773937,463
MERS,P*E*rare,"CUSUM(d=0.5,h=4.0)",CUSUM,-0.06066743746324193,0.05750798722044728,0.04522613065326633,0.07894736842105263,0.5276381909547739,199
MERS,P*E*rare,"CUSUM(d=0.5,h=5.0)",CUSUM,-0.0842673569677632,0.03344481605351171,0.02702702702702703,0.043859649122807015,0.3153153153153153,185
MERS,P*E*rare,AdaptiveKnee,AdaptiveKnee,0.009457998512003336,0.04195804195804195,0.10344827586206896,0.02631578947368421,1.206896551724138,29
MERS,P*E*rare,ScoreDBSCAN(ep=8),ScoreDBSCAN,0.0,0.0,0.0,0.0,0.0,0
MERS,P*E*rare,ScoreDBSCAN(ep=15),ScoreDBSCAN,0.0,0.0,0.0,0.0,0.0,0
MERS,P*E*rare,Spectral(z=1.5),Spectral,-0.019269343974670408,0.05208333333333333,0.0641025641025641,0.043859649122807015,0.7478632478632478,78
MERS,P*E*rare,Spectral(z=2.0),Spectral,0.006143414839787381,0.05128205128205128,0.09523809523809523,0.03508771929824561,1.111111111111111,42
MERS,P*E*rare,Bayes(prior=0.1),Bayes,0.070921778420698,0.1811965811965812,0.11252653927813164,0.4649122807017544,1.3128096249115357,471
MERS,P*E*rare,Bayes(prior=0.15),Bayes,0.11524823358984126,0.20574886535552195,0.12431444241316271,0.5964912280701754,1.4503351614868982,547
MERS,P*E*rare,Ensemble(v>=2),Ensemble,0.025854384499750957,0.044444444444444446,0.14285714285714285,0.02631578947368421,1.6666666666666665,21
MERS,P*E*rare,Ensemble(v>=3),Ensemble,0.03688937689717265,0.045801526717557245,0.17647058823529413,0.02631578947368421,2.058823529411765,17
MERS,P*E*rare,AdaptWin(s=90),AdaptWin,0.10569211862749504,0.20266666666666666,0.14559386973180077,0.3333333333333333,1.698595146871009,261
MERS,P*E*rare,AdaptWin(s=85),AdaptWin,0.18239334637701113,0.24489795918367346,0.1491395793499044,0.6842105263157895,1.739961759082218,523
MERS,P*E*rare,FreqThresh(p=80),FreqThresh,0.057689835395059036,0.16489361702127664,0.1183206106870229,0.2719298245614035,1.3804071246819338,262
MERS,P*E*rare,FreqThresh(p=85),FreqThresh,0.0012676154911169322,0.11180124223602483,0.08653846153846154,0.15789473684210525,1.0096153846153846,208
MERS,P*E*rare,FreqThresh(p=90),FreqThresh,-0.009753119668518278,0.07792207792207792,0.07692307692307693,0.07894736842105263,0.8974358974358975,117
MERS,P*E*rare,FreqThresh(p=95),FreqThresh,0.025854384499750957,0.044444444444444446,0.14285714285714285,0.02631578947368421,1.6666666666666665,21
MERS,P*E*rare,"SWAN(w=10,k=1.0)",SWAN,0.06802624764789282,0.13333333333333333,0.16049382716049382,0.11403508771929824,1.8724279835390945,81
MERS,P*E*rare,"SWAN(w=10,k=1.5)",SWAN,-0.051070457740132975,0.0,0.0,0.0,0.0,36
MERS,P*E*rare,"SWAN(w=10,k=2.0)",SWAN,-0.026650089544451302,0.0,0.0,0.0,0.0,10
MERS,P*E*rare,"SWAN(w=20,k=1.0)",SWAN,-0.06655173820620854,0.0,0.0,0.0,0.0,60
MERS,P*E*rare,"SWAN(w=20,k=1.5)",SWAN,-0.03970938003023116,0.0,0.0,0.0,0.0,22
MERS,P*E*rare,"SWAN(w=20,k=2.0)",SWAN,0.0,0.0,0.0,0.0,0.0,0
MERS,P*E*rare,"SWAN(w=50,k=1.0)",SWAN,0.0,0.0,0.0,0.0,0.0,0
MERS,P*E*rare,"SWAN(w=50,k=1.5)",SWAN,0.0,0.0,0.0,0.0,0.0,0
MERS,P*E*rare,"SWAN(w=50,k=2.0)",SWAN,0.0,0.0,0.0,0.0,0.0,0
MERS,P*E*rare,MutClust-Orig(g=10),MutClust-Orig,-0.08755696232078795,0.04142011834319526,0.03125,0.06140350877192982,0.3645833333333333,224
MERS,minority_E,Wavelet(t=1.0),Wavelet,-0.056217832068325285,0.11304347826086956,0.06770833333333333,0.34210526315789475,0.7899305555555555,576
MERS,minority_E,Wavelet(t=1.5),Wavelet,-0.1000753803132512,0.025236593059936904,0.019704433497536946,0.03508771929824561,0.22988505747126436,203
MERS,minority_E,Wavelet(t=2.0),Wavelet,-0.07432016725725593,0.0,0.0,0.0,0.0,74
MERS,minority_E,KDE(p=75),KDE,0.17642252194740438,0.25503355704697983,0.17117117117117117,0.5,1.996996996996997,333
MERS,minority_E,KDE(p=80),KDE,0.2027812232238267,0.2789473684210526,0.19924812030075187,0.4649122807017544,2.324561403508772,266
MERS,minority_E,KDE(p=85),KDE,0.15672310381190316,0.24203821656050953,0.19,0.3333333333333333,2.216666666666667,200
MERS,minority_E,SlidingTest(p=0.01),SlidingTest,0.25610482056918404,0.27953890489913547,0.16724137931034483,0.8508771929824561,1.9511494252873562,580
MERS,minority_E,SlidingTest(p=0.05),SlidingTest,0.22653842221715967,0.25729442970822275,0.1515625,0.8508771929824561,1.7682291666666665,640
MERS,minority_E,GradPeak(p=0.2),GradPeak,-0.0598300093813462,0.11078717201166181,0.06643356643356643,0.3333333333333333,0.7750582750582751,572
MERS,minority_E,GradPeak(p=0.5),GradPeak,-0.05958027584240772,0.07349081364829395,0.052434456928838954,0.12280701754385964,0.6117353308364545,267
MERS,minority_E,LocalContrast(z=1.0),LocalContrast,-0.08062003873689542,0.05744125326370758,0.040892193308550186,0.09649122807017543,0.4770755885997522,269
MERS,minority_E,LocalContrast(z=1.5),LocalContrast,-0.037642702336783504,0.03225806451612904,0.041666666666666664,0.02631578947368421,0.4861111111111111,72
MERS,minority_E,LocalContrast(z=2.0),LocalContrast,0.15528858323908074,0.05128205128205127,1.0,0.02631578947368421,11.666666666666666,3
MERS,minority_E,"CUSUM(d=0.3,h=3.0)",CUSUM,0.05179492848889139,0.16204690831556504,0.08816705336426914,1.0,1.02861562258314,1293
MERS,minority_E,"CUSUM(d=0.5,h=4.0)",CUSUM,0.11168000419395281,0.1885014137606032,0.10559662090813093,0.8771929824561403,1.2319605772615276,947
MERS,minority_E,"CUSUM(d=0.5,h=5.0)",CUSUM,0.1287727912320785,0.19607843137254902,0.11037527593818984,0.8771929824561403,1.2877115526122147,906
MERS,minority_E,AdaptiveKnee,AdaptiveKnee,0.0629879074825336,0.16402877697841725,0.08934169278996865,1.0,1.0423197492163008,1276
MERS,minority_E,ScoreDBSCAN(ep=8),ScoreDBSCAN,0.0,0.0,0.0,0.0,0.0,0
MERS,minority_E,ScoreDBSCAN(ep=15),ScoreDBSCAN,0.0,0.0,0.0,0.0,0.0,0
MERS,minority_E,Spectral(z=1.5),Spectral,0.0008399103856706259,0.049999999999999996,0.08695652173913043,0.03508771929824561,1.0144927536231885,46
MERS,minority_E,Spectral(z=2.0),Spectral,-0.033786868919974296,0.0,0.0,0.0,0.0,16
MERS,minority_E,Bayes(prior=0.1),Bayes,0.18419596367916627,0.25833333333333336,0.16939890710382513,0.543859649122807,1.9763205828779598,366
MERS,minority_E,Bayes(prior=0.15),Bayes,0.12955238429236055,0.21251819505094613,0.1273996509598604,0.6403508771929824,1.4863292611983712,573
MERS,minority_E,Ensemble(v>=2),Ensemble,-0.018330889377669163,0.058823529411764705,0.06666666666666667,0.05263157894736842,0.7777777777777778,90
MERS,minority_E,Ensemble(v>=3),Ensemble,0.01122533137667343,0.04225352112676057,0.10714285714285714,0.02631578947368421,1.25,28
MERS,minority_E,AdaptWin(s=90),AdaptWin,0.0854011413464358,0.16913946587537093,0.09238249594813615,1.0,1.0777957860615883,1234
MERS,minority_E,AdaptWin(s=85),AdaptWin,0.02921585201743574,0.1592178770949721,0.08649468892261002,1.0,1.0091047040971168,1318
MERS,minority_E,FreqThresh(p=80),FreqThresh,0.16430500801347842,0.24813895781637713,0.17301038062283736,0.43859649122807015,2.0184544405997693,289
MERS,minority_E,FreqThresh(p=85),FreqThresh,0.07409533920214484,0.1678321678321678,0.13953488372093023,0.21052631578947367,1.627906976744186,172
MERS,minority_E,FreqThresh(p=90),FreqThresh,-0.018330889377669163,0.058823529411764705,0.06666666666666667,0.05263157894736842,0.7777777777777778,90
MERS,minority_E,FreqThresh(p=95),FreqThresh,0.01122533137667343,0.04225352112676057,0.10714285714285714,0.02631578947368421,1.25,28
MERS,minority_E,"SWAN(w=10,k=1.0)",SWAN,-0.0025284793564460464,0.08108108108108107,0.08333333333333333,0.07894736842105263,0.9722222222222222,108
MERS,minority_E,"SWAN(w=10,k=1.5)",SWAN,-0.02921585201743574,0.0,0.0,0.0,0.0,12
MERS,minority_E,"SWAN(w=10,k=2.0)",SWAN,0.0,0.0,0.0,0.0,0.0,0
MERS,minority_E,"SWAN(w=20,k=1.0)",SWAN,-0.0759023924811171,0.0,0.0,0.0,0.0,77
MERS,minority_E,"SWAN(w=20,k=1.5)",SWAN,0.0,0.0,0.0,0.0,0.0,0
MERS,minority_E,"SWAN(w=20,k=2.0)",SWAN,0.0,0.0,0.0,0.0,0.0,0
MERS,minority_E,"SWAN(w=50,k=1.0)",SWAN,-0.079499841000477,0.0,0.0,0.0,0.0,84
MERS,minority_E,"SWAN(w=50,k=1.5)",SWAN,0.0,0.0,0.0,0.0,0.0,0
MERS,minority_E,"SWAN(w=50,k=2.0)",SWAN,0.0,0.0,0.0,0.0,0.0,0
MERS,minority_E,MutClust-Orig(g=10),MutClust-Orig,0.008398914258542448,0.15800415800415799,0.08577878103837472,1.0,1.000752445447705,1329
MERS,P*minority_E,Wavelet(t=1.0),Wavelet,-0.13648653589759882,0.07142857142857142,0.042662116040955635,0.21929824561403508,0.4977246871444824,586
MERS,P*minority_E,Wavelet(t=1.5),Wavelet,-0.04449616117941683,0.07692307692307693,0.05803571428571429,0.11403508771929824,0.6770833333333334,224
MERS,P*minority_E,Wavelet(t=2.0),Wavelet,-0.011072157964149981,0.0546448087431694,0.07246376811594203,0.043859649122807015,0.8454106280193237,69
MERS,P*minority_E,KDE(p=75),KDE,0.12062624241584576,0.21476510067114093,0.14414414414414414,0.42105263157894735,1.6816816816816818,333
MERS,P*minority_E,KDE(p=80),KDE,0.05505980233229732,0.16315789473684209,0.11654135338345864,0.2719298245614035,1.3596491228070176,266
MERS,P*minority_E,KDE(p=85),KDE,-0.05367229582599423,0.06369426751592357,0.05,0.08771929824561403,0.5833333333333334,200
MERS,P*minority_E,SlidingTest(p=0.01),SlidingTest,-0.07485044850523118,0.0,0.0,0.0,0.0,75
MERS,P*minority_E,SlidingTest(p=0.05),SlidingTest,-0.10291260459292835,0.0,0.0,0.0,0.0,135
MERS,P*minority_E,GradPeak(p=0.2),GradPeak,-0.04223597702353824,0.12466843501326261,0.0734375,0.41228070175438597,0.8567708333333334,640
MERS,P*minority_E,GradPeak(p=0.5),GradPeak,-0.11514125574326506,0.06003752345215759,0.03818615751789976,0.14035087719298245,0.4455051710421639,419
MERS,P*minority_E,LocalContrast(z=1.0),LocalContrast,0.0176322176195951,0.10699588477366255,0.10077519379844961,0.11403508771929824,1.1757105943152455,129
MERS,P*minority_E,LocalContrast(z=1.5),LocalContrast,-0.006739548325214901,0.03896103896103895,0.075,0.02631578947368421,0.875,40
MERS,P*minority_E,LocalContrast(z=2.0),LocalContrast,0.016951587590520262,0.043165467625899276,0.12,0.02631578947368421,1.4,25
MERS,P*minority_E,"CUSUM(d=0.3,h=3.0)",CUSUM,-0.20048916956786111,0.025316455696202535,0.015444015444015444,0.07017543859649122,0.18018018018018017,518
MERS,P*minority_E,"CUSUM(d=0.5,h=4.0)",CUSUM,-0.10796626158278794,0.018867924528301886,0.014705882352941176,0.02631578947368421,0.1715686274509804,204
MERS,P*minority_E,"CUSUM(d=0.5,h=5.0)",CUSUM,-0.11642257885594993,0.0,0.0,0.0,0.0,168
MERS,P*minority_E,AdaptiveKnee,AdaptiveKnee,-0.0132499735000795,0.06060606060606061,0.07142857142857142,0.05263157894736842,0.8333333333333333,84
MERS,P*minority_E,ScoreDBSCAN(ep=8),ScoreDBSCAN,-0.03586369010981278,0.0,0.0,0.0,0.0,18
MERS,P*minority_E,ScoreDBSCAN(ep=15),ScoreDBSCAN,-0.01880886984658197,0.0,0.0,0.0,0.0,5
MERS,P*minority_E,Spectral(z=1.5),Spectral,-0.02827683610197622,0.042328042328042326,0.05333333333333334,0.03508771929824561,0.6222222222222222,75
MERS,P*minority_E,Spectral(z=2.0),Spectral,0.018475917775369576,0.05405405405405405,0.11764705882352941,0.03508771929824561,1.3725490196078431,34
MERS,P*minority_E,Bayes(prior=0.1),Bayes,-0.03019376119354722,0.06923076923076923,0.06164383561643835,0.07894736842105263,0.7191780821917808,146
MERS,P*minority_E,Bayes(prior=0.15),Bayes,0.006996759289924069,0.11904761904761907,0.09009009009009009,0.17543859649122806,1.051051051051051,222
MERS,P*minority_E,Ensemble(v>=2),Ensemble,0.004507072639201472,0.0410958904109589,0.09375,0.02631578947368421,1.09375,32
MERS,P*minority_E,Ensemble(v>=3),Ensemble,0.016951587590520262,0.043165467625899276,0.12,0.02631578947368421,1.4,25
MERS,P*minority_E,AdaptWin(s=90),AdaptWin,0.10079755060011132,0.1954484605087015,0.11532385466034756,0.6403508771929824,1.3454449710373881,633
MERS,P*minority_E,AdaptWin(s=85),AdaptWin,0.14513282162075608,0.18999999999999997,0.10497237569060773,1.0,1.2246777163904234,1086
MERS,P*minority_E,FreqThresh(p=80),FreqThresh,0.13548082998069905,0.2262210796915167,0.16,0.38596491228070173,1.8666666666666667,275
MERS,P*minority_E,FreqThresh(p=85),FreqThresh,0.02494864637881977,0.12944983818770228,0.10256410256410256,0.17543859649122806,1.1965811965811965,195
MERS,P*minority_E,FreqThresh(p=90),FreqThresh,-0.02842226500065512,0.055299539170506916,0.05825242718446602,0.05263157894736842,0.6796116504854369,103
MERS,P*minority_E,FreqThresh(p=95),FreqThresh,0.016951587590520262,0.043165467625899276,0.12,0.02631578947368421,1.4,25
MERS,P*minority_E,"SWAN(w=10,k=1.0)",SWAN,-0.0659688432288098,0.0,0.0,0.0,0.0,59
MERS,P*minority_E,"SWAN(w=10,k=1.5)",SWAN,0.0,0.0,0.0,0.0,0.0,0
MERS,P*minority_E,"SWAN(w=10,k=2.0)",SWAN,0.0,0.0,0.0,0.0,0.0,0
MERS,P*minority_E,"SWAN(w=20,k=1.0)",SWAN,-0.056635859036227074,0.0,0.0,0.0,0.0,44
MERS,P*minority_E,"SWAN(w=20,k=1.5)",SWAN,0.0,0.0,0.0,0.0,0.0,0
MERS,P*minority_E,"SWAN(w=20,k=2.0)",SWAN,0.0,0.0,0.0,0.0,0.0,0
MERS,P*minority_E,"SWAN(w=50,k=1.0)",SWAN,0.0,0.0,0.0,0.0,0.0,0
MERS,P*minority_E,"SWAN(w=50,k=1.5)",SWAN,0.0,0.0,0.0,0.0,0.0,0
MERS,P*minority_E,"SWAN(w=50,k=2.0)",SWAN,0.0,0.0,0.0,0.0,0.0,0
MERS,P*minority_E,MutClust-Orig(g=10),MutClust-Orig,0.008398914258542448,0.15800415800415799,0.08577878103837472,1.0,1.000752445447705,1329
MERS,P*E,Wavelet(t=1.0),Wavelet,-0.05488285144681125,0.11444921316165953,0.06837606837606838,0.3508771929824561,0.7977207977207978,585
MERS,P*E,Wavelet(t=1.5),Wavelet,-0.07609136774338655,0.05232558139534884,0.0391304347826087,0.07894736842105263,0.4565217391304348,230
MERS,P*E,Wavelet(t=2.0),Wavelet,-0.020494950432322908,0.04444444444444444,0.06060606060606061,0.03508771929824561,0.7070707070707071,66
MERS,P*E,KDE(p=75),KDE,0.009033683352728536,0.1342281879194631,0.09009009009009009,0.2631578947368421,1.051051051051051,333
MERS,P*E,KDE(p=80),KDE,-0.1396638888429005,0.010526315789473684,0.007518796992481203,0.017543859649122806,0.08771929824561403,266
MERS,P*E,KDE(p=85),KDE,-0.12881350998238617,0.0,0.0,0.0,0.0,200
MERS,P*E,SlidingTest(p=0.01),SlidingTest,-0.026650089544451302,0.0,0.0,0.0,0.0,10
MERS,P*E,SlidingTest(p=0.05),SlidingTest,-0.08000376497164714,0.0,0.0,0.0,0.0,85
MERS,P*E,GradPeak(p=0.2),GradPeak,-0.13123956608492865,0.0693815987933635,0.04189435336976321,0.20175438596491227,0.48876745598057075,549
MERS,P*E,GradPeak(p=0.5),GradPeak,-0.1324867820747469,0.048780487804878044,0.031026252983293555,0.11403508771929824,0.3619729514717581,419
MERS,P*E,LocalContrast(z=1.0),LocalContrast,-0.0034689808324971623,0.0851063829787234,0.08264462809917356,0.08771929824561403,0.9641873278236914,121
MERS,P*E,LocalContrast(z=1.5),LocalContrast,-0.007991319629853333,0.03870967741935484,0.07317073170731707,0.02631578947368421,0.8536585365853658,41
MERS,P*E,LocalContrast(z=2.0),LocalContrast,0.009457998512003336,0.04195804195804195,0.10344827586206896,0.02631578947368421,1.206896551724138,29
MERS,P*E,"CUSUM(d=0.3,h=3.0)",CUSUM,-0.12897103519771388,0.03547671840354767,0.02373887240356083,0.07017543859649122,0.2769535113748764,337
MERS,P*E,"CUSUM(d=0.5,h=4.0)",CUSUM,-0.04140130498970024,0.031413612565445025,0.03896103896103896,0.02631578947368421,0.45454545454545453,77
MERS,P*E,"CUSUM(d=0.5,h=5.0)",CUSUM,-0.055966815009292625,0.0,0.0,0.0,0.0,43
MERS,P*E,AdaptiveKnee,AdaptiveKnee,-0.014962515974832225,0.03726708074534161,0.06382978723404255,0.02631578947368421,0.7446808510638298,47
MERS,P*E,ScoreDBSCAN(ep=8),ScoreDBSCAN,-0.03586369010981278,0.0,0.0,0.0,0.0,18
MERS,P*E,ScoreDBSCAN(ep=15),ScoreDBSCAN,-0.03483996706955195,0.0,0.0,0.0,0.0,17
MERS,P*E,Spectral(z=1.5),Spectral,-0.038281058218627775,0.039603960396039604,0.045454545454545456,0.03508771929824561,0.5303030303030303,88
MERS,P*E,Spectral(z=2.0),Spectral,0.010461568302227206,0.0522875816993464,0.10256410256410256,0.03508771929824561,1.1965811965811965,39
MERS,P*E,Bayes(prior=0.1),Bayes,-0.05976143046671968,0.027397260273972605,0.02857142857142857,0.02631578947368421,0.3333333333333333,105
MERS,P*E,Bayes(prior=0.15),Bayes,-0.07100347721015929,0.02510460251046025,0.024,0.02631578947368421,0.28,125
MERS,P*E,Ensemble(v>=2),Ensemble,0.004507072639201472,0.0410958904109589,0.09375,0.02631578947368421,1.09375,32
MERS,P*E,Ensemble(v>=3),Ensemble,0.016951587590520262,0.043165467625899276,0.12,0.02631578947368421,1.4,25
MERS,P*E,AdaptWin(s=90),AdaptWin,-0.02616721359945194,0.0906344410876133,0.06912442396313365,0.13157894736842105,0.8064516129032259,217
MERS,P*E,AdaptWin(s=85),AdaptWin,0.11981467569374288,0.20023282887077998,0.11543624161073826,0.7543859649122807,1.3467561521252798,745
MERS,P*E,FreqThresh(p=80),FreqThresh,0.06581860355874683,0.171875,0.12222222222222222,0.2894736842105263,1.4259259259259258,270
MERS,P*E,FreqThresh(p=85),FreqThresh,-0.051559869461519095,0.06790123456790123,0.05238095238095238,0.09649122807017543,0.6111111111111112,210
MERS,P*E,FreqThresh(p=90),FreqThresh,-0.06210781875866462,0.026905829596412554,0.027522935779816515,0.02631578947368421,0.3211009174311927,109
MERS,P*E,FreqThresh(p=95),FreqThresh,0.03688937689717265,0.045801526717557245,0.17647058823529413,0.02631578947368421,2.058823529411765,17
MERS,P*E,"SWAN(w=10,k=1.0)",SWAN,-0.053217543102634046,0.0,0.0,0.0,0.0,39
MERS,P*E,"SWAN(w=10,k=1.5)",SWAN,-0.027961443181215552,0.0,0.0,0.0,0.0,11
MERS,P*E,"SWAN(w=10,k=2.0)",SWAN,0.0,0.0,0.0,0.0,0.0,0
MERS,P*E,"SWAN(w=20,k=1.0)",SWAN,0.0,0.0,0.0,0.0,0.0,0
MERS,P*E,"SWAN(w=20,k=1.5)",SWAN,0.0,0.0,0.0,0.0,0.0,0
MERS,P*E,"SWAN(w=20,k=2.0)",SWAN,0.0,0.0,0.0,0.0,0.0,0
MERS,P*E,"SWAN(w=50,k=1.0)",SWAN,0.0,0.0,0.0,0.0,0.0,0
MERS,P*E,"SWAN(w=50,k=1.5)",SWAN,0.0,0.0,0.0,0.0,0.0,0
MERS,P*E,"SWAN(w=50,k=2.0)",SWAN,0.0,0.0,0.0,0.0,0.0,0
MERS,P*E,MutClust-Orig(g=10),MutClust-Orig,0.0,0.15789473684210528,0.08571428571428572,1.0,1.0,1330
MERS,H-score,Wavelet(t=1.0),Wavelet,-0.06297482981159441,0.0967741935483871,0.060810810810810814,0.23684210526315788,0.7094594594594595,444
MERS,H-score,Wavelet(t=1.5),Wavelet,-0.012129299706985917,0.0885608856088561,0.07643312101910828,0.10526315789473684,0.8917197452229298,157
MERS,H-score,Wavelet(t=2.0),Wavelet,-0.02500671758261832,0.03508771929824561,0.05263157894736842,0.02631578947368421,0.6140350877192982,57
MERS,H-score,KDE(p=75),KDE,0.3128134274689921,0.3534675615212528,0.23723723723723725,0.6929824561403509,2.7677677677677677,333
MERS,H-score,KDE(p=80),KDE,0.23635427342644702,0.3052631578947368,0.21804511278195488,0.5087719298245614,2.543859649122807,266
MERS,H-score,KDE(p=85),KDE,0.08909601107115042,0.18471337579617833,0.145,0.2543859649122807,1.6916666666666664,200
MERS,H-score,SlidingTest(p=0.01),SlidingTest,-0.09193948473022358,0.0,0.0,0.0,0.0,110
MERS,H-score,SlidingTest(p=0.05),SlidingTest,-0.10502100630210073,0.0,0.0,0.0,0.0,140
MERS,H-score,GradPeak(p=0.2),GradPeak,-0.08443546641661445,0.1094890510948905,0.0635593220338983,0.39473684210526316,0.7415254237288135,708
MERS,H-score,GradPeak(p=0.5),GradPeak,-0.09259784851042242,0.08496732026143791,0.05220883534136546,0.22807017543859648,0.609103078982597,498
MERS,H-score,LocalContrast(z=1.0),LocalContrast,0.0035925895545995674,0.07291666666666667,0.08974358974358974,0.06140350877192982,1.047008547008547,78
MERS,H-score,LocalContrast(z=1.5),LocalContrast,-0.006739548325214901,0.03896103896103895,0.075,0.02631578947368421,0.875,40
MERS,H-score,LocalContrast(z=2.0),LocalContrast,0.009457998512003336,0.04195804195804195,0.10344827586206896,0.02631578947368421,1.206896551724138,29
MERS,H-score,"CUSUM(d=0.3,h=3.0)",CUSUM,-0.18636286367497062,0.018083182640144666,0.011389521640091117,0.043859649122807015,0.1328777524677297,439
MERS,H-score,"CUSUM(d=0.5,h=4.0)",CUSUM,-0.10875614964071689,0.0,0.0,0.0,0.0,149
MERS,H-score,"CUSUM(d=0.5,h=5.0)",CUSUM,-0.09239432027119263,0.0,0.0,0.0,0.0,111
MERS,H-score,AdaptiveKnee,AdaptiveKnee,0.02527292357765517,0.1588850174216028,0.08629825889477669,1.0,1.0068130204390613,1321
MERS,H-score,ScoreDBSCAN(ep=8),ScoreDBSCAN,0.0,0.0,0.0,0.0,0.0,0
MERS,H-score,ScoreDBSCAN(ep=15),ScoreDBSCAN,0.0,0.0,0.0,0.0,0.0,0
MERS,H-score,Spectral(z=1.5),Spectral,0.05221902613819274,0.08974358974358974,0.16666666666666666,0.06140350877192982,1.9444444444444444,42
MERS,H-score,Spectral(z=2.0),Spectral,0.025854384499750957,0.044444444444444446,0.14285714285714285,0.02631578947368421,1.6666666666666665,21
MERS,H-score,Bayes(prior=0.1),Bayes,-0.007991319629853333,0.03870967741935484,0.07317073170731707,0.02631578947368421,0.8536585365853658,41
MERS,H-score,Bayes(prior=0.15),Bayes,-0.03203354125410114,0.0335195530726257,0.046153846153846156,0.02631578947368421,0.5384615384615384,65
MERS,H-score,Ensemble(v>=2),Ensemble,0.004507072639201472,0.0410958904109589,0.09375,0.02631578947368421,1.09375,32
MERS,H-score,Ensemble(v>=3),Ensemble,0.004507072639201472,0.0410958904109589,0.09375,0.02631578947368421,1.09375,32
MERS,H-score,AdaptWin(s=90),AdaptWin,0.038781576749626435,0.16022487702037946,0.08708938120702826,1.0,1.0160427807486632,1309
MERS,H-score,AdaptWin(s=85),AdaptWin,0.02921585201743574,0.1592178770949721,0.08649468892261002,1.0,1.0091047040971168,1318
MERS,H-score,FreqThresh(p=80),FreqThresh,0.06581860355874683,0.171875,0.12222222222222222,0.2894736842105263,1.4259259259259258,270
MERS,H-score,FreqThresh(p=85),FreqThresh,-0.051559869461519095,0.06790123456790123,0.05238095238095238,0.09649122807017543,0.6111111111111112,210
MERS,H-score,FreqThresh(p=90),FreqThresh,-0.06210781875866462,0.026905829596412554,0.027522935779816515,0.02631578947368421,0.3211009174311927,109
MERS,H-score,FreqThresh(p=95),FreqThresh,0.03688937689717265,0.045801526717557245,0.17647058823529413,0.02631578947368421,2.058823529411765,17
MERS,H-score,"SWAN(w=10,k=1.0)",SWAN,-0.037832495422898876,0.0,0.0,0.0,0.0,20
MERS,H-score,"SWAN(w=10,k=1.5)",SWAN,0.0,0.0,0.0,0.0,0.0,0
MERS,H-score,"SWAN(w=10,k=2.0)",SWAN,0.0,0.0,0.0,0.0,0.0,0
MERS,H-score,"SWAN(w=20,k=1.0)",SWAN,0.0,0.0,0.0,0.0,0.0,0
MERS,H-score,"SWAN(w=20,k=1.5)",SWAN,0.0,0.0,0.0,0.0,0.0,0
MERS,H-score,"SWAN(w=20,k=2.0)",SWAN,0.0,0.0,0.0,0.0,0.0,0
MERS,H-score,"SWAN(w=50,k=1.0)",SWAN,0.0,0.0,0.0,0.0,0.0,0
MERS,H-score,"SWAN(w=50,k=1.5)",SWAN,0.0,0.0,0.0,0.0,0.0,0
MERS,H-score,"SWAN(w=50,k=2.0)",SWAN,0.0,0.0,0.0,0.0,0.0,0
MERS,H-score,MutClust-Orig(g=10),MutClust-Orig,0.0,0.15789473684210528,0.08571428571428572,1.0,1.0,1330
MERS,E_only,Wavelet(t=1.0),Wavelet,-0.10923834403675069,0.08296296296296296,0.049910873440285206,0.24561403508771928,0.5822935234699941,561
MERS,E_only,Wavelet(t=1.5),Wavelet,-0.06970304471018264,0.050632911392405056,0.039603960396039604,0.07017543859649122,0.46204620462046203,202
MERS,E_only,Wavelet(t=2.0),Wavelet,-0.0007454106579526533,0.05780346820809248,0.0847457627118644,0.043859649122807015,0.9887005649717514,59
MERS,E_only,KDE(p=75),KDE,0.21981962824972773,0.28635346756152125,0.1921921921921922,0.5614035087719298,2.2422422422422423,333
MERS,E_only,KDE(p=80),KDE,0.2229250533453989,0.29473684210526313,0.21052631578947367,0.49122807017543857,2.4561403508771926,266
MERS,E_only,KDE(p=85),KDE,0.006440675499119308,0.11464968152866241,0.09,0.15789473684210525,1.05,200
MERS,E_only,SlidingTest(p=0.01),SlidingTest,-0.07745966692414834,0.0,0.0,0.0,0.0,80
MERS,E_only,SlidingTest(p=0.05),SlidingTest,-0.10291260459292835,0.0,0.0,0.0,0.0,135
MERS,E_only,GradPeak(p=0.2),GradPeak,-0.04775742667041126,0.12484394506866417,0.07278020378457059,0.43859649122807015,0.8491023774866568,687
MERS,E_only,GradPeak(p=0.5),GradPeak,-0.09237878025993641,0.08191126279863482,0.05084745762711865,0.21052631578947367,0.5932203389830509,472
MERS,E_only,LocalContrast(z=1.0),LocalContrast,-0.022194429906581964,0.06306306306306307,0.06481481481481481,0.06140350877192982,0.7561728395061728,108
MERS,E_only,LocalContrast(z=1.5),LocalContrast,-0.001418623826114805,0.04,0.08333333333333333,0.02631578947368421,0.9722222222222222,36
MERS,E_only,LocalContrast(z=2.0),LocalContrast,0.009457998512003336,0.04195804195804195,0.10344827586206896,0.02631578947368421,1.206896551724138,29
MERS,E_only,"CUSUM(d=0.3,h=3.0)",CUSUM,-0.2071396212898179,0.01932367149758454,0.011834319526627219,0.05263157894736842,0.1380670611439842,507
MERS,E_only,"CUSUM(d=0.5,h=4.0)",CUSUM,-0.12031658837554582,0.01724137931034483,0.01282051282051282,0.02631578947368421,0.14957264957264957,234
MERS,E_only,"CUSUM(d=0.5,h=5.0)",CUSUM,-0.12614907209528461,0.0,0.0,0.0,0.0,193
MERS,E_only,AdaptiveKnee,AdaptiveKnee,-0.047741537202795475,0.03,0.03488372093023256,0.02631578947368421,0.4069767441860465,86
MERS,E_only,ScoreDBSCAN(ep=8),ScoreDBSCAN,-0.02527292357765517,0.0,0.0,0.0,0.0,9
MERS,E_only,ScoreDBSCAN(ep=15),ScoreDBSCAN,-0.01880886984658197,0.0,0.0,0.0,0.0,5
MERS,E_only,Spectral(z=1.5),Spectral,-0.024919837395898897,0.04324324324324324,0.056338028169014086,0.03508771929824561,0.6572769953051644,71
MERS,E_only,Spectral(z=2.0),Spectral,0.025840569706085094,0.05555555555555556,0.13333333333333333,0.03508771929824561,1.5555555555555556,30
MERS,E_only,Bayes(prior=0.1),Bayes,-0.05735786076701468,0.027906976744186043,0.0297029702970297,0.02631578947368421,0.3465346534653465,101
MERS,E_only,Bayes(prior=0.15),Bayes,-0.054826909656523065,0.04651162790697675,0.041666666666666664,0.05263157894736842,0.4861111111111111,144
MERS,E_only,Ensemble(v>=2),Ensemble,0.004507072639201472,0.0410958904109589,0.09375,0.02631578947368421,1.09375,32
MERS,E_only,Ensemble(v>=3),Ensemble,0.004507072639201472,0.0410958904109589,0.09375,0.02631578947368421,1.09375,32
MERS,E_only,AdaptWin(s=90),AdaptWin,0.1725755722254305,0.21052631578947367,0.11842105263157894,0.9473684210526315,1.381578947368421,912
MERS,E_only,AdaptWin(s=85),AdaptWin,0.05460735080399778,0.16250890947968638,0.08844065166795965,1.0,1.0318076027928627,1289
MERS,E_only,FreqThresh(p=80),FreqThresh,0.06523083746216933,0.1721518987341772,0.12099644128113879,0.2982456140350877,1.4116251482799524,281
MERS,E_only,FreqThresh(p=85),FreqThresh,-0.034641973166062615,0.0781758957654723,0.06217616580310881,0.10526315789473684,0.7253886010362695,193
MERS,E_only,FreqThresh(p=90),FreqThresh,-0.02915430215542654,0.05504587155963303,0.057692307692307696,0.05263157894736842,0.6730769230769231,104
MERS,E_only,FreqThresh(p=95),FreqThresh,0.016951587590520262,0.043165467625899276,0.12,0.02631578947368421,1.4,25
MERS,E_only,"SWAN(w=10,k=1.0)",SWAN,-0.055290733558086426,0.0,0.0,0.0,0.0,42
MERS,E_only,"SWAN(w=10,k=1.5)",SWAN,0.0,0.0,0.0,0.0,0.0,0
MERS,E_only,"SWAN(w=10,k=2.0)",SWAN,0.0,0.0,0.0,0.0,0.0,0
MERS,E_only,"SWAN(w=20,k=1.0)",SWAN,0.0,0.0,0.0,0.0,0.0,0
MERS,E_only,"SWAN(w=20,k=1.5)",SWAN,0.0,0.0,0.0,0.0,0.0,0
MERS,E_only,"SWAN(w=20,k=2.0)",SWAN,0.0,0.0,0.0,0.0,0.0,0
MERS,E_only,"SWAN(w=50,k=1.0)",SWAN,0.0,0.0,0.0,0.0,0.0,0
MERS,E_only,"SWAN(w=50,k=1.5)",SWAN,0.0,0.0,0.0,0.0,0.0,0
MERS,E_only,"SWAN(w=50,k=2.0)",SWAN,0.0,0.0,0.0,0.0,0.0,0
MERS,E_only,MutClust-Orig(g=10),MutClust-Orig,0.0,0.15789473684210528,0.08571428571428572,1.0,1.0,1330
MERS,P*E^2,Wavelet(t=1.0),Wavelet,-0.03721614637823934,0.12280701754385963,0.07368421052631578,0.3684210526315789,0.8596491228070174,570
MERS,P*E^2,Wavelet(t=1.5),Wavelet,-0.09248958264606467,0.036036036036036036,0.0273972602739726,0.05263157894736842,0.319634703196347,219
MERS,P*E^2,Wavelet(t=2.0),Wavelet,-0.02990094249256128,0.0418848167539267,0.05194805194805195,0.03508771929824561,0.6060606060606061,77
MERS,P*E^2,KDE(p=75),KDE,-0.17695391508580016,0.0,0.0,0.0,0.0,333
MERS,P*E^2,KDE(p=80),KDE,-0.15309310892394865,0.0,0.0,0.0,0.0,266
MERS,P*E^2,KDE(p=85),KDE,-0.12881350998238617,0.0,0.0,0.0,0.0,200
MERS,P*E^2,SlidingTest(p=0.01),SlidingTest,0.0,0.0,0.0,0.0,0.0,0
MERS,P*E^2,SlidingTest(p=0.05),SlidingTest,-0.08000376497164714,0.0,0.0,0.0,0.0,85
MERS,P*E^2,GradPeak(p=0.2),GradPeak,-0.09407564104462071,0.07972270363951474,0.04967602591792657,0.20175438596491227,0.5795536357091433,463
MERS,P*E^2,GradPeak(p=0.5),GradPeak,-0.0897113879219821,0.0718562874251497,0.046511627906976744,0.15789473684210525,0.5426356589147286,387
MERS,P*E^2,LocalContrast(z=1.0),LocalContrast,-0.011806110413627653,0.0813008130081301,0.07575757575757576,0.08771929824561403,0.8838383838383839,132
MERS,P*E^2,LocalContrast(z=1.5),LocalContrast,-0.007991319629853333,0.03870967741935484,0.07317073170731707,0.02631578947368421,0.8536585365853658,41
MERS,P*E^2,LocalContrast(z=2.0),LocalContrast,0.016951587590520262,0.043165467625899276,0.12,0.02631578947368421,1.4,25
MERS,P*E^2,"CUSUM(d=0.3,h=3.0)",CUSUM,-0.11383526772013486,0.03864734299516908,0.02666666666666667,0.07017543859649122,0.3111111111111111,300
MERS,P*E^2,"CUSUM(d=0.5,h=4.0)",CUSUM,-0.05426530856388108,0.02857142857142857,0.03125,0.02631578947368421,0.3645833333333333,96
MERS,P*E^2,"CUSUM(d=0.5,h=5.0)",CUSUM,-0.0659688432288098,0.0,0.0,0.0,0.0,59
MERS,P*E^2,AdaptiveKnee,AdaptiveKnee,-0.005458209548988107,0.0392156862745098,0.07692307692307693,0.02631578947368421,0.8974358974358975,39
MERS,P*E^2,ScoreDBSCAN(ep=8),ScoreDBSCAN,-0.03586369010981278,0.0,0.0,0.0,0.0,18
MERS,P*E^2,ScoreDBSCAN(ep=15),ScoreDBSCAN,-0.03483996706955195,0.0,0.0,0.0,0.0,17
MERS,P*E^2,Spectral(z=1.5),Spectral,-0.04388669763636284,0.0380952380952381,0.041666666666666664,0.03508771929824561,0.4861111111111111,96
MERS,P*E^2,Spectral(z=2.0),Spectral,-0.011584607530137356,0.0379746835443038,0.06818181818181818,0.02631578947368421,0.7954545454545454,44
MERS,P*E^2,Bayes(prior=0.1),Bayes,-0.07206738958628496,0.024896265560165977,0.023622047244094488,0.02631578947368421,0.2755905511811024,127
MERS,P*E^2,Bayes(prior=0.15),Bayes,-0.056536031943012856,0.04597701149425287,0.04081632653061224,0.05263157894736842,0.47619047619047616,147
MERS,P*E^2,Ensemble(v>=2),Ensemble,0.016951587590520262,0.043165467625899276,0.12,0.02631578947368421,1.4,25
MERS,P*E^2,Ensemble(v>=3),Ensemble,0.016951587590520262,0.043165467625899276,0.12,0.02631578947368421,1.4,25
MERS,P*E^2,AdaptWin(s=90),AdaptWin,-0.0060010456065931255,0.10067114093959732,0.08152173913043478,0.13157894736842105,0.9510869565217391,184
MERS,P*E^2,AdaptWin(s=85),AdaptWin,0.20899939694276076,0.26485568760611206,0.16421052631578947,0.6842105263157895,1.9157894736842105,475
MERS,P*E^2,FreqThresh(p=80),FreqThresh,0.026352313834736494,0.14213197969543148,0.1,0.24561403508771928,1.1666666666666667,280
MERS,P*E^2,FreqThresh(p=85),FreqThresh,-0.048880881334855936,0.06896551724137931,0.05365853658536585,0.09649122807017543,0.6260162601626016,205
MERS,P*E^2,FreqThresh(p=90),FreqThresh,-0.06268601231606154,0.026785714285714284,0.02727272727272727,0.02631578947368421,0.3181818181818182,110
MERS,P*E^2,FreqThresh(p=95),FreqThresh,0.03688937689717265,0.045801526717557245,0.17647058823529413,0.02631578947368421,2.058823529411765,17
MERS,P*E^2,"SWAN(w=10,k=1.0)",SWAN,-0.055290733558086426,0.0,0.0,0.0,0.0,42
MERS,P*E^2,"SWAN(w=10,k=1.5)",SWAN,-0.027961443181215552,0.0,0.0,0.0,0.0,11
MERS,P*E^2,"SWAN(w=10,k=2.0)",SWAN,0.0,0.0,0.0,0.0,0.0,0
MERS,P*E^2,"SWAN(w=20,k=1.0)",SWAN,0.0,0.0,0.0,0.0,0.0,0
MERS,P*E^2,"SWAN(w=20,k=1.5)",SWAN,0.0,0.0,0.0,0.0,0.0,0
MERS,P*E^2,"SWAN(w=20,k=2.0)",SWAN,0.0,0.0,0.0,0.0,0.0,0
MERS,P*E^2,"SWAN(w=50,k=1.0)",SWAN,0.0,0.0,0.0,0.0,0.0,0
MERS,P*E^2,"SWAN(w=50,k=1.5)",SWAN,0.0,0.0,0.0,0.0,0.0,0
MERS,P*E^2,"SWAN(w=50,k=2.0)",SWAN,0.0,0.0,0.0,0.0,0.0,0
MERS,P*E^2,MutClust-Orig(g=10),MutClust-Orig,0.0,0.15789473684210528,0.08571428571428572,1.0,1.0,1330
MERS,rank(P*E),Wavelet(t=1.0),Wavelet,0.016424264826708845,0.15443037974683546,0.09023668639053255,0.5350877192982456,1.0527613412228798,676
MERS,rank(P*E),Wavelet(t=1.5),Wavelet,-0.07799417035399704,0.05172413793103448,0.038461538461538464,0.07894736842105263,0.44871794871794873,234
MERS,rank(P*E),Wavelet(t=2.0),Wavelet,-0.0699655204413782,0.0,0.0,0.0,0.0,66
MERS,rank(P*E),KDE(p=75),KDE,0.2942146676251392,0.34004474272930646,0.22822822822822822,0.6666666666666666,2.6626626626626626,333
MERS,rank(P*E),KDE(p=80),KDE,0.2027812232238267,0.2789473684210526,0.19924812030075187,0.4649122807017544,2.324561403508772,266
MERS,rank(P*E),KDE(p=85),KDE,0.04401128257731527,0.1464968152866242,0.115,0.20175438596491227,1.3416666666666668,200
MERS,rank(P*E),SlidingTest(p=0.01),SlidingTest,0.09006952426447516,0.1894150417827298,0.13877551020408163,0.2982456140350877,1.619047619047619,245
MERS,rank(P*E),SlidingTest(p=0.05),SlidingTest,0.28656099373055194,0.3253968253968254,0.21025641025641026,0.7192982456140351,2.452991452991453,390
MERS,rank(P*E),GradPeak(p=0.2),GradPeak,0.02803234908673304,0.1604790419161677,0.09292649098474341,0.5877192982456141,1.0841423948220064,721
MERS,rank(P*E),GradPeak(p=0.5),GradPeak,-0.050218101005105785,0.1081081081081081,0.06694560669456066,0.2807017543859649,0.7810320781032077,478
MERS,rank(P*E),LocalContrast(z=1.0),LocalContrast,0.041652147167713226,0.15824175824175823,0.10557184750733138,0.3157894736842105,1.2316715542521994,341
MERS,rank(P*E),LocalContrast(z=1.5),LocalContrast,-0.00783837721003542,0.0625,0.07692307692307693,0.05263157894736842,0.8974358974358975,78
MERS,rank(P*E),LocalContrast(z=2.0),LocalContrast,-0.037832495422898876,0.0,0.0,0.0,0.0,20
MERS,rank(P*E),"CUSUM(d=0.3,h=3.0)",CUSUM,-0.22419892816871737,0.061068702290076333,0.034869240348692404,0.24561403508771928,0.40680780406807804,803
MERS,rank(P*E),"CUSUM(d=0.5,h=4.0)",CUSUM,-0.13911610060295296,0.015151515151515152,0.010638297872340425,0.02631578947368421,0.12411347517730496,282
MERS,rank(P*E),"CUSUM(d=0.5,h=5.0)",CUSUM,-0.1512923745618439,0.0,0.0,0.0,0.0,261
MERS,rank(P*E),AdaptiveKnee,AdaptiveKnee,0.0,0.0,0.0,0.0,0.0,0
MERS,rank(P*E),ScoreDBSCAN(ep=8),ScoreDBSCAN,0.008398914258542448,0.15800415800415799,0.08577878103837472,1.0,1.000752445447705,1329
MERS,rank(P*E),ScoreDBSCAN(ep=15),ScoreDBSCAN,0.0,0.0,0.0,0.0,0.0,0
MERS,rank(P*E),Spectral(z=1.5),Spectral,0.016048518469159233,0.07058823529411765,0.10714285714285714,0.05263157894736842,1.25,56
MERS,rank(P*E),Spectral(z=2.0),Spectral,-0.03158069703999446,0.0,0.0,0.0,0.0,14
MERS,rank(P*E),Bayes(prior=0.1),Bayes,0.08868474747037945,0.1875,0.10863509749303621,0.6842105263157895,1.267409470752089,718
MERS,rank(P*E),Bayes(prior=0.15),Bayes,0.0659380473395787,0.176278563656148,0.10062111801242236,0.7105263157894737,1.173913043478261,805
MERS,rank(P*E),Ensemble(v>=2),Ensemble,-0.06210781875866462,0.026905829596412554,0.027522935779816515,0.02631578947368421,0.3211009174311927,109
MERS,rank(P*E),Ensemble(v>=3),Ensemble,-0.014962515974832225,0.03726708074534161,0.06382978723404255,0.02631578947368421,0.7446808510638298,47
MERS,rank(P*E),AdaptWin(s=90),AdaptWin,-0.0466793236101458,0.0837696335078534,0.05970149253731343,0.14035087719298245,0.6965174129353233,268
MERS,rank(P*E),AdaptWin(s=85),AdaptWin,0.11745413689908706,0.20895522388059704,0.12883435582822086,0.5526315789473685,1.5030674846625767,489
MERS,rank(P*E),FreqThresh(p=80),FreqThresh,0.06581860355874683,0.171875,0.12222222222222222,0.2894736842105263,1.4259259259259258,270
MERS,rank(P*E),FreqThresh(p=85),FreqThresh,-0.051559869461519095,0.06790123456790123,0.05238095238095238,0.09649122807017543,0.6111111111111112,210
MERS,rank(P*E),FreqThresh(p=90),FreqThresh,-0.06210781875866462,0.026905829596412554,0.027522935779816515,0.02631578947368421,0.3211009174311927,109
MERS,rank(P*E),FreqThresh(p=95),FreqThresh,0.03688937689717265,0.045801526717557245,0.17647058823529413,0.02631578947368421,2.058823529411765,17
MERS,rank(P*E),"SWAN(w=10,k=1.0)",SWAN,-0.08000376497164714,0.0,0.0,0.0,0.0,85
MERS,rank(P*E),"SWAN(w=10,k=1.5)",SWAN,0.0,0.0,0.0,0.0,0.0,0
MERS,rank(P*E),"SWAN(w=10,k=2.0)",SWAN,0.0,0.0,0.0,0.0,0.0,0
MERS,rank(P*E),"SWAN(w=20,k=1.0)",SWAN,-0.0699655204413782,0.0,0.0,0.0,0.0,66
MERS,rank(P*E),"SWAN(w=20,k=1.5)",SWAN,0.0,0.0,0.0,0.0,0.0,0
MERS,rank(P*E),"SWAN(w=20,k=2.0)",SWAN,0.0,0.0,0.0,0.0,0.0,0
MERS,rank(P*E),"SWAN(w=50,k=1.0)",SWAN,0.0,0.0,0.0,0.0,0.0,0
MERS,rank(P*E),"SWAN(w=50,k=1.5)",SWAN,0.0,0.0,0.0,0.0,0.0,0
MERS,rank(P*E),"SWAN(w=50,k=2.0)",SWAN,0.0,0.0,0.0,0.0,0.0,0
MERS,rank(P*E),MutClust-Orig(g=10),MutClust-Orig,0.008398914258542448,0.15800415800415799,0.08577878103837472,1.0,1.000752445447705,1329
HCV,E*rare,Wavelet(t=1.0),Wavelet,-0.39078530987880467,0.17241379310344826,0.1282051282051282,0.2631578947368421,0.4588394062078272,195
HCV,E*rare,Wavelet(t=1.5),Wavelet,-0.17020232238704633,0.044117647058823525,0.07317073170731707,0.031578947368421054,0.2618741976893453,41
HCV,E*rare,Wavelet(t=2.0),Wavelet,-0.10268003742549939,0.0,0.0,0.0,0.0,9
HCV,E*rare,KDE(p=75),KDE,-0.3538761102946997,0.0,0.0,0.0,0.0,83
HCV,E*rare,KDE(p=80),KDE,-0.31134992453861954,0.0,0.0,0.0,0.0,68
HCV,E*rare,KDE(p=85),KDE,-0.2615862590970316,0.0,0.0,0.0,0.0,51
HCV,E*rare,SlidingTest(p=0.01),SlidingTest,-0.3027395017782123,0.0,0.0,0.0,0.0,65
HCV,E*rare,SlidingTest(p=0.05),SlidingTest,-0.41623584616808096,0.0,0.0,0.0,0.0,105
HCV,E*rare,GradPeak(p=0.2),GradPeak,0.17654922610438145,0.4573643410852713,0.3619631901840491,0.6210526315789474,1.2954472069744916,163
HCV,E*rare,GradPeak(p=0.5),GradPeak,0.005410503049362095,0.29850746268656714,0.2830188679245283,0.3157894736842105,1.012909632571996,106
HCV,E*rare,LocalContrast(z=1.0),LocalContrast,0.0013519468888831686,0.25988700564971756,0.2804878048780488,0.24210526315789474,1.0038510911424905,82
HCV,E*rare,LocalContrast(z=1.5),LocalContrast,-0.06060991120367486,0.09523809523809523,0.1935483870967742,0.06315789473684211,0.6926994906621392,31
HCV,E*rare,LocalContrast(z=2.0),LocalContrast,-0.06794212365795299,0.0,0.0,0.0,0.0,4
HCV,E*rare,"CUSUM(d=0.3,h=3.0)",CUSUM,-0.41077225709790166,0.21951219512195122,0.15450643776824036,0.37894736842105264,0.5529704088547549,233
HCV,E*rare,"CUSUM(d=0.5,h=4.0)",CUSUM,-0.15562685146301142,0.21621621621621623,0.1889763779527559,0.25263157894736843,0.6763365105677579,127
HCV,E*rare,"CUSUM(d=0.5,h=5.0)",CUSUM,-0.1510589619937326,0.20657276995305165,0.1864406779661017,0.23157894736842105,0.6672613737734165,118
HCV,E*rare,AdaptiveKnee,AdaptiveKnee,-0.24314529698188936,0.03821656050955414,0.04838709677419355,0.031578947368421054,0.1731748726655348,62
HCV,E*rare,ScoreDBSCAN(ep=8),ScoreDBSCAN,0.0,0.0,0.0,0.0,0.0,0
HCV,E*rare,ScoreDBSCAN(ep=15),ScoreDBSCAN,0.0,0.0,0.0,0.0,0.0,0
HCV,E*rare,Spectral(z=1.5),Spectral,-0.08270676691729323,0.035714285714285705,0.11764705882352941,0.021052631578947368,0.42105263157894735,17
HCV,E*rare,Spectral(z=2.0),Spectral,0.0,0.0,0.0,0.0,0.0,0
HCV,E*rare,Bayes(prior=0.1),Bayes,-0.10202788763265393,0.27004219409282704,0.22535211267605634,0.3368421052631579,0.8065233506300964,142
HCV,E*rare,Bayes(prior=0.15),Bayes,-0.1294898490919221,0.29602888086642604,0.22527472527472528,0.43157894736842106,0.8062463851937536,182
HCV,E*rare,Ensemble(v>=2),Ensemble,-0.2007143352326311,0.0,0.0,0.0,0.0,32
HCV,E*rare,Ensemble(v>=3),Ensemble,-0.15976920210100268,0.0,0.0,0.0,0.0,21
HCV,E*rare,AdaptWin(s=90),AdaptWin,-0.3643927072739278,0.020833333333333332,0.020618556701030927,0.021052631578947368,0.0737927292457949,97
HCV,E*rare,AdaptWin(s=85),AdaptWin,-0.24619240408714094,0.21804511278195488,0.1695906432748538,0.30526315789473685,0.6069559864573715,171
HCV,E*rare,FreqThresh(p=80),FreqThresh,-0.1854765391747943,0.10650887573964499,0.12162162162162163,0.09473684210526316,0.43527738264580373,74
HCV,E*rare,FreqThresh(p=85),FreqThresh,-0.21338398509460452,0.04054054054054054,0.05660377358490566,0.031578947368421054,0.2025819265143992,53
HCV,E*rare,FreqThresh(p=90),FreqThresh,-0.2007143352326311,0.0,0.0,0.0,0.0,32
HCV,E*rare,FreqThresh(p=95),FreqThresh,-0.06794212365795299,0.0,0.0,0.0,0.0,4
HCV,E*rare,"SWAN(w=10,k=1.0)",SWAN,-0.2007143352326311,0.0,0.0,0.0,0.0,32
HCV,E*rare,"SWAN(w=10,k=1.5)",SWAN,0.0,0.0,0.0,0.0,0.0,0
HCV,E*rare,"SWAN(w=10,k=2.0)",SWAN,0.0,0.0,0.0,0.0,0.0,0
HCV,E*rare,"SWAN(w=20,k=1.0)",SWAN,-0.15567496226930977,0.0,0.0,0.0,0.0,20
HCV,E*rare,"SWAN(w=20,k=1.5)",SWAN,0.0,0.0,0.0,0.0,0.0,0
HCV,E*rare,"SWAN(w=20,k=2.0)",SWAN,0.0,0.0,0.0,0.0,0.0,0
HCV,E*rare,"SWAN(w=50,k=1.0)",SWAN,0.0,0.0,0.0,0.0,0.0,0
HCV,E*rare,"SWAN(w=50,k=1.5)",SWAN,0.0,0.0,0.0,0.0,0.0,0
HCV,E*rare,"SWAN(w=50,k=2.0)",SWAN,0.0,0.0,0.0,0.0,0.0,0
HCV,E*rare,MutClust-Orig(g=10),MutClust-Orig,0.0,0.4367816091954023,0.27941176470588236,1.0,1.0,340
HCV,P*E*rare,Wavelet(t=1.0),Wavelet,-0.2664563754427436,0.25165562913907286,0.18357487922705315,0.4,0.6570048309178744,207
HCV,P*E*rare,Wavelet(t=1.5),Wavelet,-0.13336939380589305,0.04724409448818898,0.09375,0.031578947368421054,0.3355263157894737,32
HCV,P*E*rare,Wavelet(t=2.0),Wavelet,-0.09028293388569154,0.0,0.0,0.0,0.0,7
HCV,P*E*rare,KDE(p=75),KDE,-0.3595159254890833,0.0,0.0,0.0,0.0,85
HCV,P*E*rare,KDE(p=80),KDE,-0.31134992453861954,0.0,0.0,0.0,0.0,68
HCV,P*E*rare,KDE(p=85),KDE,-0.2615862590970316,0.0,0.0,0.0,0.0,51
HCV,P*E*rare,SlidingTest(p=0.01),SlidingTest,-0.2882540182005211,0.0,0.0,0.0,0.0,60
HCV,P*E*rare,SlidingTest(p=0.05),SlidingTest,-0.40195102419366985,0.0,0.0,0.0,0.0,100
HCV,P*E*rare,GradPeak(p=0.2),GradPeak,0.012780630010193498,0.35341365461847385,0.2857142857142857,0.4631578947368421,1.0225563909774436,154
HCV,P*E*rare,GradPeak(p=0.5),GradPeak,0.0987403101443033,0.36180904522613067,0.34615384615384615,0.37894736842105264,1.2388663967611335,104
HCV,P*E*rare,LocalContrast(z=1.0),LocalContrast,0.00849120638445907,0.27956989247311825,0.2857142857142857,0.2736842105263158,1.0225563909774436,91
HCV,P*E*rare,LocalContrast(z=1.5),LocalContrast,0.0036038165887444214,0.10344827586206898,0.2857142857142857,0.06315789473684211,1.0225563909774436,21
HCV,P*E*rare,LocalContrast(z=2.0),LocalContrast,-0.10268003742549939,0.0,0.0,0.0,0.0,9
HCV,P*E*rare,"CUSUM(d=0.3,h=3.0)",CUSUM,-0.3087317941000559,0.24358974358974356,0.17511520737327188,0.4,0.6267281105990783,217
HCV,P*E*rare,"CUSUM(d=0.5,h=4.0)",CUSUM,-0.17529379604740733,0.16326530612244897,0.15841584158415842,0.16842105263157894,0.5669619593538301,101
HCV,P*E*rare,"CUSUM(d=0.5,h=5.0)",CUSUM,-0.2777108472390827,0.03571428571428571,0.0410958904109589,0.031578947368421054,0.14708002883922133,73
HCV,P*E*rare,AdaptiveKnee,AdaptiveKnee,-0.15834674628148657,0.06993006993006992,0.10416666666666667,0.05263157894736842,0.37280701754385964,48
HCV,P*E*rare,ScoreDBSCAN(ep=8),ScoreDBSCAN,0.0,0.0,0.0,0.0,0.0,0
HCV,P*E*rare,ScoreDBSCAN(ep=15),ScoreDBSCAN,0.0,0.0,0.0,0.0,0.0,0
HCV,P*E*rare,Spectral(z=1.5),Spectral,-0.06306605917100415,0.03669724770642201,0.14285714285714285,0.021052631578947368,0.5112781954887218,14
HCV,P*E*rare,Spectral(z=2.0),Spectral,-0.05875224109930823,0.0,0.0,0.0,0.0,3
HCV,P*E*rare,Bayes(prior=0.1),Bayes,0.005981449190421666,0.3565891472868217,0.2822085889570552,0.4842105263157895,1.0100096867936712,163
HCV,P*E*rare,Bayes(prior=0.15),Bayes,-0.015432521424960734,0.35424354243542433,0.2727272727272727,0.5052631578947369,0.9760765550239233,176
HCV,P*E*rare,Ensemble(v>=2),Ensemble,-0.07808269275612913,0.05172413793103449,0.14285714285714285,0.031578947368421054,0.5112781954887218,21
HCV,P*E*rare,Ensemble(v>=3),Ensemble,-0.012537439673674829,0.05607476635514019,0.25,0.031578947368421054,0.8947368421052632,12
HCV,P*E*rare,AdaptWin(s=90),AdaptWin,-0.21832085586707242,0.10928961748633878,0.11363636363636363,0.10526315789473684,0.4066985645933014,88
HCV,P*E*rare,AdaptWin(s=85),AdaptWin,-0.33782573759687917,0.11206896551724137,0.0948905109489051,0.1368421052631579,0.339608144448713,137
HCV,P*E*rare,FreqThresh(p=80),FreqThresh,-0.16938704107590666,0.1,0.12307692307692308,0.08421052631578947,0.4404858299595142,65
HCV,P*E*rare,FreqThresh(p=85),FreqThresh,-0.14244087807946973,0.07194244604316545,0.11363636363636363,0.05263157894736842,0.4066985645933014,44
HCV,P*E*rare,FreqThresh(p=90),FreqThresh,-0.07808269275612913,0.05172413793103449,0.14285714285714285,0.031578947368421054,0.5112781954887218,21
HCV,P*E*rare,FreqThresh(p=95),FreqThresh,-0.09028293388569154,0.0,0.0,0.0,0.0,7
HCV,P*E*rare,"SWAN(w=10,k=1.0)",SWAN,-0.1083981300913326,0.0,0.0,0.0,0.0,10
HCV,P*E*rare,"SWAN(w=10,k=1.5)",SWAN,0.0,0.0,0.0,0.0,0.0,0
HCV,P*E*rare,"SWAN(w=10,k=2.0)",SWAN,0.0,0.0,0.0,0.0,0.0,0
HCV,P*E*rare,"SWAN(w=20,k=1.0)",SWAN,0.0,0.0,0.0,0.0,0.0,0
HCV,P*E*rare,"SWAN(w=20,k=1.5)",SWAN,0.0,0.0,0.0,0.0,0.0,0
HCV,P*E*rare,"SWAN(w=20,k=2.0)",SWAN,0.0,0.0,0.0,0.0,0.0,0
HCV,P*E*rare,"SWAN(w=50,k=1.0)",SWAN,0.0,0.0,0.0,0.0,0.0,0
HCV,P*E*rare,"SWAN(w=50,k=1.5)",SWAN,0.0,0.0,0.0,0.0,0.0,0
HCV,P*E*rare,"SWAN(w=50,k=2.0)",SWAN,0.0,0.0,0.0,0.0,0.0,0
HCV,P*E*rare,MutClust-Orig(g=10),MutClust-Orig,-0.07036516748773183,0.4080604534005038,0.2682119205298013,0.8526315789473684,0.9599163471592889,302
HCV,minority_E,Wavelet(t=1.0),Wavelet,-0.09208822139884121,0.31386861313868614,0.24022346368715083,0.45263157894736844,0.8597471331961187,179
HCV,minority_E,Wavelet(t=1.5),Wavelet,-0.1663448378644162,0.044444444444444446,0.075,0.031578947368421054,0.26842105263157895,40
HCV,minority_E,Wavelet(t=2.0),Wavelet,-0.05875224109930823,0.0,0.0,0.0,0.0,3
HCV,minority_E,KDE(p=75),KDE,-0.3595159254890833,0.0,0.0,0.0,0.0,85
HCV,minority_E,KDE(p=80),KDE,-0.31134992453861954,0.0,0.0,0.0,0.0,68
HCV,minority_E,KDE(p=85),KDE,-0.2615862590970316,0.0,0.0,0.0,0.0,51
HCV,minority_E,SlidingTest(p=0.01),SlidingTest,-0.37361990944634343,0.0,0.0,0.0,0.0,90
HCV,minority_E,SlidingTest(p=0.05),SlidingTest,-0.3877551020408163,0.0,0.0,0.0,0.0,95
HCV,minority_E,GradPeak(p=0.2),GradPeak,0.07057933737776526,0.40148698884758366,0.3103448275862069,0.5684210526315789,1.1107078039927405,174
HCV,minority_E,GradPeak(p=0.5),GradPeak,0.03788126217899814,0.31088082901554404,0.30612244897959184,0.3157894736842105,1.095596133190118,98
HCV,minority_E,LocalContrast(z=1.0),LocalContrast,0.07947194142390263,0.32222222222222224,0.3411764705882353,0.30526315789473685,1.2210526315789474,85
HCV,minority_E,LocalContrast(z=1.5),LocalContrast,-0.08868051192139091,0.03539823008849557,0.1111111111111111,0.021052631578947368,0.39766081871345027,18
HCV,minority_E,LocalContrast(z=2.0),LocalContrast,-0.09666176304371064,0.0,0.0,0.0,0.0,8
HCV,minority_E,"CUSUM(d=0.3,h=3.0)",CUSUM,-0.5000251860181336,0.2132564841498559,0.14682539682539683,0.3894736842105263,0.5254803675856308,252
HCV,minority_E,"CUSUM(d=0.5,h=4.0)",CUSUM,-0.1313685120016764,0.228310502283105,0.20161290322580644,0.2631578947368421,0.7215619694397283,124
HCV,minority_E,"CUSUM(d=0.5,h=5.0)",CUSUM,-0.05283216257794328,0.24742268041237114,0.24242424242424243,0.25263157894736843,0.8676236044657097,99
HCV,minority_E,AdaptiveKnee,AdaptiveKnee,-0.21524032112942768,0.41491841491841486,0.26646706586826346,0.9368421052631579,0.9536716041601008,334
HCV,minority_E,ScoreDBSCAN(ep=8),ScoreDBSCAN,0.0,0.0,0.0,0.0,0.0,0
HCV,minority_E,ScoreDBSCAN(ep=15),ScoreDBSCAN,0.0,0.0,0.0,0.0,0.0,0
HCV,minority_E,Spectral(z=1.5),Spectral,0.019815445818956022,0.057692307692307696,0.3333333333333333,0.031578947368421054,1.1929824561403508,9
HCV,minority_E,Spectral(z=2.0),Spectral,0.0,0.0,0.0,0.0,0.0,0
HCV,minority_E,Bayes(prior=0.1),Bayes,-0.0457547770896758,0.3157894736842105,0.2565789473684211,0.4105263157894737,0.9182825484764543,152
HCV,minority_E,Bayes(prior=0.15),Bayes,-0.029111239637555426,0.340909090909091,0.26627218934911245,0.47368421052631576,0.9529741513547182,169
HCV,minority_E,Ensemble(v>=2),Ensemble,-0.12985440545291838,0.03305785123966942,0.07692307692307693,0.021052631578947368,0.27530364372469635,26
HCV,minority_E,Ensemble(v>=3),Ensemble,-0.11386156638320509,0.0,0.0,0.0,0.0,11
HCV,minority_E,AdaptWin(s=90),AdaptWin,0.0,0.4367816091954023,0.27941176470588236,1.0,1.0,340
HCV,minority_E,AdaptWin(s=85),AdaptWin,0.0,0.4367816091954023,0.27941176470588236,1.0,1.0,340
HCV,minority_E,FreqThresh(p=80),FreqThresh,-0.12852760063142166,0.17486338797814208,0.18181818181818182,0.16842105263157894,0.6507177033492823,88
HCV,minority_E,FreqThresh(p=85),FreqThresh,-0.16674807044177373,0.07999999999999999,0.10909090909090909,0.06315789473684211,0.39043062200956935,55
HCV,minority_E,FreqThresh(p=90),FreqThresh,-0.12985440545291838,0.03305785123966942,0.07692307692307693,0.021052631578947368,0.27530364372469635,26
HCV,minority_E,FreqThresh(p=95),FreqThresh,-0.09028293388569154,0.0,0.0,0.0,0.0,7
HCV,minority_E,"SWAN(w=10,k=1.0)",SWAN,-0.15567496226930977,0.0,0.0,0.0,0.0,20
HCV,minority_E,"SWAN(w=10,k=1.5)",SWAN,0.0,0.0,0.0,0.0,0.0,0
HCV,minority_E,"SWAN(w=10,k=2.0)",SWAN,0.0,0.0,0.0,0.0,0.0,0
HCV,minority_E,"SWAN(w=20,k=1.0)",SWAN,0.0,0.0,0.0,0.0,0.0,0
HCV,minority_E,"SWAN(w=20,k=1.5)",SWAN,0.0,0.0,0.0,0.0,0.0,0
HCV,minority_E,"SWAN(w=20,k=2.0)",SWAN,0.0,0.0,0.0,0.0,0.0,0
HCV,minority_E,"SWAN(w=50,k=1.0)",SWAN,0.0,0.0,0.0,0.0,0.0,0
HCV,minority_E,"SWAN(w=50,k=1.5)",SWAN,0.0,0.0,0.0,0.0,0.0,0
HCV,minority_E,"SWAN(w=50,k=2.0)",SWAN,0.0,0.0,0.0,0.0,0.0,0
HCV,minority_E,MutClust-Orig(g=10),MutClust-Orig,0.0,0.4367816091954023,0.27941176470588236,1.0,1.0,340
HCV,P*minority_E,Wavelet(t=1.0),Wavelet,0.10776942355889724,0.42105263157894735,0.32748538011695905,0.5894736842105263,1.1720529393659587,171
HCV,P*minority_E,Wavelet(t=1.5),Wavelet,0.0930823339886474,0.2620689655172414,0.38,0.2,1.3599999999999999,50
HCV,P*minority_E,Wavelet(t=2.0),Wavelet,-0.09666176304371064,0.0,0.0,0.0,0.0,8
HCV,P*minority_E,KDE(p=75),KDE,-0.3538761102946997,0.0,0.0,0.0,0.0,83
HCV,P*minority_E,KDE(p=80),KDE,-0.31134992453861954,0.0,0.0,0.0,0.0,68
HCV,P*minority_E,KDE(p=85),KDE,-0.2615862590970316,0.0,0.0,0.0,0.0,51
HCV,P*minority_E,SlidingTest(p=0.01),SlidingTest,-0.3027395017782123,0.0,0.0,0.0,0.0,65
HCV,P*minority_E,SlidingTest(p=0.05),SlidingTest,-0.3877551020408163,0.0,0.0,0.0,0.0,95
HCV,P*minority_E,GradPeak(p=0.2),GradPeak,0.040419819813480126,0.36134453781512604,0.3006993006993007,0.45263157894736844,1.076186970923813,143
HCV,P*minority_E,GradPeak(p=0.5),GradPeak,0.03167446742954599,0.3131313131313131,0.30097087378640774,0.3263157894736842,1.0771589167092488,103
HCV,P*minority_E,LocalContrast(z=1.0),LocalContrast,0.014379106807532111,0.26436781609195403,0.2911392405063291,0.24210526315789474,1.0419720186542305,79
HCV,P*minority_E,LocalContrast(z=1.5),LocalContrast,0.05953708671361074,0.16393442622950818,0.37037037037037035,0.10526315789473684,1.3255360623781676,27
HCV,P*minority_E,LocalContrast(z=2.0),LocalContrast,0.007987230638308718,0.05714285714285715,0.3,0.031578947368421054,1.0736842105263158,10
HCV,P*minority_E,"CUSUM(d=0.3,h=3.0)",CUSUM,-0.0960698847884047,0.3547400611620795,0.25,0.6105263157894737,0.8947368421052632,232
HCV,P*minority_E,"CUSUM(d=0.5,h=4.0)",CUSUM,0.20813052562356407,0.38509316770186336,0.4696969696969697,0.3263157894736842,1.6810207336523126,66
HCV,P*minority_E,"CUSUM(d=0.5,h=5.0)",CUSUM,0.2756892230576441,0.35114503816793896,0.6388888888888888,0.24210526315789474,2.286549707602339,36
HCV,P*minority_E,AdaptiveKnee,AdaptiveKnee,0.1616687059936856,0.3076923076923077,0.4583333333333333,0.23157894736842105,1.6403508771929824,48
HCV,P*minority_E,ScoreDBSCAN(ep=8),ScoreDBSCAN,0.0,0.0,0.0,0.0,0.0,0
HCV,P*minority_E,ScoreDBSCAN(ep=15),ScoreDBSCAN,0.0,0.0,0.0,0.0,0.0,0
HCV,P*minority_E,Spectral(z=1.5),Spectral,0.03432190757005704,0.07547169811320754,0.36363636363636365,0.042105263157894736,1.3014354066985645,11
HCV,P*minority_E,Spectral(z=2.0),Spectral,-0.05875224109930823,0.0,0.0,0.0,0.0,3
HCV,P*minority_E,Bayes(prior=0.1),Bayes,-0.023874456311870698,0.30493273542600896,0.265625,0.35789473684210527,0.950657894736842,128
HCV,P*minority_E,Bayes(prior=0.15),Bayes,-0.09315609901301117,0.3,0.23636363636363636,0.4105263157894737,0.845933014354067,165
HCV,P*minority_E,Ensemble(v>=2),Ensemble,0.08429930918316357,0.16806722689075632,0.4166666666666667,0.10526315789473684,1.4912280701754386,24
HCV,P*minority_E,Ensemble(v>=3),Ensemble,0.14019850403200995,0.16216216216216217,0.5625,0.09473684210526316,2.013157894736842,16
HCV,P*minority_E,AdaptWin(s=90),AdaptWin,-0.07947194142390263,0.37714285714285717,0.25882352941176473,0.6947368421052632,0.9263157894736843,255
HCV,P*minority_E,AdaptWin(s=85),AdaptWin,0.0,0.4367816091954023,0.27941176470588236,1.0,1.0,340
HCV,P*minority_E,FreqThresh(p=80),FreqThresh,0.14250445872464537,0.3473053892215569,0.4027777777777778,0.30526315789473685,1.4415204678362574,72
HCV,P*minority_E,FreqThresh(p=85),FreqThresh,0.1616687059936856,0.3076923076923077,0.4583333333333333,0.23157894736842105,1.6403508771929824,48
HCV,P*minority_E,FreqThresh(p=90),FreqThresh,0.08429930918316357,0.16806722689075632,0.4166666666666667,0.10526315789473684,1.4912280701754386,24
HCV,P*minority_E,FreqThresh(p=95),FreqThresh,0.08092924392642283,0.11111111111111112,0.46153846153846156,0.06315789473684211,1.6518218623481782,13
HCV,P*minority_E,"SWAN(w=10,k=1.0)",SWAN,0.0,0.0,0.0,0.0,0.0,0
HCV,P*minority_E,"SWAN(w=10,k=1.5)",SWAN,0.0,0.0,0.0,0.0,0.0,0
HCV,P*minority_E,"SWAN(w=10,k=2.0)",SWAN,0.0,0.0,0.0,0.0,0.0,0
HCV,P*minority_E,"SWAN(w=20,k=1.0)",SWAN,0.0,0.0,0.0,0.0,0.0,0
HCV,P*minority_E,"SWAN(w=20,k=1.5)",SWAN,0.0,0.0,0.0,0.0,0.0,0
HCV,P*minority_E,"SWAN(w=20,k=2.0)",SWAN,0.0,0.0,0.0,0.0,0.0,0
HCV,P*minority_E,"SWAN(w=50,k=1.0)",SWAN,0.0,0.0,0.0,0.0,0.0,0
HCV,P*minority_E,"SWAN(w=50,k=1.5)",SWAN,0.0,0.0,0.0,0.0,0.0,0
HCV,P*minority_E,"SWAN(w=50,k=2.0)",SWAN,0.0,0.0,0.0,0.0,0.0,0
HCV,P*minority_E,MutClust-Orig(g=10),MutClust-Orig,0.0,0.4367816091954023,0.27941176470588236,1.0,1.0,340
HCV,P*E,Wavelet(t=1.0),Wavelet,0.26756826304657766,0.5062240663900416,0.4178082191780822,0.6421052631578947,1.4953136265320837,146
HCV,P*E,Wavelet(t=1.5),Wavelet,0.07014987470412846,0.2550335570469799,0.35185185185185186,0.2,1.2592592592592593,54
HCV,P*E,Wavelet(t=2.0),Wavelet,0.06888754155601991,0.11009174311926605,0.42857142857142855,0.06315789473684211,1.5338345864661653,14
HCV,P*E,KDE(p=75),KDE,-0.3566961492042532,0.0,0.0,0.0,0.0,84
HCV,P*E,KDE(p=80),KDE,-0.31134992453861954,0.0,0.0,0.0,0.0,68
HCV,P*E,KDE(p=85),KDE,-0.2615862590970316,0.0,0.0,0.0,0.0,51
HCV,P*E,SlidingTest(p=0.01),SlidingTest,-0.2882540182005211,0.0,0.0,0.0,0.0,60
HCV,P*E,SlidingTest(p=0.05),SlidingTest,-0.34390510963072785,0.021621621621621623,0.022222222222222223,0.021052631578947368,0.07953216374269007,90
HCV,P*E,GradPeak(p=0.2),GradPeak,0.07789106828928098,0.4044943820224719,0.313953488372093,0.5684210526315789,1.1236230110159118,172
HCV,P*E,GradPeak(p=0.5),GradPeak,0.14508390769017734,0.40384615384615385,0.37168141592920356,0.4421052631578947,1.3302282254308337,113
HCV,P*E,LocalContrast(z=1.0),LocalContrast,0.13643155512266453,0.3333333333333333,0.40298507462686567,0.28421052631578947,1.4422623723487824,67
HCV,P*E,LocalContrast(z=1.5),LocalContrast,0.09103808514639301,0.21538461538461537,0.4,0.14736842105263157,1.431578947368421,35
HCV,P*E,LocalContrast(z=2.0),LocalContrast,0.0658898942232942,0.05940594059405941,0.5,0.031578947368421054,1.7894736842105263,6
HCV,P*E,"CUSUM(d=0.3,h=3.0)",CUSUM,0.15783946894078277,0.4594594594594595,0.3383084577114428,0.7157894736842105,1.210788164440953,201
HCV,P*E,"CUSUM(d=0.5,h=4.0)",CUSUM,0.16062314155080887,0.3150684931506849,0.45098039215686275,0.24210526315789474,1.6140350877192982,51
HCV,P*E,"CUSUM(d=0.5,h=5.0)",CUSUM,0.04826070736946163,0.12280701754385963,0.3684210526315789,0.07368421052631578,1.3185595567867034,19
HCV,P*E,AdaptiveKnee,AdaptiveKnee,0.23154733079031875,0.3758389261744966,0.5185185185185185,0.29473684210526313,1.8557504873294346,54
HCV,P*E,ScoreDBSCAN(ep=8),ScoreDBSCAN,0.0,0.0,0.0,0.0,0.0,0
HCV,P*E,ScoreDBSCAN(ep=15),ScoreDBSCAN,0.0,0.0,0.0,0.0,0.0,0
HCV,P*E,Spectral(z=1.5),Spectral,0.033068497883374695,0.05825242718446602,0.375,0.031578947368421054,1.3421052631578947,8
HCV,P*E,Spectral(z=2.0),Spectral,-0.05875224109930823,0.0,0.0,0.0,0.0,3
HCV,P*E,Bayes(prior=0.1),Bayes,0.0812957424290859,0.34196891191709844,0.336734693877551,0.3473684210526316,1.2051557465091298,98
HCV,P*E,Bayes(prior=0.15),Bayes,-0.06544634602559155,0.31249999999999994,0.2484472049689441,0.42105263157894735,0.8891794704151683,161
HCV,P*E,Ensemble(v>=2),Ensemble,0.20499296323548608,0.26229508196721313,0.5925925925925926,0.16842105263157894,2.120857699805068,27
HCV,P*E,Ensemble(v>=3),Ensemble,0.1610718943321161,0.2184873949579832,0.5416666666666666,0.1368421052631579,1.93859649122807,24
HCV,P*E,AdaptWin(s=90),AdaptWin,-0.2006969596246487,0.2809364548494983,0.20588235294117646,0.4421052631578947,0.7368421052631579,204
HCV,P*E,AdaptWin(s=85),AdaptWin,-0.12982162714476148,0.4,0.26129032258064516,0.8526315789473684,0.935144312393888,310
HCV,P*E,FreqThresh(p=80),FreqThresh,0.153048573292652,0.3515151515151515,0.4142857142857143,0.30526315789473685,1.4827067669172933,70
HCV,P*E,FreqThresh(p=85),FreqThresh,0.25965072112622695,0.3862068965517241,0.56,0.29473684210526313,2.0042105263157897,50
HCV,P*E,FreqThresh(p=90),FreqThresh,0.20499296323548608,0.26229508196721313,0.5925925925925926,0.16842105263157894,2.120857699805068,27
HCV,P*E,FreqThresh(p=95),FreqThresh,0.14231092906341142,0.11538461538461539,0.6666666666666666,0.06315789473684211,2.3859649122807016,9
HCV,P*E,"SWAN(w=10,k=1.0)",SWAN,0.0,0.0,0.0,0.0,0.0,0
HCV,P*E,"SWAN(w=10,k=1.5)",SWAN,0.0,0.0,0.0,0.0,0.0,0
HCV,P*E,"SWAN(w=10,k=2.0)",SWAN,0.0,0.0,0.0,0.0,0.0,0
HCV,P*E,"SWAN(w=20,k=1.0)",SWAN,0.0,0.0,0.0,0.0,0.0,0
HCV,P*E,"SWAN(w=20,k=1.5)",SWAN,0.0,0.0,0.0,0.0,0.0,0
HCV,P*E,"SWAN(w=20,k=2.0)",SWAN,0.0,0.0,0.0,0.0,0.0,0
HCV,P*E,"SWAN(w=50,k=1.0)",SWAN,0.0,0.0,0.0,0.0,0.0,0
HCV,P*E,"SWAN(w=50,k=1.5)",SWAN,0.0,0.0,0.0,0.0,0.0,0
HCV,P*E,"SWAN(w=50,k=2.0)",SWAN,0.0,0.0,0.0,0.0,0.0,0
HCV,P*E,MutClust-Orig(g=10),MutClust-Orig,0.0,0.4367816091954023,0.27941176470588236,1.0,1.0,340
HCV,H-score,Wavelet(t=1.0),Wavelet,0.3536653012115011,0.5609756097560976,0.45695364238410596,0.7263157894736842,1.6354130359010108,151
HCV,H-score,Wavelet(t=1.5),Wavelet,0.360367279425559,0.4583333333333333,0.673469387755102,0.3473684210526316,2.4103114930182596,49
HCV,H-score,Wavelet(t=2.0),Wavelet,-0.012537439673674829,0.05607476635514019,0.25,0.031578947368421054,0.8947368421052632,12
HCV,H-score,KDE(p=75),KDE,-0.3538761102946997,0.0,0.0,0.0,0.0,83
HCV,H-score,KDE(p=80),KDE,-0.31134992453861954,0.0,0.0,0.0,0.0,68
HCV,H-score,KDE(p=85),KDE,-0.2615862590970316,0.0,0.0,0.0,0.0,51
HCV,H-score,SlidingTest(p=0.01),SlidingTest,-0.3027395017782123,0.0,0.0,0.0,0.0,65
HCV,H-score,SlidingTest(p=0.05),SlidingTest,-0.34390510963072785,0.021621621621621623,0.022222222222222223,0.021052631578947368,0.07953216374269007,90
HCV,H-score,GradPeak(p=0.2),GradPeak,-0.02080730325641193,0.3175965665236052,0.26811594202898553,0.3894736842105263,0.9595728451563692,138
HCV,H-score,GradPeak(p=0.5),GradPeak,0.18199189014076883,0.35064935064935066,0.4576271186440678,0.28421052631578947,1.6378233719892952,59
HCV,H-score,LocalContrast(z=1.0),LocalContrast,0.13643155512266453,0.3333333333333333,0.40298507462686567,0.28421052631578947,1.4422623723487824,67
HCV,H-score,LocalContrast(z=1.5),LocalContrast,0.17156912387293288,0.22033898305084745,0.5652173913043478,0.1368421052631579,2.0228832951945077,23
HCV,H-score,LocalContrast(z=2.0),LocalContrast,0.0,0.0,0.0,0.0,0.0,0
HCV,H-score,"CUSUM(d=0.3,h=3.0)",CUSUM,0.17535920662577853,0.4713375796178343,0.3378995433789954,0.7789473684210526,1.209324681566931,219
HCV,H-score,"CUSUM(d=0.5,h=4.0)",CUSUM,0.3012156714342309,0.45679012345679015,0.5522388059701493,0.3894736842105263,1.97643362136685,67
HCV,H-score,"CUSUM(d=0.5,h=5.0)",CUSUM,0.2489484596249528,0.34328358208955223,0.5897435897435898,0.24210526315789474,2.1106612685560053,39
HCV,H-score,AdaptiveKnee,AdaptiveKnee,-0.2040512750035888,0.3980815347721823,0.2577639751552795,0.8736842105263158,0.9225237005557371,322
HCV,H-score,ScoreDBSCAN(ep=8),ScoreDBSCAN,0.0,0.0,0.0,0.0,0.0,0
HCV,H-score,ScoreDBSCAN(ep=15),ScoreDBSCAN,0.0,0.0,0.0,0.0,0.0,0
HCV,H-score,Spectral(z=1.5),Spectral,0.0481961526758203,0.05882352941176471,0.42857142857142855,0.031578947368421054,1.5338345864661653,7
HCV,H-score,Spectral(z=2.0),Spectral,-0.05875224109930823,0.0,0.0,0.0,0.0,3
HCV,H-score,Bayes(prior=0.1),Bayes,0.21660852938432765,0.37662337662337664,0.4915254237288136,0.30526315789473685,1.7591436217662801,59
HCV,H-score,Bayes(prior=0.15),Bayes,-0.07639098105355564,0.3088803088803089,0.24390243902439024,0.42105263157894735,0.8729139922978176,164
HCV,H-score,Ensemble(v>=2),Ensemble,0.20499296323548608,0.26229508196721313,0.5925925925925926,0.16842105263157894,2.120857699805068,27
HCV,H-score,Ensemble(v>=3),Ensemble,0.14231092906341142,0.11538461538461539,0.6666666666666666,0.06315789473684211,2.3859649122807016,9
HCV,H-score,AdaptWin(s=90),AdaptWin,0.0,0.4367816091954023,0.27941176470588236,1.0,1.0,340
HCV,H-score,AdaptWin(s=85),AdaptWin,0.0,0.4367816091954023,0.27941176470588236,1.0,1.0,340
HCV,H-score,FreqThresh(p=80),FreqThresh,0.153048573292652,0.3515151515151515,0.4142857142857143,0.30526315789473685,1.4827067669172933,70
HCV,H-score,FreqThresh(p=85),FreqThresh,0.25965072112622695,0.3862068965517241,0.56,0.29473684210526313,2.0042105263157897,50
HCV,H-score,FreqThresh(p=90),FreqThresh,0.20499296323548608,0.26229508196721313,0.5925925925925926,0.16842105263157894,2.120857699805068,27
HCV,H-score,FreqThresh(p=95),FreqThresh,0.14231092906341142,0.11538461538461539,0.6666666666666666,0.06315789473684211,2.3859649122807016,9
HCV,H-score,"SWAN(w=10,k=1.0)",SWAN,0.0,0.0,0.0,0.0,0.0,0
HCV,H-score,"SWAN(w=10,k=1.5)",SWAN,0.0,0.0,0.0,0.0,0.0,0
HCV,H-score,"SWAN(w=10,k=2.0)",SWAN,0.0,0.0,0.0,0.0,0.0,0
HCV,H-score,"SWAN(w=20,k=1.0)",SWAN,0.0,0.0,0.0,0.0,0.0,0
HCV,H-score,"SWAN(w=20,k=1.5)",SWAN,0.0,0.0,0.0,0.0,0.0,0
HCV,H-score,"SWAN(w=20,k=2.0)",SWAN,0.0,0.0,0.0,0.0,0.0,0
HCV,H-score,"SWAN(w=50,k=1.0)",SWAN,0.0,0.0,0.0,0.0,0.0,0
HCV,H-score,"SWAN(w=50,k=1.5)",SWAN,0.0,0.0,0.0,0.0,0.0,0
HCV,H-score,"SWAN(w=50,k=2.0)",SWAN,0.0,0.0,0.0,0.0,0.0,0
HCV,H-score,MutClust-Orig(g=10),MutClust-Orig,0.0,0.4367816091954023,0.27941176470588236,1.0,1.0,340
HCV,E_only,Wavelet(t=1.0),Wavelet,0.08608102130430531,0.39676113360323884,0.3223684210526316,0.5157894736842106,1.1537396121883656,152
HCV,E_only,Wavelet(t=1.5),Wavelet,0.18562032684285826,0.3310344827586207,0.48,0.25263157894736843,1.7178947368421051,50
HCV,E_only,Wavelet(t=2.0),Wavelet,-0.10268003742549939,0.0,0.0,0.0,0.0,9
HCV,E_only,KDE(p=75),KDE,-0.3595159254890833,0.0,0.0,0.0,0.0,85
HCV,E_only,KDE(p=80),KDE,-0.31134992453861954,0.0,0.0,0.0,0.0,68
HCV,E_only,KDE(p=85),KDE,-0.2615862590970316,0.0,0.0,0.0,0.0,51
HCV,E_only,SlidingTest(p=0.01),SlidingTest,-0.3027395017782123,0.0,0.0,0.0,0.0,65
HCV,E_only,SlidingTest(p=0.05),SlidingTest,-0.3878608711912093,0.02,0.01904761904761905,0.021052631578947368,0.06817042606516291,105
HCV,E_only,GradPeak(p=0.2),GradPeak,0.08797798458365373,0.38427947598253276,0.3283582089552239,0.4631578947368421,1.1751767478397486,134
HCV,E_only,GradPeak(p=0.5),GradPeak,0.09144844205258455,0.35051546391752575,0.3434343434343434,0.35789473684210527,1.2291334396597553,99
HCV,E_only,LocalContrast(z=1.0),LocalContrast,0.006162282222054463,0.273224043715847,0.2840909090909091,0.2631578947368421,1.0167464114832536,88
HCV,E_only,LocalContrast(z=1.5),LocalContrast,0.07571008597025888,0.16666666666666666,0.4,0.10526315789473684,1.431578947368421,25
HCV,E_only,LocalContrast(z=2.0),LocalContrast,-0.09028293388569154,0.0,0.0,0.0,0.0,7
HCV,E_only,"CUSUM(d=0.3,h=3.0)",CUSUM,-0.14725916057060812,0.34502923976608185,0.2388663967611336,0.6210526315789474,0.8548902620924782,247
HCV,E_only,"CUSUM(d=0.5,h=4.0)",CUSUM,0.11092107999698034,0.34972677595628415,0.36363636363636365,0.3368421052631579,1.3014354066985645,88
HCV,E_only,"CUSUM(d=0.5,h=5.0)",CUSUM,0.287553525936967,0.36363636363636365,0.6486486486486487,0.25263157894736843,2.321479374110953,37
HCV,E_only,AdaptiveKnee,AdaptiveKnee,-0.21225361776475113,0.38929440389294406,0.25316455696202533,0.8421052631578947,0.9060626249167222,316
HCV,E_only,ScoreDBSCAN(ep=8),ScoreDBSCAN,0.0,0.0,0.0,0.0,0.0,0
HCV,E_only,ScoreDBSCAN(ep=15),ScoreDBSCAN,0.0,0.0,0.0,0.0,0.0,0
HCV,E_only,Spectral(z=1.5),Spectral,0.033068497883374695,0.05825242718446602,0.375,0.031578947368421054,1.3421052631578947,8
HCV,E_only,Spectral(z=2.0),Spectral,-0.05875224109930823,0.0,0.0,0.0,0.0,3
HCV,E_only,Bayes(prior=0.1),Bayes,-0.05957981991404588,0.2752293577981651,0.24390243902439024,0.3157894736842105,0.8729139922978176,123
HCV,E_only,Bayes(prior=0.15),Bayes,-0.08221806475974196,0.3035019455252918,0.24074074074074073,0.4105263157894737,0.8615984405458089,162
HCV,E_only,Ensemble(v>=2),Ensemble,0.09326912103159439,0.1694915254237288,0.43478260869565216,0.10526315789473684,1.5560640732265445,23
HCV,E_only,Ensemble(v>=3),Ensemble,0.08092924392642283,0.11111111111111112,0.46153846153846156,0.06315789473684211,1.6518218623481782,13
HCV,E_only,AdaptWin(s=90),AdaptWin,0.0,0.4367816091954023,0.27941176470588236,1.0,1.0,340
HCV,E_only,AdaptWin(s=85),AdaptWin,0.0,0.4367816091954023,0.27941176470588236,1.0,1.0,340
HCV,E_only,FreqThresh(p=80),FreqThresh,0.009998760561047936,0.26285714285714284,0.2875,0.24210526315789474,1.0289473684210526,80
HCV,E_only,FreqThresh(p=85),FreqThresh,0.09244223013736425,0.2535211267605634,0.3829787234042553,0.18947368421052632,1.3706606942889137,47
HCV,E_only,FreqThresh(p=90),FreqThresh,0.09326912103159439,0.1694915254237288,0.43478260869565216,0.10526315789473684,1.5560640732265445,23
HCV,E_only,FreqThresh(p=95),FreqThresh,0.03432190757005704,0.07547169811320754,0.36363636363636365,0.042105263157894736,1.3014354066985645,11
HCV,E_only,"SWAN(w=10,k=1.0)",SWAN,0.0,0.0,0.0,0.0,0.0,0
HCV,E_only,"SWAN(w=10,k=1.5)",SWAN,0.0,0.0,0.0,0.0,0.0,0
HCV,E_only,"SWAN(w=10,k=2.0)",SWAN,0.0,0.0,0.0,0.0,0.0,0
HCV,E_only,"SWAN(w=20,k=1.0)",SWAN,0.0,0.0,0.0,0.0,0.0,0
HCV,E_only,"SWAN(w=20,k=1.5)",SWAN,0.0,0.0,0.0,0.0,0.0,0
HCV,E_only,"SWAN(w=20,k=2.0)",SWAN,0.0,0.0,0.0,0.0,0.0,0
HCV,E_only,"SWAN(w=50,k=1.0)",SWAN,0.0,0.0,0.0,0.0,0.0,0
HCV,E_only,"SWAN(w=50,k=1.5)",SWAN,0.0,0.0,0.0,0.0,0.0,0
HCV,E_only,"SWAN(w=50,k=2.0)",SWAN,0.0,0.0,0.0,0.0,0.0,0
HCV,E_only,MutClust-Orig(g=10),MutClust-Orig,0.0,0.4367816091954023,0.27941176470588236,1.0,1.0,340
HCV,P*E^2,Wavelet(t=1.0),Wavelet,0.21848894382750125,0.475,0.3931034482758621,0.6,1.4068965517241379,145
HCV,P*E^2,Wavelet(t=1.5),Wavelet,-0.005743583793527005,0.17266187050359713,0.2727272727272727,0.12631578947368421,0.9760765550239233,44
HCV,P*E^2,Wavelet(t=2.0),Wavelet,0.01972394127273649,0.10526315789473685,0.3157894736842105,0.06315789473684211,1.1301939058171744,19
HCV,P*E^2,KDE(p=75),KDE,-0.28382836222822366,0.05555555555555555,0.058823529411764705,0.05263157894736842,0.21052631578947367,85
HCV,P*E^2,KDE(p=80),KDE,-0.31134992453861954,0.0,0.0,0.0,0.0,68
HCV,P*E^2,KDE(p=85),KDE,-0.2645965567963437,0.0,0.0,0.0,0.0,52
HCV,P*E^2,SlidingTest(p=0.01),SlidingTest,-0.2882540182005211,0.0,0.0,0.0,0.0,60
HCV,P*E^2,SlidingTest(p=0.05),SlidingTest,-0.3027395017782123,0.0,0.0,0.0,0.0,65
HCV,P*E^2,GradPeak(p=0.2),GradPeak,0.05111048910651751,0.38461538461538464,0.30303030303030304,0.5263157894736842,1.0845295055821371,165
HCV,P*E^2,GradPeak(p=0.5),GradPeak,0.05944939201360325,0.3490566037735849,0.3162393162393162,0.3894736842105263,1.131803868645974,117
HCV,P*E^2,LocalContrast(z=1.0),LocalContrast,0.0755508933762352,0.28571428571428575,0.3484848484848485,0.24210526315789474,1.2472089314194579,66
HCV,P*E^2,LocalContrast(z=1.5),LocalContrast,0.030472386295770232,0.15873015873015872,0.3225806451612903,0.10526315789473684,1.1544991511035654,31
HCV,P*E^2,LocalContrast(z=2.0),LocalContrast,0.007987230638308718,0.05714285714285715,0.3,0.031578947368421054,1.0736842105263158,10
HCV,P*E^2,"CUSUM(d=0.3,h=3.0)",CUSUM,0.07180507319333394,0.41496598639455784,0.3065326633165829,0.6421052631578947,1.097064268711981,199
HCV,P*E^2,"CUSUM(d=0.5,h=4.0)",CUSUM,0.08395989974937343,0.21374045801526717,0.3888888888888889,0.14736842105263157,1.391812865497076,36
HCV,P*E^2,"CUSUM(d=0.5,h=5.0)",CUSUM,0.012566652783606028,0.07407407407407407,0.3076923076923077,0.042105263157894736,1.1012145748987854,13
HCV,P*E^2,AdaptiveKnee,AdaptiveKnee,0.23154733079031875,0.3758389261744966,0.5185185185185185,0.29473684210526313,1.8557504873294346,54
HCV,P*E^2,ScoreDBSCAN(ep=8),ScoreDBSCAN,0.0,0.0,0.0,0.0,0.0,0
HCV,P*E^2,ScoreDBSCAN(ep=15),ScoreDBSCAN,0.0,0.0,0.0,0.0,0.0,0
HCV,P*E^2,Spectral(z=1.5),Spectral,0.03432190757005704,0.07547169811320754,0.36363636363636365,0.042105263157894736,1.3014354066985645,11
HCV,P*E^2,Spectral(z=2.0),Spectral,-0.06794212365795299,0.0,0.0,0.0,0.0,4
HCV,P*E^2,Bayes(prior=0.1),Bayes,-0.05351918923323966,0.2943722943722944,0.25,0.35789473684210527,0.8947368421052632,136
HCV,P*E^2,Bayes(prior=0.15),Bayes,-0.11297095392312904,0.27888446215139445,0.22435897435897437,0.3684210526315789,0.8029689608636977,156
HCV,P*E^2,Ensemble(v>=2),Ensemble,0.08429930918316357,0.16806722689075632,0.4166666666666667,0.10526315789473684,1.4912280701754386,24
HCV,P*E^2,Ensemble(v>=3),Ensemble,0.09504366117494702,0.1565217391304348,0.45,0.09473684210526316,1.6105263157894736,20
HCV,P*E^2,AdaptWin(s=90),AdaptWin,0.012020900209806156,0.3142857142857143,0.28695652173913044,0.3473684210526316,1.0270022883295196,115
HCV,P*E^2,AdaptWin(s=85),AdaptWin,-0.10299446031726542,0.35542168674698804,0.2489451476793249,0.6210526315789474,0.8909615811681102,237
HCV,P*E^2,FreqThresh(p=80),FreqThresh,0.2073156445045488,0.3902439024390244,0.463768115942029,0.3368421052631579,1.6598016781083142,69
HCV,P*E^2,FreqThresh(p=85),FreqThresh,0.2902751132480055,0.39716312056737585,0.6086956521739131,0.29473684210526313,2.1784897025171626,46
HCV,P*E^2,FreqThresh(p=90),FreqThresh,0.08429930918316357,0.16806722689075632,0.4166666666666667,0.10526315789473684,1.4912280701754386,24
HCV,P*E^2,FreqThresh(p=95),FreqThresh,0.14231092906341142,0.11538461538461539,0.6666666666666666,0.06315789473684211,2.3859649122807016,9
HCV,P*E^2,"SWAN(w=10,k=1.0)",SWAN,-0.1083981300913326,0.0,0.0,0.0,0.0,10
HCV,P*E^2,"SWAN(w=10,k=1.5)",SWAN,0.0,0.0,0.0,0.0,0.0,0
HCV,P*E^2,"SWAN(w=10,k=2.0)",SWAN,0.0,0.0,0.0,0.0,0.0,0
HCV,P*E^2,"SWAN(w=20,k=1.0)",SWAN,0.0,0.0,0.0,0.0,0.0,0
HCV,P*E^2,"SWAN(w=20,k=1.5)",SWAN,0.0,0.0,0.0,0.0,0.0,0
HCV,P*E^2,"SWAN(w=20,k=2.0)",SWAN,0.0,0.0,0.0,0.0,0.0,0
HCV,P*E^2,"SWAN(w=50,k=1.0)",SWAN,0.0,0.0,0.0,0.0,0.0,0
HCV,P*E^2,"SWAN(w=50,k=1.5)",SWAN,0.0,0.0,0.0,0.0,0.0,0
HCV,P*E^2,"SWAN(w=50,k=2.0)",SWAN,0.0,0.0,0.0,0.0,0.0,0
HCV,P*E^2,MutClust-Orig(g=10),MutClust-Orig,0.0,0.4367816091954023,0.27941176470588236,1.0,1.0,340
HCV,rank(P*E),Wavelet(t=1.0),Wavelet,0.15603164410253836,0.4461538461538462,0.3515151515151515,0.6105263157894737,1.258054226475279,165
HCV,rank(P*E),Wavelet(t=1.5),Wavelet,0.16667144745242893,0.2835820895522388,0.48717948717948717,0.2,1.7435897435897436,39
HCV,rank(P*E),Wavelet(t=2.0),Wavelet,0.08092924392642283,0.11111111111111112,0.46153846153846156,0.06315789473684211,1.6518218623481782,13
HCV,rank(P*E),KDE(p=75),KDE,-0.2686908495760517,0.06666666666666667,0.07058823529411765,0.06315789473684211,0.25263157894736843,85
HCV,rank(P*E),KDE(p=80),KDE,-0.31134992453861954,0.0,0.0,0.0,0.0,68
HCV,rank(P*E),KDE(p=85),KDE,-0.2615862590970316,0.0,0.0,0.0,0.0,51
HCV,rank(P*E),SlidingTest(p=0.01),SlidingTest,-0.2882540182005211,0.0,0.0,0.0,0.0,60
HCV,rank(P*E),SlidingTest(p=0.05),SlidingTest,-0.3027395017782123,0.0,0.0,0.0,0.0,65
HCV,rank(P*E),GradPeak(p=0.2),GradPeak,-0.10262626747598888,0.29343629343629346,0.23170731707317074,0.4,0.8292682926829269,164
HCV,rank(P*E),GradPeak(p=0.5),GradPeak,0.0020418249871938664,0.30622009569377995,0.2807017543859649,0.3368421052631579,1.0046168051708217,114
HCV,rank(P*E),LocalContrast(z=1.0),LocalContrast,0.1872128906146659,0.41666666666666663,0.41237113402061853,0.42105263157894735,1.475854584915898,97
HCV,rank(P*E),LocalContrast(z=1.5),LocalContrast,0.027591774302705426,0.19999999999999996,0.3111111111111111,0.14736842105263157,1.1134502923976608,45
HCV,rank(P*E),LocalContrast(z=2.0),LocalContrast,0.1515189375719002,0.061224489795918366,1.0,0.031578947368421054,3.5789473684210527,3
HCV,rank(P*E),"CUSUM(d=0.3,h=3.0)",CUSUM,0.10646837561065615,0.44574780058651037,0.3089430894308943,0.8,1.1056910569105691,246
HCV,rank(P*E),"CUSUM(d=0.5,h=4.0)",CUSUM,0.24694853363279448,0.39473684210526316,0.5263157894736842,0.3157894736842105,1.8836565096952906,57
HCV,rank(P*E),"CUSUM(d=0.5,h=5.0)",CUSUM,0.26343534119738615,0.2857142857142857,0.7083333333333334,0.17894736842105263,2.5350877192982457,24
HCV,rank(P*E),AdaptiveKnee,AdaptiveKnee,0.0,0.0,0.0,0.0,0.0,0
HCV,rank(P*E),ScoreDBSCAN(ep=8),ScoreDBSCAN,-0.19619314913492367,0.41860465116279066,0.26865671641791045,0.9473684210526315,0.9615082482325216,335
HCV,rank(P*E),ScoreDBSCAN(ep=15),ScoreDBSCAN,0.0,0.0,0.0,0.0,0.0,0
HCV,rank(P*E),Spectral(z=1.5),Spectral,0.058508051810482534,0.09345794392523364,0.4166666666666667,0.05263157894736842,1.4912280701754386,12
HCV,rank(P*E),Spectral(z=2.0),Spectral,0.0658898942232942,0.05940594059405941,0.5,0.031578947368421054,1.7894736842105263,6
HCV,rank(P*E),Bayes(prior=0.1),Bayes,-0.09621536195817534,0.30597014925373134,0.23699421965317918,0.43157894736842106,0.8481898387587465,173
HCV,rank(P*E),Bayes(prior=0.15),Bayes,-0.12391892865728465,0.31399317406143346,0.23232323232323232,0.4842105263157895,0.8314726209463051,198
HCV,rank(P*E),Ensemble(v>=2),Ensemble,0.20499296323548608,0.26229508196721313,0.5925925925925926,0.16842105263157894,2.120857699805068,27
HCV,rank(P*E),Ensemble(v>=3),Ensemble,0.20059903477879726,0.16822429906542058,0.75,0.09473684210526316,2.6842105263157894,12
HCV,rank(P*E),AdaptWin(s=90),AdaptWin,0.17134819037357146,0.39784946236559143,0.4065934065934066,0.3894736842105263,1.4551764025448235,91
HCV,rank(P*E),AdaptWin(s=85),AdaptWin,0.03124003457704364,0.379182156133829,0.29310344827586204,0.5368421052631579,1.0490018148820326,174
HCV,rank(P*E),FreqThresh(p=80),FreqThresh,0.153048573292652,0.3515151515151515,0.4142857142857143,0.30526315789473685,1.4827067669172933,70
HCV,rank(P*E),FreqThresh(p=85),FreqThresh,0.25965072112622695,0.3862068965517241,0.56,0.29473684210526313,2.0042105263157897,50
HCV,rank(P*E),FreqThresh(p=90),FreqThresh,0.20499296323548608,0.26229508196721313,0.5925925925925926,0.16842105263157894,2.120857699805068,27
HCV,rank(P*E),FreqThresh(p=95),FreqThresh,0.14231092906341142,0.11538461538461539,0.6666666666666666,0.06315789473684211,2.3859649122807016,9
HCV,rank(P*E),"SWAN(w=10,k=1.0)",SWAN,0.0,0.0,0.0,0.0,0.0,0
HCV,rank(P*E),"SWAN(w=10,k=1.5)",SWAN,0.0,0.0,0.0,0.0,0.0,0
HCV,rank(P*E),"SWAN(w=10,k=2.0)",SWAN,0.0,0.0,0.0,0.0,0.0,0
HCV,rank(P*E),"SWAN(w=20,k=1.0)",SWAN,0.0,0.0,0.0,0.0,0.0,0
HCV,rank(P*E),"SWAN(w=20,k=1.5)",SWAN,0.0,0.0,0.0,0.0,0.0,0
HCV,rank(P*E),"SWAN(w=20,k=2.0)",SWAN,0.0,0.0,0.0,0.0,0.0,0
HCV,rank(P*E),"SWAN(w=50,k=1.0)",SWAN,0.0,0.0,0.0,0.0,0.0,0
HCV,rank(P*E),"SWAN(w=50,k=1.5)",SWAN,0.0,0.0,0.0,0.0,0.0,0
HCV,rank(P*E),"SWAN(w=50,k=2.0)",SWAN,0.0,0.0,0.0,0.0,0.0,0
HCV,rank(P*E),MutClust-Orig(g=10),MutClust-Orig,0.0,0.4367816091954023,0.27941176470588236,1.0,1.0,340
