pathogen,score,detector,family,n_sequences,n_unique,seq_length,gt_adaptive_size,gt_constrained_size,gt_dms_size,mcc_adaptive,f1_adaptive,precision_adaptive,recall_adaptive,enrichment_adaptive,constrained_fpr,dms_f1,composite_score,n_detected
SARS-CoV-2,E*rare,Wavelet(t=1.0),Wavelet,4982,753,1259,25,154,252,0.0939,0.0889,0.05,0.4,2.518,0.0195,0.1637,0.083,200
SARS-CoV-2,E*rare,Wavelet(t=1.5),Wavelet,4982,753,1259,25,154,252,0.0861,0.0976,0.0612,0.24,3.0833,0.0195,0.1029,0.0917,98
SARS-CoV-2,E*rare,Wavelet(t=2.0),Wavelet,4982,753,1259,25,154,252,0.0942,0.1099,0.0758,0.2,3.8152,0.013,0.0881,0.106,66
SARS-CoV-2,E*rare,KDE(p=75),KDE,4982,753,1259,25,154,252,-0.0559,0.0118,0.0063,0.08,0.3197,0.2013,0.2928,-0.0486,315
SARS-CoV-2,E*rare,KDE(p=80),KDE,4982,753,1259,25,154,252,-0.0427,0.0144,0.0079,0.08,0.3997,0.1169,0.2817,-0.0206,252
SARS-CoV-2,E*rare,KDE(p=85),KDE,4982,753,1259,25,154,252,-0.0439,0.0093,0.0053,0.04,0.2665,0.1169,0.2268,-0.0257,189
SARS-CoV-2,E*rare,SlidingTest(p=0.01),SlidingTest,4982,753,1259,25,154,252,-0.0572,0.0,0.0,0.0,0.0,0.2078,0.2436,-0.0623,175
SARS-CoV-2,E*rare,SlidingTest(p=0.05),SlidingTest,4982,753,1259,25,154,252,-0.071,0.0057,0.0031,0.04,0.155,0.4156,0.2461,-0.119,325
SARS-CoV-2,E*rare,GradPeak(p=0.2),GradPeak,4982,753,1259,25,154,252,0.0329,0.0505,0.027,0.4,1.3574,0.3506,0.2087,-0.0547,371
SARS-CoV-2,E*rare,GradPeak(p=0.5),GradPeak,4982,753,1259,25,154,252,0.068,0.0778,0.0452,0.28,2.2743,0.1234,0.0737,0.0408,155
SARS-CoV-2,E*rare,LocalContrast(z=1.0),LocalContrast,4982,753,1259,25,154,252,0.035,0.0588,0.039,0.12,1.9621,0.0455,0.0669,0.0452,77
SARS-CoV-2,E*rare,LocalContrast(z=1.5),LocalContrast,4982,753,1259,25,154,252,0.0418,0.0526,0.0769,0.04,3.8738,0.0,0.0,0.0526,13
SARS-CoV-2,E*rare,LocalContrast(z=2.0),LocalContrast,4982,753,1259,25,154,252,0.0555,0.0588,0.1111,0.04,5.5956,0.0,0.0,0.0588,9
SARS-CoV-2,E*rare,"CUSUM(d=0.3,h=3.0)",CUSUM,4982,753,1259,25,154,252,0.0633,0.0671,0.0366,0.4,1.8447,0.026,0.1219,0.0593,273
SARS-CoV-2,E*rare,"CUSUM(d=0.5,h=4.0)",CUSUM,4982,753,1259,25,154,252,0.1184,0.1304,0.0896,0.24,4.5099,0.013,0.0564,0.1265,67
SARS-CoV-2,E*rare,"CUSUM(d=0.5,h=5.0)",CUSUM,4982,753,1259,25,154,252,0.0751,0.0941,0.0667,0.16,3.3573,0.013,0.0513,0.0902,60
SARS-CoV-2,E*rare,AdaptiveKnee,AdaptiveKnee,4982,753,1259,25,154,252,0.1155,0.1143,0.2,0.08,10.072,0.0,0.0,0.1143,10
SARS-CoV-2,E*rare,Spectral(z=1.5),Spectral,4982,753,1259,25,154,252,0.0575,0.0769,0.0741,0.08,3.7304,0.0,0.0072,0.0769,27
SARS-CoV-2,E*rare,Spectral(z=2.0),Spectral,4982,753,1259,25,154,252,0.0679,0.0851,0.0909,0.08,4.5782,0.0,0.0073,0.0851,22
SARS-CoV-2,E*rare,Bayes(prior=0.1),Bayes,4982,753,1259,25,154,252,0.0634,0.0816,0.0833,0.08,4.1967,0.0195,0.0,0.0758,24
SARS-CoV-2,E*rare,Bayes(prior=0.15),Bayes,4982,753,1259,25,154,252,0.0541,0.0741,0.069,0.08,3.4731,0.0195,0.0071,0.0682,29
SARS-CoV-2,E*rare,Ensemble(v>=2),Ensemble,4982,753,1259,25,154,252,0.0758,0.0909,0.1053,0.08,5.3011,0.0195,0.0,0.0851,19
SARS-CoV-2,E*rare,Ensemble(v>=3),Ensemble,4982,753,1259,25,154,252,0.1098,0.0714,0.3333,0.04,16.7867,0.0,0.0,0.0714,3
SARS-CoV-2,E*rare,AdaptWin(s=90),AdaptWin,4982,753,1259,25,154,252,-0.0463,0.0241,0.0126,0.28,0.634,0.4351,0.2673,-0.1064,556
SARS-CoV-2,E*rare,AdaptWin(s=85),AdaptWin,4982,753,1259,25,154,252,-0.0302,0.0302,0.0157,0.4,0.7906,0.5584,0.2835,-0.1373,637
SARS-CoV-2,E*rare,FreqThresh(p=80),FreqThresh,4982,753,1259,25,154,252,-0.0445,0.014,0.0077,0.08,0.3874,0.2597,0.2188,-0.0639,260
SARS-CoV-2,E*rare,FreqThresh(p=85),FreqThresh,4982,753,1259,25,154,252,-0.0253,0.0196,0.0112,0.08,0.5627,0.1753,0.1763,-0.033,179
SARS-CoV-2,E*rare,FreqThresh(p=90),FreqThresh,4982,753,1259,25,154,252,-0.0045,0.0292,0.0179,0.08,0.8993,0.1494,0.0604,-0.0156,112
SARS-CoV-2,E*rare,FreqThresh(p=95),FreqThresh,4982,753,1259,25,154,252,0.0758,0.0909,0.1053,0.08,5.3011,0.0195,0.0,0.0851,19
SARS-CoV-2,E*rare,"SWAN(w=10,k=1.0)",SWAN,4982,753,1259,25,154,252,0.0673,0.0882,0.0698,0.12,3.5135,0.0065,0.0475,0.0863,43
SARS-CoV-2,E*rare,"SWAN(w=10,k=1.5)",SWAN,4982,753,1259,25,154,252,0.0123,0.0345,0.0303,0.04,1.5261,0.0,0.0421,0.0345,33
SARS-CoV-2,E*rare,"SWAN(w=10,k=2.0)",SWAN,4982,753,1259,25,154,252,0.0291,0.0455,0.0526,0.04,2.6505,0.0,0.0369,0.0455,19
SARS-CoV-2,E*rare,"SWAN(w=20,k=1.0)",SWAN,4982,753,1259,25,154,252,0.0151,0.0364,0.0333,0.04,1.6787,0.0,0.0426,0.0364,30
SARS-CoV-2,P*E*rare,Wavelet(t=1.0),Wavelet,4982,753,1259,25,154,252,0.0146,0.0417,0.0282,0.08,1.4186,0.0,0.1115,0.0417,71
SARS-CoV-2,P*E*rare,Wavelet(t=1.5),Wavelet,4982,753,1259,25,154,252,-0.0004,0.0263,0.0196,0.04,0.9875,0.0,0.1056,0.0263,51
SARS-CoV-2,P*E*rare,Wavelet(t=2.0),Wavelet,4982,753,1259,25,154,252,0.002,0.0278,0.0213,0.04,1.0715,0.0,0.1003,0.0278,47
SARS-CoV-2,P*E*rare,KDE(p=75),KDE,4982,753,1259,25,154,252,-0.0034,0.0353,0.019,0.24,0.9592,0.1039,0.2222,0.0041,315
SARS-CoV-2,P*E*rare,KDE(p=80),KDE,4982,753,1259,25,154,252,0.0142,0.0433,0.0238,0.24,1.199,0.0065,0.2341,0.0414,252
SARS-CoV-2,P*E*rare,KDE(p=85),KDE,4982,753,1259,25,154,252,0.0358,0.0561,0.0317,0.24,1.5987,0.0065,0.2268,0.0541,189
SARS-CoV-2,P*E*rare,GradPeak(p=0.2),GradPeak,4982,753,1259,25,154,252,0.0347,0.0488,0.0625,0.04,3.1475,0.0,0.0149,0.0488,16
SARS-CoV-2,P*E*rare,GradPeak(p=0.5),GradPeak,4982,753,1259,25,154,252,0.0446,0.0541,0.0833,0.04,4.1967,0.0,0.0152,0.0541,12
SARS-CoV-2,P*E*rare,LocalContrast(z=1.0),LocalContrast,4982,753,1259,25,154,252,0.0076,0.0367,0.0238,0.08,1.199,0.0584,0.1012,0.0192,84
SARS-CoV-2,P*E*rare,LocalContrast(z=1.5),LocalContrast,4982,753,1259,25,154,252,0.0275,0.0444,0.05,0.04,2.518,0.0,0.0,0.0444,20
SARS-CoV-2,P*E*rare,LocalContrast(z=2.0),LocalContrast,4982,753,1259,25,154,252,0.0555,0.0588,0.1111,0.04,5.5956,0.0,0.0,0.0588,9
SARS-CoV-2,P*E*rare,"CUSUM(d=0.3,h=3.0)",CUSUM,4982,753,1259,25,154,252,0.0224,0.0488,0.0306,0.12,1.5416,0.0,0.1143,0.0488,98
SARS-CoV-2,P*E*rare,"CUSUM(d=0.5,h=4.0)",CUSUM,4982,753,1259,25,154,252,0.0223,0.0476,0.0339,0.08,1.7071,0.0,0.1029,0.0476,59
SARS-CoV-2,P*E*rare,"CUSUM(d=0.5,h=5.0)",CUSUM,4982,753,1259,25,154,252,0.0238,0.0488,0.0351,0.08,1.767,0.0,0.0971,0.0488,57
SARS-CoV-2,P*E*rare,AdaptiveKnee,AdaptiveKnee,4982,753,1259,25,154,252,0.1098,0.0714,0.3333,0.04,16.7867,0.0,0.0,0.0714,3
SARS-CoV-2,P*E*rare,Spectral(z=1.5),Spectral,4982,753,1259,25,154,252,0.0815,0.0667,0.2,0.04,10.072,0.0,0.0078,0.0667,5
SARS-CoV-2,P*E*rare,Spectral(z=2.0),Spectral,4982,753,1259,25,154,252,0.0815,0.0667,0.2,0.04,10.072,0.0,0.0078,0.0667,5
SARS-CoV-2,P*E*rare,Bayes(prior=0.1),Bayes,4982,753,1259,25,154,252,0.0634,0.0816,0.0833,0.08,4.1967,0.0195,0.0,0.0758,24
SARS-CoV-2,P*E*rare,Bayes(prior=0.15),Bayes,4982,753,1259,25,154,252,0.0634,0.0816,0.0833,0.08,4.1967,0.0195,0.0,0.0758,24
SARS-CoV-2,P*E*rare,Ensemble(v>=2),Ensemble,4982,753,1259,25,154,252,0.0758,0.0909,0.1053,0.08,5.3011,0.0195,0.0,0.0851,19
SARS-CoV-2,P*E*rare,AdaptWin(s=90),AdaptWin,4982,753,1259,25,154,252,-0.0665,0.0156,0.0082,0.16,0.4128,0.3831,0.2622,-0.0993,488
SARS-CoV-2,P*E*rare,AdaptWin(s=85),AdaptWin,4982,753,1259,25,154,252,-0.0472,0.0239,0.0125,0.28,0.6295,0.4805,0.2783,-0.1202,560
SARS-CoV-2,P*E*rare,FreqThresh(p=80),FreqThresh,4982,753,1259,25,154,252,-0.0445,0.014,0.0077,0.08,0.3874,0.2597,0.2188,-0.0639,260
SARS-CoV-2,P*E*rare,FreqThresh(p=85),FreqThresh,4982,753,1259,25,154,252,-0.0267,0.0191,0.0109,0.08,0.5474,0.1753,0.1743,-0.0335,184
SARS-CoV-2,P*E*rare,FreqThresh(p=90),FreqThresh,4982,753,1259,25,154,252,-0.0063,0.0282,0.0171,0.08,0.8609,0.1494,0.0596,-0.0166,117
SARS-CoV-2,P*E*rare,FreqThresh(p=95),FreqThresh,4982,753,1259,25,154,252,0.0758,0.0909,0.1053,0.08,5.3011,0.0195,0.0,0.0851,19
SARS-CoV-2,P*E*rare,"SWAN(w=10,k=1.0)",SWAN,4982,753,1259,25,154,252,0.0291,0.0455,0.0526,0.04,2.6505,0.0,0.0369,0.0455,19
SARS-CoV-2,P*E*rare,"SWAN(w=10,k=1.5)",SWAN,4982,753,1259,25,154,252,0.0291,0.0455,0.0526,0.04,2.6505,0.0,0.0369,0.0455,19
SARS-CoV-2,P*E*rare,"SWAN(w=10,k=2.0)",SWAN,4982,753,1259,25,154,252,0.0291,0.0455,0.0526,0.04,2.6505,0.0,0.0369,0.0455,19
SARS-CoV-2,P*E*rare,"SWAN(w=20,k=1.0)",SWAN,4982,753,1259,25,154,252,0.0074,0.0312,0.0256,0.04,1.2913,0.0,0.0893,0.0312,39
SARS-CoV-2,P*E*rare,"SWAN(w=20,k=1.5)",SWAN,4982,753,1259,25,154,252,0.0074,0.0312,0.0256,0.04,1.2913,0.0,0.0893,0.0312,39
SARS-CoV-2,minority_E,Wavelet(t=1.0),Wavelet,4982,753,1259,25,154,252,-0.0149,0.0331,0.0174,0.36,0.875,0.2987,0.2545,-0.0565,518
SARS-CoV-2,minority_E,Wavelet(t=1.5),Wavelet,4982,753,1259,25,154,252,-0.0307,0.0178,0.01,0.08,0.5036,0.0519,0.1549,0.0022,200
SARS-CoV-2,minority_E,Wavelet(t=2.0),Wavelet,4982,753,1259,25,154,252,-0.0332,0.0,0.0,0.0,0.0,0.0,0.0379,0.0,65
SARS-CoV-2,minority_E,KDE(p=75),KDE,4982,753,1259,25,154,252,-0.0822,0.0,0.0,0.0,0.0,0.4026,0.2257,-0.1208,315
SARS-CoV-2,minority_E,KDE(p=80),KDE,4982,753,1259,25,154,252,-0.0712,0.0,0.0,0.0,0.0,0.1948,0.2421,-0.0584,252
SARS-CoV-2,minority_E,KDE(p=85),KDE,4982,753,1259,25,154,252,-0.0598,0.0,0.0,0.0,0.0,0.1169,0.1995,-0.0351,189
SARS-CoV-2,minority_E,SlidingTest(p=0.01),SlidingTest,4982,753,1259,25,154,252,-0.0901,0.0,0.0,0.0,0.0,0.513,0.2549,-0.1539,360
SARS-CoV-2,minority_E,SlidingTest(p=0.05),SlidingTest,4982,753,1259,25,154,252,-0.1025,0.0,0.0,0.0,0.0,0.5455,0.2698,-0.1636,430
SARS-CoV-2,minority_E,GradPeak(p=0.2),GradPeak,4982,753,1259,25,154,252,0.0373,0.0474,0.0246,0.68,1.2372,0.474,0.2839,-0.0948,692
SARS-CoV-2,minority_E,GradPeak(p=0.5),GradPeak,4982,753,1259,25,154,252,-0.0022,0.0366,0.0194,0.32,0.9779,0.2403,0.1898,-0.0355,412
SARS-CoV-2,minority_E,LocalContrast(z=1.0),LocalContrast,4982,753,1259,25,154,252,-0.0082,0.0326,0.0177,0.2,0.8929,0.2338,0.1798,-0.0376,282
SARS-CoV-2,minority_E,LocalContrast(z=1.5),LocalContrast,4982,753,1259,25,154,252,0.0679,0.0851,0.0909,0.08,4.5782,0.026,0.0,0.0773,22
SARS-CoV-2,minority_E,"CUSUM(d=0.3,h=3.0)",CUSUM,4982,753,1259,25,154,252,0.0277,0.0413,0.0211,0.96,1.0639,0.8961,0.3458,-0.2275,1136
SARS-CoV-2,minority_E,"CUSUM(d=0.5,h=4.0)",CUSUM,4982,753,1259,25,154,252,0.052,0.0564,0.0298,0.52,1.5016,0.0974,0.2529,0.0272,436
SARS-CoV-2,minority_E,"CUSUM(d=0.5,h=5.0)",CUSUM,4982,753,1259,25,154,252,0.0358,0.0528,0.0285,0.36,1.4343,0.0325,0.2218,0.043,316
SARS-CoV-2,minority_E,AdaptiveKnee,AdaptiveKnee,4982,753,1259,25,154,252,0.019,0.0396,0.0202,1.0,1.0178,1.0,0.3358,-0.2604,1237
SARS-CoV-2,minority_E,ScoreDBSCAN(ep=8),ScoreDBSCAN,4982,753,1259,25,154,252,0.0,0.0389,0.0199,1.0,1.0,1.0,0.3336,-0.2611,1259
SARS-CoV-2,minority_E,ScoreDBSCAN(ep=15),ScoreDBSCAN,4982,753,1259,25,154,252,0.0,0.0389,0.0199,1.0,1.0,1.0,0.3336,-0.2611,1259
SARS-CoV-2,minority_E,Spectral(z=1.5),Spectral,4982,753,1259,25,154,252,0.0082,0.0317,0.0263,0.04,1.3253,0.0195,0.0276,0.0259,38
SARS-CoV-2,minority_E,Spectral(z=2.0),Spectral,4982,753,1259,25,154,252,-0.008,0.0,0.0,0.0,0.0,0.0,0.0,0.0,4
SARS-CoV-2,minority_E,Bayes(prior=0.1),Bayes,4982,753,1259,25,154,252,-0.0688,0.0099,0.0053,0.08,0.2651,0.4221,0.2468,-0.1167,380
SARS-CoV-2,minority_E,Bayes(prior=0.15),Bayes,4982,753,1259,25,154,252,-0.082,0.0113,0.0059,0.12,0.298,0.5584,0.2477,-0.1563,507
SARS-CoV-2,minority_E,Ensemble(v>=2),Ensemble,4982,753,1259,25,154,252,-0.0468,0.0135,0.0074,0.08,0.3717,0.2338,0.1989,-0.0566,271
SARS-CoV-2,minority_E,Ensemble(v>=3),Ensemble,4982,753,1259,25,154,252,-0.0051,0.0235,0.0167,0.04,0.8393,0.0519,0.0513,0.0079,60
SARS-CoV-2,minority_E,AdaptWin(s=90),AdaptWin,4982,753,1259,25,154,252,-0.0649,0.0248,0.0128,0.4,0.644,0.7078,0.2785,-0.1876,782
SARS-CoV-2,minority_E,AdaptWin(s=85),AdaptWin,4982,753,1259,25,154,252,-0.0961,0.0231,0.0119,0.44,0.5969,0.9545,0.2983,-0.2633,928
SARS-CoV-2,minority_E,FreqThresh(p=80),FreqThresh,4982,753,1259,25,154,252,-0.0682,0.01,0.0053,0.08,0.2672,0.4221,0.248,-0.1167,377
SARS-CoV-2,minority_E,FreqThresh(p=85),FreqThresh,4982,753,1259,25,154,252,-0.0468,0.0135,0.0074,0.08,0.3717,0.2338,0.1989,-0.0566,271
SARS-CoV-2,minority_E,FreqThresh(p=90),FreqThresh,4982,753,1259,25,154,252,-0.0468,0.0135,0.0074,0.08,0.3717,0.2338,0.1989,-0.0566,271
SARS-CoV-2,minority_E,FreqThresh(p=95),FreqThresh,4982,753,1259,25,154,252,-0.0051,0.0235,0.0167,0.04,0.8393,0.0519,0.0513,0.0079,60
SARS-CoV-2,minority_E,"SWAN(w=10,k=1.0)",SWAN,4982,753,1259,25,154,252,-0.0134,0.0,0.0,0.0,0.0,0.0,0.0076,0.0,11
SARS-CoV-2,minority_E,MutClust-Orig(g=10),MutClust-Orig,4982,753,1259,25,154,252,0.0,0.0389,0.0199,1.0,1.0,1.0,0.3336,-0.2611,1259
SARS-CoV-2,P*minority_E,Wavelet(t=1.0),Wavelet,4982,753,1259,25,154,252,-0.0276,0.03,0.0157,0.36,0.7882,0.7078,0.237,-0.1823,575
SARS-CoV-2,P*minority_E,Wavelet(t=1.5),Wavelet,4982,753,1259,25,154,252,0.0255,0.0496,0.0276,0.24,1.3924,0.4026,0.162,-0.0712,217
SARS-CoV-2,P*minority_E,Wavelet(t=2.0),Wavelet,4982,753,1259,25,154,252,-0.0051,0.0235,0.0167,0.04,0.8393,0.0519,0.0385,0.0079,60
SARS-CoV-2,P*minority_E,KDE(p=75),KDE,4982,753,1259,25,154,252,-0.0691,0.0059,0.0032,0.04,0.1599,0.6429,0.1446,-0.187,315
SARS-CoV-2,P*minority_E,KDE(p=80),KDE,4982,753,1259,25,154,252,-0.057,0.0072,0.004,0.04,0.1998,0.4675,0.1071,-0.133,252
SARS-CoV-2,P*minority_E,KDE(p=85),KDE,4982,753,1259,25,154,252,-0.0439,0.0093,0.0053,0.04,0.2665,0.2338,0.0635,-0.0608,189
SARS-CoV-2,P*minority_E,GradPeak(p=0.2),GradPeak,4982,753,1259,25,154,252,0.0627,0.0616,0.0327,0.52,1.6491,0.4351,0.2404,-0.0689,397
SARS-CoV-2,P*minority_E,GradPeak(p=0.5),GradPeak,4982,753,1259,25,154,252,0.0647,0.0627,0.0333,0.52,1.6787,0.4351,0.2368,-0.0679,390
SARS-CoV-2,P*minority_E,LocalContrast(z=1.0),LocalContrast,4982,753,1259,25,154,252,-0.0411,0.0,0.0,0.0,0.0,0.0779,0.1318,-0.0234,97
SARS-CoV-2,P*minority_E,LocalContrast(z=1.5),LocalContrast,4982,753,1259,25,154,252,-0.0268,0.0,0.0,0.0,0.0,0.0455,0.0475,-0.0136,43
SARS-CoV-2,P*minority_E,LocalContrast(z=2.0),LocalContrast,4982,753,1259,25,154,252,-0.0241,0.0,0.0,0.0,0.0,0.0455,0.0488,-0.0136,35
SARS-CoV-2,P*minority_E,"CUSUM(d=0.3,h=3.0)",CUSUM,4982,753,1259,25,154,252,0.0143,0.0435,0.0244,0.2,1.2283,0.2792,0.1138,-0.0403,205
SARS-CoV-2,P*minority_E,"CUSUM(d=0.5,h=4.0)",CUSUM,4982,753,1259,25,154,252,0.0764,0.0968,0.0811,0.12,4.0832,0.0065,0.0138,0.0948,37
SARS-CoV-2,P*minority_E,"CUSUM(d=0.5,h=5.0)",CUSUM,4982,753,1259,25,154,252,0.0182,0.0385,0.037,0.04,1.8652,0.0,0.0072,0.0385,27
SARS-CoV-2,P*minority_E,AdaptiveKnee,AdaptiveKnee,4982,753,1259,25,154,252,0.0008,0.027,0.0204,0.04,1.0278,0.0649,0.0664,0.0075,49
SARS-CoV-2,P*minority_E,ScoreDBSCAN(ep=8),ScoreDBSCAN,4982,753,1259,25,154,252,-0.007,0.0,0.0,0.0,0.0,0.0195,0.0078,-0.0058,3
SARS-CoV-2,P*minority_E,ScoreDBSCAN(ep=15),ScoreDBSCAN,4982,753,1259,25,154,252,-0.007,0.0,0.0,0.0,0.0,0.0195,0.0078,-0.0058,3
SARS-CoV-2,P*minority_E,Spectral(z=1.5),Spectral,4982,753,1259,25,154,252,0.0356,0.0594,0.0395,0.12,1.9879,0.0844,0.061,0.0341,76
SARS-CoV-2,P*minority_E,Spectral(z=2.0),Spectral,4982,753,1259,25,154,252,0.0151,0.0364,0.0333,0.04,1.6787,0.0065,0.0142,0.0344,30
SARS-CoV-2,P*minority_E,Bayes(prior=0.1),Bayes,4982,753,1259,25,154,252,0.0418,0.0635,0.0396,0.16,1.9945,0.1169,0.0737,0.0284,101
SARS-CoV-2,P*minority_E,Bayes(prior=0.15),Bayes,4982,753,1259,25,154,252,0.04,0.062,0.0385,0.16,1.9369,0.1364,0.073,0.0211,104
SARS-CoV-2,P*minority_E,Ensemble(v>=2),Ensemble,4982,753,1259,25,154,252,-0.0251,0.0,0.0,0.0,0.0,0.0649,0.0483,-0.0195,38
SARS-CoV-2,P*minority_E,Ensemble(v>=3),Ensemble,4982,753,1259,25,154,252,-0.014,0.0,0.0,0.0,0.0,0.0455,0.0227,-0.0136,12
SARS-CoV-2,P*minority_E,AdaptWin(s=90),AdaptWin,4982,753,1259,25,154,252,-0.0268,0.0222,0.0122,0.12,0.6167,0.4481,0.1247,-0.1122,245
SARS-CoV-2,P*minority_E,AdaptWin(s=85),AdaptWin,4982,753,1259,25,154,252,-0.0773,0.0162,0.0084,0.2,0.4246,0.6688,0.2793,-0.1845,593
SARS-CoV-2,P*minority_E,FreqThresh(p=80),FreqThresh,4982,753,1259,25,154,252,-0.0271,0.0243,0.0132,0.16,0.6626,0.3701,0.2122,-0.0867,304
SARS-CoV-2,P*minority_E,FreqThresh(p=85),FreqThresh,4982,753,1259,25,154,252,-0.0072,0.0319,0.0177,0.16,0.8913,0.2922,0.1172,-0.0558,226
SARS-CoV-2,P*minority_E,FreqThresh(p=90),FreqThresh,4982,753,1259,25,154,252,0.0235,0.0496,0.0312,0.12,1.5737,0.1104,0.0747,0.0165,96
SARS-CoV-2,P*minority_E,FreqThresh(p=95),FreqThresh,4982,753,1259,25,154,252,-0.014,0.0,0.0,0.0,0.0,0.0455,0.0227,-0.0136,12
SARS-CoV-2,P*minority_E,MutClust-Orig(g=10),MutClust-Orig,4982,753,1259,25,154,252,0.0457,0.0509,0.0265,0.64,1.334,0.6234,0.2547,-0.1361,604
SARS-CoV-2,P*E,Wavelet(t=1.0),Wavelet,4982,753,1259,25,154,252,0.0076,0.0403,0.0211,0.44,1.0633,0.6818,0.2096,-0.1643,521
SARS-CoV-2,P*E,Wavelet(t=1.5),Wavelet,4982,753,1259,25,154,252,0.0107,0.0415,0.0231,0.2,1.1657,0.3117,0.141,-0.052,216
SARS-CoV-2,P*E,Wavelet(t=2.0),Wavelet,4982,753,1259,25,154,252,-0.0056,0.0233,0.0164,0.04,0.8256,0.013,0.0383,0.0194,61
SARS-CoV-2,P*E,KDE(p=75),KDE,4982,753,1259,25,154,252,-0.0428,0.0176,0.0095,0.12,0.4796,0.5455,0.134,-0.146,315
SARS-CoV-2,P*E,KDE(p=80),KDE,4982,753,1259,25,154,252,-0.057,0.0072,0.004,0.04,0.1998,0.3766,0.0952,-0.1058,252
SARS-CoV-2,P*E,KDE(p=85),KDE,4982,753,1259,25,154,252,-0.0439,0.0093,0.0053,0.04,0.2665,0.1169,0.0454,-0.0257,189
SARS-CoV-2,P*E,GradPeak(p=0.2),GradPeak,4982,753,1259,25,154,252,0.045,0.0543,0.0288,0.48,1.4492,0.487,0.2451,-0.0918,417
SARS-CoV-2,P*E,GradPeak(p=0.5),GradPeak,4982,753,1259,25,154,252,0.0374,0.0518,0.0275,0.44,1.3849,0.4675,0.2362,-0.0885,400
SARS-CoV-2,P*E,LocalContrast(z=1.0),LocalContrast,4982,753,1259,25,154,252,-0.0046,0.0238,0.0169,0.04,0.8536,0.0649,0.0579,0.0043,59
SARS-CoV-2,P*E,LocalContrast(z=1.5),LocalContrast,4982,753,1259,25,154,252,-0.0009,0.026,0.0192,0.04,0.9685,0.0649,0.0592,0.0065,52
SARS-CoV-2,P*E,LocalContrast(z=2.0),LocalContrast,4982,753,1259,25,154,252,-0.0222,0.0,0.0,0.0,0.0,0.0649,0.0496,-0.0195,30
SARS-CoV-2,P*E,"CUSUM(d=0.3,h=3.0)",CUSUM,4982,753,1259,25,154,252,0.0088,0.0405,0.0225,0.2,1.1342,0.1883,0.1097,-0.016,222
SARS-CoV-2,P*E,"CUSUM(d=0.5,h=4.0)",CUSUM,4982,753,1259,25,154,252,0.0823,0.1013,0.0741,0.16,3.7304,0.013,0.0196,0.0974,54
SARS-CoV-2,P*E,"CUSUM(d=0.5,h=5.0)",CUSUM,4982,753,1259,25,154,252,0.0414,0.0635,0.0526,0.08,2.6505,0.013,0.0138,0.0596,38
SARS-CoV-2,P*E,AdaptiveKnee,AdaptiveKnee,4982,753,1259,25,154,252,0.0033,0.0286,0.0222,0.04,1.1191,0.0649,0.0606,0.0091,45
SARS-CoV-2,P*E,ScoreDBSCAN(ep=8),ScoreDBSCAN,4982,753,1259,25,154,252,-0.014,0.0,0.0,0.0,0.0,0.0455,0.0303,-0.0136,12
SARS-CoV-2,P*E,ScoreDBSCAN(ep=15),ScoreDBSCAN,4982,753,1259,25,154,252,-0.014,0.0,0.0,0.0,0.0,0.0455,0.0303,-0.0136,12
SARS-CoV-2,P*E,Spectral(z=1.5),Spectral,4982,753,1259,25,154,252,0.0176,0.044,0.0303,0.08,1.5261,0.0455,0.044,0.0303,66
SARS-CoV-2,P*E,Spectral(z=2.0),Spectral,4982,753,1259,25,154,252,0.0245,0.0426,0.0455,0.04,2.2891,0.0065,0.0,0.0406,22
SARS-CoV-2,P*E,Bayes(prior=0.1),Bayes,4982,753,1259,25,154,252,0.0146,0.0417,0.0282,0.08,1.4186,0.0714,0.0681,0.0202,71
SARS-CoV-2,P*E,Bayes(prior=0.15),Bayes,4982,753,1259,25,154,252,0.0117,0.0396,0.0263,0.08,1.3253,0.0714,0.0671,0.0182,76
SARS-CoV-2,P*E,Ensemble(v>=2),Ensemble,4982,753,1259,25,154,252,0.006,0.0303,0.0244,0.04,1.2283,0.0649,0.0478,0.0108,41
SARS-CoV-2,P*E,Ensemble(v>=3),Ensemble,4982,753,1259,25,154,252,-0.0211,0.0,0.0,0.0,0.0,0.0649,0.0358,-0.0195,27
SARS-CoV-2,P*E,AdaptWin(s=90),AdaptWin,4982,753,1259,25,154,252,0.0107,0.0415,0.0231,0.2,1.1657,0.2922,0.1197,-0.0462,216
SARS-CoV-2,P*E,AdaptWin(s=85),AdaptWin,4982,753,1259,25,154,252,-0.046,0.0254,0.0132,0.32,0.6648,0.6039,0.2634,-0.1558,606
SARS-CoV-2,P*E,FreqThresh(p=80),FreqThresh,4982,753,1259,25,154,252,-0.0216,0.0261,0.0142,0.16,0.7169,0.3442,0.1538,-0.0771,281
SARS-CoV-2,P*E,FreqThresh(p=85),FreqThresh,4982,753,1259,25,154,252,0.0073,0.0392,0.0223,0.16,1.1254,0.1429,0.0928,-0.0036,179
SARS-CoV-2,P*E,FreqThresh(p=90),FreqThresh,4982,753,1259,25,154,252,0.0469,0.0678,0.043,0.16,2.166,0.1104,0.0754,0.0347,93
SARS-CoV-2,P*E,FreqThresh(p=95),FreqThresh,4982,753,1259,25,154,252,-0.0145,0.0,0.0,0.0,0.0,0.026,0.0151,-0.0078,13
SARS-CoV-2,P*E,"SWAN(w=10,k=1.0)",SWAN,4982,753,1259,25,154,252,-0.0156,0.0,0.0,0.0,0.0,0.0,0.0075,0.0,15
SARS-CoV-2,P*E,MutClust-Orig(g=10),MutClust-Orig,4982,753,1259,25,154,252,0.0663,0.0552,0.0286,0.76,1.441,0.6623,0.2751,-0.1435,664
SARS-CoV-2,H-score,Wavelet(t=1.0),Wavelet,4982,753,1259,25,154,252,0.0384,0.0491,0.0256,0.6,1.2891,0.6818,0.2291,-0.1554,586
SARS-CoV-2,H-score,Wavelet(t=1.5),Wavelet,4982,753,1259,25,154,252,0.002,0.0364,0.0205,0.16,1.033,0.3766,0.2013,-0.0766,195
SARS-CoV-2,H-score,Wavelet(t=2.0),Wavelet,4982,753,1259,25,154,252,-0.0004,0.0263,0.0196,0.04,0.9875,0.0779,0.0594,0.0029,51
SARS-CoV-2,H-score,KDE(p=75),KDE,4982,753,1259,25,154,252,-0.0034,0.0353,0.019,0.24,0.9592,0.4545,0.1587,-0.1011,315
SARS-CoV-2,H-score,KDE(p=80),KDE,4982,753,1259,25,154,252,-0.0001,0.0361,0.0198,0.2,0.9992,0.3442,0.123,-0.0671,252
SARS-CoV-2,H-score,KDE(p=85),KDE,4982,753,1259,25,154,252,0.0039,0.0374,0.0212,0.16,1.0658,0.1883,0.0907,-0.0191,189
SARS-CoV-2,H-score,SlidingTest(p=0.05),SlidingTest,4982,753,1259,25,154,252,0.0391,0.0615,0.05,0.08,2.518,0.0065,0.1027,0.0596,40
SARS-CoV-2,H-score,GradPeak(p=0.2),GradPeak,4982,753,1259,25,154,252,0.0361,0.0512,0.0272,0.44,1.3678,0.487,0.2405,-0.0949,405
SARS-CoV-2,H-score,GradPeak(p=0.5),GradPeak,4982,753,1259,25,154,252,0.028,0.0483,0.0257,0.4,1.2946,0.487,0.2434,-0.0978,389
SARS-CoV-2,H-score,LocalContrast(z=1.0),LocalContrast,4982,753,1259,25,154,252,-0.0046,0.0238,0.0169,0.04,0.8536,0.0649,0.0579,0.0043,59
SARS-CoV-2,H-score,LocalContrast(z=1.5),LocalContrast,4982,753,1259,25,154,252,-0.0009,0.026,0.0192,0.04,0.9685,0.0649,0.0592,0.0065,52
SARS-CoV-2,H-score,LocalContrast(z=2.0),LocalContrast,4982,753,1259,25,154,252,0.0033,0.0286,0.0222,0.04,1.1191,0.0649,0.0606,0.0091,45
SARS-CoV-2,H-score,"CUSUM(d=0.3,h=3.0)",CUSUM,4982,753,1259,25,154,252,0.0351,0.0545,0.0302,0.28,1.5195,0.3571,0.1942,-0.0527,232
SARS-CoV-2,H-score,"CUSUM(d=0.5,h=4.0)",CUSUM,4982,753,1259,25,154,252,0.0294,0.0533,0.04,0.08,2.0144,0.0065,0.0397,0.0514,50
SARS-CoV-2,H-score,"CUSUM(d=0.5,h=5.0)",CUSUM,4982,753,1259,25,154,252,0.0194,0.0392,0.0385,0.04,1.9369,0.0,0.0288,0.0392,26
SARS-CoV-2,H-score,AdaptiveKnee,AdaptiveKnee,4982,753,1259,25,154,252,0.0253,0.05,0.0364,0.08,1.8313,0.0714,0.0586,0.0286,55
SARS-CoV-2,H-score,ScoreDBSCAN(ep=8),ScoreDBSCAN,4982,753,1259,25,154,252,0.0082,0.0317,0.0263,0.04,1.3253,0.0649,0.0621,0.0123,38
SARS-CoV-2,H-score,ScoreDBSCAN(ep=15),ScoreDBSCAN,4982,753,1259,25,154,252,0.0053,0.0299,0.0238,0.04,1.199,0.0649,0.0612,0.0104,42
SARS-CoV-2,H-score,Spectral(z=1.5),Spectral,4982,753,1259,25,154,252,0.0091,0.0377,0.0247,0.08,1.2435,0.0909,0.0721,0.0105,81
SARS-CoV-2,H-score,Spectral(z=2.0),Spectral,4982,753,1259,25,154,252,0.0509,0.0714,0.0645,0.08,3.249,0.0195,0.0283,0.0656,31
SARS-CoV-2,H-score,Bayes(prior=0.1),Bayes,4982,753,1259,25,154,252,0.0329,0.0571,0.0375,0.12,1.8885,0.0714,0.0663,0.0357,80
SARS-CoV-2,H-score,Bayes(prior=0.15),Bayes,4982,753,1259,25,154,252,0.0329,0.0571,0.0375,0.12,1.8885,0.0714,0.0663,0.0357,80
SARS-CoV-2,H-score,Ensemble(v>=2),Ensemble,4982,753,1259,25,154,252,0.0033,0.0286,0.0222,0.04,1.1191,0.0649,0.0606,0.0091,45
SARS-CoV-2,H-score,Ensemble(v>=3),Ensemble,4982,753,1259,25,154,252,0.0033,0.0286,0.0222,0.04,1.1191,0.0649,0.0606,0.0091,45
SARS-CoV-2,H-score,AdaptWin(s=90),AdaptWin,4982,753,1259,25,154,252,0.0107,0.0415,0.0231,0.2,1.1657,0.2922,0.1197,-0.0462,216
SARS-CoV-2,H-score,AdaptWin(s=85),AdaptWin,4982,753,1259,25,154,252,-0.046,0.0254,0.0132,0.32,0.6648,0.6039,0.2634,-0.1558,606
SARS-CoV-2,H-score,FreqThresh(p=80),FreqThresh,4982,753,1259,25,154,252,-0.0216,0.0261,0.0142,0.16,0.7169,0.3442,0.1538,-0.0771,281
SARS-CoV-2,H-score,FreqThresh(p=85),FreqThresh,4982,753,1259,25,154,252,0.0073,0.0392,0.0223,0.16,1.1254,0.1429,0.0928,-0.0036,179
SARS-CoV-2,H-score,FreqThresh(p=90),FreqThresh,4982,753,1259,25,154,252,0.0469,0.0678,0.043,0.16,2.166,0.1104,0.0754,0.0347,93
SARS-CoV-2,H-score,FreqThresh(p=95),FreqThresh,4982,753,1259,25,154,252,-0.0145,0.0,0.0,0.0,0.0,0.026,0.0151,-0.0078,13
SARS-CoV-2,H-score,"SWAN(w=10,k=1.0)",SWAN,4982,753,1259,25,154,252,-0.0134,0.0,0.0,0.0,0.0,0.0,0.038,0.0,11
SARS-CoV-2,H-score,MutClust-Orig(g=10),MutClust-Orig,4982,753,1259,25,154,252,0.0261,0.0402,0.0205,1.0,1.0337,1.0,0.3374,-0.2598,1218
SARS-CoV-2,E_only,Wavelet(t=1.0),Wavelet,4982,753,1259,25,154,252,0.0363,0.0484,0.0252,0.6,1.2696,0.7143,0.2267,-0.1659,595
SARS-CoV-2,E_only,Wavelet(t=1.5),Wavelet,4982,753,1259,25,154,252,0.0023,0.0365,0.0206,0.16,1.0384,0.3506,0.1749,-0.0687,194
SARS-CoV-2,E_only,Wavelet(t=2.0),Wavelet,4982,753,1259,25,154,252,-0.0244,0.0,0.0,0.0,0.0,0.0584,0.0347,-0.0175,36
SARS-CoV-2,E_only,KDE(p=75),KDE,4982,753,1259,25,154,252,-0.0163,0.0295,0.0159,0.2,0.8019,0.5844,0.159,-0.1458,314
SARS-CoV-2,E_only,KDE(p=80),KDE,4982,753,1259,25,154,252,-0.0427,0.0144,0.0079,0.08,0.3997,0.5065,0.1151,-0.1375,252
SARS-CoV-2,E_only,KDE(p=85),KDE,4982,753,1259,25,154,252,-0.0439,0.0093,0.0053,0.04,0.2665,0.3247,0.0771,-0.0881,189
SARS-CoV-2,E_only,SlidingTest(p=0.05),SlidingTest,4982,753,1259,25,154,252,-0.0127,0.0,0.0,0.0,0.0,0.0,0.0382,0.0,10
SARS-CoV-2,E_only,GradPeak(p=0.2),GradPeak,4982,753,1259,25,154,252,0.0472,0.0553,0.0293,0.48,1.4776,0.487,0.2421,-0.0908,409
SARS-CoV-2,E_only,GradPeak(p=0.5),GradPeak,4982,753,1259,25,154,252,0.0254,0.0472,0.0251,0.4,1.2622,0.487,0.2458,-0.0989,399
SARS-CoV-2,E_only,LocalContrast(z=1.0),LocalContrast,4982,753,1259,25,154,252,-0.0061,0.023,0.0161,0.04,0.8123,0.0649,0.0637,0.0035,62
SARS-CoV-2,E_only,LocalContrast(z=1.5),LocalContrast,4982,753,1259,25,154,252,0.0014,0.0274,0.0208,0.04,1.0492,0.0649,0.06,0.0079,48
SARS-CoV-2,E_only,LocalContrast(z=2.0),LocalContrast,4982,753,1259,25,154,252,0.0033,0.0286,0.0222,0.04,1.1191,0.0649,0.0606,0.0091,45
SARS-CoV-2,E_only,"CUSUM(d=0.3,h=3.0)",CUSUM,4982,753,1259,25,154,252,0.0052,0.0386,0.0214,0.2,1.0761,0.3961,0.177,-0.0802,234
SARS-CoV-2,E_only,"CUSUM(d=0.5,h=4.0)",CUSUM,4982,753,1259,25,154,252,-0.0219,0.0,0.0,0.0,0.0,0.0065,0.0142,-0.0019,29
SARS-CoV-2,E_only,"CUSUM(d=0.5,h=5.0)",CUSUM,4982,753,1259,25,154,252,-0.0171,0.0,0.0,0.0,0.0,0.0,0.0,0.0,18
SARS-CoV-2,E_only,AdaptiveKnee,AdaptiveKnee,4982,753,1259,25,154,252,0.023,0.0482,0.0345,0.08,1.7366,0.0714,0.0645,0.0268,58
SARS-CoV-2,E_only,ScoreDBSCAN(ep=8),ScoreDBSCAN,4982,753,1259,25,154,252,0.0082,0.0317,0.0263,0.04,1.3253,0.0649,0.0621,0.0123,38
SARS-CoV-2,E_only,ScoreDBSCAN(ep=15),ScoreDBSCAN,4982,753,1259,25,154,252,0.0053,0.0299,0.0238,0.04,1.199,0.0649,0.0612,0.0104,42
SARS-CoV-2,E_only,Spectral(z=1.5),Spectral,4982,753,1259,25,154,252,0.0052,0.0351,0.0225,0.08,1.1317,0.0909,0.088,0.0078,89
SARS-CoV-2,E_only,Spectral(z=2.0),Spectral,4982,753,1259,25,154,252,0.0206,0.04,0.04,0.04,2.0144,0.0,0.0072,0.04,25
SARS-CoV-2,E_only,Bayes(prior=0.1),Bayes,4982,753,1259,25,154,252,0.0189,0.0449,0.0312,0.08,1.5737,0.0714,0.0696,0.0235,64
SARS-CoV-2,E_only,Bayes(prior=0.15),Bayes,4982,753,1259,25,154,252,0.017,0.0435,0.0299,0.08,1.5033,0.0714,0.069,0.022,67
SARS-CoV-2,E_only,Ensemble(v>=2),Ensemble,4982,753,1259,25,154,252,0.0033,0.0286,0.0222,0.04,1.1191,0.0649,0.0606,0.0091,45
SARS-CoV-2,E_only,Ensemble(v>=3),Ensemble,4982,753,1259,25,154,252,0.0033,0.0286,0.0222,0.04,1.1191,0.0649,0.0606,0.0091,45
SARS-CoV-2,E_only,AdaptWin(s=90),AdaptWin,4982,753,1259,25,154,252,-0.0213,0.0278,0.0149,0.2,0.7516,0.6299,0.1601,-0.1612,335
SARS-CoV-2,E_only,AdaptWin(s=85),AdaptWin,4982,753,1259,25,154,252,-0.0671,0.0234,0.0121,0.36,0.6084,0.7338,0.3009,-0.1968,745
SARS-CoV-2,E_only,FreqThresh(p=80),FreqThresh,4982,753,1259,25,154,252,-0.0306,0.0233,0.0125,0.16,0.6315,0.3766,0.2067,-0.0897,319
SARS-CoV-2,E_only,FreqThresh(p=85),FreqThresh,4982,753,1259,25,154,252,0.0073,0.0392,0.0223,0.16,1.1254,0.1429,0.0928,-0.0036,179
SARS-CoV-2,E_only,FreqThresh(p=90),FreqThresh,4982,753,1259,25,154,252,0.0469,0.0678,0.043,0.16,2.166,0.1104,0.0754,0.0347,93
SARS-CoV-2,E_only,FreqThresh(p=95),FreqThresh,4982,753,1259,25,154,252,-0.014,0.0,0.0,0.0,0.0,0.0455,0.0227,-0.0136,12
SARS-CoV-2,E_only,MutClust-Orig(g=10),MutClust-Orig,4982,753,1259,25,154,252,0.0464,0.0453,0.0232,0.92,1.17,0.8377,0.3076,-0.206,990
SARS-CoV-2,P*E^2,Wavelet(t=1.0),Wavelet,4982,753,1259,25,154,252,-0.0168,0.032,0.0168,0.32,0.8482,0.5714,0.2063,-0.1394,475
SARS-CoV-2,P*E^2,Wavelet(t=1.5),Wavelet,4982,753,1259,25,154,252,0.0123,0.0424,0.0237,0.2,1.1934,0.2662,0.1123,-0.0375,211
SARS-CoV-2,P*E^2,Wavelet(t=2.0),Wavelet,4982,753,1259,25,154,252,0.0579,0.0777,0.0513,0.16,2.5826,0.013,0.0121,0.0738,78
SARS-CoV-2,P*E^2,KDE(p=75),KDE,4982,753,1259,25,154,252,-0.0691,0.0059,0.0032,0.04,0.1599,0.5584,0.134,-0.1617,315
SARS-CoV-2,P*E^2,KDE(p=80),KDE,4982,753,1259,25,154,252,-0.057,0.0072,0.004,0.04,0.1998,0.3312,0.0992,-0.0921,252
SARS-CoV-2,P*E^2,KDE(p=85),KDE,4982,753,1259,25,154,252,-0.0439,0.0093,0.0053,0.04,0.2665,0.0325,0.0408,-0.0004,189
SARS-CoV-2,P*E^2,GradPeak(p=0.2),GradPeak,4982,753,1259,25,154,252,0.0472,0.0553,0.0293,0.48,1.4776,0.4351,0.236,-0.0752,409
SARS-CoV-2,P*E^2,GradPeak(p=0.5),GradPeak,4982,753,1259,25,154,252,0.0541,0.0587,0.0312,0.48,1.5737,0.4156,0.2233,-0.066,384
SARS-CoV-2,P*E^2,LocalContrast(z=1.0),LocalContrast,4982,753,1259,25,154,252,-0.0061,0.023,0.0161,0.04,0.8123,0.0649,0.0573,0.0035,62
SARS-CoV-2,P*E^2,LocalContrast(z=1.5),LocalContrast,4982,753,1259,25,154,252,-0.0261,0.0,0.0,0.0,0.0,0.0649,0.0614,-0.0195,41
SARS-CoV-2,P*E^2,LocalContrast(z=2.0),LocalContrast,4982,753,1259,25,154,252,-0.0211,0.0,0.0,0.0,0.0,0.0455,0.0358,-0.0136,27
SARS-CoV-2,P*E^2,"CUSUM(d=0.3,h=3.0)",CUSUM,4982,753,1259,25,154,252,0.0098,0.041,0.0228,0.2,1.1498,0.1558,0.0977,-0.0058,219
SARS-CoV-2,P*E^2,"CUSUM(d=0.5,h=4.0)",CUSUM,4982,753,1259,25,154,252,0.0677,0.087,0.0597,0.16,3.0066,0.013,0.0188,0.0831,67
SARS-CoV-2,P*E^2,"CUSUM(d=0.5,h=5.0)",CUSUM,4982,753,1259,25,154,252,0.0906,0.1096,0.0833,0.16,4.1967,0.013,0.0133,0.1057,48
SARS-CoV-2,P*E^2,AdaptiveKnee,AdaptiveKnee,4982,753,1259,25,154,252,0.0033,0.0286,0.0222,0.04,1.1191,0.0649,0.0606,0.0091,45
SARS-CoV-2,P*E^2,Spectral(z=1.5),Spectral,4982,753,1259,25,154,252,0.0408,0.0638,0.0435,0.12,2.1896,0.0649,0.0374,0.0443,69
SARS-CoV-2,P*E^2,Spectral(z=2.0),Spectral,4982,753,1259,25,154,252,0.0614,0.08,0.08,0.08,4.0288,0.0065,0.0,0.0781,25
SARS-CoV-2,P*E^2,Bayes(prior=0.1),Bayes,4982,753,1259,25,154,252,0.0329,0.0571,0.0375,0.12,1.8885,0.0714,0.0663,0.0357,80
SARS-CoV-2,P*E^2,Bayes(prior=0.15),Bayes,4982,753,1259,25,154,252,0.0274,0.0526,0.0337,0.12,1.6975,0.1104,0.0762,0.0195,89
SARS-CoV-2,P*E^2,Ensemble(v>=2),Ensemble,4982,753,1259,25,154,252,-0.0194,0.0,0.0,0.0,0.0,0.0649,0.0364,-0.0195,23
SARS-CoV-2,P*E^2,Ensemble(v>=3),Ensemble,4982,753,1259,25,154,252,-0.0161,0.0,0.0,0.0,0.0,0.0455,0.0299,-0.0136,16
SARS-CoV-2,P*E^2,AdaptWin(s=90),AdaptWin,4982,753,1259,25,154,252,0.0195,0.0465,0.0263,0.2,1.3253,0.2662,0.1176,-0.0334,190
SARS-CoV-2,P*E^2,AdaptWin(s=85),AdaptWin,4982,753,1259,25,154,252,-0.0433,0.0247,0.0129,0.28,0.6504,0.5714,0.2544,-0.1467,542
SARS-CoV-2,P*E^2,FreqThresh(p=80),FreqThresh,4982,753,1259,25,154,252,-0.0306,0.0233,0.0125,0.16,0.6315,0.3766,0.2067,-0.0897,319
SARS-CoV-2,P*E^2,FreqThresh(p=85),FreqThresh,4982,753,1259,25,154,252,0.0073,0.0392,0.0223,0.16,1.1254,0.1429,0.0928,-0.0036,179
SARS-CoV-2,P*E^2,FreqThresh(p=90),FreqThresh,4982,753,1259,25,154,252,0.0469,0.0678,0.043,0.16,2.166,0.1104,0.0754,0.0347,93
SARS-CoV-2,P*E^2,FreqThresh(p=95),FreqThresh,4982,753,1259,25,154,252,-0.0161,0.0,0.0,0.0,0.0,0.0455,0.0299,-0.0136,16
SARS-CoV-2,P*E^2,"SWAN(w=10,k=1.0)",SWAN,4982,753,1259,25,154,252,0.0123,0.0345,0.0303,0.04,1.5261,0.0,0.007,0.0345,33
SARS-CoV-2,P*E^2,MutClust-Orig(g=10),MutClust-Orig,4982,753,1259,25,154,252,0.0549,0.0493,0.0254,0.84,1.2788,0.7662,0.2799,-0.1806,827
SARS-CoV-2,rank(P*E),Wavelet(t=1.0),Wavelet,4982,753,1259,25,154,252,0.0077,0.0402,0.0209,0.56,1.0507,0.5909,0.2579,-0.137,671
SARS-CoV-2,rank(P*E),Wavelet(t=1.5),Wavelet,4982,753,1259,25,154,252,-0.0189,0.0251,0.014,0.12,0.706,0.1753,0.1288,-0.0275,214
SARS-CoV-2,rank(P*E),Wavelet(t=2.0),Wavelet,4982,753,1259,25,154,252,-0.0261,0.0,0.0,0.0,0.0,0.0,0.0341,0.0,41
SARS-CoV-2,rank(P*E),KDE(p=75),KDE,4982,753,1259,25,154,252,-0.0822,0.0,0.0,0.0,0.0,0.4935,0.2399,-0.1481,315
SARS-CoV-2,rank(P*E),KDE(p=80),KDE,4982,753,1259,25,154,252,-0.0712,0.0,0.0,0.0,0.0,0.3896,0.2262,-0.1169,252
SARS-CoV-2,rank(P*E),KDE(p=85),KDE,4982,753,1259,25,154,252,-0.0598,0.0,0.0,0.0,0.0,0.1948,0.2177,-0.0584,189
SARS-CoV-2,rank(P*E),SlidingTest(p=0.01),SlidingTest,4982,753,1259,25,154,252,-0.1043,0.0,0.0,0.0,0.0,0.5455,0.2832,-0.1636,440
SARS-CoV-2,rank(P*E),SlidingTest(p=0.05),SlidingTest,4982,753,1259,25,154,252,-0.1266,0.0031,0.0016,0.04,0.0826,0.7987,0.29,-0.2365,610
SARS-CoV-2,rank(P*E),GradPeak(p=0.2),GradPeak,4982,753,1259,25,154,252,0.027,0.0449,0.0233,0.64,1.1729,0.5195,0.2833,-0.1109,687
SARS-CoV-2,rank(P*E),GradPeak(p=0.5),GradPeak,4982,753,1259,25,154,252,0.0442,0.0539,0.0286,0.48,1.4389,0.3831,0.1964,-0.061,420
SARS-CoV-2,rank(P*E),LocalContrast(z=1.0),LocalContrast,4982,753,1259,25,154,252,-0.0081,0.0315,0.0175,0.16,0.8797,0.2597,0.1247,-0.0464,229
SARS-CoV-2,rank(P*E),LocalContrast(z=1.5),LocalContrast,4982,753,1259,25,154,252,0.0298,0.0545,0.0353,0.12,1.7774,0.0779,0.0653,0.0312,85
SARS-CoV-2,rank(P*E),LocalContrast(z=2.0),LocalContrast,4982,753,1259,25,154,252,0.0033,0.0286,0.0222,0.04,1.1191,0.013,0.0337,0.0247,45
SARS-CoV-2,rank(P*E),"CUSUM(d=0.3,h=3.0)",CUSUM,4982,753,1259,25,154,252,0.0106,0.0392,0.02,1.0,1.0056,1.0,0.3298,-0.2608,1252
SARS-CoV-2,rank(P*E),"CUSUM(d=0.5,h=4.0)",CUSUM,4982,753,1259,25,154,252,-0.0377,0.0288,0.0149,0.4,0.7516,0.1818,0.2148,-0.0258,670
SARS-CoV-2,rank(P*E),"CUSUM(d=0.5,h=5.0)",CUSUM,4982,753,1259,25,154,252,-0.0328,0.0289,0.0151,0.36,0.7579,0.1623,0.1882,-0.0198,598
SARS-CoV-2,rank(P*E),ScoreDBSCAN(ep=8),ScoreDBSCAN,4982,753,1259,25,154,252,0.0231,0.0417,0.0435,0.04,2.1896,0.0065,0.0145,0.0397,23
SARS-CoV-2,rank(P*E),ScoreDBSCAN(ep=15),ScoreDBSCAN,4982,753,1259,25,154,252,0.0478,0.0556,0.0909,0.04,4.5782,0.013,0.0,0.0517,11
SARS-CoV-2,rank(P*E),Spectral(z=1.5),Spectral,4982,753,1259,25,154,252,0.0574,0.0789,0.0588,0.12,2.9624,0.0455,0.0528,0.0653,51
SARS-CoV-2,rank(P*E),Spectral(z=2.0),Spectral,4982,753,1259,25,154,252,0.0275,0.0444,0.05,0.04,2.518,0.0195,0.0147,0.0386,20
SARS-CoV-2,rank(P*E),Bayes(prior=0.1),Bayes,4982,753,1259,25,154,252,-0.0787,0.0178,0.0092,0.24,0.4649,0.7792,0.2905,-0.216,650
SARS-CoV-2,rank(P*E),Bayes(prior=0.15),Bayes,4982,753,1259,25,154,252,-0.096,0.0161,0.0083,0.24,0.4185,0.8831,0.3039,-0.2489,722
SARS-CoV-2,rank(P*E),Ensemble(v>=2),Ensemble,4982,753,1259,25,154,252,0.0469,0.0678,0.043,0.16,2.166,0.1104,0.0754,0.0347,93
SARS-CoV-2,rank(P*E),Ensemble(v>=3),Ensemble,4982,753,1259,25,154,252,-0.0251,0.0,0.0,0.0,0.0,0.0649,0.0483,-0.0195,38
SARS-CoV-2,rank(P*E),AdaptWin(s=90),AdaptWin,4982,753,1259,25,154,252,-0.0355,0.0236,0.0126,0.2,0.6327,0.6818,0.2031,-0.1809,398
SARS-CoV-2,rank(P*E),AdaptWin(s=85),AdaptWin,4982,753,1259,25,154,252,-0.0686,0.0219,0.0114,0.32,0.5723,0.7727,0.3054,-0.2099,704
SARS-CoV-2,rank(P*E),FreqThresh(p=80),FreqThresh,4982,753,1259,25,154,252,-0.0216,0.0261,0.0142,0.16,0.7169,0.3442,0.1538,-0.0771,281
SARS-CoV-2,rank(P*E),FreqThresh(p=85),FreqThresh,4982,753,1259,25,154,252,0.0152,0.044,0.0255,0.16,1.2831,0.1429,0.0733,0.0011,157
SARS-CoV-2,rank(P*E),FreqThresh(p=90),FreqThresh,4982,753,1259,25,154,252,0.0469,0.0678,0.043,0.16,2.166,0.1104,0.0754,0.0347,93
SARS-CoV-2,rank(P*E),FreqThresh(p=95),FreqThresh,4982,753,1259,25,154,252,-0.0145,0.0,0.0,0.0,0.0,0.026,0.0151,-0.0078,13
SARS-CoV-2,rank(P*E),"SWAN(w=10,k=1.0)",SWAN,4982,753,1259,25,154,252,-0.0277,0.0,0.0,0.0,0.0,0.1039,0.0336,-0.0312,46
SARS-CoV-2,rank(P*E),MutClust-Orig(g=10),MutClust-Orig,4982,753,1259,25,154,252,-0.0114,0.0384,0.0196,0.96,0.9866,1.0,0.3372,-0.2616,1225
H3N2,E*rare,Wavelet(t=1.0),Wavelet,2644,2562,543,25,10,114,0.0968,0.1302,0.0737,0.56,1.6004,0.3,0.2895,0.0402,190
H3N2,E*rare,Wavelet(t=1.5),Wavelet,2644,2562,543,25,10,114,0.0796,0.1319,0.0909,0.24,1.9745,0.0,0.2111,0.1319,66
H3N2,E*rare,Wavelet(t=2.0),Wavelet,2644,2562,543,25,10,114,0.0883,0.1356,0.1176,0.16,2.5553,0.0,0.1622,0.1356,34
H3N2,E*rare,KDE(p=75),KDE,2644,2562,543,25,10,114,0.2381,0.2236,0.1324,0.72,2.8747,0.3,0.272,0.1336,136
H3N2,E*rare,KDE(p=80),KDE,2644,2562,543,25,10,114,0.2629,0.2537,0.156,0.68,3.3875,0.2,0.2691,0.1937,109
H3N2,E*rare,KDE(p=85),KDE,2644,2562,543,25,10,114,0.3246,0.3178,0.2073,0.68,4.5029,0.1,0.2245,0.2878,82
H3N2,E*rare,GradPeak(p=0.2),GradPeak,2644,2562,543,25,10,114,-0.0203,0.0761,0.0417,0.44,0.905,0.6,0.291,-0.1039,264
H3N2,E*rare,GradPeak(p=0.5),GradPeak,2644,2562,543,25,10,114,-0.0373,0.0656,0.0365,0.32,0.7934,0.2,0.2883,0.0056,219
H3N2,E*rare,LocalContrast(z=1.0),LocalContrast,2644,2562,543,25,10,114,0.071,0.1154,0.1111,0.12,2.4133,0.0,0.0993,0.1154,27
H3N2,E*rare,LocalContrast(z=1.5),LocalContrast,2644,2562,543,25,10,114,-0.0407,0.0,0.0,0.0,0.0,0.0,0.0606,0.0,18
H3N2,E*rare,LocalContrast(z=2.0),LocalContrast,2644,2562,543,25,10,114,-0.037,0.0,0.0,0.0,0.0,0.0,0.062,0.0,15
H3N2,E*rare,"CUSUM(d=0.3,h=3.0)",CUSUM,2644,2562,543,25,10,114,0.2195,0.2472,0.1719,0.44,3.7331,0.1,0.2584,0.2172,64
H3N2,E*rare,"CUSUM(d=0.5,h=4.0)",CUSUM,2644,2562,543,25,10,114,0.068,0.1132,0.1071,0.12,2.3271,0.0,0.169,0.1132,28
H3N2,E*rare,"CUSUM(d=0.5,h=5.0)",CUSUM,2644,2562,543,25,10,114,0.0166,0.05,0.0667,0.04,1.448,0.0,0.1085,0.05,15
H3N2,E*rare,AdaptiveKnee,AdaptiveKnee,2644,2562,543,25,10,114,0.1665,0.2041,0.2083,0.2,4.525,0.0,0.0725,0.2041,24
H3N2,E*rare,Spectral(z=1.5),Spectral,2644,2562,543,25,10,114,0.0471,0.087,0.0952,0.08,2.0686,0.0,0.1037,0.087,21
H3N2,E*rare,Spectral(z=2.0),Spectral,2644,2562,543,25,10,114,0.0656,0.0976,0.125,0.08,2.715,0.0,0.0769,0.0976,16
H3N2,E*rare,Bayes(prior=0.1),Bayes,2644,2562,543,25,10,114,0.0363,0.1,0.0581,0.36,1.2612,0.4,0.2825,-0.02,155
H3N2,E*rare,Bayes(prior=0.15),Bayes,2644,2562,543,25,10,114,0.0305,0.0968,0.0559,0.36,1.2142,0.4,0.3055,-0.0232,161
H3N2,E*rare,Ensemble(v>=2),Ensemble,2644,2562,543,25,10,114,-0.0232,0.0,0.0,0.0,0.0,0.0,0.05,0.0,6
H3N2,E*rare,Ensemble(v>=3),Ensemble,2644,2562,543,25,10,114,-0.0232,0.0,0.0,0.0,0.0,0.0,0.05,0.0,6
H3N2,E*rare,AdaptWin(s=90),AdaptWin,2644,2562,543,25,10,114,0.0886,0.1389,0.1064,0.2,2.3106,0.1,0.1366,0.1089,47
H3N2,E*rare,AdaptWin(s=85),AdaptWin,2644,2562,543,25,10,114,0.0862,0.1316,0.0787,0.4,1.7102,0.4,0.3071,0.0116,127
H3N2,E*rare,FreqThresh(p=80),FreqThresh,2644,2562,543,25,10,114,0.047,0.1069,0.066,0.28,1.4343,0.4,0.2273,-0.0131,106
H3N2,E*rare,FreqThresh(p=85),FreqThresh,2644,2562,543,25,10,114,0.1145,0.1609,0.1129,0.28,2.4523,0.2,0.2159,0.1009,62
H3N2,E*rare,FreqThresh(p=90),FreqThresh,2644,2562,543,25,10,114,0.1665,0.2041,0.2083,0.2,4.525,0.0,0.0725,0.2041,24
H3N2,E*rare,FreqThresh(p=95),FreqThresh,2644,2562,543,25,10,114,-0.0164,0.0,0.0,0.0,0.0,0.0,0.0513,0.0,3
H3N2,E*rare,"SWAN(w=10,k=1.0)",SWAN,2644,2562,543,25,10,114,-0.0418,0.0,0.0,0.0,0.0,0.0,0.1203,0.0,19
H3N2,E*rare,"SWAN(w=10,k=1.5)",SWAN,2644,2562,543,25,10,114,-0.0301,0.0,0.0,0.0,0.0,0.0,0.0645,0.0,10
H3N2,E*rare,MutClust-Orig(g=10),MutClust-Orig,2644,2562,543,25,10,114,0.0865,0.1081,0.1667,0.08,3.62,0.0,0.0476,0.1081,12
H3N2,P*E*rare,Wavelet(t=1.0),Wavelet,2644,2562,543,25,10,114,0.232,0.2302,0.1404,0.64,3.0484,0.3,0.2018,0.1402,114
H3N2,P*E*rare,Wavelet(t=1.5),Wavelet,2644,2562,543,25,10,114,0.18,0.2128,0.1449,0.4,3.1478,0.2,0.1858,0.1528,69
H3N2,P*E*rare,Wavelet(t=2.0),Wavelet,2644,2562,543,25,10,114,0.2324,0.2687,0.2143,0.36,4.6543,0.2,0.1667,0.2087,42
H3N2,P*E*rare,KDE(p=75),KDE,2644,2562,543,25,10,114,0.2584,0.236,0.1397,0.76,3.0344,0.3,0.272,0.146,136
H3N2,P*E*rare,KDE(p=80),KDE,2644,2562,543,25,10,114,0.2629,0.2537,0.156,0.68,3.3875,0.3,0.2332,0.1637,109
H3N2,P*E*rare,KDE(p=85),KDE,2644,2562,543,25,10,114,0.2755,0.2804,0.1829,0.6,3.9732,0.3,0.2449,0.1904,82
H3N2,P*E*rare,GradPeak(p=0.2),GradPeak,2644,2562,543,25,10,114,0.085,0.125,0.071,0.52,1.543,0.2,0.33,0.065,183
H3N2,P*E*rare,GradPeak(p=0.5),GradPeak,2644,2562,543,25,10,114,0.118,0.1593,0.1023,0.36,2.2214,0.2,0.2772,0.0993,88
H3N2,P*E*rare,LocalContrast(z=1.0),LocalContrast,2644,2562,543,25,10,114,0.0742,0.1176,0.1154,0.12,2.5062,0.1,0.0714,0.0876,26
H3N2,P*E*rare,LocalContrast(z=1.5),LocalContrast,2644,2562,543,25,10,114,0.1066,0.1395,0.1667,0.12,3.62,0.0,0.0758,0.1395,18
H3N2,P*E*rare,LocalContrast(z=2.0),LocalContrast,2644,2562,543,25,10,114,0.1238,0.15,0.2,0.12,4.344,0.0,0.062,0.15,15
H3N2,P*E*rare,"CUSUM(d=0.3,h=3.0)",CUSUM,2644,2562,543,25,10,114,0.2856,0.2979,0.2029,0.56,4.407,0.1,0.2186,0.2679,69
H3N2,P*E*rare,"CUSUM(d=0.5,h=4.0)",CUSUM,2644,2562,543,25,10,114,0.1338,0.1791,0.1429,0.24,3.1029,0.1,0.1923,0.1491,42
H3N2,P*E*rare,"CUSUM(d=0.5,h=5.0)",CUSUM,2644,2562,543,25,10,114,0.1181,0.1639,0.1389,0.2,3.0167,0.0,0.1733,0.1639,36
H3N2,P*E*rare,AdaptiveKnee,AdaptiveKnee,2644,2562,543,25,10,114,-0.0164,0.0,0.0,0.0,0.0,0.0,0.0513,0.0,3
H3N2,P*E*rare,Spectral(z=1.5),Spectral,2644,2562,543,25,10,114,0.0702,0.1,0.1333,0.08,2.896,0.0,0.0775,0.1,15
H3N2,P*E*rare,Spectral(z=2.0),Spectral,2644,2562,543,25,10,114,0.0752,0.1026,0.1429,0.08,3.1029,0.0,0.0625,0.1026,14
H3N2,P*E*rare,Bayes(prior=0.1),Bayes,2644,2562,543,25,10,114,0.0701,0.1216,0.0732,0.36,1.5893,0.4,0.2363,0.0016,123
H3N2,P*E*rare,Bayes(prior=0.15),Bayes,2644,2562,543,25,10,114,0.0677,0.12,0.072,0.36,1.5638,0.4,0.2427,0.0,125
H3N2,P*E*rare,Ensemble(v>=2),Ensemble,2644,2562,543,25,10,114,0.178,0.1765,0.3333,0.12,7.24,0.0,0.065,0.1765,9
H3N2,P*E*rare,AdaptWin(s=90),AdaptWin,2644,2562,543,25,10,114,0.0645,0.119,0.0847,0.2,1.8407,0.3,0.1387,0.029,59
H3N2,P*E*rare,AdaptWin(s=85),AdaptWin,2644,2562,543,25,10,114,0.096,0.1389,0.084,0.4,1.8252,0.4,0.2747,0.0189,119
H3N2,P*E*rare,FreqThresh(p=80),FreqThresh,2644,2562,543,25,10,114,0.0654,0.1194,0.0734,0.32,1.5941,0.4,0.2422,-0.0006,109
H3N2,P*E*rare,FreqThresh(p=85),FreqThresh,2644,2562,543,25,10,114,0.1105,0.1573,0.1094,0.28,2.3756,0.2,0.1573,0.0973,64
H3N2,P*E*rare,FreqThresh(p=90),FreqThresh,2644,2562,543,25,10,114,0.1392,0.1818,0.1667,0.2,3.62,0.1,0.0833,0.1518,30
H3N2,P*E*rare,FreqThresh(p=95),FreqThresh,2644,2562,543,25,10,114,0.178,0.1765,0.3333,0.12,7.24,0.0,0.065,0.1765,9
H3N2,P*E*rare,"SWAN(w=10,k=1.0)",SWAN,2644,2562,543,25,10,114,0.2497,0.2857,0.2368,0.36,5.1442,0.2,0.1316,0.2257,38
H3N2,P*E*rare,"SWAN(w=10,k=1.5)",SWAN,2644,2562,543,25,10,114,-0.0418,0.0,0.0,0.0,0.0,0.0,0.1203,0.0,19
H3N2,P*E*rare,MutClust-Orig(g=10),MutClust-Orig,2644,2562,543,25,10,114,-0.0212,0.0,0.0,0.0,0.0,0.0,0.0168,0.0,5
H3N2,minority_E,Wavelet(t=1.0),Wavelet,2644,2562,543,25,10,114,0.0515,0.1036,0.0563,0.64,1.2237,0.6,0.201,-0.0764,284
H3N2,minority_E,Wavelet(t=1.5),Wavelet,2644,2562,543,25,10,114,-0.0886,0.0,0.0,0.0,0.0,0.1,0.1368,-0.03,76
H3N2,minority_E,Wavelet(t=2.0),Wavelet,2644,2562,543,25,10,114,-0.0503,0.0,0.0,0.0,0.0,0.0,0.0284,0.0,27
H3N2,minority_E,KDE(p=75),KDE,2644,2562,543,25,10,114,-0.0053,0.0745,0.0441,0.24,0.9582,0.1,0.232,0.0445,136
H3N2,minority_E,KDE(p=80),KDE,2644,2562,543,25,10,114,-0.0662,0.0299,0.0183,0.08,0.3985,0.1,0.2063,-0.0001,109
H3N2,minority_E,KDE(p=85),KDE,2644,2562,543,25,10,114,-0.0681,0.0187,0.0122,0.04,0.2649,0.1,0.1327,-0.0113,82
H3N2,minority_E,SlidingTest(p=0.05),SlidingTest,2644,2562,543,25,10,114,-0.0301,0.0,0.0,0.0,0.0,0.0,0.0,0.0,10
H3N2,minority_E,GradPeak(p=0.2),GradPeak,2644,2562,543,25,10,114,0.1119,0.1217,0.0656,0.84,1.4254,0.6,0.2488,-0.0583,320
H3N2,minority_E,GradPeak(p=0.5),GradPeak,2644,2562,543,25,10,114,0.0484,0.1031,0.0564,0.6,1.2248,0.3,0.2526,0.0131,266
H3N2,minority_E,LocalContrast(z=1.0),LocalContrast,2644,2562,543,25,10,114,-0.0308,0.0504,0.0319,0.12,0.6932,0.1,0.1827,0.0204,94
H3N2,minority_E,LocalContrast(z=1.5),LocalContrast,2644,2562,543,25,10,114,-0.094,0.0,0.0,0.0,0.0,0.1,0.1717,-0.03,84
H3N2,minority_E,LocalContrast(z=2.0),LocalContrast,2644,2562,543,25,10,114,-0.0684,0.0,0.0,0.0,0.0,0.1,0.1358,-0.03,48
H3N2,minority_E,"CUSUM(d=0.3,h=3.0)",CUSUM,2644,2562,543,25,10,114,-0.0548,0.022,0.0152,0.04,0.3291,0.1,0.0889,-0.008,66
H3N2,minority_E,"CUSUM(d=0.5,h=4.0)",CUSUM,2644,2562,543,25,10,114,-0.0269,0.0,0.0,0.0,0.0,0.0,0.0,0.0,8
H3N2,minority_E,AdaptiveKnee,AdaptiveKnee,2644,2562,543,25,10,114,-0.0451,0.0577,0.0328,0.24,0.7121,0.3,0.2896,-0.0323,183
H3N2,minority_E,ScoreDBSCAN(ep=8),ScoreDBSCAN,2644,2562,543,25,10,114,-0.07,0.0,0.0,0.0,0.0,0.0,0.1463,0.0,50
H3N2,minority_E,Spectral(z=1.5),Spectral,2644,2562,543,25,10,114,-0.0451,0.0,0.0,0.0,0.0,0.0,0.0294,0.0,22
H3N2,minority_E,Spectral(z=2.0),Spectral,2644,2562,543,25,10,114,-0.0232,0.0,0.0,0.0,0.0,0.0,0.0167,0.0,6
H3N2,minority_E,Bayes(prior=0.1),Bayes,2644,2562,543,25,10,114,-0.0114,0.0791,0.0435,0.44,0.9443,0.4,0.3161,-0.0409,253
H3N2,minority_E,Bayes(prior=0.15),Bayes,2644,2562,543,25,10,114,0.0227,0.093,0.0507,0.56,1.1017,0.4,0.359,-0.027,276
H3N2,minority_E,Ensemble(v>=2),Ensemble,2644,2562,543,25,10,114,-0.0893,0.0,0.0,0.0,0.0,0.1,0.178,-0.03,77
H3N2,minority_E,Ensemble(v>=3),Ensemble,2644,2562,543,25,10,114,-0.066,0.0,0.0,0.0,0.0,0.1,0.1006,-0.03,45
H3N2,minority_E,AdaptWin(s=90),AdaptWin,2644,2562,543,25,10,114,-0.0058,0.0632,0.0429,0.12,0.9309,0.2,0.1196,0.0032,70
H3N2,minority_E,AdaptWin(s=85),AdaptWin,2644,2562,543,25,10,114,-0.0494,0.0429,0.0261,0.12,0.5666,0.2,0.2183,-0.0171,115
H3N2,minority_E,FreqThresh(p=80),FreqThresh,2644,2562,543,25,10,114,-0.0399,0.0465,0.0288,0.12,0.6265,0.1,0.1927,0.0165,104
H3N2,minority_E,FreqThresh(p=85),FreqThresh,2644,2562,543,25,10,114,-0.0838,0.0,0.0,0.0,0.0,0.1,0.153,-0.03,69
H3N2,minority_E,FreqThresh(p=90),FreqThresh,2644,2562,543,25,10,114,-0.0636,0.0,0.0,0.0,0.0,0.1,0.1026,-0.03,42
H3N2,minority_E,FreqThresh(p=95),FreqThresh,2644,2562,543,25,10,114,-0.0189,0.0,0.0,0.0,0.0,0.0,0.0,0.0,4
H3N2,minority_E,"SWAN(w=10,k=1.0)",SWAN,2644,2562,543,25,10,114,-0.0316,0.0,0.0,0.0,0.0,0.0,0.0,0.0,11
H3N2,minority_E,MutClust-Orig(g=10),MutClust-Orig,2644,2562,543,25,10,114,0.0,0.088,0.046,1.0,1.0,1.0,0.3105,-0.212,543
H3N2,P*minority_E,Wavelet(t=1.0),Wavelet,2644,2562,543,25,10,114,0.2462,0.2249,0.1319,0.76,2.8658,0.4,0.2016,0.1049,144
H3N2,P*minority_E,Wavelet(t=1.5),Wavelet,2644,2562,543,25,10,114,0.2589,0.2824,0.2,0.48,4.344,0.0,0.1724,0.2824,60
H3N2,P*minority_E,Wavelet(t=2.0),Wavelet,2644,2562,543,25,10,114,0.0974,0.1429,0.129,0.16,2.8026,0.0,0.1655,0.1429,31
H3N2,P*minority_E,KDE(p=75),KDE,2644,2562,543,25,10,114,0.38,0.3106,0.1838,1.0,3.9926,0.6,0.232,0.1306,136
H3N2,P*minority_E,KDE(p=80),KDE,2644,2562,543,25,10,114,0.4384,0.3731,0.2294,1.0,4.9817,0.6,0.1883,0.1931,109
H3N2,P*minority_E,KDE(p=85),KDE,2644,2562,543,25,10,114,0.3491,0.3364,0.2195,0.72,4.7678,0.3,0.1531,0.2464,82
H3N2,P*minority_E,SlidingTest(p=0.05),SlidingTest,2644,2562,543,25,10,114,0.0503,0.0889,0.1,0.08,2.172,0.1,0.0299,0.0589,20
H3N2,P*minority_E,GradPeak(p=0.2),GradPeak,2644,2562,543,25,10,114,-0.0155,0.0777,0.0426,0.44,0.926,0.5,0.3011,-0.0723,258
H3N2,P*minority_E,GradPeak(p=0.5),GradPeak,2644,2562,543,25,10,114,0.0241,0.0933,0.0536,0.36,1.1636,0.3,0.3121,0.0033,168
H3N2,P*minority_E,LocalContrast(z=1.0),LocalContrast,2644,2562,543,25,10,114,0.0842,0.1351,0.102,0.2,2.2163,0.1,0.0982,0.1051,49
H3N2,P*minority_E,LocalContrast(z=1.5),LocalContrast,2644,2562,543,25,10,114,0.0007,0.0588,0.0465,0.08,1.0102,0.1,0.0892,0.0288,43
H3N2,P*minority_E,LocalContrast(z=2.0),LocalContrast,2644,2562,543,25,10,114,0.0306,0.0769,0.0741,0.08,1.6089,0.1,0.0709,0.0469,27
H3N2,P*minority_E,"CUSUM(d=0.3,h=3.0)",CUSUM,2644,2562,543,25,10,114,0.3383,0.3167,0.2,0.76,4.344,0.2,0.1818,0.2567,95
H3N2,P*minority_E,"CUSUM(d=0.5,h=4.0)",CUSUM,2644,2562,543,25,10,114,0.2568,0.2899,0.2273,0.4,4.9364,0.1,0.1772,0.2599,44
H3N2,P*minority_E,"CUSUM(d=0.5,h=5.0)",CUSUM,2644,2562,543,25,10,114,0.2112,0.25,0.2051,0.32,4.4554,0.1,0.1569,0.22,39
H3N2,P*minority_E,AdaptiveKnee,AdaptiveKnee,2644,2562,543,25,10,114,0.0528,0.0625,0.1429,0.04,3.1029,0.0,0.0165,0.0625,7
H3N2,P*minority_E,Spectral(z=1.5),Spectral,2644,2562,543,25,10,114,0.0575,0.093,0.1111,0.08,2.4133,0.0,0.0758,0.093,18
H3N2,P*minority_E,Spectral(z=2.0),Spectral,2644,2562,543,25,10,114,0.0656,0.0976,0.125,0.08,2.715,0.0,0.0615,0.0976,16
H3N2,P*minority_E,Bayes(prior=0.1),Bayes,2644,2562,543,25,10,114,0.0748,0.125,0.0756,0.36,1.6427,0.4,0.2661,0.005,119
H3N2,P*minority_E,Bayes(prior=0.15),Bayes,2644,2562,543,25,10,114,0.0513,0.1091,0.0643,0.36,1.3963,0.4,0.3071,-0.0109,140
H3N2,P*minority_E,Ensemble(v>=2),Ensemble,2644,2562,543,25,10,114,0.0614,0.0952,0.1176,0.08,2.5553,0.0,0.0763,0.0952,17
H3N2,P*minority_E,Ensemble(v>=3),Ensemble,2644,2562,543,25,10,114,-0.0164,0.0,0.0,0.0,0.0,0.0,0.0,0.0,3
H3N2,P*minority_E,AdaptWin(s=90),AdaptWin,2644,2562,543,25,10,114,0.0543,0.1111,0.0769,0.2,1.6708,0.3,0.1564,0.0211,65
H3N2,P*minority_E,AdaptWin(s=85),AdaptWin,2644,2562,543,25,10,114,0.0791,0.1231,0.0706,0.48,1.5332,0.7,0.3239,-0.0869,170
H3N2,P*minority_E,FreqThresh(p=80),FreqThresh,2644,2562,543,25,10,114,0.073,0.125,0.0777,0.32,1.687,0.4,0.212,0.005,103
H3N2,P*minority_E,FreqThresh(p=85),FreqThresh,2644,2562,543,25,10,114,0.0745,0.1277,0.087,0.24,1.8887,0.3,0.1311,0.0377,69
H3N2,P*minority_E,FreqThresh(p=90),FreqThresh,2644,2562,543,25,10,114,0.1181,0.1639,0.1389,0.2,3.0167,0.1,0.08,0.1339,36
H3N2,P*minority_E,FreqThresh(p=95),FreqThresh,2644,2562,543,25,10,114,0.0614,0.0952,0.1176,0.08,2.5553,0.0,0.0763,0.0952,17
H3N2,P*minority_E,"SWAN(w=10,k=1.0)",SWAN,2644,2562,543,25,10,114,0.1432,0.1852,0.1724,0.2,3.7448,0.0,0.1259,0.1852,29
H3N2,P*minority_E,"SWAN(w=10,k=1.5)",SWAN,2644,2562,543,25,10,114,-0.0301,0.0,0.0,0.0,0.0,0.0,0.0645,0.0,10
H3N2,P*minority_E,MutClust-Orig(g=10),MutClust-Orig,2644,2562,543,25,10,114,-0.0086,0.0842,0.0449,0.68,0.9742,0.6,0.3245,-0.0958,379
H3N2,P*E,Wavelet(t=1.0),Wavelet,2644,2562,543,25,10,114,0.3242,0.2706,0.1586,0.92,3.4452,0.6,0.2008,0.0906,145
H3N2,P*E,Wavelet(t=1.5),Wavelet,2644,2562,543,25,10,114,0.2438,0.2667,0.1846,0.48,4.0098,0.0,0.1453,0.2667,65
H3N2,P*E,Wavelet(t=2.0),Wavelet,2644,2562,543,25,10,114,0.0855,0.1333,0.1143,0.16,2.4823,0.0,0.1342,0.1333,35
H3N2,P*E,KDE(p=75),KDE,2644,2562,543,25,10,114,0.38,0.3106,0.1838,1.0,3.9926,0.6,0.24,0.1306,136
H3N2,P*E,KDE(p=80),KDE,2644,2562,543,25,10,114,0.4164,0.3582,0.2202,0.96,4.7824,0.6,0.1614,0.1782,109
H3N2,P*E,KDE(p=85),KDE,2644,2562,543,25,10,114,0.3736,0.3551,0.2317,0.76,5.0327,0.4,0.1633,0.2351,82
H3N2,P*E,SlidingTest(p=0.05),SlidingTest,2644,2562,543,25,10,114,-0.0301,0.0,0.0,0.0,0.0,0.0,0.0,0.0,10
H3N2,P*E,GradPeak(p=0.2),GradPeak,2644,2562,543,25,10,114,0.064,0.1152,0.0663,0.44,1.4393,0.5,0.2857,-0.0348,166
H3N2,P*E,GradPeak(p=0.5),GradPeak,2644,2562,543,25,10,114,0.0446,0.1053,0.0648,0.28,1.4078,0.2,0.3243,0.0453,108
H3N2,P*E,LocalContrast(z=1.0),LocalContrast,2644,2562,543,25,10,114,-0.0081,0.0392,0.0385,0.04,0.8354,0.0,0.0429,0.0392,26
H3N2,P*E,LocalContrast(z=1.5),LocalContrast,2644,2562,543,25,10,114,-0.0269,0.0,0.0,0.0,0.0,0.0,0.0164,0.0,8
H3N2,P*E,LocalContrast(z=2.0),LocalContrast,2644,2562,543,25,10,114,-0.0269,0.0,0.0,0.0,0.0,0.0,0.0164,0.0,8
H3N2,P*E,"CUSUM(d=0.3,h=3.0)",CUSUM,2644,2562,543,25,10,114,0.3196,0.2969,0.1845,0.76,4.0066,0.3,0.212,0.2069,103
H3N2,P*E,"CUSUM(d=0.5,h=4.0)",CUSUM,2644,2562,543,25,10,114,0.2935,0.3235,0.2558,0.44,5.5563,0.1,0.1529,0.2935,43
H3N2,P*E,"CUSUM(d=0.5,h=5.0)",CUSUM,2644,2562,543,25,10,114,0.2497,0.2857,0.2368,0.36,5.1442,0.1,0.1316,0.2557,38
H3N2,P*E,AdaptiveKnee,AdaptiveKnee,2644,2562,543,25,10,114,-0.0045,0.0408,0.0417,0.04,0.905,0.0,0.0435,0.0408,24
H3N2,P*E,Spectral(z=1.5),Spectral,2644,2562,543,25,10,114,0.033,0.0784,0.0769,0.08,1.6708,0.0,0.0714,0.0784,26
H3N2,P*E,Spectral(z=2.0),Spectral,2644,2562,543,25,10,114,0.0471,0.087,0.0952,0.08,2.0686,0.0,0.0741,0.087,21
H3N2,P*E,Bayes(prior=0.1),Bayes,2644,2562,543,25,10,114,0.1225,0.169,0.1304,0.24,2.833,0.1,0.1375,0.139,46
H3N2,P*E,Bayes(prior=0.15),Bayes,2644,2562,543,25,10,114,0.1225,0.169,0.1304,0.24,2.833,0.1,0.1375,0.139,46
H3N2,P*E,Ensemble(v>=2),Ensemble,2644,2562,543,25,10,114,-0.0383,0.0,0.0,0.0,0.0,0.0,0.0154,0.0,16
H3N2,P*E,Ensemble(v>=3),Ensemble,2644,2562,543,25,10,114,-0.0269,0.0,0.0,0.0,0.0,0.0,0.0164,0.0,8
H3N2,P*E,AdaptWin(s=90),AdaptWin,2644,2562,543,25,10,114,0.1935,0.2162,0.1395,0.48,3.0307,0.2,0.27,0.1562,86
H3N2,P*E,AdaptWin(s=85),AdaptWin,2644,2562,543,25,10,114,0.0054,0.086,0.0472,0.48,1.0261,0.7,0.3043,-0.124,254
H3N2,P*E,FreqThresh(p=80),FreqThresh,2644,2562,543,25,10,114,0.1442,0.1714,0.1043,0.48,2.2664,0.4,0.2445,0.0514,115
H3N2,P*E,FreqThresh(p=85),FreqThresh,2644,2562,543,25,10,114,0.1393,0.1782,0.1184,0.36,2.5721,0.2,0.1789,0.1182,76
H3N2,P*E,FreqThresh(p=90),FreqThresh,2644,2562,543,25,10,114,0.1338,0.1791,0.1429,0.24,3.1029,0.0,0.141,0.1791,42
H3N2,P*E,FreqThresh(p=95),FreqThresh,2644,2562,543,25,10,114,-0.0383,0.0,0.0,0.0,0.0,0.0,0.0154,0.0,16
H3N2,P*E,"SWAN(w=10,k=1.0)",SWAN,2644,2562,543,25,10,114,0.1432,0.1852,0.1724,0.2,3.7448,0.0,0.1259,0.1852,29
H3N2,P*E,MutClust-Orig(g=10),MutClust-Orig,2644,2562,543,25,10,114,0.1187,0.1306,0.0714,0.76,1.5514,0.5,0.3526,-0.0194,266
H3N2,H-score,Wavelet(t=1.0),Wavelet,2644,2562,543,25,10,114,0.1434,0.1382,0.0753,0.84,1.6348,0.5,0.3257,-0.0118,279
H3N2,H-score,Wavelet(t=1.5),Wavelet,2644,2562,543,25,10,114,0.2073,0.2241,0.1429,0.52,3.1029,0.1,0.1756,0.1941,91
H3N2,H-score,Wavelet(t=2.0),Wavelet,2644,2562,543,25,10,114,0.1437,0.1778,0.2,0.16,4.344,0.0,0.0597,0.1778,20
H3N2,H-score,KDE(p=75),KDE,2644,2562,543,25,10,114,0.2584,0.236,0.1397,0.76,3.0344,0.7,0.232,0.026,136
H3N2,H-score,KDE(p=80),KDE,2644,2562,543,25,10,114,0.219,0.2239,0.1376,0.6,2.989,0.4,0.2242,0.1039,109
H3N2,H-score,KDE(p=85),KDE,2644,2562,543,25,10,114,0.0546,0.1121,0.0732,0.24,1.5893,0.3,0.2245,0.0221,82
H3N2,H-score,SlidingTest(p=0.01),SlidingTest,2644,2562,543,25,10,114,0.336,0.3667,0.3143,0.44,6.8263,0.1,0.1611,0.3367,35
H3N2,H-score,SlidingTest(p=0.05),SlidingTest,2644,2562,543,25,10,114,0.4662,0.4421,0.3,0.84,6.516,0.4,0.0978,0.3221,70
H3N2,H-score,GradPeak(p=0.2),GradPeak,2644,2562,543,25,10,114,-0.1053,0.0488,0.0264,0.32,0.5735,0.6,0.307,-0.1312,303
H3N2,H-score,GradPeak(p=0.5),GradPeak,2644,2562,543,25,10,114,-0.0492,0.0618,0.0342,0.32,0.7426,0.3,0.2759,-0.0282,234
H3N2,H-score,LocalContrast(z=1.0),LocalContrast,2644,2562,543,25,10,114,-0.0177,0.0351,0.0312,0.04,0.6787,0.0,0.0822,0.0351,32
H3N2,H-score,LocalContrast(z=1.5),LocalContrast,2644,2562,543,25,10,114,-0.0026,0.0417,0.0435,0.04,0.9443,0.0,0.0438,0.0417,23
H3N2,H-score,LocalContrast(z=2.0),LocalContrast,2644,2562,543,25,10,114,-0.0269,0.0,0.0,0.0,0.0,0.0,0.0164,0.0,8
H3N2,H-score,"CUSUM(d=0.3,h=3.0)",CUSUM,2644,2562,543,25,10,114,0.2222,0.198,0.113,0.8,2.4542,0.4,0.2405,0.078,177
H3N2,H-score,"CUSUM(d=0.5,h=4.0)",CUSUM,2644,2562,543,25,10,114,0.2156,0.25,0.2609,0.24,5.6661,0.0,0.0876,0.25,23
H3N2,H-score,"CUSUM(d=0.5,h=5.0)",CUSUM,2644,2562,543,25,10,114,0.186,0.2051,0.2857,0.16,6.2057,0.0,0.0781,0.2051,14
H3N2,H-score,AdaptiveKnee,AdaptiveKnee,2644,2562,543,25,10,114,0.0989,0.1481,0.1071,0.24,2.3271,0.2,0.1412,0.0881,56
H3N2,H-score,Spectral(z=1.5),Spectral,2644,2562,543,25,10,114,-0.0472,0.0,0.0,0.0,0.0,0.0,0.0725,0.0,24
H3N2,H-score,Spectral(z=2.0),Spectral,2644,2562,543,25,10,114,-0.0407,0.0,0.0,0.0,0.0,0.0,0.0303,0.0,18
H3N2,H-score,Bayes(prior=0.1),Bayes,2644,2562,543,25,10,114,0.0015,0.0435,0.0476,0.04,1.0343,0.0,0.0296,0.0435,21
H3N2,H-score,Bayes(prior=0.15),Bayes,2644,2562,543,25,10,114,0.1091,0.1562,0.1282,0.2,2.7846,0.0,0.1307,0.1562,39
H3N2,H-score,Ensemble(v>=2),Ensemble,2644,2562,543,25,10,114,0.1338,0.1791,0.1429,0.24,3.1029,0.0,0.141,0.1791,42
H3N2,H-score,Ensemble(v>=3),Ensemble,2644,2562,543,25,10,114,0.0015,0.0435,0.0476,0.04,1.0343,0.0,0.0296,0.0435,21
H3N2,H-score,AdaptWin(s=90),AdaptWin,2644,2562,543,25,10,114,0.1203,0.1286,0.0699,0.8,1.5189,1.0,0.26,-0.1714,286
H3N2,H-score,AdaptWin(s=85),AdaptWin,2644,2562,543,25,10,114,0.117,0.1116,0.0591,1.0,1.2837,1.0,0.3091,-0.1884,423
H3N2,H-score,FreqThresh(p=80),FreqThresh,2644,2562,543,25,10,114,0.1442,0.1714,0.1043,0.48,2.2664,0.4,0.2445,0.0514,115
H3N2,H-score,FreqThresh(p=85),FreqThresh,2644,2562,543,25,10,114,0.1393,0.1782,0.1184,0.36,2.5721,0.2,0.1789,0.1182,76
H3N2,H-score,FreqThresh(p=90),FreqThresh,2644,2562,543,25,10,114,0.1338,0.1791,0.1429,0.24,3.1029,0.0,0.141,0.1791,42
H3N2,H-score,FreqThresh(p=95),FreqThresh,2644,2562,543,25,10,114,-0.0383,0.0,0.0,0.0,0.0,0.0,0.0154,0.0,16
H3N2,H-score,"SWAN(w=10,k=1.0)",SWAN,2644,2562,543,25,10,114,-0.0301,0.0,0.0,0.0,0.0,0.0,0.0645,0.0,10
H3N2,H-score,MutClust-Orig(g=10),MutClust-Orig,2644,2562,543,25,10,114,0.0,0.088,0.046,1.0,1.0,1.0,0.3105,-0.212,543
H3N2,E_only,Wavelet(t=1.0),Wavelet,2644,2562,543,25,10,114,0.2513,0.2044,0.115,0.92,2.4978,0.4,0.2739,0.0844,200
H3N2,E_only,Wavelet(t=1.5),Wavelet,2644,2562,543,25,10,114,0.1814,0.2095,0.1375,0.44,2.9865,0.1,0.1546,0.1795,80
H3N2,E_only,Wavelet(t=2.0),Wavelet,2644,2562,543,25,10,114,0.2153,0.254,0.2105,0.32,4.5726,0.0,0.0921,0.254,38
H3N2,E_only,KDE(p=75),KDE,2644,2562,543,25,10,114,0.2989,0.2609,0.1544,0.84,3.3538,0.7,0.216,0.0509,136
H3N2,E_only,KDE(p=80),KDE,2644,2562,543,25,10,114,0.3067,0.2836,0.1743,0.76,3.7861,0.4,0.2152,0.1636,109
H3N2,E_only,KDE(p=85),KDE,2644,2562,543,25,10,114,0.3,0.2991,0.1951,0.64,4.238,0.4,0.1633,0.1791,82
H3N2,E_only,SlidingTest(p=0.05),SlidingTest,2644,2562,543,25,10,114,0.5488,0.5,0.3333,1.0,7.24,0.6,0.0635,0.32,75
H3N2,E_only,GradPeak(p=0.2),GradPeak,2644,2562,543,25,10,114,-0.1036,0.0491,0.0266,0.32,0.5773,0.3,0.2988,-0.0409,301
H3N2,E_only,GradPeak(p=0.5),GradPeak,2644,2562,543,25,10,114,-0.0228,0.0708,0.0398,0.32,0.8645,0.3,0.3048,-0.0192,201
H3N2,E_only,LocalContrast(z=1.0),LocalContrast,2644,2562,543,25,10,114,-0.0283,0.0308,0.025,0.04,0.543,0.1,0.0779,0.0008,40
H3N2,E_only,LocalContrast(z=1.5),LocalContrast,2644,2562,543,25,10,114,-0.0131,0.037,0.0345,0.04,0.749,0.0,0.0839,0.037,29
H3N2,E_only,LocalContrast(z=2.0),LocalContrast,2644,2562,543,25,10,114,0.0268,0.0541,0.0833,0.04,1.81,0.0,0.0317,0.0541,12
H3N2,E_only,"CUSUM(d=0.3,h=3.0)",CUSUM,2644,2562,543,25,10,114,0.3047,0.274,0.1653,0.8,3.5901,0.4,0.2213,0.154,121
H3N2,E_only,"CUSUM(d=0.5,h=4.0)",CUSUM,2644,2562,543,25,10,114,0.2761,0.3056,0.234,0.44,5.0834,0.1,0.1491,0.2756,47
H3N2,E_only,"CUSUM(d=0.5,h=5.0)",CUSUM,2644,2562,543,25,10,114,0.2593,0.2951,0.25,0.36,5.43,0.1,0.1067,0.2651,36
H3N2,E_only,AdaptiveKnee,AdaptiveKnee,2644,2562,543,25,10,114,0.0796,0.1319,0.0909,0.24,1.9745,0.2,0.1667,0.0719,66
H3N2,E_only,Spectral(z=1.5),Spectral,2644,2562,543,25,10,114,0.026,0.0741,0.069,0.08,1.4979,0.0,0.0699,0.0741,29
H3N2,E_only,Spectral(z=2.0),Spectral,2644,2562,543,25,10,114,0.0471,0.087,0.0952,0.08,2.0686,0.0,0.0444,0.087,21
H3N2,E_only,Bayes(prior=0.1),Bayes,2644,2562,543,25,10,114,0.1062,0.1538,0.125,0.2,2.715,0.1,0.0909,0.1238,40
H3N2,E_only,Bayes(prior=0.15),Bayes,2644,2562,543,25,10,114,0.1199,0.1667,0.1277,0.24,2.7728,0.1,0.1366,0.1367,47
H3N2,E_only,Ensemble(v>=2),Ensemble,2644,2562,543,25,10,114,0.0238,0.0727,0.0667,0.08,1.448,0.0,0.0833,0.0727,30
H3N2,E_only,Ensemble(v>=3),Ensemble,2644,2562,543,25,10,114,0.0037,0.0444,0.05,0.04,1.086,0.0,0.0299,0.0444,20
H3N2,E_only,AdaptWin(s=90),AdaptWin,2644,2562,543,25,10,114,-0.0691,0.0465,0.0263,0.2,0.5716,0.2,0.2303,-0.0135,190
H3N2,E_only,AdaptWin(s=85),AdaptWin,2644,2562,543,25,10,114,0.1345,0.119,0.0633,1.0,1.3747,1.0,0.2515,-0.181,395
H3N2,E_only,FreqThresh(p=80),FreqThresh,2644,2562,543,25,10,114,0.1413,0.169,0.1026,0.48,2.2277,0.4,0.2338,0.049,117
H3N2,E_only,FreqThresh(p=85),FreqThresh,2644,2562,543,25,10,114,0.0745,0.1277,0.087,0.24,1.8887,0.2,0.1858,0.0677,69
H3N2,E_only,FreqThresh(p=90),FreqThresh,2644,2562,543,25,10,114,0.1062,0.1538,0.125,0.2,2.715,0.1,0.0909,0.1238,40
H3N2,E_only,FreqThresh(p=95),FreqThresh,2644,2562,543,25,10,114,0.011,0.0476,0.0588,0.04,1.2776,0.0,0.0305,0.0476,17
H3N2,E_only,"SWAN(w=10,k=1.0)",SWAN,2644,2562,543,25,10,114,0.1838,0.2174,0.2381,0.2,5.1714,0.0,0.0741,0.2174,21
H3N2,E_only,MutClust-Orig(g=10),MutClust-Orig,2644,2562,543,25,10,114,0.0,0.088,0.046,1.0,1.0,1.0,0.3105,-0.212,543
H3N2,P*E^2,Wavelet(t=1.0),Wavelet,2644,2562,543,25,10,114,0.2523,0.2368,0.1417,0.72,3.0784,0.3,0.1826,0.1468,127
H3N2,P*E^2,Wavelet(t=1.5),Wavelet,2644,2562,543,25,10,114,0.1855,0.2222,0.1607,0.36,3.4907,0.2,0.1765,0.1622,56
H3N2,P*E^2,Wavelet(t=2.0),Wavelet,2644,2562,543,25,10,114,0.1609,0.2034,0.1765,0.24,3.8329,0.0,0.1486,0.2034,34
H3N2,P*E^2,KDE(p=75),KDE,2644,2562,543,25,10,114,0.2989,0.2609,0.1544,0.84,3.3538,0.4,0.232,0.1409,136
H3N2,P*E^2,KDE(p=80),KDE,2644,2562,543,25,10,114,0.3067,0.2836,0.1743,0.76,3.7861,0.3,0.2242,0.1936,109
H3N2,P*E^2,KDE(p=85),KDE,2644,2562,543,25,10,114,0.3,0.2991,0.1951,0.64,4.238,0.3,0.2143,0.2091,82
H3N2,P*E^2,GradPeak(p=0.2),GradPeak,2644,2562,543,25,10,114,0.0643,0.1176,0.0703,0.36,1.5272,0.4,0.314,-0.0024,128
H3N2,P*E^2,GradPeak(p=0.5),GradPeak,2644,2562,543,25,10,114,0.0574,0.1143,0.075,0.24,1.629,0.1,0.2371,0.0843,80
H3N2,P*E^2,LocalContrast(z=1.0),LocalContrast,2644,2562,543,25,10,114,-0.0098,0.0385,0.037,0.04,0.8044,0.0,0.0284,0.0385,27
H3N2,P*E^2,LocalContrast(z=1.5),LocalContrast,2644,2562,543,25,10,114,-0.033,0.0,0.0,0.0,0.0,0.0,0.0159,0.0,12
H3N2,P*E^2,LocalContrast(z=2.0),LocalContrast,2644,2562,543,25,10,114,-0.0269,0.0,0.0,0.0,0.0,0.0,0.0164,0.0,8
H3N2,P*E^2,"CUSUM(d=0.3,h=3.0)",CUSUM,2644,2562,543,25,10,114,0.2583,0.2692,0.1772,0.56,3.8491,0.1,0.1969,0.2392,79
H3N2,P*E^2,"CUSUM(d=0.5,h=4.0)",CUSUM,2644,2562,543,25,10,114,0.1541,0.1972,0.1522,0.28,3.3052,0.1,0.2,0.1672,46
H3N2,P*E^2,"CUSUM(d=0.5,h=5.0)",CUSUM,2644,2562,543,25,10,114,0.1091,0.1562,0.1282,0.2,2.7846,0.0,0.183,0.1562,39
H3N2,P*E^2,AdaptiveKnee,AdaptiveKnee,2644,2562,543,25,10,114,0.0015,0.0435,0.0476,0.04,1.0343,0.0,0.0296,0.0435,21
H3N2,P*E^2,Spectral(z=1.5),Spectral,2644,2562,543,25,10,114,0.0702,0.1,0.1333,0.08,2.896,0.0,0.0775,0.1,15
H3N2,P*E^2,Spectral(z=2.0),Spectral,2644,2562,543,25,10,114,0.0702,0.1,0.1333,0.08,2.896,0.0,0.0775,0.1,15
H3N2,P*E^2,Bayes(prior=0.1),Bayes,2644,2562,543,25,10,114,0.0989,0.1481,0.1071,0.24,2.3271,0.2,0.1412,0.0881,56
H3N2,P*E^2,Bayes(prior=0.15),Bayes,2644,2562,543,25,10,114,0.085,0.1364,0.0952,0.24,2.0686,0.2,0.1695,0.0764,63
H3N2,P*E^2,Ensemble(v>=2),Ensemble,2644,2562,543,25,10,114,0.011,0.0476,0.0588,0.04,1.2776,0.0,0.0305,0.0476,17
H3N2,P*E^2,AdaptWin(s=90),AdaptWin,2644,2562,543,25,10,114,0.2201,0.2424,0.1622,0.48,3.5222,0.2,0.2128,0.1824,74
H3N2,P*E^2,AdaptWin(s=85),AdaptWin,2644,2562,543,25,10,114,0.0761,0.1212,0.0694,0.48,1.5066,0.7,0.2578,-0.0888,173
H3N2,P*E^2,FreqThresh(p=80),FreqThresh,2644,2562,543,25,10,114,0.1413,0.169,0.1026,0.48,2.2277,0.4,0.2338,0.049,117
H3N2,P*E^2,FreqThresh(p=85),FreqThresh,2644,2562,543,25,10,114,0.1413,0.18,0.12,0.36,2.6064,0.2,0.1799,0.12,75
H3N2,P*E^2,FreqThresh(p=90),FreqThresh,2644,2562,543,25,10,114,0.1338,0.1791,0.1429,0.24,3.1029,0.0,0.141,0.1791,42
H3N2,P*E^2,FreqThresh(p=95),FreqThresh,2644,2562,543,25,10,114,0.011,0.0476,0.0588,0.04,1.2776,0.0,0.0305,0.0476,17
H3N2,P*E^2,"SWAN(w=10,k=1.0)",SWAN,2644,2562,543,25,10,114,0.0864,0.137,0.1042,0.2,2.2625,0.0,0.1728,0.137,48
H3N2,P*E^2,"SWAN(w=10,k=1.5)",SWAN,2644,2562,543,25,10,114,-0.0316,0.0,0.0,0.0,0.0,0.0,0.064,0.0,11
H3N2,P*E^2,MutClust-Orig(g=10),MutClust-Orig,2644,2562,543,25,10,114,0.1334,0.1224,0.0654,0.96,1.4204,0.5,0.2911,-0.0276,367
H3N2,rank(P*E),Wavelet(t=1.0),Wavelet,2644,2562,543,25,10,114,-0.0437,0.0708,0.0382,0.48,0.8301,0.5,0.3411,-0.0792,314
H3N2,rank(P*E),Wavelet(t=1.5),Wavelet,2644,2562,543,25,10,114,-0.046,0.0441,0.027,0.12,0.587,0.1,0.32,0.0141,111
H3N2,rank(P*E),Wavelet(t=2.0),Wavelet,2644,2562,543,25,10,114,0.1119,0.1429,0.1765,0.12,3.8329,0.0,0.0916,0.1429,17
H3N2,rank(P*E),KDE(p=75),KDE,2644,2562,543,25,10,114,-0.0062,0.0741,0.0438,0.24,0.9512,0.6,0.2629,-0.1059,137
H3N2,rank(P*E),KDE(p=80),KDE,2644,2562,543,25,10,114,-0.1101,0.0,0.0,0.0,0.0,0.2,0.278,-0.06,109
H3N2,rank(P*E),KDE(p=85),KDE,2644,2562,543,25,10,114,-0.0927,0.0,0.0,0.0,0.0,0.0,0.3061,0.0,82
H3N2,rank(P*E),SlidingTest(p=0.01),SlidingTest,2644,2562,543,25,10,114,-0.037,0.0,0.0,0.0,0.0,0.0,0.155,0.0,15
H3N2,rank(P*E),SlidingTest(p=0.05),SlidingTest,2644,2562,543,25,10,114,-0.0946,0.0,0.0,0.0,0.0,0.3,0.2513,-0.09,85
H3N2,rank(P*E),GradPeak(p=0.2),GradPeak,2644,2562,543,25,10,114,-0.03,0.0767,0.0412,0.56,0.8944,0.6,0.2819,-0.1033,340
H3N2,rank(P*E),GradPeak(p=0.5),GradPeak,2644,2562,543,25,10,114,-0.0315,0.0695,0.0385,0.36,0.8354,0.6,0.2816,-0.1105,234
H3N2,rank(P*E),LocalContrast(z=1.0),LocalContrast,2644,2562,543,25,10,114,0.0862,0.1277,0.0736,0.48,1.599,0.3,0.2888,0.0377,163
H3N2,rank(P*E),LocalContrast(z=1.5),LocalContrast,2644,2562,543,25,10,114,-0.0503,0.0,0.0,0.0,0.0,0.1,0.0993,-0.03,27
H3N2,rank(P*E),LocalContrast(z=2.0),LocalContrast,2644,2562,543,25,10,114,-0.0251,0.0,0.0,0.0,0.0,0.0,0.0496,0.0,7
H3N2,rank(P*E),"CUSUM(d=0.3,h=3.0)",CUSUM,2644,2562,543,25,10,114,-0.0854,0.0578,0.0312,0.4,0.6766,0.6,0.2943,-0.1222,321
H3N2,rank(P*E),"CUSUM(d=0.5,h=4.0)",CUSUM,2644,2562,543,25,10,114,-0.0774,0.0,0.0,0.0,0.0,0.0,0.2874,0.0,60
H3N2,rank(P*E),"CUSUM(d=0.5,h=5.0)",CUSUM,2644,2562,543,25,10,114,-0.0636,0.0,0.0,0.0,0.0,0.0,0.2179,0.0,42
H3N2,rank(P*E),ScoreDBSCAN(ep=8),ScoreDBSCAN,2644,2562,543,25,10,114,0.0094,0.0882,0.0461,1.0,1.0018,1.0,0.3079,-0.2118,542
H3N2,rank(P*E),ScoreDBSCAN(ep=15),ScoreDBSCAN,2644,2562,543,25,10,114,0.0094,0.0882,0.0461,1.0,1.0018,1.0,0.3079,-0.2118,542
H3N2,rank(P*E),Spectral(z=1.5),Spectral,2644,2562,543,25,10,114,-0.0503,0.0,0.0,0.0,0.0,0.1,0.1844,-0.03,27
H3N2,rank(P*E),Spectral(z=2.0),Spectral,2644,2562,543,25,10,114,-0.0316,0.0,0.0,0.0,0.0,0.1,0.064,-0.03,11
H3N2,rank(P*E),Bayes(prior=0.1),Bayes,2644,2562,543,25,10,114,0.0675,0.1093,0.0594,0.68,1.291,0.7,0.385,-0.1007,286
H3N2,rank(P*E),Bayes(prior=0.15),Bayes,2644,2562,543,25,10,114,0.0623,0.1059,0.0571,0.72,1.2411,0.8,0.3683,-0.1341,315
H3N2,rank(P*E),Ensemble(v>=2),Ensemble,2644,2562,543,25,10,114,0.1338,0.1791,0.1429,0.24,3.1029,0.0,0.141,0.1791,42
H3N2,rank(P*E),Ensemble(v>=3),Ensemble,2644,2562,543,25,10,114,-0.0045,0.0408,0.0417,0.04,0.905,0.0,0.0435,0.0408,24
H3N2,rank(P*E),AdaptWin(s=90),AdaptWin,2644,2562,543,25,10,114,0.0991,0.134,0.0769,0.52,1.6708,0.4,0.3816,0.014,169
H3N2,rank(P*E),AdaptWin(s=85),AdaptWin,2644,2562,543,25,10,114,0.0076,0.0872,0.0476,0.52,1.0343,0.7,0.3514,-0.1228,273
H3N2,rank(P*E),FreqThresh(p=80),FreqThresh,2644,2562,543,25,10,114,0.1442,0.1714,0.1043,0.48,2.2664,0.4,0.2445,0.0514,115
H3N2,rank(P*E),FreqThresh(p=85),FreqThresh,2644,2562,543,25,10,114,0.1393,0.1782,0.1184,0.36,2.5721,0.2,0.1789,0.1182,76
H3N2,rank(P*E),FreqThresh(p=90),FreqThresh,2644,2562,543,25,10,114,0.1338,0.1791,0.1429,0.24,3.1029,0.0,0.141,0.1791,42
H3N2,rank(P*E),FreqThresh(p=95),FreqThresh,2644,2562,543,25,10,114,-0.0383,0.0,0.0,0.0,0.0,0.0,0.0154,0.0,16
H3N2,rank(P*E),"SWAN(w=10,k=1.0)",SWAN,2644,2562,543,25,10,114,-0.0301,0.0,0.0,0.0,0.0,0.0,0.0806,0.0,10
H3N2,rank(P*E),MutClust-Orig(g=10),MutClust-Orig,2644,2562,543,25,10,114,0.0,0.088,0.046,1.0,1.0,1.0,0.3105,-0.212,543
Norovirus,E*rare,Wavelet(t=1.0),Wavelet,1500,791,536,15,229,0,0.2168,0.1622,0.0902,0.8,3.2241,0.0,,0.1622,133
Norovirus,E*rare,Wavelet(t=1.5),Wavelet,1500,791,536,15,229,0,0.1692,0.1647,0.1,0.4667,3.5733,0.0,,0.1647,70
Norovirus,E*rare,Wavelet(t=2.0),Wavelet,1500,791,536,15,229,0,0.1267,0.1481,0.1026,0.2667,3.665,0.0,,0.1481,39
Norovirus,E*rare,KDE(p=75),KDE,1500,791,536,15,229,0,0.2155,0.1611,0.0896,0.8,3.2,0.0,,0.1611,134
Norovirus,E*rare,KDE(p=80),KDE,1500,791,536,15,229,0,0.2532,0.1951,0.1111,0.8,3.9704,0.0,,0.1951,108
Norovirus,E*rare,KDE(p=85),KDE,1500,791,536,15,229,0,0.2127,0.1875,0.1111,0.6,3.9704,0.0,,0.1875,81
Norovirus,E*rare,SlidingTest(p=0.01),SlidingTest,1500,791,536,15,229,0,0.2471,0.2,0.1158,0.7333,4.1375,0.0,,0.2,95
Norovirus,E*rare,SlidingTest(p=0.05),SlidingTest,1500,791,536,15,229,0,0.2007,0.1571,0.088,0.7333,3.1445,0.0,,0.1571,125
Norovirus,E*rare,GradPeak(p=0.2),GradPeak,1500,791,536,15,229,0,0.2745,0.2047,0.1161,0.8667,4.1476,0.0349,,0.1942,112
Norovirus,E*rare,GradPeak(p=0.5),GradPeak,1500,791,536,15,229,0,0.3244,0.2821,0.1746,0.7333,6.2392,0.0,,0.2821,63
Norovirus,E*rare,LocalContrast(z=1.0),LocalContrast,1500,791,536,15,229,0,0.129,0.1429,0.0909,0.3333,3.2485,0.0568,,0.1258,55
Norovirus,E*rare,LocalContrast(z=1.5),LocalContrast,1500,791,536,15,229,0,0.1482,0.1702,0.125,0.2667,4.4667,0.0393,,0.1584,32
Norovirus,E*rare,LocalContrast(z=2.0),LocalContrast,1500,791,536,15,229,0,0.1141,0.1379,0.1429,0.1333,5.1048,0.0131,,0.134,14
Norovirus,E*rare,"CUSUM(d=0.3,h=3.0)",CUSUM,1500,791,536,15,229,0,0.0737,0.0644,0.0333,1.0,1.1885,0.6332,,-0.1256,451
Norovirus,E*rare,"CUSUM(d=0.5,h=4.0)",CUSUM,1500,791,536,15,229,0,0.1644,0.1351,0.0752,0.6667,2.6867,0.0,,0.1351,133
Norovirus,E*rare,"CUSUM(d=0.5,h=5.0)",CUSUM,1500,791,536,15,229,0,0.1667,0.137,0.0763,0.6667,2.7277,0.0,,0.137,131
Norovirus,E*rare,AdaptiveKnee,AdaptiveKnee,1500,791,536,15,229,0,0.2003,0.2174,0.1613,0.3333,5.7634,0.0,,0.2174,31
Norovirus,E*rare,Spectral(z=1.5),Spectral,1500,791,536,15,229,0,0.3303,0.3415,0.2692,0.4667,9.6205,0.0,,0.3415,26
Norovirus,E*rare,Spectral(z=2.0),Spectral,1500,791,536,15,229,0,0.2037,0.2222,0.25,0.2,8.9333,0.0,,0.2222,12
Norovirus,E*rare,Bayes(prior=0.1),Bayes,1500,791,536,15,229,0,0.1829,0.1141,0.0605,1.0,2.1613,0.0131,,0.1101,248
Norovirus,E*rare,Bayes(prior=0.15),Bayes,1500,791,536,15,229,0,0.1808,0.1128,0.0598,1.0,2.1355,0.0131,,0.1089,251
Norovirus,E*rare,Ensemble(v>=2),Ensemble,1500,791,536,15,229,0,0.2122,0.2353,0.2105,0.2667,7.5228,0.0,,0.2353,19
Norovirus,E*rare,Ensemble(v>=3),Ensemble,1500,791,536,15,229,0,0.2802,0.2963,0.3333,0.2667,11.9111,0.0,,0.2963,12
Norovirus,E*rare,AdaptWin(s=90),AdaptWin,1500,791,536,15,229,0,0.2294,0.2045,0.1233,0.6,4.4055,0.0,,0.2045,73
Norovirus,E*rare,AdaptWin(s=85),AdaptWin,1500,791,536,15,229,0,0.2233,0.1678,0.0938,0.8,3.35,0.0,,0.1678,128
Norovirus,E*rare,FreqThresh(p=80),FreqThresh,1500,791,536,15,229,0,0.2288,0.1727,0.0968,0.8,3.4581,0.0,,0.1727,124
Norovirus,E*rare,FreqThresh(p=85),FreqThresh,1500,791,536,15,229,0,0.1996,0.1748,0.1023,0.6,3.6545,0.0,,0.1748,88
Norovirus,E*rare,FreqThresh(p=90),FreqThresh,1500,791,536,15,229,0,0.161,0.1754,0.119,0.3333,4.254,0.0,,0.1754,42
Norovirus,E*rare,FreqThresh(p=95),FreqThresh,1500,791,536,15,229,0,0.2122,0.2353,0.2105,0.2667,7.5228,0.0,,0.2353,19
Norovirus,E*rare,"SWAN(w=10,k=1.0)",SWAN,1500,791,536,15,229,0,0.2317,0.2069,0.125,0.6,4.4667,0.0,,0.2069,72
Norovirus,E*rare,"SWAN(w=10,k=1.5)",SWAN,1500,791,536,15,229,0,0.0507,0.0833,0.0606,0.1333,2.1657,0.0,,0.0833,33
Norovirus,E*rare,"SWAN(w=10,k=2.0)",SWAN,1500,791,536,15,229,0,-0.0298,0.0,0.0,0.0,0.0,0.0,,0.0,16
Norovirus,E*rare,"SWAN(w=20,k=1.0)",SWAN,1500,791,536,15,229,0,0.1449,0.15,0.0923,0.4,3.2985,0.0,,0.15,65
Norovirus,E*rare,"SWAN(w=20,k=1.5)",SWAN,1500,791,536,15,229,0,0.086,0.1143,0.1,0.1333,3.5733,0.0,,0.1143,20
Norovirus,E*rare,"SWAN(w=50,k=1.0)",SWAN,1500,791,536,15,229,0,0.2178,0.2154,0.14,0.4667,5.0027,0.0,,0.2154,50
Norovirus,E*rare,MutClust-Orig(g=10),MutClust-Orig,1500,791,536,15,229,0,0.1359,0.1622,0.1364,0.2,4.8727,0.0,,0.1622,22
Norovirus,P*E*rare,Wavelet(t=1.0),Wavelet,1500,791,536,15,229,0,0.179,0.1471,0.0826,0.6667,2.9532,0.0,,0.1471,121
Norovirus,P*E*rare,Wavelet(t=1.5),Wavelet,1500,791,536,15,229,0,0.1074,0.129,0.0851,0.2667,3.0411,0.0,,0.129,47
Norovirus,P*E*rare,Wavelet(t=2.0),Wavelet,1500,791,536,15,229,0,0.043,0.0769,0.0541,0.1333,1.9315,0.0,,0.0769,37
Norovirus,P*E*rare,KDE(p=75),KDE,1500,791,536,15,229,0,0.2678,0.1879,0.1045,0.9333,3.7333,0.0,,0.1879,134
Norovirus,P*E*rare,KDE(p=80),KDE,1500,791,536,15,229,0,0.2532,0.1951,0.1111,0.8,3.9704,0.0,,0.1951,108
Norovirus,P*E*rare,KDE(p=85),KDE,1500,791,536,15,229,0,0.2442,0.2083,0.1235,0.6667,4.4115,0.0,,0.2083,81
Norovirus,P*E*rare,SlidingTest(p=0.05),SlidingTest,1500,791,536,15,229,0,0.2531,0.2545,0.175,0.4667,6.2533,0.0,,0.2545,40
Norovirus,P*E*rare,GradPeak(p=0.2),GradPeak,1500,791,536,15,229,0,0.2954,0.25,0.1507,0.7333,5.3845,0.0,,0.25,73
Norovirus,P*E*rare,GradPeak(p=0.5),GradPeak,1500,791,536,15,229,0,0.438,0.4151,0.2895,0.7333,10.3439,0.0,,0.4151,38
Norovirus,P*E*rare,LocalContrast(z=1.0),LocalContrast,1500,791,536,15,229,0,0.1482,0.1702,0.125,0.2667,4.4667,0.0262,,0.1624,32
Norovirus,P*E*rare,LocalContrast(z=1.5),LocalContrast,1500,791,536,15,229,0,0.151,0.1765,0.1579,0.2,5.6421,0.0262,,0.1686,19
Norovirus,P*E*rare,LocalContrast(z=2.0),LocalContrast,1500,791,536,15,229,0,-0.0195,0.0,0.0,0.0,0.0,0.0262,,-0.0079,7
Norovirus,P*E*rare,"CUSUM(d=0.3,h=3.0)",CUSUM,1500,791,536,15,229,0,0.2458,0.1596,0.0867,1.0,3.0983,0.0,,0.1596,173
Norovirus,P*E*rare,"CUSUM(d=0.5,h=4.0)",CUSUM,1500,791,536,15,229,0,0.1288,0.1348,0.0811,0.4,2.8973,0.0,,0.1348,74
Norovirus,P*E*rare,"CUSUM(d=0.5,h=5.0)",CUSUM,1500,791,536,15,229,0,0.0434,0.0769,0.0476,0.2,1.7016,0.0,,0.0769,63
Norovirus,P*E*rare,AdaptiveKnee,AdaptiveKnee,1500,791,536,15,229,0,0.2572,0.2778,0.2381,0.3333,8.5079,0.0,,0.2778,21
Norovirus,P*E*rare,Spectral(z=1.5),Spectral,1500,791,536,15,229,0,0.2361,0.2581,0.25,0.2667,8.9333,0.0,,0.2581,16
Norovirus,P*E*rare,Spectral(z=2.0),Spectral,1500,791,536,15,229,0,0.1539,0.1667,0.2222,0.1333,7.9407,0.0,,0.1667,9
Norovirus,P*E*rare,Bayes(prior=0.1),Bayes,1500,791,536,15,229,0,0.1684,0.1053,0.0556,1.0,1.9852,0.0393,,0.0935,270
Norovirus,P*E*rare,Bayes(prior=0.15),Bayes,1500,791,536,15,229,0,0.1684,0.1053,0.0556,1.0,1.9852,0.0393,,0.0935,270
Norovirus,P*E*rare,Ensemble(v>=2),Ensemble,1500,791,536,15,229,0,0.2361,0.2581,0.25,0.2667,8.9333,0.0,,0.2581,16
Norovirus,P*E*rare,Ensemble(v>=3),Ensemble,1500,791,536,15,229,0,0.0724,0.087,0.125,0.0667,4.4667,0.0,,0.087,8
Norovirus,P*E*rare,AdaptWin(s=90),AdaptWin,1500,791,536,15,229,0,0.2805,0.234,0.1392,0.7333,4.9755,0.0,,0.234,79
Norovirus,P*E*rare,AdaptWin(s=85),AdaptWin,1500,791,536,15,229,0,0.213,0.1679,0.0948,0.7333,3.3885,0.0,,0.1679,116
Norovirus,P*E*rare,FreqThresh(p=80),FreqThresh,1500,791,536,15,229,0,0.2102,0.1654,0.0932,0.7333,3.3311,0.0,,0.1654,118
Norovirus,P*E*rare,FreqThresh(p=85),FreqThresh,1500,791,536,15,229,0,0.2421,0.2062,0.122,0.6667,4.3577,0.0,,0.2062,82
Norovirus,P*E*rare,FreqThresh(p=90),FreqThresh,1500,791,536,15,229,0,0.3715,0.3509,0.2381,0.6667,8.5079,0.0,,0.3509,42
Norovirus,P*E*rare,FreqThresh(p=95),FreqThresh,1500,791,536,15,229,0,0.2361,0.2581,0.25,0.2667,8.9333,0.0,,0.2581,16
Norovirus,P*E*rare,"SWAN(w=10,k=1.0)",SWAN,1500,791,536,15,229,0,0.0413,0.0755,0.0526,0.1333,1.8807,0.0,,0.0755,38
Norovirus,P*E*rare,"SWAN(w=10,k=1.5)",SWAN,1500,791,536,15,229,0,0.043,0.0769,0.0541,0.1333,1.9315,0.0,,0.0769,37
Norovirus,P*E*rare,"SWAN(w=10,k=2.0)",SWAN,1500,791,536,15,229,0,-0.0307,0.0,0.0,0.0,0.0,0.0,,0.0,17
Norovirus,P*E*rare,"SWAN(w=20,k=1.0)",SWAN,1500,791,536,15,229,0,0.1763,0.1818,0.1176,0.4,4.2039,0.0,,0.1818,51
Norovirus,P*E*rare,MutClust-Orig(g=10),MutClust-Orig,1500,791,536,15,229,0,-0.0165,0.0,0.0,0.0,0.0,0.0,,0.0,5
Norovirus,minority_E,Wavelet(t=1.0),Wavelet,1500,791,536,15,229,0,-0.0305,0.0447,0.0235,0.4667,0.8394,0.7074,,-0.1675,298
Norovirus,minority_E,Wavelet(t=1.5),Wavelet,1500,791,536,15,229,0,-0.0084,0.0417,0.0247,0.1333,0.8823,0.2271,,-0.0265,81
Norovirus,minority_E,Wavelet(t=2.0),Wavelet,1500,791,536,15,229,0,-0.0325,0.0,0.0,0.0,0.0,0.0306,,-0.0092,19
Norovirus,minority_E,KDE(p=75),KDE,1500,791,536,15,229,0,0.2939,0.2013,0.1119,1.0,4.0,0.0,,0.2013,134
Norovirus,minority_E,KDE(p=80),KDE,1500,791,536,15,229,0,0.3378,0.2439,0.1389,1.0,4.963,0.0,,0.2439,108
Norovirus,minority_E,KDE(p=85),KDE,1500,791,536,15,229,0,0.3706,0.2917,0.1728,0.9333,6.1761,0.0,,0.2917,81
Norovirus,minority_E,SlidingTest(p=0.01),SlidingTest,1500,791,536,15,229,0,0.275,0.2667,0.1778,0.5333,6.3526,0.0,,0.2667,45
Norovirus,minority_E,SlidingTest(p=0.05),SlidingTest,1500,791,536,15,229,0,0.2499,0.192,0.1091,0.8,3.8982,0.0,,0.192,110
Norovirus,minority_E,GradPeak(p=0.2),GradPeak,1500,791,536,15,229,0,0.0649,0.0698,0.0365,0.8,1.3033,0.6769,,-0.1333,329
Norovirus,minority_E,GradPeak(p=0.5),GradPeak,1500,791,536,15,229,0,0.0174,0.0588,0.0314,0.4667,1.1217,0.5153,,-0.0958,223
Norovirus,minority_E,LocalContrast(z=1.0),LocalContrast,1500,791,536,15,229,0,0.0664,0.0824,0.0452,0.4667,1.6138,0.3712,,-0.029,155
Norovirus,minority_E,LocalContrast(z=1.5),LocalContrast,1500,791,536,15,229,0,0.0363,0.0714,0.0488,0.1333,1.7431,0.0873,,0.0452,41
Norovirus,minority_E,LocalContrast(z=2.0),LocalContrast,1500,791,536,15,229,0,-0.0127,0.0,0.0,0.0,0.0,0.0,,0.0,3
Norovirus,minority_E,"CUSUM(d=0.3,h=3.0)",CUSUM,1500,791,536,15,229,0,0.0413,0.0576,0.0296,1.0,1.0593,0.8734,,-0.2044,506
Norovirus,minority_E,"CUSUM(d=0.5,h=4.0)",CUSUM,1500,791,536,15,229,0,0.1748,0.1091,0.0577,1.0,2.0615,0.4148,,-0.0154,260
Norovirus,minority_E,"CUSUM(d=0.5,h=5.0)",CUSUM,1500,791,536,15,229,0,0.1877,0.1172,0.0622,1.0,2.2241,0.4017,,-0.0033,241
Norovirus,minority_E,AdaptiveKnee,AdaptiveKnee,1500,791,536,15,229,0,0.2662,0.2692,0.1892,0.4667,6.7604,0.0,,0.2692,37
Norovirus,minority_E,ScoreDBSCAN(ep=8),ScoreDBSCAN,1500,791,536,15,229,0,0.0448,0.0581,0.0299,1.0,1.0699,0.8515,,-0.1973,501
Norovirus,minority_E,ScoreDBSCAN(ep=15),ScoreDBSCAN,1500,791,536,15,229,0,0.0448,0.0581,0.0299,1.0,1.0699,0.8515,,-0.1973,501
Norovirus,minority_E,Spectral(z=1.5),Spectral,1500,791,536,15,229,0,0.0727,0.1026,0.0833,0.1333,2.9778,0.0131,,0.0986,24
Norovirus,minority_E,Spectral(z=2.0),Spectral,1500,791,536,15,229,0,-0.0181,0.0,0.0,0.0,0.0,0.0,,0.0,6
Norovirus,minority_E,Bayes(prior=0.1),Bayes,1500,791,536,15,229,0,0.1572,0.1165,0.0628,0.8,2.245,0.3144,,0.0222,191
Norovirus,minority_E,Bayes(prior=0.15),Bayes,1500,791,536,15,229,0,0.1589,0.1116,0.0596,0.8667,2.1309,0.3144,,0.0173,218
Norovirus,minority_E,Ensemble(v>=2),Ensemble,1500,791,536,15,229,0,0.2003,0.2174,0.1613,0.3333,5.7634,0.0,,0.2174,31
Norovirus,minority_E,Ensemble(v>=3),Ensemble,1500,791,536,15,229,0,0.1141,0.1379,0.1429,0.1333,5.1048,0.0,,0.1379,14
Norovirus,minority_E,AdaptWin(s=90),AdaptWin,1500,791,536,15,229,0,0.2007,0.1571,0.088,0.7333,3.1445,0.1266,,0.1192,125
Norovirus,minority_E,AdaptWin(s=85),AdaptWin,1500,791,536,15,229,0,0.1842,0.1217,0.0651,0.9333,2.3268,0.1616,,0.0733,215
Norovirus,minority_E,FreqThresh(p=80),FreqThresh,1500,791,536,15,229,0,0.236,0.2,0.1176,0.6667,4.2039,0.0961,,0.1712,85
Norovirus,minority_E,FreqThresh(p=85),FreqThresh,1500,791,536,15,229,0,0.2377,0.2373,0.1591,0.4667,5.6848,0.0175,,0.232,44
Norovirus,minority_E,FreqThresh(p=90),FreqThresh,1500,791,536,15,229,0,0.2003,0.2174,0.1613,0.3333,5.7634,0.0,,0.2174,31
Norovirus,minority_E,FreqThresh(p=95),FreqThresh,1500,791,536,15,229,0,0.197,0.1905,0.3333,0.1333,11.9111,0.0,,0.1905,6
Norovirus,minority_E,"SWAN(w=10,k=1.0)",SWAN,1500,791,536,15,229,0,0.196,0.2128,0.1562,0.3333,5.5833,0.0,,0.2128,32
Norovirus,minority_E,MutClust-Orig(g=10),MutClust-Orig,1500,791,536,15,229,0,0.0448,0.0581,0.0299,1.0,1.0699,0.8515,,-0.1973,501
Norovirus,P*minority_E,Wavelet(t=1.0),Wavelet,1500,791,536,15,229,0,0.2339,0.1677,0.0929,0.8667,3.3181,0.0437,,0.1546,140
Norovirus,P*minority_E,Wavelet(t=1.5),Wavelet,1500,791,536,15,229,0,0.205,0.18,0.1059,0.6,3.7835,0.0131,,0.1761,85
Norovirus,P*minority_E,Wavelet(t=2.0),Wavelet,1500,791,536,15,229,0,0.1639,0.169,0.1071,0.4,3.8286,0.0,,0.169,56
Norovirus,P*minority_E,KDE(p=75),KDE,1500,791,536,15,229,0,0.2316,0.1752,0.0984,0.8,3.5148,0.0,,0.1752,122
Norovirus,P*minority_E,KDE(p=80),KDE,1500,791,536,15,229,0,0.2728,0.2143,0.1237,0.8,4.4206,0.0,,0.2143,97
Norovirus,P*minority_E,KDE(p=85),KDE,1500,791,536,15,229,0,0.2294,0.2045,0.1233,0.6,4.4055,0.0,,0.2045,73
Norovirus,P*minority_E,SlidingTest(p=0.01),SlidingTest,1500,791,536,15,229,0,0.1511,0.1474,0.0875,0.4667,3.1267,0.0,,0.1474,80
Norovirus,P*minority_E,SlidingTest(p=0.05),SlidingTest,1500,791,536,15,229,0,0.1361,0.12,0.0667,0.6,2.3822,0.0,,0.12,135
Norovirus,P*minority_E,GradPeak(p=0.2),GradPeak,1500,791,536,15,229,0,0.2174,0.1719,0.0973,0.7333,3.4785,0.0524,,0.1562,113
Norovirus,P*minority_E,GradPeak(p=0.5),GradPeak,1500,791,536,15,229,0,0.2508,0.2151,0.1282,0.6667,4.5812,0.048,,0.2006,78
Norovirus,P*minority_E,LocalContrast(z=1.0),LocalContrast,1500,791,536,15,229,0,0.1795,0.175,0.1077,0.4667,3.8482,0.1004,,0.1449,65
Norovirus,P*minority_E,LocalContrast(z=1.5),LocalContrast,1500,791,536,15,229,0,0.2138,0.2222,0.1538,0.4,5.4974,0.0699,,0.2013,39
Norovirus,P*minority_E,LocalContrast(z=2.0),LocalContrast,1500,791,536,15,229,0,0.2776,0.2927,0.2308,0.4,8.2462,0.0262,,0.2848,26
Norovirus,P*minority_E,"CUSUM(d=0.3,h=3.0)",CUSUM,1500,791,536,15,229,0,0.0495,0.0589,0.0304,1.0,1.085,0.821,,-0.1873,494
Norovirus,P*minority_E,"CUSUM(d=0.5,h=4.0)",CUSUM,1500,791,536,15,229,0,0.1499,0.1176,0.064,0.7333,2.2853,0.0,,0.1176,172
Norovirus,P*minority_E,"CUSUM(d=0.5,h=5.0)",CUSUM,1500,791,536,15,229,0,0.1328,0.1117,0.061,0.6667,2.1789,0.0,,0.1117,164
Norovirus,P*minority_E,AdaptiveKnee,AdaptiveKnee,1500,791,536,15,229,0,0.3734,0.3385,0.22,0.7333,7.8613,0.0,,0.3385,50
Norovirus,P*minority_E,Spectral(z=1.5),Spectral,1500,791,536,15,229,0,0.2487,0.2609,0.1935,0.4,6.9161,0.0262,,0.253,31
Norovirus,P*minority_E,Spectral(z=2.0),Spectral,1500,791,536,15,229,0,0.299,0.3158,0.2609,0.4,9.3217,0.0131,,0.3119,23
Norovirus,P*minority_E,Bayes(prior=0.1),Bayes,1500,791,536,15,229,0,0.1721,0.1138,0.0606,0.9333,2.1657,0.0131,,0.1099,231
Norovirus,P*minority_E,Bayes(prior=0.15),Bayes,1500,791,536,15,229,0,0.1721,0.1138,0.0606,0.9333,2.1657,0.0131,,0.1099,231
Norovirus,P*minority_E,Ensemble(v>=2),Ensemble,1500,791,536,15,229,0,0.3957,0.4118,0.3684,0.4667,13.1649,0.0,,0.4118,19
Norovirus,P*minority_E,Ensemble(v>=3),Ensemble,1500,791,536,15,229,0,0.3957,0.4118,0.3684,0.4667,13.1649,0.0,,0.4118,19
Norovirus,P*minority_E,AdaptWin(s=90),AdaptWin,1500,791,536,15,229,0,0.3631,0.3117,0.1935,0.8,6.9161,0.0,,0.3117,62
Norovirus,P*minority_E,AdaptWin(s=85),AdaptWin,1500,791,536,15,229,0,0.2118,0.1579,0.0876,0.8,3.1299,0.0,,0.1579,137
Norovirus,P*minority_E,FreqThresh(p=80),FreqThresh,1500,791,536,15,229,0,0.2434,0.1964,0.1134,0.7333,4.0522,0.0,,0.1964,97
Norovirus,P*minority_E,FreqThresh(p=85),FreqThresh,1500,791,536,15,229,0,0.3277,0.2857,0.1774,0.7333,6.3398,0.0,,0.2857,62
Norovirus,P*minority_E,FreqThresh(p=90),FreqThresh,1500,791,536,15,229,0,0.413,0.4,0.2857,0.6667,10.2095,0.0,,0.4,35
Norovirus,P*minority_E,FreqThresh(p=95),FreqThresh,1500,791,536,15,229,0,0.3957,0.4118,0.3684,0.4667,13.1649,0.0,,0.4118,19
Norovirus,P*minority_E,"SWAN(w=10,k=1.0)",SWAN,1500,791,536,15,229,0,0.2187,0.1935,0.1154,0.6,4.1231,0.0,,0.1935,78
Norovirus,P*minority_E,"SWAN(w=10,k=1.5)",SWAN,1500,791,536,15,229,0,0.2408,0.2286,0.1455,0.5333,5.1976,0.0,,0.2286,55
Norovirus,P*minority_E,"SWAN(w=10,k=2.0)",SWAN,1500,791,536,15,229,0,0.1141,0.1379,0.1429,0.1333,5.1048,0.0,,0.1379,14
Norovirus,P*minority_E,"SWAN(w=20,k=1.0)",SWAN,1500,791,536,15,229,0,0.2264,0.1905,0.1111,0.6667,3.9704,0.0,,0.1905,90
Norovirus,P*minority_E,"SWAN(w=50,k=1.0)",SWAN,1500,791,536,15,229,0,0.2063,0.2029,0.1296,0.4667,4.6321,0.0,,0.2029,54
Norovirus,P*minority_E,MutClust-Orig(g=10),MutClust-Orig,1500,791,536,15,229,0,0.1826,0.1275,0.0688,0.8667,2.4578,0.0873,,0.1013,189
Norovirus,P*E,Wavelet(t=1.0),Wavelet,1500,791,536,15,229,0,0.186,0.1371,0.075,0.8,2.68,0.1048,,0.1057,160
Norovirus,P*E,Wavelet(t=1.5),Wavelet,1500,791,536,15,229,0,0.1924,0.1778,0.1067,0.5333,3.8116,0.0262,,0.1699,75
Norovirus,P*E,Wavelet(t=2.0),Wavelet,1500,791,536,15,229,0,0.1377,0.1515,0.098,0.3333,3.5033,0.0,,0.1515,51
Norovirus,P*E,KDE(p=75),KDE,1500,791,536,15,229,0,0.2416,0.1745,0.097,0.8667,3.4667,0.0,,0.1745,134
Norovirus,P*E,KDE(p=80),KDE,1500,791,536,15,229,0,0.2532,0.1951,0.1111,0.8,3.9704,0.0,,0.1951,108
Norovirus,P*E,KDE(p=85),KDE,1500,791,536,15,229,0,0.2127,0.1875,0.1111,0.6,3.9704,0.0,,0.1875,81
Norovirus,P*E,SlidingTest(p=0.01),SlidingTest,1500,791,536,15,229,0,0.225,0.2,0.12,0.6,4.288,0.0,,0.2,75
Norovirus,P*E,SlidingTest(p=0.05),SlidingTest,1500,791,536,15,229,0,0.2627,0.24,0.15,0.6,5.36,0.0,,0.24,60
Norovirus,P*E,GradPeak(p=0.2),GradPeak,1500,791,536,15,229,0,0.1974,0.1383,0.0751,0.8667,2.6852,0.2664,,0.0584,173
Norovirus,P*E,GradPeak(p=0.5),GradPeak,1500,791,536,15,229,0,0.2499,0.192,0.1091,0.8,3.8982,0.1659,,0.1422,110
Norovirus,P*E,LocalContrast(z=1.0),LocalContrast,1500,791,536,15,229,0,0.1323,0.1538,0.1081,0.2667,3.8631,0.0524,,0.1381,37
Norovirus,P*E,LocalContrast(z=1.5),LocalContrast,1500,791,536,15,229,0,0.1482,0.1702,0.125,0.2667,4.4667,0.0393,,0.1584,32
Norovirus,P*E,LocalContrast(z=2.0),LocalContrast,1500,791,536,15,229,0,0.0338,0.0625,0.0588,0.0667,2.102,0.0262,,0.0546,17
Norovirus,P*E,"CUSUM(d=0.3,h=3.0)",CUSUM,1500,791,536,15,229,0,0.1957,0.1224,0.0652,1.0,2.3304,0.0699,,0.1015,230
Norovirus,P*E,"CUSUM(d=0.5,h=4.0)",CUSUM,1500,791,536,15,229,0,0.1286,0.1273,0.0737,0.4667,2.633,0.0,,0.1273,95
Norovirus,P*E,"CUSUM(d=0.5,h=5.0)",CUSUM,1500,791,536,15,229,0,0.115,0.1224,0.0723,0.4,2.5831,0.0,,0.1224,83
Norovirus,P*E,AdaptiveKnee,AdaptiveKnee,1500,791,536,15,229,0,0.3415,0.3014,0.1897,0.7333,6.777,0.0393,,0.2896,58
Norovirus,P*E,Spectral(z=1.5),Spectral,1500,791,536,15,229,0,0.2594,0.2727,0.2069,0.4,7.3931,0.0262,,0.2649,29
Norovirus,P*E,Spectral(z=2.0),Spectral,1500,791,536,15,229,0,0.2122,0.2353,0.2105,0.2667,7.5228,0.0131,,0.2314,19
Norovirus,P*E,Bayes(prior=0.1),Bayes,1500,791,536,15,229,0,0.1528,0.1022,0.0541,0.9333,1.9315,0.0742,,0.0799,259
Norovirus,P*E,Bayes(prior=0.15),Bayes,1500,791,536,15,229,0,0.1716,0.1071,0.0566,1.0,2.0226,0.0742,,0.0849,265
Norovirus,P*E,Ensemble(v>=2),Ensemble,1500,791,536,15,229,0,0.2367,0.2564,0.2083,0.3333,7.4444,0.0262,,0.2485,24
Norovirus,P*E,Ensemble(v>=3),Ensemble,1500,791,536,15,229,0,0.2367,0.2564,0.2083,0.3333,7.4444,0.0262,,0.2485,24
Norovirus,P*E,AdaptWin(s=90),AdaptWin,1500,791,536,15,229,0,0.3121,0.2683,0.1642,0.7333,5.8667,0.0524,,0.2526,67
Norovirus,P*E,AdaptWin(s=85),AdaptWin,1500,791,536,15,229,0,0.1922,0.142,0.0779,0.8,2.7844,0.0655,,0.1224,154
Norovirus,P*E,FreqThresh(p=80),FreqThresh,1500,791,536,15,229,0,0.2417,0.1947,0.1122,0.7333,4.0109,0.0393,,0.1829,98
Norovirus,P*E,FreqThresh(p=85),FreqThresh,1500,791,536,15,229,0,0.3244,0.2821,0.1746,0.7333,6.2392,0.0393,,0.2703,63
Norovirus,P*E,FreqThresh(p=90),FreqThresh,1500,791,536,15,229,0,0.3672,0.36,0.2571,0.6,9.1886,0.0262,,0.3521,35
Norovirus,P*E,FreqThresh(p=95),FreqThresh,1500,791,536,15,229,0,0.1032,0.129,0.125,0.1333,4.4667,0.0175,,0.1238,16
Norovirus,P*E,"SWAN(w=10,k=1.0)",SWAN,1500,791,536,15,229,0,0.2388,0.2143,0.1304,0.6,4.6609,0.0,,0.2143,69
Norovirus,P*E,"SWAN(w=10,k=1.5)",SWAN,1500,791,536,15,229,0,0.2047,0.2222,0.1667,0.3333,5.9556,0.0,,0.2222,30
Norovirus,P*E,"SWAN(w=10,k=2.0)",SWAN,1500,791,536,15,229,0,0.135,0.1538,0.1818,0.1333,6.497,0.0,,0.1538,11
Norovirus,P*E,"SWAN(w=20,k=1.0)",SWAN,1500,791,536,15,229,0,0.1161,0.1429,0.1111,0.2,3.9704,0.0,,0.1429,27
Norovirus,P*E,MutClust-Orig(g=10),MutClust-Orig,1500,791,536,15,229,0,0.1464,0.104,0.0553,0.8667,1.9767,0.3493,,-0.0008,235
Norovirus,H-score,Wavelet(t=1.0),Wavelet,1500,791,536,15,229,0,0.1,0.0913,0.049,0.6667,1.7516,0.2533,,0.0153,204
Norovirus,H-score,Wavelet(t=1.5),Wavelet,1500,791,536,15,229,0,0.1816,0.1579,0.0909,0.6,3.2485,0.0742,,0.1356,99
Norovirus,H-score,Wavelet(t=2.0),Wavelet,1500,791,536,15,229,0,0.1635,0.186,0.1429,0.2667,5.1048,0.0,,0.186,28
Norovirus,H-score,KDE(p=75),KDE,1500,791,536,15,229,0,-0.0196,0.0403,0.0224,0.2,0.8,0.0,,0.0403,134
Norovirus,H-score,KDE(p=80),KDE,1500,791,536,15,229,0,-0.0006,0.0488,0.0278,0.2,0.9926,0.0,,0.0488,108
Norovirus,H-score,KDE(p=85),KDE,1500,791,536,15,229,0,0.0232,0.0625,0.037,0.2,1.3235,0.0,,0.0625,81
Norovirus,H-score,SlidingTest(p=0.01),SlidingTest,1500,791,536,15,229,0,0.0788,0.0865,0.0471,0.5333,1.6816,0.0,,0.0865,170
Norovirus,H-score,SlidingTest(p=0.05),SlidingTest,1500,791,536,15,229,0,0.1303,0.1048,0.0564,0.7333,2.0157,0.0,,0.1048,195
Norovirus,H-score,GradPeak(p=0.2),GradPeak,1500,791,536,15,229,0,0.185,0.1223,0.0654,0.9333,2.3377,0.2795,,0.0384,214
Norovirus,H-score,GradPeak(p=0.5),GradPeak,1500,791,536,15,229,0,0.2679,0.1985,0.1121,0.8667,4.0046,0.1659,,0.1487,116
Norovirus,H-score,LocalContrast(z=1.0),LocalContrast,1500,791,536,15,229,0,0.2462,0.2222,0.1364,0.6,4.8727,0.0699,,0.2013,66
Norovirus,H-score,LocalContrast(z=1.5),LocalContrast,1500,791,536,15,229,0,0.1482,0.1702,0.125,0.2667,4.4667,0.0524,,0.1545,32
Norovirus,H-score,LocalContrast(z=2.0),LocalContrast,1500,791,536,15,229,0,0.024,0.0556,0.0476,0.0667,1.7016,0.0524,,0.0398,21
Norovirus,H-score,"CUSUM(d=0.3,h=3.0)",CUSUM,1500,791,536,15,229,0,0.0257,0.0557,0.0286,1.0,1.0229,0.952,,-0.2299,524
Norovirus,H-score,"CUSUM(d=0.5,h=4.0)",CUSUM,1500,791,536,15,229,0,-0.1354,0.0319,0.0165,0.4667,0.5899,0.8384,,-0.2196,424
Norovirus,H-score,"CUSUM(d=0.5,h=5.0)",CUSUM,1500,791,536,15,229,0,-0.126,0.0325,0.0168,0.4667,0.6013,0.8253,,-0.2151,416
Norovirus,H-score,AdaptiveKnee,AdaptiveKnee,1500,791,536,15,229,0,0.1368,0.0985,0.0522,0.8667,1.8656,0.0742,,0.0762,249
Norovirus,H-score,ScoreDBSCAN(ep=8),ScoreDBSCAN,1500,791,536,15,229,0,-0.0234,0.0,0.0,0.0,0.0,0.0393,,-0.0118,10
Norovirus,H-score,ScoreDBSCAN(ep=15),ScoreDBSCAN,1500,791,536,15,229,0,-0.0181,0.0,0.0,0.0,0.0,0.0262,,-0.0079,6
Norovirus,H-score,Spectral(z=1.5),Spectral,1500,791,536,15,229,0,0.2343,0.2449,0.1765,0.4,6.3059,0.0393,,0.2331,34
Norovirus,H-score,Spectral(z=2.0),Spectral,1500,791,536,15,229,0,0.3247,0.3429,0.3,0.4,10.72,0.0131,,0.3389,20
Norovirus,H-score,Bayes(prior=0.1),Bayes,1500,791,536,15,229,0,0.1684,0.1053,0.0556,1.0,1.9852,0.0742,,0.083,270
Norovirus,H-score,Bayes(prior=0.15),Bayes,1500,791,536,15,229,0,0.1616,0.1014,0.0534,1.0,1.9075,0.0742,,0.0791,281
Norovirus,H-score,Ensemble(v>=2),Ensemble,1500,791,536,15,229,0,0.3672,0.36,0.2571,0.6,9.1886,0.0262,,0.3521,35
Norovirus,H-score,Ensemble(v>=3),Ensemble,1500,791,536,15,229,0,0.3869,0.383,0.2812,0.6,10.05,0.0262,,0.3751,32
Norovirus,H-score,AdaptWin(s=90),AdaptWin,1500,791,536,15,229,0,0.2143,0.16,0.0889,0.8,3.1763,0.0524,,0.1443,135
Norovirus,H-score,AdaptWin(s=85),AdaptWin,1500,791,536,15,229,0,0.1514,0.1127,0.0606,0.8,2.1657,0.0655,,0.093,198
Norovirus,H-score,FreqThresh(p=80),FreqThresh,1500,791,536,15,229,0,0.2417,0.1947,0.1122,0.7333,4.0109,0.0393,,0.1829,98
Norovirus,H-score,FreqThresh(p=85),FreqThresh,1500,791,536,15,229,0,0.3244,0.2821,0.1746,0.7333,6.2392,0.0393,,0.2703,63
Norovirus,H-score,FreqThresh(p=90),FreqThresh,1500,791,536,15,229,0,0.3672,0.36,0.2571,0.6,9.1886,0.0262,,0.3521,35
Norovirus,H-score,FreqThresh(p=95),FreqThresh,1500,791,536,15,229,0,0.1032,0.129,0.125,0.1333,4.4667,0.0175,,0.1238,16
Norovirus,H-score,"SWAN(w=10,k=1.0)",SWAN,1500,791,536,15,229,0,0.1965,0.1818,0.1096,0.5333,3.916,0.0,,0.1818,73
Norovirus,H-score,"SWAN(w=10,k=1.5)",SWAN,1500,791,536,15,229,0,0.265,0.2857,0.25,0.3333,8.9333,0.0,,0.2857,20
Norovirus,H-score,"SWAN(w=20,k=1.0)",SWAN,1500,791,536,15,229,0,0.081,0.1091,0.075,0.2,2.68,0.0,,0.1091,40
Norovirus,H-score,MutClust-Orig(g=10),MutClust-Orig,1500,791,536,15,229,0,0.0,0.0544,0.028,1.0,1.0,1.0,,-0.2456,536
Norovirus,E_only,Wavelet(t=1.0),Wavelet,1500,791,536,15,229,0,0.1481,0.1164,0.0632,0.7333,2.259,0.1572,,0.0692,174
Norovirus,E_only,Wavelet(t=1.5),Wavelet,1500,791,536,15,229,0,0.1416,0.1386,0.0814,0.4667,2.9085,0.0349,,0.1281,86
Norovirus,E_only,Wavelet(t=2.0),Wavelet,1500,791,536,15,229,0,0.161,0.1754,0.119,0.3333,4.254,0.0,,0.1754,42
Norovirus,E_only,KDE(p=75),KDE,1500,791,536,15,229,0,0.0849,0.094,0.0522,0.4667,1.8667,0.0,,0.094,134
Norovirus,E_only,KDE(p=80),KDE,1500,791,536,15,229,0,0.1122,0.1138,0.0648,0.4667,2.316,0.0,,0.1138,108
Norovirus,E_only,KDE(p=85),KDE,1500,791,536,15,229,0,0.1179,0.125,0.0741,0.4,2.6469,0.0,,0.125,81
Norovirus,E_only,SlidingTest(p=0.01),SlidingTest,1500,791,536,15,229,0,0.0949,0.0923,0.05,0.6,1.7867,0.0,,0.0923,180
Norovirus,E_only,SlidingTest(p=0.05),SlidingTest,1500,791,536,15,229,0,0.1303,0.1048,0.0564,0.7333,2.0157,0.0,,0.1048,195
Norovirus,E_only,GradPeak(p=0.2),GradPeak,1500,791,536,15,229,0,0.2156,0.1443,0.0782,0.9333,2.7948,0.2533,,0.0683,179
Norovirus,E_only,GradPeak(p=0.5),GradPeak,1500,791,536,15,229,0,0.2417,0.1947,0.1122,0.7333,4.0109,0.1179,,0.1593,98
Norovirus,E_only,LocalContrast(z=1.0),LocalContrast,1500,791,536,15,229,0,0.2118,0.1975,0.1212,0.5333,4.3313,0.0699,,0.1766,66
Norovirus,E_only,LocalContrast(z=1.5),LocalContrast,1500,791,536,15,229,0,0.2617,0.2642,0.1842,0.4667,6.5825,0.0699,,0.2432,38
Norovirus,E_only,LocalContrast(z=2.0),LocalContrast,1500,791,536,15,229,0,0.1274,0.1538,0.125,0.2,4.4667,0.0524,,0.1381,24
Norovirus,E_only,"CUSUM(d=0.3,h=3.0)",CUSUM,1500,791,536,15,229,0,0.0268,0.0558,0.0287,1.0,1.0249,0.9476,,-0.2285,523
Norovirus,E_only,"CUSUM(d=0.5,h=4.0)",CUSUM,1500,791,536,15,229,0,-0.104,0.0391,0.0202,0.6,0.7227,0.8297,,-0.2098,445
Norovirus,E_only,"CUSUM(d=0.5,h=5.0)",CUSUM,1500,791,536,15,229,0,-0.1539,0.0309,0.016,0.4667,0.5711,0.8166,,-0.2141,438
Norovirus,E_only,AdaptiveKnee,AdaptiveKnee,1500,791,536,15,229,0,0.3415,0.3014,0.1897,0.7333,6.777,0.0393,,0.2896,58
Norovirus,E_only,Spectral(z=1.5),Spectral,1500,791,536,15,229,0,0.2594,0.2727,0.2069,0.4,7.3931,0.0262,,0.2649,29
Norovirus,E_only,Spectral(z=2.0),Spectral,1500,791,536,15,229,0,0.3156,0.3333,0.2857,0.4,10.2095,0.0131,,0.3294,21
Norovirus,E_only,Bayes(prior=0.1),Bayes,1500,791,536,15,229,0,0.1528,0.1022,0.0541,0.9333,1.9315,0.0742,,0.0799,259
Norovirus,E_only,Bayes(prior=0.15),Bayes,1500,791,536,15,229,0,0.1635,0.1024,0.054,1.0,1.9281,0.0742,,0.0801,278
Norovirus,E_only,Ensemble(v>=2),Ensemble,1500,791,536,15,229,0,0.3554,0.3462,0.2432,0.6,8.6919,0.0262,,0.3383,37
Norovirus,E_only,Ensemble(v>=3),Ensemble,1500,791,536,15,229,0,0.3869,0.383,0.2812,0.6,10.05,0.0262,,0.3751,32
Norovirus,E_only,AdaptWin(s=90),AdaptWin,1500,791,536,15,229,0,0.222,0.1667,0.093,0.8,3.324,0.0262,,0.1588,129
Norovirus,E_only,AdaptWin(s=85),AdaptWin,1500,791,536,15,229,0,0.1522,0.1132,0.0609,0.8,2.1766,0.0655,,0.0936,197
Norovirus,E_only,FreqThresh(p=80),FreqThresh,1500,791,536,15,229,0,0.2298,0.1833,0.1048,0.7333,3.7435,0.0524,,0.1676,105
Norovirus,E_only,FreqThresh(p=85),FreqThresh,1500,791,536,15,229,0,0.3415,0.3014,0.1897,0.7333,6.777,0.0393,,0.2896,58
Norovirus,E_only,FreqThresh(p=90),FreqThresh,1500,791,536,15,229,0,0.3554,0.3462,0.2432,0.6,8.6919,0.0262,,0.3383,37
Norovirus,E_only,FreqThresh(p=95),FreqThresh,1500,791,536,15,229,0,0.3739,0.3889,0.3333,0.4667,11.9111,0.0,,0.3889,21
Norovirus,E_only,"SWAN(w=10,k=1.0)",SWAN,1500,791,536,15,229,0,0.2272,0.2022,0.1216,0.6,4.3459,0.0,,0.2022,74
Norovirus,E_only,"SWAN(w=10,k=1.5)",SWAN,1500,791,536,15,229,0,0.3108,0.3077,0.2162,0.5333,7.7261,0.0,,0.3077,37
Norovirus,E_only,"SWAN(w=20,k=1.0)",SWAN,1500,791,536,15,229,0,0.1411,0.1463,0.0896,0.4,3.2,0.0,,0.1463,67
Norovirus,E_only,MutClust-Orig(g=10),MutClust-Orig,1500,791,536,15,229,0,0.0777,0.0655,0.0339,1.0,1.2099,0.5983,,-0.114,443
Norovirus,P*E^2,Wavelet(t=1.0),Wavelet,1500,791,536,15,229,0,0.2143,0.16,0.0889,0.8,3.1763,0.0568,,0.143,135
Norovirus,P*E^2,Wavelet(t=1.5),Wavelet,1500,791,536,15,229,0,0.1598,0.1556,0.0933,0.4667,3.3351,0.0131,,0.1516,75
Norovirus,P*E^2,Wavelet(t=2.0),Wavelet,1500,791,536,15,229,0,0.1401,0.1538,0.1,0.3333,3.5733,0.0,,0.1538,50
Norovirus,P*E^2,KDE(p=75),KDE,1500,791,536,15,229,0,0.2678,0.1879,0.1045,0.9333,3.7333,0.0,,0.1879,134
Norovirus,P*E^2,KDE(p=80),KDE,1500,791,536,15,229,0,0.2532,0.1951,0.1111,0.8,3.9704,0.0,,0.1951,108
Norovirus,P*E^2,KDE(p=85),KDE,1500,791,536,15,229,0,0.2442,0.2083,0.1235,0.6667,4.4115,0.0,,0.2083,81
Norovirus,P*E^2,SlidingTest(p=0.01),SlidingTest,1500,791,536,15,229,0,0.2956,0.2769,0.18,0.6,6.432,0.0,,0.2769,50
Norovirus,P*E^2,SlidingTest(p=0.05),SlidingTest,1500,791,536,15,229,0,0.2531,0.2545,0.175,0.4667,6.2533,0.0,,0.2545,40
Norovirus,P*E^2,GradPeak(p=0.2),GradPeak,1500,791,536,15,229,0,0.2081,0.1548,0.0857,0.8,3.0629,0.2009,,0.0946,140
Norovirus,P*E^2,GradPeak(p=0.5),GradPeak,1500,791,536,15,229,0,0.3099,0.2526,0.15,0.8,5.36,0.0742,,0.2304,80
Norovirus,P*E^2,LocalContrast(z=1.0),LocalContrast,1500,791,536,15,229,0,0.1323,0.1538,0.1081,0.2667,3.8631,0.0524,,0.1381,37
Norovirus,P*E^2,LocalContrast(z=1.5),LocalContrast,1500,791,536,15,229,0,0.1274,0.1538,0.125,0.2,4.4667,0.0262,,0.146,24
Norovirus,P*E^2,LocalContrast(z=2.0),LocalContrast,1500,791,536,15,229,0,0.0338,0.0625,0.0588,0.0667,2.102,0.0262,,0.0546,17
Norovirus,P*E^2,"CUSUM(d=0.3,h=3.0)",CUSUM,1500,791,536,15,229,0,0.2299,0.1471,0.0794,1.0,2.836,0.0131,,0.1431,189
Norovirus,P*E^2,"CUSUM(d=0.5,h=4.0)",CUSUM,1500,791,536,15,229,0,0.1054,0.1143,0.0667,0.4,2.3822,0.0,,0.1143,90
Norovirus,P*E^2,"CUSUM(d=0.5,h=5.0)",CUSUM,1500,791,536,15,229,0,0.1179,0.125,0.0741,0.4,2.6469,0.0,,0.125,81
Norovirus,P*E^2,AdaptiveKnee,AdaptiveKnee,1500,791,536,15,229,0,0.3869,0.383,0.2812,0.6,10.05,0.0262,,0.3751,32
Norovirus,P*E^2,Spectral(z=1.5),Spectral,1500,791,536,15,229,0,0.177,0.2,0.16,0.2667,5.7173,0.0262,,0.1921,25
Norovirus,P*E^2,Spectral(z=2.0),Spectral,1500,791,536,15,229,0,0.2053,0.2286,0.2,0.2667,7.1467,0.0131,,0.2246,20
Norovirus,P*E^2,Bayes(prior=0.1),Bayes,1500,791,536,15,229,0,0.1722,0.1075,0.0568,1.0,2.0303,0.0742,,0.0853,264
Norovirus,P*E^2,Bayes(prior=0.15),Bayes,1500,791,536,15,229,0,0.1716,0.1071,0.0566,1.0,2.0226,0.0742,,0.0849,265
Norovirus,P*E^2,Ensemble(v>=2),Ensemble,1500,791,536,15,229,0,0.2367,0.2564,0.2083,0.3333,7.4444,0.0262,,0.2485,24
Norovirus,P*E^2,Ensemble(v>=3),Ensemble,1500,791,536,15,229,0,0.1272,0.1481,0.1667,0.1333,5.9556,0.0,,0.1481,12
Norovirus,P*E^2,AdaptWin(s=90),AdaptWin,1500,791,536,15,229,0,0.3121,0.2683,0.1642,0.7333,5.8667,0.0524,,0.2526,67
Norovirus,P*E^2,AdaptWin(s=85),AdaptWin,1500,791,536,15,229,0,0.2034,0.1509,0.0833,0.8,2.9778,0.0655,,0.1313,144
Norovirus,P*E^2,FreqThresh(p=80),FreqThresh,1500,791,536,15,229,0,0.2331,0.1864,0.1068,0.7333,3.8162,0.0393,,0.1747,103
Norovirus,P*E^2,FreqThresh(p=85),FreqThresh,1500,791,536,15,229,0,0.3415,0.3014,0.1897,0.7333,6.777,0.0393,,0.2896,58
Norovirus,P*E^2,FreqThresh(p=90),FreqThresh,1500,791,536,15,229,0,0.3672,0.36,0.2571,0.6,9.1886,0.0262,,0.3521,35
Norovirus,P*E^2,FreqThresh(p=95),FreqThresh,1500,791,536,15,229,0,0.2367,0.2564,0.2083,0.3333,7.4444,0.0262,,0.2485,24
Norovirus,P*E^2,"SWAN(w=10,k=1.0)",SWAN,1500,791,536,15,229,0,0.2095,0.1951,0.1194,0.5333,4.2667,0.0,,0.1951,67
Norovirus,P*E^2,"SWAN(w=10,k=1.5)",SWAN,1500,791,536,15,229,0,0.2047,0.2222,0.1667,0.3333,5.9556,0.0,,0.2222,30
Norovirus,P*E^2,"SWAN(w=10,k=2.0)",SWAN,1500,791,536,15,229,0,0.094,0.1212,0.1111,0.1333,3.9704,0.0,,0.1212,18
Norovirus,P*E^2,"SWAN(w=20,k=1.0)",SWAN,1500,791,536,15,229,0,0.0951,0.1224,0.0882,0.2,3.1529,0.0,,0.1224,34
Norovirus,P*E^2,MutClust-Orig(g=10),MutClust-Orig,1500,791,536,15,229,0,0.1408,0.0956,0.0504,0.9333,1.7995,0.3843,,-0.0197,278
Norovirus,rank(P*E),Wavelet(t=1.0),Wavelet,1500,791,536,15,229,0,0.0253,0.0613,0.0325,0.5333,1.1621,0.655,,-0.1352,246
Norovirus,rank(P*E),Wavelet(t=1.5),Wavelet,1500,791,536,15,229,0,-0.0023,0.0449,0.027,0.1333,0.9658,0.2227,,-0.0219,74
Norovirus,rank(P*E),Wavelet(t=2.0),Wavelet,1500,791,536,15,229,0,0.0789,0.1081,0.0909,0.1333,3.2485,0.0437,,0.095,22
Norovirus,rank(P*E),KDE(p=75),KDE,1500,791,536,15,229,0,-0.0196,0.0403,0.0224,0.2,0.8,0.0,,0.0403,134
Norovirus,rank(P*E),KDE(p=80),KDE,1500,791,536,15,229,0,-0.057,0.0163,0.0093,0.0667,0.3309,0.0,,0.0163,108
Norovirus,rank(P*E),KDE(p=85),KDE,1500,791,536,15,229,0,-0.0716,0.0,0.0,0.0,0.0,0.0,,0.0,81
Norovirus,rank(P*E),SlidingTest(p=0.01),SlidingTest,1500,791,536,15,229,0,0.1729,0.1143,0.0609,0.9333,2.1751,0.0,,0.1143,230
Norovirus,rank(P*E),SlidingTest(p=0.05),SlidingTest,1500,791,536,15,229,0,0.1815,0.1132,0.06,1.0,2.144,0.0,,0.1132,250
Norovirus,rank(P*E),GradPeak(p=0.2),GradPeak,1500,791,536,15,229,0,0.1765,0.1232,0.0663,0.8667,2.3701,0.4236,,-0.0039,196
Norovirus,rank(P*E),GradPeak(p=0.5),GradPeak,1500,791,536,15,229,0,0.1885,0.1739,0.1039,0.5333,3.7126,0.1354,,0.1333,77
Norovirus,rank(P*E),LocalContrast(z=1.0),LocalContrast,1500,791,536,15,229,0,0.1968,0.1538,0.0859,0.7333,3.0708,0.2271,,0.0857,128
Norovirus,rank(P*E),LocalContrast(z=1.5),LocalContrast,1500,791,536,15,229,0,0.1841,0.2,0.1429,0.3333,5.1048,0.0524,,0.1843,35
Norovirus,rank(P*E),LocalContrast(z=2.0),LocalContrast,1500,791,536,15,229,0,0.0312,0.0606,0.0556,0.0667,1.9852,0.0524,,0.0449,18
Norovirus,rank(P*E),"CUSUM(d=0.3,h=3.0)",CUSUM,1500,791,536,15,229,0,0.0127,0.0547,0.0281,1.0,1.0056,0.9913,,-0.2426,533
Norovirus,rank(P*E),"CUSUM(d=0.5,h=4.0)",CUSUM,1500,791,536,15,229,0,-0.1449,0.037,0.0191,0.6,0.6828,0.9083,,-0.2355,471
Norovirus,rank(P*E),"CUSUM(d=0.5,h=5.0)",CUSUM,1500,791,536,15,229,0,-0.1866,0.0296,0.0153,0.4667,0.5461,0.869,,-0.2311,458
Norovirus,rank(P*E),ScoreDBSCAN(ep=8),ScoreDBSCAN,1500,791,536,15,229,0,-0.0181,0.0,0.0,0.0,0.0,0.0262,,-0.0079,6
Norovirus,rank(P*E),Spectral(z=1.5),Spectral,1500,791,536,15,229,0,0.164,0.1786,0.122,0.3333,4.3577,0.1048,,0.1471,41
Norovirus,rank(P*E),Spectral(z=2.0),Spectral,1500,791,536,15,229,0,0.0801,0.0909,0.1429,0.0667,5.1048,0.0131,,0.087,7
Norovirus,rank(P*E),Bayes(prior=0.1),Bayes,1500,791,536,15,229,0,0.145,0.1032,0.0549,0.8667,1.9601,0.0742,,0.0809,237
Norovirus,rank(P*E),Bayes(prior=0.15),Bayes,1500,791,536,15,229,0,0.1561,0.1041,0.0551,0.9333,1.9696,0.0742,,0.0818,254
Norovirus,rank(P*E),Ensemble(v>=2),Ensemble,1500,791,536,15,229,0,0.3672,0.36,0.2571,0.6,9.1886,0.0262,,0.3521,35
Norovirus,rank(P*E),Ensemble(v>=3),Ensemble,1500,791,536,15,229,0,0.2367,0.2564,0.2083,0.3333,7.4444,0.0262,,0.2485,24
Norovirus,rank(P*E),AdaptWin(s=90),AdaptWin,1500,791,536,15,229,0,0.1464,0.104,0.0553,0.8667,1.9767,0.0524,,0.0883,235
Norovirus,rank(P*E),AdaptWin(s=85),AdaptWin,1500,791,536,15,229,0,0.1598,0.1003,0.0528,1.0,1.8873,0.1179,,0.065,284
Norovirus,rank(P*E),FreqThresh(p=80),FreqThresh,1500,791,536,15,229,0,0.2331,0.1864,0.1068,0.7333,3.8162,0.0393,,0.1747,103
Norovirus,rank(P*E),FreqThresh(p=85),FreqThresh,1500,791,536,15,229,0,0.3244,0.2821,0.1746,0.7333,6.2392,0.0393,,0.2703,63
Norovirus,rank(P*E),FreqThresh(p=90),FreqThresh,1500,791,536,15,229,0,0.3672,0.36,0.2571,0.6,9.1886,0.0262,,0.3521,35
Norovirus,rank(P*E),FreqThresh(p=95),FreqThresh,1500,791,536,15,229,0,0.1032,0.129,0.125,0.1333,4.4667,0.0175,,0.1238,16
Norovirus,rank(P*E),"SWAN(w=10,k=1.0)",SWAN,1500,791,536,15,229,0,0.1294,0.1212,0.0684,0.5333,2.4433,0.0,,0.1212,117
Norovirus,rank(P*E),"SWAN(w=20,k=1.0)",SWAN,1500,791,536,15,229,0,0.0327,0.069,0.0417,0.2,1.4889,0.0,,0.069,72
Norovirus,rank(P*E),MutClust-Orig(g=10),MutClust-Orig,1500,791,536,15,229,0,0.0,0.0544,0.028,1.0,1.0,1.0,,-0.2456,536
HIV-1,E*rare,Wavelet(t=1.0),Wavelet,3000,2256,450,23,23,133,0.0727,0.122,0.0673,0.6522,1.316,0.6957,0.2528,-0.0867,223
HIV-1,E*rare,Wavelet(t=1.5),Wavelet,3000,2256,450,23,23,133,0.0768,0.1359,0.0875,0.3043,1.712,0.1304,0.0657,0.0968,80
HIV-1,E*rare,Wavelet(t=2.0),Wavelet,3000,2256,450,23,23,133,-0.0487,0.0,0.0,0.0,0.0,0.087,0.0132,-0.0261,19
HIV-1,E*rare,KDE(p=75),KDE,3000,2256,450,23,23,133,-0.0127,0.0721,0.0455,0.1739,0.8893,0.3478,0.2896,-0.0323,88
HIV-1,E*rare,KDE(p=80),KDE,3000,2256,450,23,23,133,-0.0728,0.0213,0.0141,0.0435,0.2756,0.3478,0.2647,-0.0831,71
HIV-1,E*rare,KDE(p=85),KDE,3000,2256,450,23,23,133,-0.0848,0.0,0.0,0.0,0.0,0.3478,0.2151,-0.1043,53
HIV-1,E*rare,SlidingTest(p=0.01),SlidingTest,3000,2256,450,23,23,133,0.1816,0.1628,0.0894,0.913,1.7484,0.6522,0.3152,-0.0329,235
HIV-1,E*rare,SlidingTest(p=0.05),SlidingTest,3000,2256,450,23,23,133,0.1766,0.1597,0.0875,0.913,1.712,0.6522,0.3217,-0.036,240
HIV-1,E*rare,GradPeak(p=0.2),GradPeak,3000,2256,450,23,23,133,-0.0737,0.0476,0.0276,0.1739,0.5397,0.3478,0.2446,-0.0567,145
HIV-1,E*rare,GradPeak(p=0.5),GradPeak,3000,2256,450,23,23,133,-0.0754,0.0,0.0,0.0,0.0,0.1304,0.1023,-0.0391,43
HIV-1,E*rare,LocalContrast(z=1.0),LocalContrast,3000,2256,450,23,23,133,-0.0203,0.0725,0.0435,0.2174,0.8507,0.087,0.1694,0.0464,115
HIV-1,E*rare,LocalContrast(z=1.5),LocalContrast,3000,2256,450,23,23,133,-0.038,0.0455,0.0308,0.087,0.602,0.0,0.1313,0.0455,65
HIV-1,E*rare,LocalContrast(z=2.0),LocalContrast,3000,2256,450,23,23,133,-0.0416,0.0,0.0,0.0,0.0,0.0,0.0136,0.0,14
HIV-1,E*rare,"CUSUM(d=0.3,h=3.0)",CUSUM,3000,2256,450,23,23,133,0.019,0.0979,0.0515,1.0,1.0067,1.0,0.3448,-0.2021,447
HIV-1,E*rare,"CUSUM(d=0.5,h=4.0)",CUSUM,3000,2256,450,23,23,133,-0.0778,0.0794,0.0423,0.6522,0.8267,0.7826,0.3484,-0.1554,355
HIV-1,E*rare,"CUSUM(d=0.5,h=5.0)",CUSUM,3000,2256,450,23,23,133,-0.0897,0.0757,0.0403,0.6087,0.7894,0.7826,0.3417,-0.1591,347
HIV-1,E*rare,AdaptiveKnee,AdaptiveKnee,3000,2256,450,23,23,133,0.0925,0.1429,0.0855,0.4348,1.6722,0.3913,0.232,0.0255,117
HIV-1,E*rare,Spectral(z=1.5),Spectral,3000,2256,450,23,23,133,0.0131,0.0526,0.0667,0.0435,1.3043,0.0,0.027,0.0526,15
HIV-1,E*rare,Spectral(z=2.0),Spectral,3000,2256,450,23,23,133,-0.019,0.0,0.0,0.0,0.0,0.0,0.0,0.0,3
HIV-1,E*rare,Bayes(prior=0.1),Bayes,3000,2256,450,23,23,133,0.0981,0.1328,0.0734,0.6957,1.436,0.6522,0.3305,-0.0629,218
HIV-1,E*rare,Bayes(prior=0.15),Bayes,3000,2256,450,23,23,133,0.1215,0.1367,0.0745,0.8261,1.4578,0.6522,0.3299,-0.059,255
HIV-1,E*rare,Ensemble(v>=2),Ensemble,3000,2256,450,23,23,133,0.0385,0.1039,0.0741,0.1739,1.4493,0.2609,0.1283,0.0256,54
HIV-1,E*rare,Ensemble(v>=3),Ensemble,3000,2256,450,23,23,133,0.0121,0.0714,0.0606,0.087,1.1858,0.0435,0.0723,0.0584,33
HIV-1,E*rare,AdaptWin(s=90),AdaptWin,3000,2256,450,23,23,133,0.1184,0.1441,0.0804,0.6957,1.5731,0.6522,0.3373,-0.0515,199
HIV-1,E*rare,AdaptWin(s=85),AdaptWin,3000,2256,450,23,23,133,0.1644,0.1569,0.0862,0.8696,1.6867,0.6522,0.3233,-0.0388,232
HIV-1,E*rare,FreqThresh(p=80),FreqThresh,3000,2256,450,23,23,133,0.08,0.1342,0.0794,0.4348,1.5528,0.3913,0.2548,0.0168,126
HIV-1,E*rare,FreqThresh(p=85),FreqThresh,3000,2256,450,23,23,133,0.0283,0.1017,0.0632,0.2609,1.2357,0.3043,0.2193,0.0104,95
HIV-1,E*rare,FreqThresh(p=90),FreqThresh,3000,2256,450,23,23,133,0.0385,0.1039,0.0741,0.1739,1.4493,0.2609,0.1283,0.0256,54
HIV-1,E*rare,FreqThresh(p=95),FreqThresh,3000,2256,450,23,23,133,-0.035,0.0,0.0,0.0,0.0,0.0435,0.014,-0.013,10
HIV-1,E*rare,"SWAN(w=10,k=1.0)",SWAN,3000,2256,450,23,23,133,0.057,0.1212,0.0789,0.2609,1.5446,0.3478,0.2584,0.0169,76
HIV-1,E*rare,"SWAN(w=20,k=1.0)",SWAN,3000,2256,450,23,23,133,0.024,0.0971,0.0625,0.2174,1.2228,0.3478,0.2629,-0.0073,80
HIV-1,E*rare,"SWAN(w=50,k=1.0)",SWAN,3000,2256,450,23,23,133,-0.0078,0.069,0.0469,0.1304,0.9171,0.3478,0.2132,-0.0354,64
HIV-1,E*rare,MutClust-Orig(g=10),MutClust-Orig,3000,2256,450,23,23,133,0.1013,0.1147,0.0608,1.0,1.1905,0.9565,0.3601,-0.1722,378
HIV-1,P*E*rare,Wavelet(t=1.0),Wavelet,3000,2256,450,23,23,133,0.1023,0.135,0.0748,0.6957,1.4628,0.7826,0.2305,-0.0998,214
HIV-1,P*E*rare,Wavelet(t=1.5),Wavelet,3000,2256,450,23,23,133,0.0841,0.1404,0.0879,0.3478,1.72,0.2174,0.0893,0.0751,91
HIV-1,P*E*rare,Wavelet(t=2.0),Wavelet,3000,2256,450,23,23,133,-0.0551,0.0,0.0,0.0,0.0,0.1304,0.0,-0.0391,24
HIV-1,P*E*rare,KDE(p=75),KDE,3000,2256,450,23,23,133,-0.089,0.018,0.0114,0.0435,0.2223,0.5652,0.2715,-0.1515,88
HIV-1,P*E*rare,KDE(p=80),KDE,3000,2256,450,23,23,133,-0.0718,0.0215,0.0143,0.0435,0.2795,0.3478,0.2562,-0.0828,70
HIV-1,P*E*rare,KDE(p=85),KDE,3000,2256,450,23,23,133,-0.0848,0.0,0.0,0.0,0.0,0.3478,0.172,-0.1043,53
HIV-1,P*E*rare,SlidingTest(p=0.01),SlidingTest,3000,2256,450,23,23,133,0.1614,0.155,0.0851,0.8696,1.6651,0.6522,0.3207,-0.0406,235
HIV-1,P*E*rare,SlidingTest(p=0.05),SlidingTest,3000,2256,450,23,23,133,0.1766,0.1597,0.0875,0.913,1.712,0.6522,0.3217,-0.036,240
HIV-1,P*E*rare,GradPeak(p=0.2),GradPeak,3000,2256,450,23,23,133,-0.0377,0.0649,0.0382,0.2174,0.7468,0.3478,0.2348,-0.0394,131
HIV-1,P*E*rare,GradPeak(p=0.5),GradPeak,3000,2256,450,23,23,133,-0.0501,0.0,0.0,0.0,0.0,0.1304,0.0261,-0.0391,20
HIV-1,P*E*rare,LocalContrast(z=1.0),LocalContrast,3000,2256,450,23,23,133,0.0254,0.1019,0.0597,0.3478,1.1681,0.087,0.2397,0.0758,134
HIV-1,P*E*rare,LocalContrast(z=1.5),LocalContrast,3000,2256,450,23,23,133,-0.0728,0.0213,0.0141,0.0435,0.2756,0.0,0.1373,0.0213,71
HIV-1,P*E*rare,LocalContrast(z=2.0),LocalContrast,3000,2256,450,23,23,133,-0.0501,0.0,0.0,0.0,0.0,0.0,0.0131,0.0,20
HIV-1,P*E*rare,"CUSUM(d=0.3,h=3.0)",CUSUM,3000,2256,450,23,23,133,0.019,0.0979,0.0515,1.0,1.0067,1.0,0.3448,-0.2021,447
HIV-1,P*E*rare,"CUSUM(d=0.5,h=4.0)",CUSUM,3000,2256,450,23,23,133,-0.1025,0.0741,0.0394,0.6087,0.7716,0.7826,0.3525,-0.1607,355
HIV-1,P*E*rare,"CUSUM(d=0.5,h=5.0)",CUSUM,3000,2256,450,23,23,133,-0.0976,0.0747,0.0398,0.6087,0.7782,0.7826,0.3546,-0.1601,352
HIV-1,P*E*rare,AdaptiveKnee,AdaptiveKnee,3000,2256,450,23,23,133,-0.0122,0.0417,0.04,0.0435,0.7826,0.2609,0.0506,-0.0366,25
HIV-1,P*E*rare,Spectral(z=1.5),Spectral,3000,2256,450,23,23,133,0.0069,0.05,0.0588,0.0435,1.1509,0.0435,0.0267,0.037,17
HIV-1,P*E*rare,Spectral(z=2.0),Spectral,3000,2256,450,23,23,133,-0.0332,0.0,0.0,0.0,0.0,0.0,0.0,0.0,9
HIV-1,P*E*rare,Bayes(prior=0.1),Bayes,3000,2256,450,23,23,133,0.112,0.1377,0.0759,0.7391,1.4849,0.6522,0.3249,-0.058,224
HIV-1,P*E*rare,Bayes(prior=0.15),Bayes,3000,2256,450,23,23,133,0.109,0.1333,0.0729,0.7826,1.4258,0.6522,0.3211,-0.0623,247
HIV-1,P*E*rare,Ensemble(v>=2),Ensemble,3000,2256,450,23,23,133,0.0385,0.1039,0.0741,0.1739,1.4493,0.2609,0.0963,0.0256,54
HIV-1,P*E*rare,Ensemble(v>=3),Ensemble,3000,2256,450,23,23,133,-0.0487,0.0,0.0,0.0,0.0,0.2609,0.0263,-0.0783,19
HIV-1,P*E*rare,AdaptWin(s=90),AdaptWin,3000,2256,450,23,23,133,0.0599,0.1194,0.0674,0.5217,1.319,0.6522,0.3087,-0.0762,178
HIV-1,P*E*rare,AdaptWin(s=85),AdaptWin,3000,2256,450,23,23,133,0.1281,0.1434,0.0789,0.7826,1.5446,0.6522,0.3102,-0.0522,228
HIV-1,P*E*rare,FreqThresh(p=80),FreqThresh,3000,2256,450,23,23,133,0.0512,0.1169,0.0687,0.3913,1.3442,0.4783,0.2727,-0.0266,131
HIV-1,P*E*rare,FreqThresh(p=85),FreqThresh,3000,2256,450,23,23,133,0.0297,0.1026,0.0638,0.2609,1.2488,0.3043,0.2203,0.0113,94
HIV-1,P*E*rare,FreqThresh(p=90),FreqThresh,3000,2256,450,23,23,133,0.0385,0.1039,0.0741,0.1739,1.4493,0.2609,0.0963,0.0256,54
HIV-1,P*E*rare,FreqThresh(p=95),FreqThresh,3000,2256,450,23,23,133,-0.035,0.0,0.0,0.0,0.0,0.0435,0.014,-0.013,10
HIV-1,P*E*rare,"SWAN(w=10,k=1.0)",SWAN,3000,2256,450,23,23,133,0.0017,0.08,0.0519,0.1739,1.0164,0.4783,0.2,-0.0635,77
HIV-1,P*E*rare,"SWAN(w=20,k=1.0)",SWAN,3000,2256,450,23,23,133,-0.0451,0.0426,0.0282,0.087,0.5511,0.3478,0.2451,-0.0618,71
HIV-1,P*E*rare,"SWAN(w=50,k=1.0)",SWAN,3000,2256,450,23,23,133,-0.0064,0.0698,0.0476,0.1304,0.9317,0.3478,0.2143,-0.0346,63
HIV-1,P*E*rare,MutClust-Orig(g=10),MutClust-Orig,3000,2256,450,23,23,133,0.1233,0.123,0.0655,1.0,1.2821,0.8696,0.3636,-0.1379,351
HIV-1,minority_E,Wavelet(t=1.0),Wavelet,3000,2256,450,23,23,133,0.0218,0.1006,0.0577,0.3913,1.1288,0.1304,0.1938,0.0614,156
HIV-1,minority_E,Wavelet(t=1.5),Wavelet,3000,2256,450,23,23,133,0.0023,0.084,0.0521,0.2174,1.019,0.1304,0.0873,0.0449,96
HIV-1,minority_E,Wavelet(t=2.0),Wavelet,3000,2256,450,23,23,133,-0.0535,0.0263,0.0189,0.0435,0.3692,0.1304,0.043,-0.0128,53
HIV-1,minority_E,KDE(p=75),KDE,3000,2256,450,23,23,133,-0.0615,0.0367,0.0233,0.087,0.455,0.5652,0.3288,-0.1329,86
HIV-1,minority_E,KDE(p=80),KDE,3000,2256,450,23,23,133,-0.0988,0.0,0.0,0.0,0.0,0.5652,0.2673,-0.1696,69
HIV-1,minority_E,KDE(p=85),KDE,3000,2256,450,23,23,133,-0.0839,0.0,0.0,0.0,0.0,0.3478,0.2378,-0.1043,52
HIV-1,minority_E,SlidingTest(p=0.01),SlidingTest,3000,2256,450,23,23,133,0.1124,0.1261,0.0677,0.913,1.3254,0.8696,0.3296,-0.1347,310
HIV-1,minority_E,SlidingTest(p=0.05),SlidingTest,3000,2256,450,23,23,133,0.1124,0.1261,0.0677,0.913,1.3254,0.8696,0.3296,-0.1347,310
HIV-1,minority_E,GradPeak(p=0.2),GradPeak,3000,2256,450,23,23,133,-0.0526,0.0,0.0,0.0,0.0,0.0,0.0645,0.0,22
HIV-1,minority_E,GradPeak(p=0.5),GradPeak,3000,2256,450,23,23,133,-0.022,0.0,0.0,0.0,0.0,0.0,0.0,0.0,4
HIV-1,minority_E,LocalContrast(z=1.0),LocalContrast,3000,2256,450,23,23,133,-0.0559,0.0533,0.0315,0.1739,0.6162,0.3478,0.1769,-0.051,127
HIV-1,minority_E,LocalContrast(z=1.5),LocalContrast,3000,2256,450,23,23,133,-0.0598,0.0,0.0,0.0,0.0,0.0,0.087,0.0,28
HIV-1,minority_E,"CUSUM(d=0.3,h=3.0)",CUSUM,3000,2256,450,23,23,133,0.0155,0.0977,0.0513,1.0,1.0045,1.0,0.3442,-0.2023,448
HIV-1,minority_E,"CUSUM(d=0.5,h=4.0)",CUSUM,3000,2256,450,23,23,133,-0.1847,0.0673,0.0356,0.6087,0.697,0.7826,0.3498,-0.1675,393
HIV-1,minority_E,"CUSUM(d=0.5,h=5.0)",CUSUM,3000,2256,450,23,23,133,-0.1605,0.0688,0.0365,0.6087,0.7133,0.7826,0.352,-0.166,384
HIV-1,minority_E,AdaptiveKnee,AdaptiveKnee,3000,2256,450,23,23,133,0.1115,0.1257,0.0675,0.913,1.3211,0.8696,0.3333,-0.1351,311
HIV-1,minority_E,Spectral(z=1.5),Spectral,3000,2256,450,23,23,133,-0.0501,0.0,0.0,0.0,0.0,0.0,0.0523,0.0,20
HIV-1,minority_E,Spectral(z=2.0),Spectral,3000,2256,450,23,23,133,-0.0384,0.0,0.0,0.0,0.0,0.0,0.0414,0.0,12
HIV-1,minority_E,Bayes(prior=0.1),Bayes,3000,2256,450,23,23,133,0.0906,0.131,0.0728,0.6522,1.4247,0.6522,0.3363,-0.0646,206
HIV-1,minority_E,Bayes(prior=0.15),Bayes,3000,2256,450,23,23,133,0.0933,0.1259,0.0684,0.7826,1.3391,0.8696,0.3283,-0.135,263
HIV-1,minority_E,Ensemble(v>=2),Ensemble,3000,2256,450,23,23,133,-0.0793,0.0,0.0,0.0,0.0,0.3913,0.1222,-0.1174,47
HIV-1,minority_E,Ensemble(v>=3),Ensemble,3000,2256,450,23,23,133,-0.0598,0.0,0.0,0.0,0.0,0.3043,0.0373,-0.0913,28
HIV-1,minority_E,AdaptWin(s=90),AdaptWin,3000,2256,450,23,23,133,0.1447,0.1326,0.071,1.0,1.3889,0.913,0.3501,-0.1413,324
HIV-1,minority_E,AdaptWin(s=85),AdaptWin,3000,2256,450,23,23,133,0.0695,0.1055,0.0557,1.0,1.0896,1.0,0.3553,-0.1945,413
HIV-1,minority_E,FreqThresh(p=80),FreqThresh,3000,2256,450,23,23,133,-0.0544,0.0476,0.0291,0.1304,0.5699,0.4783,0.2797,-0.0959,103
HIV-1,minority_E,FreqThresh(p=85),FreqThresh,3000,2256,450,23,23,133,-0.0451,0.0426,0.0282,0.087,0.5511,0.4348,0.1667,-0.0879,71
HIV-1,minority_E,FreqThresh(p=90),FreqThresh,3000,2256,450,23,23,133,-0.0793,0.0,0.0,0.0,0.0,0.3913,0.1222,-0.1174,47
HIV-1,minority_E,FreqThresh(p=95),FreqThresh,3000,2256,450,23,23,133,-0.0598,0.0,0.0,0.0,0.0,0.3043,0.0373,-0.0913,28
HIV-1,minority_E,MutClust-Orig(g=10),MutClust-Orig,3000,2256,450,23,23,133,0.0,0.0973,0.0511,1.0,1.0,1.0,0.3431,-0.2027,450
HIV-1,P*minority_E,Wavelet(t=1.0),Wavelet,3000,2256,450,23,23,133,0.094,0.1395,0.0805,0.5217,1.5757,0.2174,0.1986,0.0743,149
HIV-1,P*minority_E,Wavelet(t=1.5),Wavelet,3000,2256,450,23,23,133,0.0701,0.1308,0.0833,0.3043,1.6304,0.1304,0.1014,0.0917,84
HIV-1,P*minority_E,Wavelet(t=2.0),Wavelet,3000,2256,450,23,23,133,0.0143,0.0822,0.06,0.1304,1.1739,0.1304,0.0546,0.0431,50
HIV-1,P*minority_E,KDE(p=75),KDE,3000,2256,450,23,23,133,-0.112,0.0,0.0,0.0,0.0,0.5652,0.2294,-0.1696,85
HIV-1,P*minority_E,KDE(p=80),KDE,3000,2256,450,23,23,133,-0.0979,0.0,0.0,0.0,0.0,0.5652,0.2189,-0.1696,68
HIV-1,P*minority_E,KDE(p=85),KDE,3000,2256,450,23,23,133,-0.083,0.0,0.0,0.0,0.0,0.3478,0.1739,-0.1043,51
HIV-1,P*minority_E,SlidingTest(p=0.01),SlidingTest,3000,2256,450,23,23,133,0.0952,0.122,0.0656,0.8696,1.283,0.8696,0.3288,-0.1389,305
HIV-1,P*minority_E,SlidingTest(p=0.05),SlidingTest,3000,2256,450,23,23,133,0.0952,0.122,0.0656,0.8696,1.283,0.8696,0.3288,-0.1389,305
HIV-1,P*minority_E,GradPeak(p=0.2),GradPeak,3000,2256,450,23,23,133,-0.0674,0.0,0.0,0.0,0.0,0.0,0.0714,0.0,35
HIV-1,P*minority_E,GradPeak(p=0.5),GradPeak,3000,2256,450,23,23,133,-0.022,0.0,0.0,0.0,0.0,0.0,0.0,0.0,4
HIV-1,P*minority_E,LocalContrast(z=1.0),LocalContrast,3000,2256,450,23,23,133,-0.0051,0.08,0.049,0.2174,0.9591,0.5217,0.1362,-0.0765,102
HIV-1,P*minority_E,LocalContrast(z=1.5),LocalContrast,3000,2256,450,23,23,133,-0.0821,0.0,0.0,0.0,0.0,0.1739,0.0656,-0.0522,50
HIV-1,P*minority_E,LocalContrast(z=2.0),LocalContrast,3000,2256,450,23,23,133,-0.035,0.0,0.0,0.0,0.0,0.0,0.014,0.0,10
HIV-1,P*minority_E,"CUSUM(d=0.3,h=3.0)",CUSUM,3000,2256,450,23,23,133,0.0155,0.0977,0.0513,1.0,1.0045,1.0,0.3442,-0.2023,448
HIV-1,P*minority_E,"CUSUM(d=0.5,h=4.0)",CUSUM,3000,2256,450,23,23,133,0.019,0.0979,0.0515,1.0,1.0067,1.0,0.3448,-0.2021,447
HIV-1,P*minority_E,"CUSUM(d=0.5,h=5.0)",CUSUM,3000,2256,450,23,23,133,0.022,0.0981,0.0516,1.0,1.009,1.0,0.3454,-0.2019,446
HIV-1,P*minority_E,AdaptiveKnee,AdaptiveKnee,3000,2256,450,23,23,133,0.0943,0.1216,0.0654,0.8696,1.2788,0.8696,0.328,-0.1393,306
HIV-1,P*minority_E,Spectral(z=1.5),Spectral,3000,2256,450,23,23,133,-0.0122,0.0417,0.04,0.0435,0.7826,0.0,0.0506,0.0417,25
HIV-1,P*minority_E,Spectral(z=2.0),Spectral,3000,2256,450,23,23,133,-0.0513,0.0,0.0,0.0,0.0,0.0,0.039,0.0,21
HIV-1,P*minority_E,Bayes(prior=0.1),Bayes,3000,2256,450,23,23,133,0.0474,0.1116,0.0614,0.6087,1.2014,0.6957,0.2881,-0.0971,228
HIV-1,P*minority_E,Bayes(prior=0.15),Bayes,3000,2256,450,23,23,133,0.0719,0.1185,0.0644,0.7391,1.2599,0.6957,0.3174,-0.0902,264
HIV-1,P*minority_E,Ensemble(v>=2),Ensemble,3000,2256,450,23,23,133,-0.083,0.0,0.0,0.0,0.0,0.4783,0.1196,-0.1435,51
HIV-1,P*minority_E,Ensemble(v>=3),Ensemble,3000,2256,450,23,23,133,-0.062,0.0,0.0,0.0,0.0,0.3043,0.0982,-0.0913,30
HIV-1,P*minority_E,AdaptWin(s=90),AdaptWin,3000,2256,450,23,23,133,0.1308,0.1306,0.0701,0.9565,1.3708,0.8696,0.34,-0.1303,314
HIV-1,P*minority_E,AdaptWin(s=85),AdaptWin,3000,2256,450,23,23,133,0.1479,0.1341,0.0719,1.0,1.4062,0.8696,0.3488,-0.1268,320
HIV-1,P*minority_E,FreqThresh(p=80),FreqThresh,3000,2256,450,23,23,133,-0.0135,0.0758,0.0459,0.2174,0.8975,0.4783,0.2645,-0.0677,109
HIV-1,P*minority_E,FreqThresh(p=85),FreqThresh,3000,2256,450,23,23,133,-0.1079,0.0,0.0,0.0,0.0,0.4783,0.2254,-0.1435,80
HIV-1,P*minority_E,FreqThresh(p=90),FreqThresh,3000,2256,450,23,23,133,-0.083,0.0,0.0,0.0,0.0,0.4783,0.1196,-0.1435,51
HIV-1,P*minority_E,FreqThresh(p=95),FreqThresh,3000,2256,450,23,23,133,-0.062,0.0,0.0,0.0,0.0,0.3043,0.0982,-0.0913,30
HIV-1,P*minority_E,MutClust-Orig(g=10),MutClust-Orig,3000,2256,450,23,23,133,0.0,0.0973,0.0511,1.0,1.0,1.0,0.3431,-0.2027,450
HIV-1,P*E,Wavelet(t=1.0),Wavelet,3000,2256,450,23,23,133,0.0343,0.1071,0.0621,0.3913,1.2144,0.3478,0.1871,0.0028,145
HIV-1,P*E,Wavelet(t=1.5),Wavelet,3000,2256,450,23,23,133,0.0685,0.1296,0.0824,0.3043,1.6113,0.1304,0.1101,0.0905,85
HIV-1,P*E,Wavelet(t=2.0),Wavelet,3000,2256,450,23,23,133,-0.0424,0.0299,0.0227,0.0435,0.4447,0.1304,0.0565,-0.0093,44
HIV-1,P*E,KDE(p=75),KDE,3000,2256,450,23,23,133,-0.112,0.0,0.0,0.0,0.0,0.5652,0.1927,-0.1696,85
HIV-1,P*E,KDE(p=80),KDE,3000,2256,450,23,23,133,-0.0979,0.0,0.0,0.0,0.0,0.5652,0.1692,-0.1696,68
HIV-1,P*E,KDE(p=85),KDE,3000,2256,450,23,23,133,-0.083,0.0,0.0,0.0,0.0,0.5217,0.1413,-0.1565,51
HIV-1,P*E,SlidingTest(p=0.01),SlidingTest,3000,2256,450,23,23,133,0.0952,0.122,0.0656,0.8696,1.283,0.8696,0.3288,-0.1389,305
HIV-1,P*E,SlidingTest(p=0.05),SlidingTest,3000,2256,450,23,23,133,0.0952,0.122,0.0656,0.8696,1.283,0.8696,0.3288,-0.1389,305
HIV-1,P*E,GradPeak(p=0.2),GradPeak,3000,2256,450,23,23,133,-0.0764,0.0,0.0,0.0,0.0,0.0435,0.0791,-0.013,44
HIV-1,P*E,GradPeak(p=0.5),GradPeak,3000,2256,450,23,23,133,-0.022,0.0,0.0,0.0,0.0,0.0,0.0,0.0,4
HIV-1,P*E,LocalContrast(z=1.0),LocalContrast,3000,2256,450,23,23,133,-0.0053,0.0828,0.0492,0.2609,0.9622,0.5217,0.2039,-0.0738,122
HIV-1,P*E,LocalContrast(z=1.5),LocalContrast,3000,2256,450,23,23,133,-0.0793,0.0,0.0,0.0,0.0,0.2609,0.0667,-0.0783,47
HIV-1,P*E,LocalContrast(z=2.0),LocalContrast,3000,2256,450,23,23,133,-0.0292,0.0,0.0,0.0,0.0,0.0,0.0143,0.0,7
HIV-1,P*E,"CUSUM(d=0.3,h=3.0)",CUSUM,3000,2256,450,23,23,133,0.0155,0.0977,0.0513,1.0,1.0045,1.0,0.3442,-0.2023,448
HIV-1,P*E,"CUSUM(d=0.5,h=4.0)",CUSUM,3000,2256,450,23,23,133,0.019,0.0979,0.0515,1.0,1.0067,1.0,0.3448,-0.2021,447
HIV-1,P*E,"CUSUM(d=0.5,h=5.0)",CUSUM,3000,2256,450,23,23,133,0.022,0.0981,0.0516,1.0,1.009,1.0,0.3454,-0.2019,446
HIV-1,P*E,AdaptiveKnee,AdaptiveKnee,3000,2256,450,23,23,133,0.0943,0.1216,0.0654,0.8696,1.2788,0.8696,0.328,-0.1393,306
HIV-1,P*E,ScoreDBSCAN(ep=8),ScoreDBSCAN,3000,2256,450,23,23,133,0.019,0.0979,0.0515,1.0,1.0067,1.0,0.3414,-0.2021,447
HIV-1,P*E,Spectral(z=1.5),Spectral,3000,2256,450,23,23,133,-0.0142,0.0408,0.0385,0.0435,0.7525,0.0,0.0629,0.0408,26
HIV-1,P*E,Spectral(z=2.0),Spectral,3000,2256,450,23,23,133,-0.0446,0.0,0.0,0.0,0.0,0.0,0.0403,0.0,16
HIV-1,P*E,Bayes(prior=0.1),Bayes,3000,2256,450,23,23,133,0.0624,0.1172,0.0644,0.6522,1.2596,0.5652,0.2896,-0.0524,233
HIV-1,P*E,Bayes(prior=0.15),Bayes,3000,2256,450,23,23,133,0.0649,0.1156,0.0627,0.7391,1.2273,0.6957,0.3267,-0.093,271
HIV-1,P*E,Ensemble(v>=2),Ensemble,3000,2256,450,23,23,133,-0.0839,0.0,0.0,0.0,0.0,0.4783,0.1189,-0.1435,52
HIV-1,P*E,Ensemble(v>=3),Ensemble,3000,2256,450,23,23,133,-0.062,0.0,0.0,0.0,0.0,0.3043,0.0982,-0.0913,30
HIV-1,P*E,AdaptWin(s=90),AdaptWin,3000,2256,450,23,23,133,0.0924,0.1208,0.0649,0.8696,1.2705,0.8696,0.3265,-0.14,308
HIV-1,P*E,AdaptWin(s=85),AdaptWin,3000,2256,450,23,23,133,0.1479,0.1341,0.0719,1.0,1.4062,0.8696,0.3488,-0.1268,320
HIV-1,P*E,FreqThresh(p=80),FreqThresh,3000,2256,450,23,23,133,-0.0169,0.0741,0.0446,0.2174,0.8734,0.5652,0.2612,-0.0955,112
HIV-1,P*E,FreqThresh(p=85),FreqThresh,3000,2256,450,23,23,133,-0.1038,0.0,0.0,0.0,0.0,0.4783,0.2115,-0.1435,75
HIV-1,P*E,FreqThresh(p=90),FreqThresh,3000,2256,450,23,23,133,-0.0839,0.0,0.0,0.0,0.0,0.4783,0.1189,-0.1435,52
HIV-1,P*E,FreqThresh(p=95),FreqThresh,3000,2256,450,23,23,133,-0.062,0.0,0.0,0.0,0.0,0.3043,0.0982,-0.0913,30
HIV-1,P*E,MutClust-Orig(g=10),MutClust-Orig,3000,2256,450,23,23,133,0.0,0.0973,0.0511,1.0,1.0,1.0,0.3431,-0.2027,450
HIV-1,H-score,Wavelet(t=1.0),Wavelet,3000,2256,450,23,23,133,0.0355,0.1078,0.0625,0.3913,1.2228,0.1304,0.1877,0.0687,144
HIV-1,H-score,Wavelet(t=1.5),Wavelet,3000,2256,450,23,23,133,0.0138,0.093,0.0566,0.2609,1.1075,0.1304,0.1423,0.0539,106
HIV-1,H-score,Wavelet(t=2.0),Wavelet,3000,2256,450,23,23,133,-0.0437,0.0294,0.0222,0.0435,0.4348,0.1304,0.0337,-0.0097,45
HIV-1,H-score,KDE(p=75),KDE,3000,2256,450,23,23,133,-0.112,0.0,0.0,0.0,0.0,0.5652,0.1743,-0.1696,85
HIV-1,H-score,KDE(p=80),KDE,3000,2256,450,23,23,133,-0.0979,0.0,0.0,0.0,0.0,0.5652,0.1493,-0.1696,68
HIV-1,H-score,KDE(p=85),KDE,3000,2256,450,23,23,133,-0.083,0.0,0.0,0.0,0.0,0.3478,0.1413,-0.1043,51
HIV-1,H-score,SlidingTest(p=0.01),SlidingTest,3000,2256,450,23,23,133,0.1124,0.1261,0.0677,0.913,1.3254,0.8696,0.3296,-0.1347,310
HIV-1,H-score,SlidingTest(p=0.05),SlidingTest,3000,2256,450,23,23,133,0.1479,0.1341,0.0719,1.0,1.4062,0.8696,0.3488,-0.1268,320
HIV-1,H-score,GradPeak(p=0.2),GradPeak,3000,2256,450,23,23,133,-0.0764,0.0,0.0,0.0,0.0,0.0,0.1356,0.0,44
HIV-1,H-score,GradPeak(p=0.5),GradPeak,3000,2256,450,23,23,133,-0.022,0.0,0.0,0.0,0.0,0.0,0.0292,0.0,4
HIV-1,H-score,LocalContrast(z=1.0),LocalContrast,3000,2256,450,23,23,133,-0.0225,0.0714,0.0427,0.2174,0.8361,0.5217,0.192,-0.0851,117
HIV-1,H-score,LocalContrast(z=1.5),LocalContrast,3000,2256,450,23,23,133,-0.0674,0.0,0.0,0.0,0.0,0.0,0.0595,0.0,35
HIV-1,H-score,LocalContrast(z=2.0),LocalContrast,3000,2256,450,23,23,133,-0.019,0.0,0.0,0.0,0.0,0.0,0.0147,0.0,3
HIV-1,H-score,"CUSUM(d=0.3,h=3.0)",CUSUM,3000,2256,450,23,23,133,0.0155,0.0977,0.0513,1.0,1.0045,1.0,0.3442,-0.2023,448
HIV-1,H-score,"CUSUM(d=0.5,h=4.0)",CUSUM,3000,2256,450,23,23,133,0.0155,0.0977,0.0513,1.0,1.0045,1.0,0.3442,-0.2023,448
HIV-1,H-score,"CUSUM(d=0.5,h=5.0)",CUSUM,3000,2256,450,23,23,133,0.0155,0.0977,0.0513,1.0,1.0045,1.0,0.3442,-0.2023,448
HIV-1,H-score,AdaptiveKnee,AdaptiveKnee,3000,2256,450,23,23,133,0.0943,0.1216,0.0654,0.8696,1.2788,0.8696,0.328,-0.1393,306
HIV-1,H-score,Spectral(z=1.5),Spectral,3000,2256,450,23,23,133,-0.0102,0.0426,0.0417,0.0435,0.8152,0.0,0.0764,0.0426,24
HIV-1,H-score,Spectral(z=2.0),Spectral,3000,2256,450,23,23,133,-0.0367,0.0,0.0,0.0,0.0,0.0,0.0417,0.0,11
HIV-1,H-score,Bayes(prior=0.1),Bayes,3000,2256,450,23,23,133,0.0544,0.1127,0.0613,0.6957,1.1994,0.6957,0.3096,-0.096,261
HIV-1,H-score,Bayes(prior=0.15),Bayes,3000,2256,450,23,23,133,0.0609,0.1141,0.0618,0.7391,1.2095,0.6957,0.3235,-0.0946,275
HIV-1,H-score,Ensemble(v>=2),Ensemble,3000,2256,450,23,23,133,-0.0839,0.0,0.0,0.0,0.0,0.4783,0.1189,-0.1435,52
HIV-1,H-score,Ensemble(v>=3),Ensemble,3000,2256,450,23,23,133,-0.062,0.0,0.0,0.0,0.0,0.3043,0.0982,-0.0913,30
HIV-1,H-score,AdaptWin(s=90),AdaptWin,3000,2256,450,23,23,133,0.011,0.0975,0.0512,1.0,1.0022,1.0,0.3436,-0.2025,449
HIV-1,H-score,AdaptWin(s=85),AdaptWin,3000,2256,450,23,23,133,0.011,0.0975,0.0512,1.0,1.0022,1.0,0.3436,-0.2025,449
HIV-1,H-score,FreqThresh(p=80),FreqThresh,3000,2256,450,23,23,133,-0.0169,0.0741,0.0446,0.2174,0.8734,0.5652,0.2612,-0.0955,112
HIV-1,H-score,FreqThresh(p=85),FreqThresh,3000,2256,450,23,23,133,-0.1038,0.0,0.0,0.0,0.0,0.4783,0.2115,-0.1435,75
HIV-1,H-score,FreqThresh(p=90),FreqThresh,3000,2256,450,23,23,133,-0.0839,0.0,0.0,0.0,0.0,0.4783,0.1189,-0.1435,52
HIV-1,H-score,FreqThresh(p=95),FreqThresh,3000,2256,450,23,23,133,-0.062,0.0,0.0,0.0,0.0,0.3043,0.0982,-0.0913,30
HIV-1,H-score,MutClust-Orig(g=10),MutClust-Orig,3000,2256,450,23,23,133,0.0,0.0973,0.0511,1.0,1.0,1.0,0.3431,-0.2027,450
HIV-1,E_only,Wavelet(t=1.0),Wavelet,3000,2256,450,23,23,133,0.0285,0.104,0.06,0.3913,1.1739,0.1304,0.1696,0.0649,150
HIV-1,E_only,Wavelet(t=1.5),Wavelet,3000,2256,450,23,23,133,0.0458,0.1138,0.07,0.3043,1.3696,0.1304,0.1202,0.0747,100
HIV-1,E_only,Wavelet(t=2.0),Wavelet,3000,2256,450,23,23,133,-0.0475,0.0282,0.0208,0.0435,0.4076,0.1304,0.0552,-0.011,48
HIV-1,E_only,KDE(p=75),KDE,3000,2256,450,23,23,133,-0.112,0.0,0.0,0.0,0.0,0.5652,0.2752,-0.1696,85
HIV-1,E_only,KDE(p=80),KDE,3000,2256,450,23,23,133,-0.0979,0.0,0.0,0.0,0.0,0.5652,0.2388,-0.1696,68
HIV-1,E_only,KDE(p=85),KDE,3000,2256,450,23,23,133,-0.083,0.0,0.0,0.0,0.0,0.3913,0.1739,-0.1174,51
HIV-1,E_only,SlidingTest(p=0.01),SlidingTest,3000,2256,450,23,23,133,0.0952,0.122,0.0656,0.8696,1.283,0.8696,0.3288,-0.1389,305
HIV-1,E_only,SlidingTest(p=0.05),SlidingTest,3000,2256,450,23,23,133,0.1124,0.1261,0.0677,0.913,1.3254,0.8696,0.3296,-0.1347,310
HIV-1,E_only,GradPeak(p=0.2),GradPeak,3000,2256,450,23,23,133,-0.0653,0.0,0.0,0.0,0.0,0.0,0.0723,0.0,33
HIV-1,E_only,GradPeak(p=0.5),GradPeak,3000,2256,450,23,23,133,-0.019,0.0,0.0,0.0,0.0,0.0,0.0,0.0,3
HIV-1,E_only,LocalContrast(z=1.0),LocalContrast,3000,2256,450,23,23,133,-0.0099,0.0775,0.0472,0.2174,0.9229,0.3913,0.1255,-0.0399,106
HIV-1,E_only,LocalContrast(z=1.5),LocalContrast,3000,2256,450,23,23,133,-0.0695,0.0,0.0,0.0,0.0,0.0435,0.0471,-0.013,37
HIV-1,E_only,LocalContrast(z=2.0),LocalContrast,3000,2256,450,23,23,133,-0.027,0.0,0.0,0.0,0.0,0.0,0.0144,0.0,6
HIV-1,E_only,"CUSUM(d=0.3,h=3.0)",CUSUM,3000,2256,450,23,23,133,0.0155,0.0977,0.0513,1.0,1.0045,1.0,0.3442,-0.2023,448
HIV-1,E_only,"CUSUM(d=0.5,h=4.0)",CUSUM,3000,2256,450,23,23,133,0.0155,0.0977,0.0513,1.0,1.0045,1.0,0.3442,-0.2023,448
HIV-1,E_only,"CUSUM(d=0.5,h=5.0)",CUSUM,3000,2256,450,23,23,133,0.022,0.0981,0.0516,1.0,1.009,1.0,0.3454,-0.2019,446
HIV-1,E_only,AdaptiveKnee,AdaptiveKnee,3000,2256,450,23,23,133,0.0943,0.1216,0.0654,0.8696,1.2788,0.8696,0.328,-0.1393,306
HIV-1,E_only,Spectral(z=1.5),Spectral,3000,2256,450,23,23,133,-0.0122,0.0417,0.04,0.0435,0.7826,0.0,0.0506,0.0417,25
HIV-1,E_only,Spectral(z=2.0),Spectral,3000,2256,450,23,23,133,-0.0367,0.0,0.0,0.0,0.0,0.0,0.0417,0.0,11
HIV-1,E_only,Bayes(prior=0.1),Bayes,3000,2256,450,23,23,133,-0.0412,0.0753,0.0417,0.3913,0.8152,0.6522,0.3324,-0.1203,216
HIV-1,E_only,Bayes(prior=0.15),Bayes,3000,2256,450,23,23,133,0.123,0.1342,0.0727,0.8696,1.4229,0.8261,0.3382,-0.1136,275
HIV-1,E_only,Ensemble(v>=2),Ensemble,3000,2256,450,23,23,133,-0.0839,0.0,0.0,0.0,0.0,0.4783,0.1189,-0.1435,52
HIV-1,E_only,Ensemble(v>=3),Ensemble,3000,2256,450,23,23,133,-0.0563,0.0,0.0,0.0,0.0,0.3478,0.0633,-0.1043,25
HIV-1,E_only,AdaptWin(s=90),AdaptWin,3000,2256,450,23,23,133,0.1479,0.1341,0.0719,1.0,1.4062,0.8696,0.3488,-0.1268,320
HIV-1,E_only,AdaptWin(s=85),AdaptWin,3000,2256,450,23,23,133,0.1209,0.122,0.065,1.0,1.2712,1.0,0.345,-0.178,354
HIV-1,E_only,FreqThresh(p=80),FreqThresh,3000,2256,450,23,23,133,-0.0064,0.0794,0.0485,0.2174,0.9498,0.4783,0.2627,-0.0641,103
HIV-1,E_only,FreqThresh(p=85),FreqThresh,3000,2256,450,23,23,133,-0.1087,0.0,0.0,0.0,0.0,0.4783,0.215,-0.1435,81
HIV-1,E_only,FreqThresh(p=90),FreqThresh,3000,2256,450,23,23,133,-0.0839,0.0,0.0,0.0,0.0,0.4783,0.1189,-0.1435,52
HIV-1,E_only,FreqThresh(p=95),FreqThresh,3000,2256,450,23,23,133,-0.0563,0.0,0.0,0.0,0.0,0.3478,0.0633,-0.1043,25
HIV-1,E_only,MutClust-Orig(g=10),MutClust-Orig,3000,2256,450,23,23,133,0.0,0.0973,0.0511,1.0,1.0,1.0,0.3431,-0.2027,450
HIV-1,P*E^2,Wavelet(t=1.0),Wavelet,3000,2256,450,23,23,133,0.0654,0.1236,0.071,0.4783,1.3885,0.3478,0.2014,0.0192,155
HIV-1,P*E^2,Wavelet(t=1.5),Wavelet,3000,2256,450,23,23,133,0.0734,0.1333,0.0854,0.3043,1.6702,0.1739,0.1209,0.0812,82
HIV-1,P*E^2,Wavelet(t=2.0),Wavelet,3000,2256,450,23,23,133,-0.0356,0.0323,0.0256,0.0435,0.5017,0.1739,0.0465,-0.0199,39
HIV-1,P*E^2,KDE(p=75),KDE,3000,2256,450,23,23,133,-0.112,0.0,0.0,0.0,0.0,0.5652,0.2294,-0.1696,85
HIV-1,P*E^2,KDE(p=80),KDE,3000,2256,450,23,23,133,-0.0971,0.0,0.0,0.0,0.0,0.5652,0.22,-0.1696,67
HIV-1,P*E^2,KDE(p=85),KDE,3000,2256,450,23,23,133,-0.083,0.0,0.0,0.0,0.0,0.3913,0.1739,-0.1174,51
HIV-1,P*E^2,SlidingTest(p=0.01),SlidingTest,3000,2256,450,23,23,133,0.0952,0.122,0.0656,0.8696,1.283,0.8696,0.3288,-0.1389,305
HIV-1,P*E^2,SlidingTest(p=0.05),SlidingTest,3000,2256,450,23,23,133,0.0952,0.122,0.0656,0.8696,1.283,0.8696,0.3288,-0.1389,305
HIV-1,P*E^2,GradPeak(p=0.2),GradPeak,3000,2256,450,23,23,133,-0.0631,0.0,0.0,0.0,0.0,0.0435,0.061,-0.013,31
HIV-1,P*E^2,LocalContrast(z=1.0),LocalContrast,3000,2256,450,23,23,133,-0.0087,0.0781,0.0476,0.2174,0.9317,0.5217,0.1345,-0.0784,105
HIV-1,P*E^2,LocalContrast(z=1.5),LocalContrast,3000,2256,450,23,23,133,-0.0725,0.0,0.0,0.0,0.0,0.1739,0.0578,-0.0522,40
HIV-1,P*E^2,LocalContrast(z=2.0),LocalContrast,3000,2256,450,23,23,133,-0.035,0.0,0.0,0.0,0.0,0.0,0.014,0.0,10
HIV-1,P*E^2,"CUSUM(d=0.3,h=3.0)",CUSUM,3000,2256,450,23,23,133,0.0155,0.0977,0.0513,1.0,1.0045,1.0,0.3442,-0.2023,448
HIV-1,P*E^2,"CUSUM(d=0.5,h=4.0)",CUSUM,3000,2256,450,23,23,133,0.022,0.0981,0.0516,1.0,1.009,1.0,0.3454,-0.2019,446
HIV-1,P*E^2,"CUSUM(d=0.5,h=5.0)",CUSUM,3000,2256,450,23,23,133,0.0246,0.0983,0.0517,1.0,1.0112,1.0,0.346,-0.2017,445
HIV-1,P*E^2,AdaptiveKnee,AdaptiveKnee,3000,2256,450,23,23,133,0.098,0.1231,0.0662,0.8696,1.2957,0.8261,0.331,-0.1247,302
HIV-1,P*E^2,Spectral(z=1.5),Spectral,3000,2256,450,23,23,133,-0.0198,0.0385,0.0345,0.0435,0.6747,0.0,0.0741,0.0385,29
HIV-1,P*E^2,Spectral(z=2.0),Spectral,3000,2256,450,23,23,133,-0.04,0.0,0.0,0.0,0.0,0.0,0.0274,0.0,13
HIV-1,P*E^2,Bayes(prior=0.1),Bayes,3000,2256,450,23,23,133,0.0215,0.1013,0.0561,0.5217,1.0971,0.6522,0.2882,-0.0944,214
HIV-1,P*E^2,Bayes(prior=0.15),Bayes,3000,2256,450,23,23,133,0.0719,0.1185,0.0644,0.7391,1.2599,0.6957,0.3174,-0.0902,264
HIV-1,P*E^2,Ensemble(v>=2),Ensemble,3000,2256,450,23,23,133,-0.083,0.0,0.0,0.0,0.0,0.4783,0.1196,-0.1435,51
HIV-1,P*E^2,Ensemble(v>=3),Ensemble,3000,2256,450,23,23,133,-0.062,0.0,0.0,0.0,0.0,0.3043,0.0982,-0.0913,30
HIV-1,P*E^2,AdaptWin(s=90),AdaptWin,3000,2256,450,23,23,133,0.0943,0.1216,0.0654,0.8696,1.2788,0.8696,0.328,-0.1393,306
HIV-1,P*E^2,AdaptWin(s=85),AdaptWin,3000,2256,450,23,23,133,0.0924,0.1208,0.0649,0.8696,1.2705,0.8696,0.3265,-0.14,308
HIV-1,P*E^2,FreqThresh(p=80),FreqThresh,3000,2256,450,23,23,133,-0.018,0.0735,0.0442,0.2174,0.8657,0.4783,0.2846,-0.0699,113
HIV-1,P*E^2,FreqThresh(p=85),FreqThresh,3000,2256,450,23,23,133,-0.1079,0.0,0.0,0.0,0.0,0.4783,0.2254,-0.1435,80
HIV-1,P*E^2,FreqThresh(p=90),FreqThresh,3000,2256,450,23,23,133,-0.083,0.0,0.0,0.0,0.0,0.4783,0.1196,-0.1435,51
HIV-1,P*E^2,FreqThresh(p=95),FreqThresh,3000,2256,450,23,23,133,-0.062,0.0,0.0,0.0,0.0,0.3043,0.0982,-0.0913,30
HIV-1,P*E^2,"SWAN(w=10,k=1.0)",SWAN,3000,2256,450,23,23,133,-0.0598,0.0,0.0,0.0,0.0,0.5217,0.0248,-0.1565,28
HIV-1,P*E^2,MutClust-Orig(g=10),MutClust-Orig,3000,2256,450,23,23,133,0.0,0.0973,0.0511,1.0,1.0,1.0,0.3431,-0.2027,450
HIV-1,rank(P*E),Wavelet(t=1.0),Wavelet,3000,2256,450,23,23,133,0.1031,0.1304,0.0711,0.7826,1.392,0.8696,0.3057,-0.1304,253
HIV-1,rank(P*E),Wavelet(t=1.5),Wavelet,3000,2256,450,23,23,133,0.0363,0.1053,0.0694,0.2174,1.3587,0.3478,0.1463,0.0009,72
HIV-1,rank(P*E),Wavelet(t=2.0),Wavelet,3000,2256,450,23,23,133,0.0202,0.0556,0.0769,0.0435,1.505,0.0,0.0274,0.0556,13
HIV-1,rank(P*E),KDE(p=75),KDE,3000,2256,450,23,23,133,-0.112,0.0,0.0,0.0,0.0,0.5652,0.211,-0.1696,85
HIV-1,rank(P*E),KDE(p=80),KDE,3000,2256,450,23,23,133,-0.0979,0.0,0.0,0.0,0.0,0.5652,0.1791,-0.1696,68
HIV-1,rank(P*E),KDE(p=85),KDE,3000,2256,450,23,23,133,-0.083,0.0,0.0,0.0,0.0,0.4348,0.1522,-0.1304,51
HIV-1,rank(P*E),SlidingTest(p=0.01),SlidingTest,3000,2256,450,23,23,133,0.0806,0.124,0.0681,0.6957,1.3321,0.6522,0.3587,-0.0716,235
HIV-1,rank(P*E),SlidingTest(p=0.05),SlidingTest,3000,2256,450,23,23,133,0.1371,0.1413,0.0769,0.8696,1.505,0.6522,0.341,-0.0543,260
HIV-1,rank(P*E),GradPeak(p=0.2),GradPeak,3000,2256,450,23,23,133,0.0285,0.1029,0.0619,0.3043,1.212,0.1304,0.2033,0.0638,113
HIV-1,rank(P*E),GradPeak(p=0.5),GradPeak,3000,2256,450,23,23,133,0.1155,0.1633,0.1538,0.1739,3.01,0.0,0.0,0.1633,26
HIV-1,rank(P*E),LocalContrast(z=1.0),LocalContrast,3000,2256,450,23,23,133,-0.0449,0.0659,0.0377,0.2609,0.7383,0.5652,0.2397,-0.1036,159
HIV-1,rank(P*E),LocalContrast(z=1.5),LocalContrast,3000,2256,450,23,23,133,0.0121,0.0714,0.0606,0.087,1.1858,0.0,0.0482,0.0714,33
HIV-1,rank(P*E),"CUSUM(d=0.3,h=3.0)",CUSUM,3000,2256,450,23,23,133,0.019,0.0979,0.0515,1.0,1.0067,1.0,0.3448,-0.2021,447
HIV-1,rank(P*E),"CUSUM(d=0.5,h=4.0)",CUSUM,3000,2256,450,23,23,133,-0.1182,0.0724,0.0385,0.6087,0.7525,0.7826,0.3421,-0.1624,364
HIV-1,rank(P*E),"CUSUM(d=0.5,h=5.0)",CUSUM,3000,2256,450,23,23,133,-0.1145,0.0727,0.0387,0.6087,0.7567,0.7826,0.3434,-0.1621,362
HIV-1,rank(P*E),Spectral(z=1.5),Spectral,3000,2256,450,23,23,133,-0.0563,0.0,0.0,0.0,0.0,0.0435,0.0633,-0.013,25
HIV-1,rank(P*E),Spectral(z=2.0),Spectral,3000,2256,450,23,23,133,-0.035,0.0,0.0,0.0,0.0,0.0,0.028,0.0,10
HIV-1,rank(P*E),Bayes(prior=0.1),Bayes,3000,2256,450,23,23,133,0.0553,0.1141,0.0625,0.6522,1.2228,0.6957,0.3003,-0.0946,240
HIV-1,rank(P*E),Bayes(prior=0.15),Bayes,3000,2256,450,23,23,133,0.0877,0.1255,0.0685,0.7391,1.3412,0.6957,0.2992,-0.0832,248
HIV-1,rank(P*E),Ensemble(v>=2),Ensemble,3000,2256,450,23,23,133,-0.0839,0.0,0.0,0.0,0.0,0.4783,0.1189,-0.1435,52
HIV-1,rank(P*E),Ensemble(v>=3),Ensemble,3000,2256,450,23,23,133,-0.0631,0.0,0.0,0.0,0.0,0.3043,0.1098,-0.0913,31
HIV-1,rank(P*E),AdaptWin(s=90),AdaptWin,3000,2256,450,23,23,133,-0.0279,0.0753,0.0429,0.3043,0.8402,0.6522,0.25,-0.1204,163
HIV-1,rank(P*E),AdaptWin(s=85),AdaptWin,3000,2256,450,23,23,133,0.0097,0.097,0.0531,0.5652,1.0382,0.8261,0.2963,-0.1508,245
HIV-1,rank(P*E),FreqThresh(p=80),FreqThresh,3000,2256,450,23,23,133,-0.0169,0.0741,0.0446,0.2174,0.8734,0.5652,0.2612,-0.0955,112
HIV-1,rank(P*E),FreqThresh(p=85),FreqThresh,3000,2256,450,23,23,133,-0.1038,0.0,0.0,0.0,0.0,0.4783,0.2115,-0.1435,75
HIV-1,rank(P*E),FreqThresh(p=90),FreqThresh,3000,2256,450,23,23,133,-0.0839,0.0,0.0,0.0,0.0,0.4783,0.1189,-0.1435,52
HIV-1,rank(P*E),FreqThresh(p=95),FreqThresh,3000,2256,450,23,23,133,-0.062,0.0,0.0,0.0,0.0,0.3043,0.0982,-0.0913,30
HIV-1,rank(P*E),"SWAN(w=10,k=1.0)",SWAN,3000,2256,450,23,23,133,-0.1336,0.0,0.0,0.0,0.0,0.6522,0.2694,-0.1957,112
HIV-1,rank(P*E),"SWAN(w=20,k=1.0)",SWAN,3000,2256,450,23,23,133,-0.1193,0.0,0.0,0.0,0.0,0.5652,0.2555,-0.1696,94
HIV-1,rank(P*E),"SWAN(w=50,k=1.0)",SWAN,3000,2256,450,23,23,133,-0.0603,0.0244,0.0169,0.0435,0.3316,0.2174,0.2083,-0.0408,59
HIV-1,rank(P*E),MutClust-Orig(g=10),MutClust-Orig,3000,2256,450,23,23,133,0.0684,0.1053,0.0556,1.0,1.087,0.913,0.3547,-0.1686,414
Dengue,E*rare,Wavelet(t=1.0),Wavelet,2000,796,490,24,24,0,0.0755,0.1205,0.0667,0.625,1.3611,0.5417,,-0.042,225
Dengue,E*rare,Wavelet(t=1.5),Wavelet,2000,796,490,24,24,0,-0.0224,0.0583,0.038,0.125,0.7753,0.2917,,-0.0292,79
Dengue,E*rare,Wavelet(t=2.0),Wavelet,2000,796,490,24,24,0,-0.0526,0.0,0.0,0.0,0.0,0.0,,0.0,25
Dengue,E*rare,KDE(p=75),KDE,2000,796,490,24,24,0,0.0867,0.1361,0.0813,0.4167,1.6599,0.125,,0.0986,123
Dengue,E*rare,KDE(p=80),KDE,2000,796,490,24,24,0,0.0962,0.1452,0.09,0.375,1.8375,0.0833,,0.1202,100
Dengue,E*rare,KDE(p=85),KDE,2000,796,490,24,24,0,0.1155,0.1633,0.1081,0.3333,2.2072,0.0417,,0.1508,74
Dengue,E*rare,SlidingTest(p=0.01),SlidingTest,2000,796,490,24,24,0,-0.0328,0.0,0.0,0.0,0.0,0.0,,0.0,10
Dengue,E*rare,SlidingTest(p=0.05),SlidingTest,2000,796,490,24,24,0,-0.0468,0.0,0.0,0.0,0.0,0.0,,0.0,20
Dengue,E*rare,GradPeak(p=0.2),GradPeak,2000,796,490,24,24,0,0.135,0.1394,0.076,0.8333,1.5526,0.4583,,0.0019,263
Dengue,E*rare,GradPeak(p=0.5),GradPeak,2000,796,490,24,24,0,0.1173,0.1474,0.0843,0.5833,1.7219,0.375,,0.0349,166
Dengue,E*rare,LocalContrast(z=1.0),LocalContrast,2000,796,490,24,24,0,0.082,0.137,0.102,0.2083,2.0833,0.0,,0.137,49
Dengue,E*rare,LocalContrast(z=1.5),LocalContrast,2000,796,490,24,24,0,0.0391,0.0851,0.087,0.0833,1.7754,0.0,,0.0851,23
Dengue,E*rare,LocalContrast(z=2.0),LocalContrast,2000,796,490,24,24,0,-0.0375,0.0,0.0,0.0,0.0,0.0,,0.0,13
Dengue,E*rare,"CUSUM(d=0.3,h=3.0)",CUSUM,2000,796,490,24,24,0,-0.0033,0.0775,0.0476,0.2083,0.9722,0.2917,,-0.01,105
Dengue,E*rare,"CUSUM(d=0.5,h=4.0)",CUSUM,2000,796,490,24,24,0,-0.0389,0.0,0.0,0.0,0.0,0.0417,,-0.0125,14
Dengue,E*rare,"CUSUM(d=0.5,h=5.0)",CUSUM,2000,796,490,24,24,0,-0.0273,0.0,0.0,0.0,0.0,0.0,,0.0,7
Dengue,E*rare,AdaptiveKnee,AdaptiveKnee,2000,796,490,24,24,0,0.1741,0.2188,0.175,0.2917,3.5729,0.0,,0.2188,40
Dengue,E*rare,Spectral(z=1.5),Spectral,2000,796,490,24,24,0,0.0562,0.0952,0.1111,0.0833,2.2685,0.125,,0.0577,18
Dengue,E*rare,Spectral(z=2.0),Spectral,2000,796,490,24,24,0,-0.0328,0.0,0.0,0.0,0.0,0.0,,0.0,10
Dengue,E*rare,Bayes(prior=0.1),Bayes,2000,796,490,24,24,0,0.2094,0.2048,0.1197,0.7083,2.4442,0.0417,,0.1923,142
Dengue,E*rare,Bayes(prior=0.15),Bayes,2000,796,490,24,24,0,0.2049,0.1957,0.1125,0.75,2.2969,0.0417,,0.1832,160
Dengue,E*rare,Ensemble(v>=2),Ensemble,2000,796,490,24,24,0,-0.0375,0.0,0.0,0.0,0.0,0.0,,0.0,13
Dengue,E*rare,Ensemble(v>=3),Ensemble,2000,796,490,24,24,0,-0.0328,0.0,0.0,0.0,0.0,0.0,,0.0,10
Dengue,E*rare,AdaptWin(s=90),AdaptWin,2000,796,490,24,24,0,0.2072,0.2366,0.1594,0.4583,3.2548,0.0417,,0.2241,69
Dengue,E*rare,AdaptWin(s=85),AdaptWin,2000,796,490,24,24,0,0.2511,0.2289,0.1338,0.7917,2.7318,0.0833,,0.2039,142
Dengue,E*rare,FreqThresh(p=80),FreqThresh,2000,796,490,24,24,0,0.2563,0.254,0.1569,0.6667,3.2026,0.0417,,0.2415,102
Dengue,E*rare,FreqThresh(p=85),FreqThresh,2000,796,490,24,24,0,0.2503,0.268,0.1781,0.5417,3.6358,0.0,,0.268,73
Dengue,E*rare,FreqThresh(p=90),FreqThresh,2000,796,490,24,24,0,0.0497,0.1034,0.0882,0.125,1.8015,0.0,,0.1034,34
Dengue,E*rare,FreqThresh(p=95),FreqThresh,2000,796,490,24,24,0,-0.0328,0.0,0.0,0.0,0.0,0.0,,0.0,10
Dengue,E*rare,MutClust-Orig(g=10),MutClust-Orig,2000,796,490,24,24,0,-0.0403,0.0,0.0,0.0,0.0,0.0,,0.0,15
Dengue,P*E*rare,Wavelet(t=1.0),Wavelet,2000,796,490,24,24,0,0.0155,0.0948,0.0529,0.4583,1.0797,0.7917,,-0.1427,208
Dengue,P*E*rare,Wavelet(t=1.5),Wavelet,2000,796,490,24,24,0,-0.009,0.0652,0.0441,0.125,0.9007,0.2917,,-0.0223,68
Dengue,P*E*rare,Wavelet(t=2.0),Wavelet,2000,796,490,24,24,0,-0.0201,0.0364,0.0323,0.0417,0.6586,0.1667,,-0.0136,31
Dengue,P*E*rare,KDE(p=75),KDE,2000,796,490,24,24,0,-0.0005,0.0816,0.0488,0.25,0.9959,0.7917,,-0.1559,123
Dengue,P*E*rare,KDE(p=80),KDE,2000,796,490,24,24,0,0.0284,0.0984,0.0612,0.25,1.25,0.5417,,-0.0641,98
Dengue,P*E*rare,KDE(p=85),KDE,2000,796,490,24,24,0,0.0627,0.1224,0.0811,0.25,1.6554,0.1667,,0.0724,74
Dengue,P*E*rare,SlidingTest(p=0.05),SlidingTest,2000,796,490,24,24,0,-0.0403,0.0,0.0,0.0,0.0,0.0,,0.0,15
Dengue,P*E*rare,GradPeak(p=0.2),GradPeak,2000,796,490,24,24,0,0.0955,0.129,0.0714,0.6667,1.4583,0.4167,,0.004,224
Dengue,P*E*rare,GradPeak(p=0.5),GradPeak,2000,796,490,24,24,0,0.0749,0.1264,0.0733,0.4583,1.4972,0.4167,,0.0014,150
Dengue,P*E*rare,LocalContrast(z=1.0),LocalContrast,2000,796,490,24,24,0,0.1023,0.1538,0.1045,0.2917,2.1331,0.0417,,0.1413,67
Dengue,P*E*rare,LocalContrast(z=1.5),LocalContrast,2000,796,490,24,24,0,0.0994,0.1515,0.119,0.2083,2.4306,0.0417,,0.139,42
Dengue,P*E*rare,LocalContrast(z=2.0),LocalContrast,2000,796,490,24,24,0,0.1711,0.2,0.25,0.1667,5.1042,0.0,,0.2,16
Dengue,P*E*rare,"CUSUM(d=0.3,h=3.0)",CUSUM,2000,796,490,24,24,0,0.0145,0.0877,0.0556,0.2083,1.1343,0.4583,,-0.0498,90
Dengue,P*E*rare,"CUSUM(d=0.5,h=4.0)",CUSUM,2000,796,490,24,24,0,-0.0096,0.0408,0.04,0.0417,0.8167,0.2083,,-0.0217,25
Dengue,P*E*rare,"CUSUM(d=0.5,h=5.0)",CUSUM,2000,796,490,24,24,0,0.0034,0.0465,0.0526,0.0417,1.0746,0.0417,,0.034,19
Dengue,P*E*rare,AdaptiveKnee,AdaptiveKnee,2000,796,490,24,24,0,0.0361,0.0833,0.0833,0.0833,1.7014,0.0,,0.0833,24
Dengue,P*E*rare,Spectral(z=1.5),Spectral,2000,796,490,24,24,0,-0.048,0.0,0.0,0.0,0.0,0.1667,,-0.05,21
Dengue,P*E*rare,Spectral(z=2.0),Spectral,2000,796,490,24,24,0,-0.0403,0.0,0.0,0.0,0.0,0.125,,-0.0375,15
Dengue,P*E*rare,Bayes(prior=0.1),Bayes,2000,796,490,24,24,0,0.1223,0.1357,0.0742,0.7917,1.5153,0.2917,,0.0482,256
Dengue,P*E*rare,Bayes(prior=0.15),Bayes,2000,796,490,24,24,0,0.1036,0.1262,0.0686,0.7917,1.4004,0.2917,,0.0387,277
Dengue,P*E*rare,Ensemble(v>=2),Ensemble,2000,796,490,24,24,0,-0.0253,0.0,0.0,0.0,0.0,0.0,,0.0,6
Dengue,P*E*rare,Ensemble(v>=3),Ensemble,2000,796,490,24,24,0,-0.0253,0.0,0.0,0.0,0.0,0.0,,0.0,6
Dengue,P*E*rare,AdaptWin(s=90),AdaptWin,2000,796,490,24,24,0,0.2151,0.2444,0.1667,0.4583,3.4028,0.0417,,0.2319,66
Dengue,P*E*rare,AdaptWin(s=85),AdaptWin,2000,796,490,24,24,0,0.1926,0.2013,0.12,0.625,2.45,0.0417,,0.1888,125
Dengue,P*E*rare,FreqThresh(p=80),FreqThresh,2000,796,490,24,24,0,0.2563,0.254,0.1569,0.6667,3.2026,0.0417,,0.2415,102
Dengue,P*E*rare,FreqThresh(p=85),FreqThresh,2000,796,490,24,24,0,0.1776,0.2128,0.1429,0.4167,2.9167,0.0,,0.2128,70
Dengue,P*E*rare,FreqThresh(p=90),FreqThresh,2000,796,490,24,24,0,0.0361,0.0833,0.0833,0.0833,1.7014,0.0,,0.0833,24
Dengue,P*E*rare,FreqThresh(p=95),FreqThresh,2000,796,490,24,24,0,-0.0253,0.0,0.0,0.0,0.0,0.0,,0.0,6
Dengue,minority_E,Wavelet(t=1.0),Wavelet,2000,796,490,24,24,0,-0.1464,0.0396,0.0215,0.25,0.4391,0.875,,-0.2229,279
Dengue,minority_E,Wavelet(t=1.5),Wavelet,2000,796,490,24,24,0,-0.0849,0.0172,0.0109,0.0417,0.2219,0.3333,,-0.0828,92
Dengue,minority_E,Wavelet(t=2.0),Wavelet,2000,796,490,24,24,0,-0.0273,0.0,0.0,0.0,0.0,0.0417,,-0.0125,7
Dengue,minority_E,KDE(p=75),KDE,2000,796,490,24,24,0,-0.0441,0.0544,0.0325,0.1667,0.664,0.75,,-0.1706,123
Dengue,minority_E,KDE(p=80),KDE,2000,796,490,24,24,0,-0.0426,0.0492,0.0306,0.125,0.625,0.75,,-0.1758,98
Dengue,minority_E,KDE(p=85),KDE,2000,796,490,24,24,0,-0.0429,0.0408,0.027,0.0833,0.5518,0.7083,,-0.1717,74
Dengue,minority_E,SlidingTest(p=0.01),SlidingTest,2000,796,490,24,24,0,-0.0588,0.0351,0.0222,0.0833,0.4537,0.7083,,-0.1774,90
Dengue,minority_E,SlidingTest(p=0.05),SlidingTest,2000,796,490,24,24,0,-0.0553,0.0503,0.0296,0.1667,0.6049,0.8333,,-0.1997,135
Dengue,minority_E,GradPeak(p=0.2),GradPeak,2000,796,490,24,24,0,-0.0009,0.0889,0.0488,0.5,0.9959,0.625,,-0.0986,246
Dengue,minority_E,GradPeak(p=0.5),GradPeak,2000,796,490,24,24,0,0.0353,0.1042,0.0595,0.4167,1.2153,0.625,,-0.0833,168
Dengue,minority_E,LocalContrast(z=1.0),LocalContrast,2000,796,490,24,24,0,-0.1041,0.0143,0.0086,0.0417,0.176,0.125,,-0.0232,116
Dengue,minority_E,LocalContrast(z=1.5),LocalContrast,2000,796,490,24,24,0,-0.0418,0.0282,0.0213,0.0417,0.4344,0.0,,0.0282,47
Dengue,minority_E,LocalContrast(z=2.0),LocalContrast,2000,796,490,24,24,0,-0.0115,0.04,0.0385,0.0417,0.7853,0.0,,0.04,26
Dengue,minority_E,"CUSUM(d=0.3,h=3.0)",CUSUM,2000,796,490,24,24,0,-0.012,0.09,0.0477,0.7917,0.9747,0.9583,,-0.1975,398
Dengue,minority_E,"CUSUM(d=0.5,h=4.0)",CUSUM,2000,796,490,24,24,0,-0.0894,0.0404,0.023,0.1667,0.4693,0.8333,,-0.2096,174
Dengue,minority_E,"CUSUM(d=0.5,h=5.0)",CUSUM,2000,796,490,24,24,0,-0.0669,0.0465,0.027,0.1667,0.5518,0.8333,,-0.2035,148
Dengue,minority_E,AdaptiveKnee,AdaptiveKnee,2000,796,490,24,24,0,-0.0975,0.0326,0.0187,0.125,0.3828,0.75,,-0.1924,160
Dengue,minority_E,Spectral(z=1.5),Spectral,2000,796,490,24,24,0,-0.0417,0.0,0.0,0.0,0.0,0.0417,,-0.0125,16
Dengue,minority_E,Spectral(z=2.0),Spectral,2000,796,490,24,24,0,-0.0178,0.0,0.0,0.0,0.0,0.0,,0.0,3
Dengue,minority_E,Bayes(prior=0.1),Bayes,2000,796,490,24,24,0,-0.0594,0.0685,0.0373,0.4167,0.7618,0.875,,-0.194,268
Dengue,minority_E,Bayes(prior=0.15),Bayes,2000,796,490,24,24,0,0.0282,0.0994,0.0535,0.7083,1.0915,0.875,,-0.1631,318
Dengue,minority_E,Ensemble(v>=2),Ensemble,2000,796,490,24,24,0,-0.0903,0.0,0.0,0.0,0.0,0.25,,-0.075,67
Dengue,minority_E,Ensemble(v>=3),Ensemble,2000,796,490,24,24,0,-0.073,0.0,0.0,0.0,0.0,0.125,,-0.0375,46
Dengue,minority_E,AdaptWin(s=90),AdaptWin,2000,796,490,24,24,0,-0.0782,0.0373,0.0219,0.125,0.4471,0.75,,-0.1877,137
Dengue,minority_E,AdaptWin(s=85),AdaptWin,2000,796,490,24,24,0,-0.0309,0.0727,0.0408,0.3333,0.8333,0.8333,,-0.1773,196
Dengue,minority_E,FreqThresh(p=80),FreqThresh,2000,796,490,24,24,0,-0.0765,0.0377,0.0222,0.125,0.4537,0.5,,-0.1123,135
Dengue,minority_E,FreqThresh(p=85),FreqThresh,2000,796,490,24,24,0,-0.0906,0.0163,0.0101,0.0417,0.2062,0.3333,,-0.0837,99
Dengue,minority_E,FreqThresh(p=90),FreqThresh,2000,796,490,24,24,0,-0.073,0.0,0.0,0.0,0.0,0.125,,-0.0375,46
Dengue,minority_E,FreqThresh(p=95),FreqThresh,2000,796,490,24,24,0,-0.0344,0.0,0.0,0.0,0.0,0.0,,0.0,11
Dengue,minority_E,"SWAN(w=10,k=1.0)",SWAN,2000,796,490,24,24,0,-0.0864,0.0,0.0,0.0,0.0,0.4167,,-0.125,62
Dengue,minority_E,"SWAN(w=20,k=1.0)",SWAN,2000,796,490,24,24,0,-0.0468,0.0,0.0,0.0,0.0,0.0417,,-0.0125,20
Dengue,minority_E,MutClust-Orig(g=10),MutClust-Orig,2000,796,490,24,24,0,0.0,0.0934,0.049,1.0,1.0,1.0,,-0.2066,490
Dengue,P*minority_E,Wavelet(t=1.0),Wavelet,2000,796,490,24,24,0,0.0301,0.1007,0.0547,0.625,1.1177,0.7083,,-0.1118,274
Dengue,P*minority_E,Wavelet(t=1.5),Wavelet,2000,796,490,24,24,0,0.0548,0.1165,0.0759,0.25,1.5506,0.0833,,0.0915,79
Dengue,P*minority_E,Wavelet(t=2.0),Wavelet,2000,796,490,24,24,0,-0.0417,0.0,0.0,0.0,0.0,0.0,,0.0,16
Dengue,P*minority_E,KDE(p=75),KDE,2000,796,490,24,24,0,0.1303,0.1633,0.0976,0.5,1.9919,0.0833,,0.1383,123
Dengue,P*minority_E,KDE(p=80),KDE,2000,796,490,24,24,0,0.1466,0.1803,0.1122,0.4583,2.2917,0.0833,,0.1553,98
Dengue,P*minority_E,KDE(p=85),KDE,2000,796,490,24,24,0,0.1684,0.2041,0.1351,0.4167,2.759,0.0833,,0.1791,74
Dengue,P*minority_E,SlidingTest(p=0.01),SlidingTest,2000,796,490,24,24,0,-0.058,0.0,0.0,0.0,0.0,0.0,,0.0,30
Dengue,P*minority_E,SlidingTest(p=0.05),SlidingTest,2000,796,490,24,24,0,0.1556,0.1923,0.125,0.4167,2.5521,0.0833,,0.1673,80
Dengue,P*minority_E,GradPeak(p=0.2),GradPeak,2000,796,490,24,24,0,0.1288,0.1361,0.0741,0.8333,1.5123,0.3333,,0.0361,270
Dengue,P*minority_E,GradPeak(p=0.5),GradPeak,2000,796,490,24,24,0,0.192,0.1754,0.098,0.8333,2.0016,0.125,,0.1379,204
Dengue,P*minority_E,LocalContrast(z=1.0),LocalContrast,2000,796,490,24,24,0,0.1917,0.2059,0.125,0.5833,2.5521,0.0417,,0.1934,112
Dengue,P*minority_E,LocalContrast(z=1.5),LocalContrast,2000,796,490,24,24,0,0.1509,0.1972,0.1489,0.2917,3.0408,0.0417,,0.1847,47
Dengue,P*minority_E,LocalContrast(z=2.0),LocalContrast,2000,796,490,24,24,0,-0.0389,0.0,0.0,0.0,0.0,0.0,,0.0,14
Dengue,P*minority_E,"CUSUM(d=0.3,h=3.0)",CUSUM,2000,796,490,24,24,0,0.006,0.0919,0.0502,0.5417,1.0248,0.9167,,-0.1831,259
Dengue,P*minority_E,"CUSUM(d=0.5,h=4.0)",CUSUM,2000,796,490,24,24,0,-0.0713,0.0,0.0,0.0,0.0,0.0,,0.0,44
Dengue,P*minority_E,"CUSUM(d=0.5,h=5.0)",CUSUM,2000,796,490,24,24,0,-0.048,0.0,0.0,0.0,0.0,0.0,,0.0,21
Dengue,P*minority_E,AdaptiveKnee,AdaptiveKnee,2000,796,490,24,24,0,0.1941,0.2027,0.121,0.625,2.4698,0.0417,,0.1902,124
Dengue,P*minority_E,Spectral(z=1.5),Spectral,2000,796,490,24,24,0,0.0604,0.1111,0.1,0.125,2.0417,0.0417,,0.0986,30
Dengue,P*minority_E,Spectral(z=2.0),Spectral,2000,796,490,24,24,0,-0.036,0.0,0.0,0.0,0.0,0.0417,,-0.0125,12
Dengue,P*minority_E,Bayes(prior=0.1),Bayes,2000,796,490,24,24,0,0.1522,0.1493,0.082,0.8333,1.6735,0.125,,0.1118,244
Dengue,P*minority_E,Bayes(prior=0.15),Bayes,2000,796,490,24,24,0,0.1522,0.1493,0.082,0.8333,1.6735,0.125,,0.1118,244
Dengue,P*minority_E,Ensemble(v>=2),Ensemble,2000,796,490,24,24,0,0.0545,0.1127,0.0851,0.1667,1.7376,0.0417,,0.1002,47
Dengue,P*minority_E,Ensemble(v>=3),Ensemble,2000,796,490,24,24,0,0.0811,0.1333,0.1111,0.1667,2.2685,0.0417,,0.1208,36
Dengue,P*minority_E,AdaptWin(s=90),AdaptWin,2000,796,490,24,24,0,0.1574,0.1978,0.1343,0.375,2.7425,0.0417,,0.1853,67
Dengue,P*minority_E,AdaptWin(s=85),AdaptWin,2000,796,490,24,24,0,0.1849,0.1948,0.1154,0.625,2.3558,0.0833,,0.1698,130
Dengue,P*minority_E,FreqThresh(p=80),FreqThresh,2000,796,490,24,24,0,0.1531,0.1818,0.1111,0.5,2.2685,0.0417,,0.1693,108
Dengue,P*minority_E,FreqThresh(p=85),FreqThresh,2000,796,490,24,24,0,0.1195,0.1667,0.1111,0.3333,2.2685,0.0417,,0.1542,72
Dengue,P*minority_E,FreqThresh(p=90),FreqThresh,2000,796,490,24,24,0,0.0811,0.1333,0.1111,0.1667,2.2685,0.0417,,0.1208,36
Dengue,P*minority_E,FreqThresh(p=95),FreqThresh,2000,796,490,24,24,0,-0.0273,0.0,0.0,0.0,0.0,0.0,,0.0,7
Dengue,P*minority_E,"SWAN(w=10,k=1.0)",SWAN,2000,796,490,24,24,0,0.0878,0.1304,0.1364,0.125,2.7841,0.0,,0.1304,22
Dengue,P*minority_E,MutClust-Orig(g=10),MutClust-Orig,2000,796,490,24,24,0,0.0704,0.1019,0.0537,1.0,1.0962,0.9167,,-0.1731,447
Dengue,P*E,Wavelet(t=1.0),Wavelet,2000,796,490,24,24,0,0.0482,0.107,0.0582,0.6667,1.1879,0.875,,-0.1555,275
Dengue,P*E,Wavelet(t=1.5),Wavelet,2000,796,490,24,24,0,0.2,0.2243,0.1446,0.5,2.9518,0.0417,,0.2118,83
Dengue,P*E,Wavelet(t=2.0),Wavelet,2000,796,490,24,24,0,-0.0328,0.0,0.0,0.0,0.0,0.0,,0.0,10
Dengue,P*E,KDE(p=75),KDE,2000,796,490,24,24,0,0.1085,0.1497,0.0894,0.4583,1.8259,0.1667,,0.0997,123
Dengue,P*E,KDE(p=80),KDE,2000,796,490,24,24,0,0.1229,0.1639,0.102,0.4167,2.0833,0.125,,0.1264,98
Dengue,P*E,KDE(p=85),KDE,2000,796,490,24,24,0,0.1684,0.2041,0.1351,0.4167,2.759,0.125,,0.1666,74
Dengue,P*E,SlidingTest(p=0.01),SlidingTest,2000,796,490,24,24,0,-0.0328,0.0,0.0,0.0,0.0,0.0,,0.0,10
Dengue,P*E,SlidingTest(p=0.05),SlidingTest,2000,796,490,24,24,0,0.1662,0.202,0.1333,0.4167,2.7222,0.0833,,0.177,75
Dengue,P*E,GradPeak(p=0.2),GradPeak,2000,796,490,24,24,0,0.1399,0.1456,0.0802,0.7917,1.6368,0.4167,,0.0206,237
Dengue,P*E,GradPeak(p=0.5),GradPeak,2000,796,490,24,24,0,0.1547,0.1586,0.0887,0.75,1.8103,0.4167,,0.0336,203
Dengue,P*E,LocalContrast(z=1.0),LocalContrast,2000,796,490,24,24,0,0.1317,0.1644,0.0984,0.5,2.0082,0.0833,,0.1394,122
Dengue,P*E,LocalContrast(z=1.5),LocalContrast,2000,796,490,24,24,0,0.0891,0.1429,0.0946,0.2917,1.9313,0.0833,,0.1179,74
Dengue,P*E,LocalContrast(z=2.0),LocalContrast,2000,796,490,24,24,0,0.0603,0.0976,0.1176,0.0833,2.402,0.0417,,0.0851,17
Dengue,P*E,"CUSUM(d=0.3,h=3.0)",CUSUM,2000,796,490,24,24,0,-0.0382,0.0702,0.0392,0.3333,0.8007,0.4167,,-0.0548,204
Dengue,P*E,"CUSUM(d=0.5,h=4.0)",CUSUM,2000,796,490,24,24,0,0.0403,0.0968,0.0789,0.125,1.6118,0.0417,,0.0843,38
Dengue,P*E,"CUSUM(d=0.5,h=5.0)",CUSUM,2000,796,490,24,24,0,-0.0328,0.0,0.0,0.0,0.0,0.0,,0.0,10
Dengue,P*E,Spectral(z=1.5),Spectral,2000,796,490,24,24,0,0.0695,0.1176,0.1111,0.125,2.2685,0.0417,,0.1051,27
Dengue,P*E,Spectral(z=2.0),Spectral,2000,796,490,24,24,0,0.1098,0.1212,0.2222,0.0833,4.537,0.0,,0.1212,9
Dengue,P*E,Bayes(prior=0.1),Bayes,2000,796,490,24,24,0,0.1227,0.1329,0.0722,0.8333,1.4741,0.2917,,0.0454,277
Dengue,P*E,Bayes(prior=0.15),Bayes,2000,796,490,24,24,0,0.1201,0.1316,0.0714,0.8333,1.4583,0.2917,,0.0441,280
Dengue,P*E,Ensemble(v>=2),Ensemble,2000,796,490,24,24,0,0.0545,0.1127,0.0851,0.1667,1.7376,0.0417,,0.1002,47
Dengue,P*E,Ensemble(v>=3),Ensemble,2000,796,490,24,24,0,0.0166,0.0714,0.0625,0.0833,1.276,0.0417,,0.0589,32
Dengue,P*E,AdaptWin(s=90),AdaptWin,2000,796,490,24,24,0,0.1629,0.1947,0.1236,0.4583,2.5234,0.0417,,0.1822,89
Dengue,P*E,AdaptWin(s=85),AdaptWin,2000,796,490,24,24,0,0.1416,0.1647,0.0959,0.5833,1.9578,0.125,,0.1272,146
Dengue,P*E,FreqThresh(p=80),FreqThresh,2000,796,490,24,24,0,0.158,0.186,0.1143,0.5,2.3333,0.0417,,0.1735,105
Dengue,P*E,FreqThresh(p=85),FreqThresh,2000,796,490,24,24,0,0.1155,0.1633,0.1081,0.3333,2.2072,0.0417,,0.1508,74
Dengue,P*E,FreqThresh(p=90),FreqThresh,2000,796,490,24,24,0,0.0166,0.0714,0.0625,0.0833,1.276,0.0417,,0.0589,32
Dengue,P*E,FreqThresh(p=95),FreqThresh,2000,796,490,24,24,0,-0.0178,0.0,0.0,0.0,0.0,0.0,,0.0,3
Dengue,P*E,"SWAN(w=10,k=1.0)",SWAN,2000,796,490,24,24,0,0.1571,0.1714,0.2727,0.125,5.5682,0.0,,0.1714,11
Dengue,P*E,MutClust-Orig(g=10),MutClust-Orig,2000,796,490,24,24,0,0.0872,0.1064,0.0562,1.0,1.1475,0.9167,,-0.1686,427
Dengue,H-score,Wavelet(t=1.0),Wavelet,2000,796,490,24,24,0,0.0267,0.0996,0.0545,0.5833,1.1122,0.9583,,-0.1879,257
Dengue,H-score,Wavelet(t=1.5),Wavelet,2000,796,490,24,24,0,-0.0123,0.069,0.0435,0.1667,0.8877,0.875,,-0.1935,92
Dengue,H-score,Wavelet(t=2.0),Wavelet,2000,796,490,24,24,0,0.006,0.0476,0.0556,0.0417,1.1343,0.0417,,0.0351,18
Dengue,H-score,KDE(p=75),KDE,2000,796,490,24,24,0,0.1303,0.1633,0.0976,0.5,1.9919,0.125,,0.1258,123
Dengue,H-score,KDE(p=80),KDE,2000,796,490,24,24,0,0.1466,0.1803,0.1122,0.4583,2.2917,0.125,,0.1428,98
Dengue,H-score,KDE(p=85),KDE,2000,796,490,24,24,0,0.1706,0.2062,0.137,0.4167,2.7968,0.0833,,0.1812,73
Dengue,H-score,SlidingTest(p=0.01),SlidingTest,2000,796,490,24,24,0,0.1439,0.1553,0.0872,0.7083,1.7799,0.125,,0.1178,195
Dengue,H-score,SlidingTest(p=0.05),SlidingTest,2000,796,490,24,24,0,0.1201,0.1316,0.0714,0.8333,1.4583,0.125,,0.0941,280
Dengue,H-score,GradPeak(p=0.2),GradPeak,2000,796,490,24,24,0,0.084,0.1231,0.0678,0.6667,1.3842,0.2083,,0.0606,236
Dengue,H-score,GradPeak(p=0.5),GradPeak,2000,796,490,24,24,0,0.0517,0.1139,0.0672,0.375,1.3713,0.2083,,0.0514,134
Dengue,H-score,LocalContrast(z=1.0),LocalContrast,2000,796,490,24,24,0,0.1184,0.1512,0.0878,0.5417,1.7934,0.125,,0.1137,148
Dengue,H-score,LocalContrast(z=1.5),LocalContrast,2000,796,490,24,24,0,0.029,0.0941,0.0656,0.1667,1.3388,0.0417,,0.0816,61
Dengue,H-score,LocalContrast(z=2.0),LocalContrast,2000,796,490,24,24,0,-0.0328,0.0,0.0,0.0,0.0,0.0417,,-0.0125,10
Dengue,H-score,"CUSUM(d=0.3,h=3.0)",CUSUM,2000,796,490,24,24,0,0.0263,0.0982,0.0523,0.7917,1.0686,0.9583,,-0.1893,363
Dengue,H-score,"CUSUM(d=0.5,h=4.0)",CUSUM,2000,796,490,24,24,0,-0.0402,0.067,0.0378,0.2917,0.7725,0.9167,,-0.208,185
Dengue,H-score,"CUSUM(d=0.5,h=5.0)",CUSUM,2000,796,490,24,24,0,-0.0435,0.0628,0.0359,0.25,0.7335,0.875,,-0.1997,167
Dengue,H-score,AdaptiveKnee,AdaptiveKnee,2000,796,490,24,24,0,0.045,0.1005,0.0531,0.9167,1.0849,0.2917,,0.013,414
Dengue,H-score,ScoreDBSCAN(ep=8),ScoreDBSCAN,2000,796,490,24,24,0,0.0484,0.1024,0.0544,0.875,1.1108,0.25,,0.0274,386
Dengue,H-score,ScoreDBSCAN(ep=15),ScoreDBSCAN,2000,796,490,24,24,0,0.0,0.0934,0.049,1.0,1.0,1.0,,-0.2066,490
Dengue,H-score,Spectral(z=1.5),Spectral,2000,796,490,24,24,0,0.1237,0.1667,0.1667,0.1667,3.4028,0.0833,,0.1417,24
Dengue,H-score,Spectral(z=2.0),Spectral,2000,796,490,24,24,0,-0.0253,0.0,0.0,0.0,0.0,0.0417,,-0.0125,6
Dengue,H-score,Bayes(prior=0.1),Bayes,2000,796,490,24,24,0,0.1578,0.1607,0.09,0.75,1.8375,0.2083,,0.0982,200
Dengue,H-score,Bayes(prior=0.15),Bayes,2000,796,490,24,24,0,0.1178,0.1333,0.0728,0.7917,1.4863,0.2917,,0.0458,261
Dengue,H-score,Ensemble(v>=2),Ensemble,2000,796,490,24,24,0,0.0166,0.0714,0.0625,0.0833,1.276,0.0417,,0.0589,32
Dengue,H-score,Ensemble(v>=3),Ensemble,2000,796,490,24,24,0,-0.0178,0.0,0.0,0.0,0.0,0.0,,0.0,3
Dengue,H-score,AdaptWin(s=90),AdaptWin,2000,796,490,24,24,0,0.1192,0.1311,0.0712,0.8333,1.4531,0.1667,,0.0811,281
Dengue,H-score,AdaptWin(s=85),AdaptWin,2000,796,490,24,24,0,0.1073,0.1199,0.0641,0.9167,1.3095,0.2083,,0.0574,343
Dengue,H-score,FreqThresh(p=80),FreqThresh,2000,796,490,24,24,0,0.158,0.186,0.1143,0.5,2.3333,0.0417,,0.1735,105
Dengue,H-score,FreqThresh(p=85),FreqThresh,2000,796,490,24,24,0,0.1155,0.1633,0.1081,0.3333,2.2072,0.0417,,0.1508,74
Dengue,H-score,FreqThresh(p=90),FreqThresh,2000,796,490,24,24,0,0.0166,0.0714,0.0625,0.0833,1.276,0.0417,,0.0589,32
Dengue,H-score,FreqThresh(p=95),FreqThresh,2000,796,490,24,24,0,-0.0178,0.0,0.0,0.0,0.0,0.0,,0.0,3
Dengue,H-score,"SWAN(w=10,k=1.0)",SWAN,2000,796,490,24,24,0,0.101,0.1176,0.2,0.0833,4.0833,0.0,,0.1176,10
Dengue,H-score,MutClust-Orig(g=10),MutClust-Orig,2000,796,490,24,24,0,0.0,0.0934,0.049,1.0,1.0,1.0,,-0.2066,490
Dengue,E_only,Wavelet(t=1.0),Wavelet,2000,796,490,24,24,0,0.0147,0.0952,0.0519,0.5833,1.0586,0.9583,,-0.1923,270
Dengue,E_only,Wavelet(t=1.5),Wavelet,2000,796,490,24,24,0,0.0627,0.1224,0.0811,0.25,1.6554,0.5833,,-0.0526,74
Dengue,E_only,Wavelet(t=2.0),Wavelet,2000,796,490,24,24,0,-0.0456,0.0,0.0,0.0,0.0,0.0417,,-0.0125,19
Dengue,E_only,KDE(p=75),KDE,2000,796,490,24,24,0,0.1303,0.1633,0.0976,0.5,1.9919,0.125,,0.1258,123
Dengue,E_only,KDE(p=80),KDE,2000,796,490,24,24,0,0.1466,0.1803,0.1122,0.4583,2.2917,0.0833,,0.1553,98
Dengue,E_only,KDE(p=85),KDE,2000,796,490,24,24,0,0.1684,0.2041,0.1351,0.4167,2.759,0.0833,,0.1791,74
Dengue,E_only,SlidingTest(p=0.01),SlidingTest,2000,796,490,24,24,0,0.1119,0.155,0.0952,0.4167,1.9444,0.125,,0.1175,105
Dengue,E_only,SlidingTest(p=0.05),SlidingTest,2000,796,490,24,24,0,0.1784,0.1799,0.103,0.7083,2.1035,0.125,,0.1424,165
Dengue,E_only,GradPeak(p=0.2),GradPeak,2000,796,490,24,24,0,0.1144,0.1343,0.0738,0.75,1.5061,0.25,,0.0593,244
Dengue,E_only,GradPeak(p=0.5),GradPeak,2000,796,490,24,24,0,0.1634,0.173,0.0994,0.6667,2.029,0.0833,,0.148,161
Dengue,E_only,LocalContrast(z=1.0),LocalContrast,2000,796,490,24,24,0,0.1407,0.1677,0.0992,0.5417,2.0261,0.0833,,0.1427,131
Dengue,E_only,LocalContrast(z=1.5),LocalContrast,2000,796,490,24,24,0,0.0843,0.1395,0.0968,0.25,1.9758,0.0417,,0.127,62
Dengue,E_only,LocalContrast(z=2.0),LocalContrast,2000,796,490,24,24,0,-0.0389,0.0,0.0,0.0,0.0,0.0417,,-0.0125,14
Dengue,E_only,"CUSUM(d=0.3,h=3.0)",CUSUM,2000,796,490,24,24,0,-0.0312,0.0819,0.044,0.5833,0.8988,0.9583,,-0.2056,318
Dengue,E_only,"CUSUM(d=0.5,h=4.0)",CUSUM,2000,796,490,24,24,0,-0.0799,0.0428,0.0245,0.1667,0.501,0.875,,-0.2197,163
Dengue,E_only,"CUSUM(d=0.5,h=5.0)",CUSUM,2000,796,490,24,24,0,-0.0678,0.0462,0.0268,0.1667,0.5481,0.8333,,-0.2038,149
Dengue,E_only,AdaptiveKnee,AdaptiveKnee,2000,796,490,24,24,0,0.1732,0.1852,0.1087,0.625,2.2192,0.0417,,0.1727,138
Dengue,E_only,Spectral(z=1.5),Spectral,2000,796,490,24,24,0,0.1034,0.1509,0.1379,0.1667,2.8161,0.0417,,0.1384,29
Dengue,E_only,Spectral(z=2.0),Spectral,2000,796,490,24,24,0,-0.0253,0.0,0.0,0.0,0.0,0.0417,,-0.0125,6
Dengue,E_only,Bayes(prior=0.1),Bayes,2000,796,490,24,24,0,0.1782,0.1704,0.0955,0.7917,1.9493,0.0833,,0.1454,199
Dengue,E_only,Bayes(prior=0.15),Bayes,2000,796,490,24,24,0,0.1201,0.1316,0.0714,0.8333,1.4583,0.2917,,0.0441,280
Dengue,E_only,Ensemble(v>=2),Ensemble,2000,796,490,24,24,0,0.0545,0.1127,0.0851,0.1667,1.7376,0.0417,,0.1002,47
Dengue,E_only,Ensemble(v>=3),Ensemble,2000,796,490,24,24,0,0.0705,0.125,0.1,0.1667,2.0417,0.0417,,0.1125,40
Dengue,E_only,AdaptWin(s=90),AdaptWin,2000,796,490,24,24,0,0.1649,0.192,0.1188,0.5,2.4257,0.125,,0.1545,101
Dengue,E_only,AdaptWin(s=85),AdaptWin,2000,796,490,24,24,0,0.1201,0.1316,0.0714,0.8333,1.4583,0.2083,,0.0691,280
Dengue,E_only,FreqThresh(p=80),FreqThresh,2000,796,490,24,24,0,0.1676,0.1898,0.115,0.5417,2.3488,0.0417,,0.1773,113
Dengue,E_only,FreqThresh(p=85),FreqThresh,2000,796,490,24,24,0,0.1215,0.1684,0.1127,0.3333,2.3005,0.0417,,0.1559,71
Dengue,E_only,FreqThresh(p=90),FreqThresh,2000,796,490,24,24,0,0.0705,0.125,0.1,0.1667,2.0417,0.0417,,0.1125,40
Dengue,E_only,FreqThresh(p=95),FreqThresh,2000,796,490,24,24,0,-0.0273,0.0,0.0,0.0,0.0,0.0,,0.0,7
Dengue,E_only,"SWAN(w=10,k=1.0)",SWAN,2000,796,490,24,24,0,0.0838,0.1277,0.1304,0.125,2.663,0.0,,0.1277,23
Dengue,E_only,MutClust-Orig(g=10),MutClust-Orig,2000,796,490,24,24,0,0.0,0.0934,0.049,1.0,1.0,1.0,,-0.2066,490
Dengue,P*E^2,Wavelet(t=1.0),Wavelet,2000,796,490,24,24,0,0.0027,0.0912,0.0495,0.5833,1.01,0.8333,,-0.1588,283
Dengue,P*E^2,Wavelet(t=1.5),Wavelet,2000,796,490,24,24,0,0.1556,0.1923,0.125,0.4167,2.5521,0.0,,0.1923,80
Dengue,P*E^2,Wavelet(t=2.0),Wavelet,2000,796,490,24,24,0,-0.0375,0.0,0.0,0.0,0.0,0.0,,0.0,13
Dengue,P*E^2,KDE(p=75),KDE,2000,796,490,24,24,0,0.1303,0.1633,0.0976,0.5,1.9919,0.1667,,0.1133,123
Dengue,P*E^2,KDE(p=80),KDE,2000,796,490,24,24,0,0.1466,0.1803,0.1122,0.4583,2.2917,0.1667,,0.1303,98
Dengue,P*E^2,KDE(p=85),KDE,2000,796,490,24,24,0,0.1155,0.1633,0.1081,0.3333,2.2072,0.125,,0.1258,74
Dengue,P*E^2,SlidingTest(p=0.05),SlidingTest,2000,796,490,24,24,0,0.0493,0.1129,0.07,0.2917,1.4292,0.125,,0.0754,100
Dengue,P*E^2,GradPeak(p=0.2),GradPeak,2000,796,490,24,24,0,0.1144,0.1371,0.0759,0.7083,1.5495,0.4583,,-0.0004,224
Dengue,P*E^2,GradPeak(p=0.5),GradPeak,2000,796,490,24,24,0,0.1278,0.1481,0.0833,0.6667,1.7014,0.4167,,0.0231,192
Dengue,P*E^2,LocalContrast(z=1.0),LocalContrast,2000,796,490,24,24,0,0.1213,0.1626,0.101,0.4167,2.0623,0.0833,,0.1376,99
Dengue,P*E^2,LocalContrast(z=1.5),LocalContrast,2000,796,490,24,24,0,0.129,0.1772,0.1273,0.2917,2.5985,0.0833,,0.1522,55
Dengue,P*E^2,LocalContrast(z=2.0),LocalContrast,2000,796,490,24,24,0,0.1443,0.1818,0.2,0.1667,4.0833,0.0417,,0.1693,20
Dengue,P*E^2,"CUSUM(d=0.3,h=3.0)",CUSUM,2000,796,490,24,24,0,-0.0571,0.0497,0.0292,0.1667,0.5961,0.2917,,-0.0378,137
Dengue,P*E^2,"CUSUM(d=0.5,h=4.0)",CUSUM,2000,796,490,24,24,0,0.0869,0.1379,0.1176,0.1667,2.402,0.0,,0.1379,34
Dengue,P*E^2,"CUSUM(d=0.5,h=5.0)",CUSUM,2000,796,490,24,24,0,0.112,0.1463,0.1765,0.125,3.6029,0.0,,0.1463,17
Dengue,P*E^2,AdaptiveKnee,AdaptiveKnee,2000,796,490,24,24,0,-0.0178,0.0,0.0,0.0,0.0,0.0,,0.0,3
Dengue,P*E^2,Spectral(z=1.5),Spectral,2000,796,490,24,24,0,0.0361,0.0833,0.0833,0.0833,1.7014,0.0,,0.0833,24
Dengue,P*E^2,Spectral(z=2.0),Spectral,2000,796,490,24,24,0,-0.0273,0.0,0.0,0.0,0.0,0.0,,0.0,7
Dengue,P*E^2,Bayes(prior=0.1),Bayes,2000,796,490,24,24,0,0.1192,0.1311,0.0712,0.8333,1.4531,0.2917,,0.0436,281
Dengue,P*E^2,Bayes(prior=0.15),Bayes,2000,796,490,24,24,0,0.1115,0.1274,0.069,0.8333,1.408,0.2917,,0.0399,290
Dengue,P*E^2,Ensemble(v>=2),Ensemble,2000,796,490,24,24,0,0.0145,0.0702,0.0606,0.0833,1.2374,0.0417,,0.0577,33
Dengue,P*E^2,Ensemble(v>=3),Ensemble,2000,796,490,24,24,0,-0.0273,0.0,0.0,0.0,0.0,0.0,,0.0,7
Dengue,P*E^2,AdaptWin(s=90),AdaptWin,2000,796,490,24,24,0,0.1281,0.1714,0.1111,0.375,2.2685,0.0417,,0.1589,81
Dengue,P*E^2,AdaptWin(s=85),AdaptWin,2000,796,490,24,24,0,0.1536,0.1739,0.1022,0.5833,2.0864,0.0833,,0.1489,137
Dengue,P*E^2,FreqThresh(p=80),FreqThresh,2000,796,490,24,24,0,0.1692,0.1912,0.1161,0.5417,2.3698,0.0417,,0.1787,112
Dengue,P*E^2,FreqThresh(p=85),FreqThresh,2000,796,490,24,24,0,0.1195,0.1667,0.1111,0.3333,2.2685,0.0417,,0.1542,72
Dengue,P*E^2,FreqThresh(p=90),FreqThresh,2000,796,490,24,24,0,0.0145,0.0702,0.0606,0.0833,1.2374,0.0417,,0.0577,33
Dengue,P*E^2,FreqThresh(p=95),FreqThresh,2000,796,490,24,24,0,-0.0273,0.0,0.0,0.0,0.0,0.0,,0.0,7
Dengue,P*E^2,MutClust-Orig(g=10),MutClust-Orig,2000,796,490,24,24,0,0.061,0.0998,0.0525,1.0,1.0722,0.75,,-0.1252,457
Dengue,rank(P*E),Wavelet(t=1.0),Wavelet,2000,796,490,24,24,0,0.0175,0.0962,0.0524,0.5833,1.0705,0.9167,,-0.1788,267
Dengue,rank(P*E),Wavelet(t=1.5),Wavelet,2000,796,490,24,24,0,0.0008,0.0762,0.0494,0.1667,1.0082,0.7083,,-0.1363,81
Dengue,rank(P*E),Wavelet(t=2.0),Wavelet,2000,796,490,24,24,0,-0.043,0.0,0.0,0.0,0.0,0.0417,,-0.0125,17
Dengue,rank(P*E),KDE(p=75),KDE,2000,796,490,24,24,0,0.1303,0.1633,0.0976,0.5,1.9919,0.125,,0.1258,123
Dengue,rank(P*E),KDE(p=80),KDE,2000,796,490,24,24,0,0.1466,0.1803,0.1122,0.4583,2.2917,0.0833,,0.1553,98
Dengue,rank(P*E),KDE(p=85),KDE,2000,796,490,24,24,0,0.1684,0.2041,0.1351,0.4167,2.759,0.0833,,0.1791,74
Dengue,rank(P*E),SlidingTest(p=0.01),SlidingTest,2000,796,490,24,24,0,0.1045,0.1493,0.0909,0.4167,1.8561,0.125,,0.1118,110
Dengue,rank(P*E),SlidingTest(p=0.05),SlidingTest,2000,796,490,24,24,0,0.2123,0.2073,0.1214,0.7083,2.4792,0.125,,0.1698,140
Dengue,rank(P*E),GradPeak(p=0.2),GradPeak,2000,796,490,24,24,0,0.072,0.1172,0.0643,0.6667,1.3119,0.2083,,0.0547,249
Dengue,rank(P*E),GradPeak(p=0.5),GradPeak,2000,796,490,24,24,0,0.0682,0.1222,0.0705,0.4583,1.4396,0.125,,0.0847,156
Dengue,rank(P*E),LocalContrast(z=1.0),LocalContrast,2000,796,490,24,24,0,0.116,0.1494,0.0867,0.5417,1.7694,0.125,,0.1119,150
Dengue,rank(P*E),LocalContrast(z=1.5),LocalContrast,2000,796,490,24,24,0,0.0391,0.1013,0.0727,0.1667,1.4848,0.0417,,0.0888,55
Dengue,rank(P*E),LocalContrast(z=2.0),LocalContrast,2000,796,490,24,24,0,-0.0389,0.0,0.0,0.0,0.0,0.0417,,-0.0125,14
Dengue,rank(P*E),"CUSUM(d=0.3,h=3.0)",CUSUM,2000,796,490,24,24,0,0.0454,0.1035,0.0554,0.7917,1.131,0.9583,,-0.184,343
Dengue,rank(P*E),"CUSUM(d=0.5,h=4.0)",CUSUM,2000,796,490,24,24,0,-0.0928,0.0396,0.0225,0.1667,0.4588,0.9167,,-0.2354,178
Dengue,rank(P*E),"CUSUM(d=0.5,h=5.0)",CUSUM,2000,796,490,24,24,0,-0.0808,0.0426,0.0244,0.1667,0.498,0.9167,,-0.2324,164
Dengue,rank(P*E),ScoreDBSCAN(ep=8),ScoreDBSCAN,2000,796,490,24,24,0,-0.0318,0.0317,0.0256,0.0417,0.5235,0.0833,,0.0067,39
Dengue,rank(P*E),Spectral(z=1.5),Spectral,2000,796,490,24,24,0,0.111,0.1569,0.1481,0.1667,3.0247,0.0833,,0.1319,27
Dengue,rank(P*E),Spectral(z=2.0),Spectral,2000,796,490,24,24,0,0.0394,0.0606,0.1111,0.0417,2.2685,0.0417,,0.0481,9
Dengue,rank(P*E),Bayes(prior=0.1),Bayes,2000,796,490,24,24,0,0.1201,0.1316,0.0714,0.8333,1.4583,0.2917,,0.0441,280
Dengue,rank(P*E),Bayes(prior=0.15),Bayes,2000,796,490,24,24,0,0.0987,0.1216,0.0656,0.8333,1.3388,0.2917,,0.0341,305
Dengue,rank(P*E),Ensemble(v>=2),Ensemble,2000,796,490,24,24,0,0.0166,0.0714,0.0625,0.0833,1.276,0.0417,,0.0589,32
Dengue,rank(P*E),Ensemble(v>=3),Ensemble,2000,796,490,24,24,0,-0.0273,0.0,0.0,0.0,0.0,0.0,,0.0,7
Dengue,rank(P*E),AdaptWin(s=90),AdaptWin,2000,796,490,24,24,0,0.1522,0.1728,0.1014,0.5833,2.0713,0.125,,0.1353,138
Dengue,rank(P*E),AdaptWin(s=85),AdaptWin,2000,796,490,24,24,0,0.1364,0.1469,0.0814,0.75,1.6629,0.2083,,0.0844,221
Dengue,rank(P*E),FreqThresh(p=80),FreqThresh,2000,796,490,24,24,0,0.158,0.186,0.1143,0.5,2.3333,0.0417,,0.1735,105
Dengue,rank(P*E),FreqThresh(p=85),FreqThresh,2000,796,490,24,24,0,0.1155,0.1633,0.1081,0.3333,2.2072,0.0417,,0.1508,74
Dengue,rank(P*E),FreqThresh(p=90),FreqThresh,2000,796,490,24,24,0,0.0166,0.0714,0.0625,0.0833,1.276,0.0417,,0.0589,32
Dengue,rank(P*E),FreqThresh(p=95),FreqThresh,2000,796,490,24,24,0,-0.0178,0.0,0.0,0.0,0.0,0.0,,0.0,3
Dengue,rank(P*E),"SWAN(w=10,k=1.0)",SWAN,2000,796,490,24,24,0,0.0878,0.1304,0.1364,0.125,2.7841,0.0,,0.1304,22
Dengue,rank(P*E),MutClust-Orig(g=10),MutClust-Orig,2000,796,490,24,24,0,0.0206,0.0941,0.0494,1.0,1.0082,0.9583,,-0.1934,486
RSV,E*rare,Wavelet(t=1.0),Wavelet,5070,4779,550,20,18,504,-0.0074,0.0647,0.0349,0.45,0.9593,0.9444,0.6562,-0.2186,258
RSV,E*rare,Wavelet(t=1.5),Wavelet,5070,4779,550,20,18,504,-0.009,0.0536,0.0326,0.15,0.8967,0.1667,0.3087,0.0036,92
RSV,E*rare,Wavelet(t=2.0),Wavelet,5070,4779,550,20,18,504,-0.0433,0.0,0.0,0.0,0.0,0.0,0.0981,0.0,26
RSV,E*rare,KDE(p=75),KDE,5070,4779,550,20,18,504,-0.1124,0.0,0.0,0.0,0.0,0.0,0.4299,0.0,138
RSV,E*rare,KDE(p=80),KDE,5070,4779,550,20,18,504,-0.0971,0.0,0.0,0.0,0.0,0.0,0.3583,0.0,110
RSV,E*rare,KDE(p=85),KDE,5070,4779,550,20,18,504,-0.0819,0.0,0.0,0.0,0.0,0.0,0.2828,0.0,83
RSV,E*rare,SlidingTest(p=0.05),SlidingTest,5070,4779,550,20,18,504,-0.0377,0.0,0.0,0.0,0.0,0.0,0.0763,0.0,20
RSV,E*rare,GradPeak(p=0.2),GradPeak,5070,4779,550,20,18,504,0.0938,0.1081,0.0594,0.6,1.6337,0.0,0.5354,0.1081,202
RSV,E*rare,GradPeak(p=0.5),GradPeak,5070,4779,550,20,18,504,0.1178,0.1272,0.0719,0.55,1.9771,0.0,0.4627,0.1272,153
RSV,E*rare,LocalContrast(z=1.0),LocalContrast,5070,4779,550,20,18,504,0.0509,0.0889,0.08,0.1,2.2,0.0,0.0681,0.0889,25
RSV,E*rare,LocalContrast(z=1.5),LocalContrast,5070,4779,550,20,18,504,0.066,0.1,0.1,0.1,2.75,0.0,0.0649,0.1,20
RSV,E*rare,LocalContrast(z=2.0),LocalContrast,5070,4779,550,20,18,504,0.0976,0.1212,0.1538,0.1,4.2308,0.0,0.0503,0.1212,13
RSV,E*rare,"CUSUM(d=0.3,h=3.0)",CUSUM,5070,4779,550,20,18,504,-0.0825,0.0,0.0,0.0,0.0,0.3889,0.2857,-0.1167,84
RSV,E*rare,"CUSUM(d=0.5,h=4.0)",CUSUM,5070,4779,550,20,18,504,-0.0433,0.0,0.0,0.0,0.0,0.0,0.0981,0.0,26
RSV,E*rare,"CUSUM(d=0.5,h=5.0)",CUSUM,5070,4779,550,20,18,504,-0.0325,0.0,0.0,0.0,0.0,0.0,0.0578,0.0,15
RSV,E*rare,AdaptiveKnee,AdaptiveKnee,5070,4779,550,20,18,504,0.0411,0.0816,0.069,0.1,1.8966,0.0,0.0638,0.0816,29
RSV,E*rare,Spectral(z=1.5),Spectral,5070,4779,550,20,18,504,0.0271,0.0714,0.0556,0.1,1.5278,0.0,0.1333,0.0714,36
RSV,E*rare,Spectral(z=2.0),Spectral,5070,4779,550,20,18,504,0.104,0.125,0.1667,0.1,4.5833,0.0,0.0465,0.125,12
RSV,E*rare,Bayes(prior=0.1),Bayes,5070,4779,550,20,18,504,-0.0396,0.0442,0.0248,0.2,0.6832,0.0,0.3579,0.0442,161
RSV,E*rare,Bayes(prior=0.15),Bayes,5070,4779,550,20,18,504,-0.0472,0.0417,0.0233,0.2,0.6395,0.0,0.3846,0.0417,172
RSV,E*rare,Ensemble(v>=2),Ensemble,5070,4779,550,20,18,504,0.1281,0.1379,0.2222,0.1,6.1111,0.0,0.0351,0.1379,9
RSV,E*rare,Ensemble(v>=3),Ensemble,5070,4779,550,20,18,504,0.1281,0.1379,0.2222,0.1,6.1111,0.0,0.0351,0.1379,9
RSV,E*rare,AdaptWin(s=90),AdaptWin,5070,4779,550,20,18,504,-0.0012,0.0526,0.0357,0.1,0.9821,0.0,0.1429,0.0526,56
RSV,E*rare,AdaptWin(s=85),AdaptWin,5070,4779,550,20,18,504,-0.0493,0.0305,0.018,0.1,0.4955,0.0,0.2634,0.0305,111
RSV,E*rare,FreqThresh(p=80),FreqThresh,5070,4779,550,20,18,504,0.0027,0.063,0.0374,0.2,1.028,0.0,0.2357,0.063,107
RSV,E*rare,FreqThresh(p=85),FreqThresh,5070,4779,550,20,18,504,-0.0109,0.0471,0.0308,0.1,0.8462,0.0,0.1441,0.0471,65
RSV,E*rare,FreqThresh(p=90),FreqThresh,5070,4779,550,20,18,504,0.0411,0.0816,0.069,0.1,1.8966,0.0,0.0638,0.0816,29
RSV,E*rare,FreqThresh(p=95),FreqThresh,5070,4779,550,20,18,504,-0.0204,0.0,0.0,0.0,0.0,0.0,0.0235,0.0,6
RSV,E*rare,"SWAN(w=10,k=1.0)",SWAN,5070,4779,550,20,18,504,-0.0325,0.0,0.0,0.0,0.0,0.0,0.0578,0.0,15
RSV,E*rare,MutClust-Orig(g=10),MutClust-Orig,5070,4779,550,20,18,504,0.0844,0.1004,0.0544,0.65,1.4958,0.0,0.6353,0.1004,239
RSV,P*E*rare,Wavelet(t=1.0),Wavelet,5070,4779,550,20,18,504,0.0173,0.0738,0.0396,0.55,1.0881,0.9444,0.6752,-0.2095,278
RSV,P*E*rare,Wavelet(t=1.5),Wavelet,5070,4779,550,20,18,504,-0.0152,0.0504,0.0303,0.15,0.8333,0.2778,0.3284,-0.0329,99
RSV,P*E*rare,Wavelet(t=2.0),Wavelet,5070,4779,550,20,18,504,-0.0424,0.0,0.0,0.0,0.0,0.0,0.0945,0.0,25
RSV,P*E*rare,KDE(p=75),KDE,5070,4779,550,20,18,504,-0.1113,0.0,0.0,0.0,0.0,0.0,0.425,0.0,136
RSV,P*E*rare,KDE(p=80),KDE,5070,4779,550,20,18,504,-0.0971,0.0,0.0,0.0,0.0,0.0,0.3583,0.0,110
RSV,P*E*rare,KDE(p=85),KDE,5070,4779,550,20,18,504,-0.0819,0.0,0.0,0.0,0.0,0.0,0.2828,0.0,83
RSV,P*E*rare,GradPeak(p=0.2),GradPeak,5070,4779,550,20,18,504,0.0802,0.1028,0.0567,0.55,1.5593,0.0,0.5215,0.1028,194
RSV,P*E*rare,GradPeak(p=0.5),GradPeak,5070,4779,550,20,18,504,0.1098,0.1215,0.0683,0.55,1.8789,0.0,0.4812,0.1215,161
RSV,P*E*rare,LocalContrast(z=1.0),LocalContrast,5070,4779,550,20,18,504,0.0627,0.0976,0.0952,0.1,2.619,0.0,0.0533,0.0976,21
RSV,P*E*rare,LocalContrast(z=1.5),LocalContrast,5070,4779,550,20,18,504,0.082,0.1111,0.125,0.1,3.4375,0.0,0.05,0.1111,16
RSV,P*E*rare,LocalContrast(z=2.0),LocalContrast,5070,4779,550,20,18,504,0.1281,0.1379,0.2222,0.1,6.1111,0.0,0.0351,0.1379,9
RSV,P*E*rare,"CUSUM(d=0.3,h=3.0)",CUSUM,5070,4779,550,20,18,504,-0.0766,0.0,0.0,0.0,0.0,0.1667,0.2561,-0.05,74
RSV,P*E*rare,"CUSUM(d=0.5,h=4.0)",CUSUM,5070,4779,550,20,18,504,-0.0387,0.0,0.0,0.0,0.0,0.0,0.08,0.0,21
RSV,P*E*rare,"CUSUM(d=0.5,h=5.0)",CUSUM,5070,4779,550,20,18,504,-0.0325,0.0,0.0,0.0,0.0,0.0,0.0578,0.0,15
RSV,P*E*rare,AdaptiveKnee,AdaptiveKnee,5070,4779,550,20,18,504,0.082,0.1111,0.125,0.1,3.4375,0.0,0.05,0.1111,16
RSV,P*E*rare,Spectral(z=1.5),Spectral,5070,4779,550,20,18,504,0.022,0.0678,0.0513,0.1,1.4103,0.0,0.1436,0.0678,39
RSV,P*E*rare,Spectral(z=2.0),Spectral,5070,4779,550,20,18,504,0.104,0.125,0.1667,0.1,4.5833,0.0,0.0465,0.125,12
RSV,P*E*rare,Bayes(prior=0.1),Bayes,5070,4779,550,20,18,504,-0.0396,0.0442,0.0248,0.2,0.6832,0.0,0.3579,0.0442,161
RSV,P*E*rare,Bayes(prior=0.15),Bayes,5070,4779,550,20,18,504,-0.0396,0.0442,0.0248,0.2,0.6832,0.0,0.3579,0.0442,161
RSV,P*E*rare,Ensemble(v>=2),Ensemble,5070,4779,550,20,18,504,0.1281,0.1379,0.2222,0.1,6.1111,0.0,0.0351,0.1379,9
RSV,P*E*rare,Ensemble(v>=3),Ensemble,5070,4779,550,20,18,504,0.1281,0.1379,0.2222,0.1,6.1111,0.0,0.0351,0.1379,9
RSV,P*E*rare,AdaptWin(s=90),AdaptWin,5070,4779,550,20,18,504,-0.0057,0.05,0.0333,0.1,0.9167,0.0,0.1418,0.05,60
RSV,P*E*rare,AdaptWin(s=85),AdaptWin,5070,4779,550,20,18,504,0.0036,0.0635,0.0377,0.2,1.0377,0.0,0.2492,0.0635,106
RSV,P*E*rare,FreqThresh(p=80),FreqThresh,5070,4779,550,20,18,504,0.0027,0.063,0.0374,0.2,1.028,0.0,0.2357,0.063,107
RSV,P*E*rare,FreqThresh(p=85),FreqThresh,5070,4779,550,20,18,504,0.0582,0.1013,0.0678,0.2,1.8644,0.0,0.135,0.1013,59
RSV,P*E*rare,FreqThresh(p=90),FreqThresh,5070,4779,550,20,18,504,0.0627,0.0976,0.0952,0.1,2.619,0.0,0.0495,0.0976,21
RSV,P*E*rare,FreqThresh(p=95),FreqThresh,5070,4779,550,20,18,504,-0.0204,0.0,0.0,0.0,0.0,0.0,0.0235,0.0,6
RSV,P*E*rare,"SWAN(w=10,k=1.0)",SWAN,5070,4779,550,20,18,504,-0.0433,0.0,0.0,0.0,0.0,0.0,0.0981,0.0,26
RSV,P*E*rare,MutClust-Orig(g=10),MutClust-Orig,5070,4779,550,20,18,504,0.0475,0.0882,0.0489,0.45,1.3451,0.0,0.5291,0.0882,184
RSV,minority_E,Wavelet(t=1.0),Wavelet,5070,4779,550,20,18,504,-0.1071,0.0181,0.01,0.1,0.2736,0.0,0.4482,0.0181,201
RSV,minority_E,Wavelet(t=1.5),Wavelet,5070,4779,550,20,18,504,-0.0276,0.0388,0.0241,0.1,0.6627,0.0,0.1874,0.0388,83
RSV,minority_E,Wavelet(t=2.0),Wavelet,5070,4779,550,20,18,504,-0.0146,0.0345,0.0263,0.05,0.7237,0.0,0.0554,0.0345,38
RSV,minority_E,KDE(p=75),KDE,5070,4779,550,20,18,504,-0.1119,0.0,0.0,0.0,0.0,0.0,0.4275,0.0,137
RSV,minority_E,KDE(p=80),KDE,5070,4779,550,20,18,504,-0.0971,0.0,0.0,0.0,0.0,0.0,0.3583,0.0,110
RSV,minority_E,KDE(p=85),KDE,5070,4779,550,20,18,504,-0.0819,0.0,0.0,0.0,0.0,0.0,0.2828,0.0,83
RSV,minority_E,SlidingTest(p=0.01),SlidingTest,5070,4779,550,20,18,504,0.069,0.0929,0.05,0.65,1.375,0.0,0.6806,0.0929,260
RSV,minority_E,SlidingTest(p=0.05),SlidingTest,5070,4779,550,20,18,504,0.0478,0.0839,0.0448,0.65,1.2328,0.0,0.7305,0.0839,290
RSV,minority_E,GradPeak(p=0.2),GradPeak,5070,4779,550,20,18,504,-0.0182,0.0552,0.0311,0.25,0.854,0.4444,0.4391,-0.0781,161
RSV,minority_E,GradPeak(p=0.5),GradPeak,5070,4779,550,20,18,504,-0.0711,0.0,0.0,0.0,0.0,0.0,0.1757,0.0,65
RSV,minority_E,LocalContrast(z=1.0),LocalContrast,5070,4779,550,20,18,504,0.0746,0.1136,0.0735,0.25,2.0221,0.0,0.2063,0.1136,68
RSV,minority_E,LocalContrast(z=1.5),LocalContrast,5070,4779,550,20,18,504,-0.0204,0.0,0.0,0.0,0.0,0.0,0.0235,0.0,6
RSV,minority_E,"CUSUM(d=0.3,h=3.0)",CUSUM,5070,4779,550,20,18,504,-0.0999,0.0399,0.0211,0.35,0.5816,1.0,0.6898,-0.2601,331
RSV,minority_E,"CUSUM(d=0.5,h=4.0)",CUSUM,5070,4779,550,20,18,504,-0.0282,0.0444,0.0261,0.15,0.7174,0.7778,0.2843,-0.1889,115
RSV,minority_E,"CUSUM(d=0.5,h=5.0)",CUSUM,5070,4779,550,20,18,504,-0.0152,0.0504,0.0303,0.15,0.8333,0.6667,0.262,-0.1496,99
RSV,minority_E,AdaptiveKnee,AdaptiveKnee,5070,4779,550,20,18,504,0.0008,0.0701,0.0364,0.95,1.001,1.0,0.9513,-0.2299,522
RSV,minority_E,ScoreDBSCAN(ep=8),ScoreDBSCAN,5070,4779,550,20,18,504,0.0,0.0702,0.0364,1.0,1.0,1.0,0.9564,-0.2298,550
RSV,minority_E,ScoreDBSCAN(ep=15),ScoreDBSCAN,5070,4779,550,20,18,504,0.0,0.0702,0.0364,1.0,1.0,1.0,0.9564,-0.2298,550
RSV,minority_E,Spectral(z=1.5),Spectral,5070,4779,550,20,18,504,-0.0314,0.0,0.0,0.0,0.0,0.0,0.0309,0.0,14
RSV,minority_E,Spectral(z=2.0),Spectral,5070,4779,550,20,18,504,-0.0166,0.0,0.0,0.0,0.0,0.0,0.0,0.0,4
RSV,minority_E,Bayes(prior=0.1),Bayes,5070,4779,550,20,18,504,-0.0551,0.0,0.0,0.0,0.0,0.0,0.1321,0.0,41
RSV,minority_E,Bayes(prior=0.15),Bayes,5070,4779,550,20,18,504,-0.0721,0.0418,0.0225,0.3,0.618,0.0,0.6589,0.0418,267
RSV,minority_E,Ensemble(v>=2),Ensemble,5070,4779,550,20,18,504,-0.0692,0.0,0.0,0.0,0.0,0.0,0.1731,0.0,62
RSV,minority_E,Ensemble(v>=3),Ensemble,5070,4779,550,20,18,504,-0.0467,0.0,0.0,0.0,0.0,0.0,0.0674,0.0,30
RSV,minority_E,AdaptWin(s=90),AdaptWin,5070,4779,550,20,18,504,-0.0633,0.0507,0.0269,0.45,0.7388,0.0,0.7485,0.0507,335
RSV,minority_E,AdaptWin(s=85),AdaptWin,5070,4779,550,20,18,504,-0.0328,0.0621,0.0326,0.65,0.896,0.0,0.8372,0.0621,399
RSV,minority_E,FreqThresh(p=80),FreqThresh,5070,4779,550,20,18,504,-0.1054,0.0,0.0,0.0,0.0,0.0,0.3561,0.0,125
RSV,minority_E,FreqThresh(p=85),FreqThresh,5070,4779,550,20,18,504,-0.0921,0.0,0.0,0.0,0.0,0.0,0.2909,0.0,101
RSV,minority_E,FreqThresh(p=90),FreqThresh,5070,4779,550,20,18,504,-0.0692,0.0,0.0,0.0,0.0,0.0,0.1731,0.0,62
RSV,minority_E,FreqThresh(p=95),FreqThresh,5070,4779,550,20,18,504,-0.0467,0.0,0.0,0.0,0.0,0.0,0.0674,0.0,30
RSV,minority_E,MutClust-Orig(g=10),MutClust-Orig,5070,4779,550,20,18,504,0.0,0.0702,0.0364,1.0,1.0,1.0,0.9564,-0.2298,550
RSV,P*minority_E,Wavelet(t=1.0),Wavelet,5070,4779,550,20,18,504,0.0062,0.0705,0.0372,0.65,1.0244,1.0,0.7737,-0.2295,349
RSV,P*minority_E,Wavelet(t=1.5),Wavelet,5070,4779,550,20,18,504,0.0375,0.0855,0.0515,0.25,1.4175,0.5,0.3228,-0.0645,97
RSV,P*minority_E,Wavelet(t=2.0),Wavelet,5070,4779,550,20,18,504,0.0565,0.093,0.087,0.1,2.3913,0.0,0.0873,0.093,23
RSV,P*minority_E,KDE(p=75),KDE,5070,4779,550,20,18,504,-0.1124,0.0,0.0,0.0,0.0,0.0,0.4299,0.0,138
RSV,P*minority_E,KDE(p=80),KDE,5070,4779,550,20,18,504,-0.0971,0.0,0.0,0.0,0.0,0.0,0.3583,0.0,110
RSV,P*minority_E,KDE(p=85),KDE,5070,4779,550,20,18,504,-0.0819,0.0,0.0,0.0,0.0,0.0,0.2828,0.0,83
RSV,P*minority_E,SlidingTest(p=0.05),SlidingTest,5070,4779,550,20,18,504,-0.0377,0.0,0.0,0.0,0.0,0.0,0.0763,0.0,20
RSV,P*minority_E,GradPeak(p=0.2),GradPeak,5070,4779,550,20,18,504,0.1209,0.1215,0.067,0.65,1.8428,0.0,0.5072,0.1215,194
RSV,P*minority_E,GradPeak(p=0.5),GradPeak,5070,4779,550,20,18,504,0.1365,0.132,0.0734,0.65,2.0198,0.0,0.5022,0.132,177
RSV,P*minority_E,LocalContrast(z=1.0),LocalContrast,5070,4779,550,20,18,504,0.0509,0.0889,0.08,0.1,2.2,0.0,0.0681,0.0889,25
RSV,P*minority_E,LocalContrast(z=1.5),LocalContrast,5070,4779,550,20,18,504,0.0627,0.0976,0.0952,0.1,2.619,0.0,0.0648,0.0976,21
RSV,P*minority_E,LocalContrast(z=2.0),LocalContrast,5070,4779,550,20,18,504,0.1281,0.1379,0.2222,0.1,6.1111,0.0,0.0351,0.1379,9
RSV,P*minority_E,"CUSUM(d=0.3,h=3.0)",CUSUM,5070,4779,550,20,18,504,0.0036,0.0556,0.0385,0.1,1.0577,0.0,0.1871,0.0556,52
RSV,P*minority_E,"CUSUM(d=0.5,h=4.0)",CUSUM,5070,4779,550,20,18,504,-0.0221,0.0,0.0,0.0,0.0,0.0,0.0274,0.0,7
RSV,P*minority_E,"CUSUM(d=0.5,h=5.0)",CUSUM,5070,4779,550,20,18,504,-0.0166,0.0,0.0,0.0,0.0,0.0,0.0157,0.0,4
RSV,P*minority_E,AdaptiveKnee,AdaptiveKnee,5070,4779,550,20,18,504,0.0565,0.093,0.087,0.1,2.3913,0.0,0.0607,0.093,23
RSV,P*minority_E,ScoreDBSCAN(ep=8),ScoreDBSCAN,5070,4779,550,20,18,504,-0.0204,0.0,0.0,0.0,0.0,0.0,0.0235,0.0,6
RSV,P*minority_E,ScoreDBSCAN(ep=15),ScoreDBSCAN,5070,4779,550,20,18,504,0.1281,0.1379,0.2222,0.1,6.1111,0.0,0.0351,0.1379,9
RSV,P*minority_E,Spectral(z=1.5),Spectral,5070,4779,550,20,18,504,0.0565,0.093,0.087,0.1,2.3913,0.0,0.0873,0.093,23
RSV,P*minority_E,Spectral(z=2.0),Spectral,5070,4779,550,20,18,504,0.1666,0.1538,0.3333,0.1,9.1667,0.0,0.0235,0.1538,6
RSV,P*minority_E,Bayes(prior=0.1),Bayes,5070,4779,550,20,18,504,-0.0295,0.0479,0.0272,0.2,0.7483,0.0,0.3287,0.0479,147
RSV,P*minority_E,Bayes(prior=0.15),Bayes,5070,4779,550,20,18,504,-0.0452,0.0423,0.0237,0.2,0.6509,0.0,0.3834,0.0423,169
RSV,P*minority_E,Ensemble(v>=2),Ensemble,5070,4779,550,20,18,504,0.1281,0.1379,0.2222,0.1,6.1111,0.0,0.0351,0.1379,9
RSV,P*minority_E,Ensemble(v>=3),Ensemble,5070,4779,550,20,18,504,0.1281,0.1379,0.2222,0.1,6.1111,0.0,0.0351,0.1379,9
RSV,P*minority_E,AdaptWin(s=90),AdaptWin,5070,4779,550,20,18,504,-0.0067,0.0494,0.0328,0.1,0.9016,0.0,0.1416,0.0494,61
RSV,P*minority_E,AdaptWin(s=85),AdaptWin,5070,4779,550,20,18,504,-0.0583,0.0278,0.0161,0.1,0.4435,0.0,0.2994,0.0278,124
RSV,P*minority_E,FreqThresh(p=80),FreqThresh,5070,4779,550,20,18,504,0.0045,0.064,0.0381,0.2,1.0476,0.0,0.2266,0.064,105
RSV,P*minority_E,FreqThresh(p=85),FreqThresh,5070,4779,550,20,18,504,-0.0067,0.0494,0.0328,0.1,0.9016,0.0,0.131,0.0494,61
RSV,P*minority_E,FreqThresh(p=90),FreqThresh,5070,4779,550,20,18,504,0.066,0.1,0.1,0.1,2.75,0.0,0.0496,0.1,20
RSV,P*minority_E,MutClust-Orig(g=10),MutClust-Orig,5070,4779,550,20,18,504,0.058,0.0762,0.0396,1.0,1.0891,0.4444,0.9197,-0.0571,505
RSV,P*E,Wavelet(t=1.0),Wavelet,5070,4779,550,20,18,504,0.0029,0.0694,0.0368,0.6,1.0123,1.0,0.7566,-0.2306,326
RSV,P*E,Wavelet(t=1.5),Wavelet,5070,4779,550,20,18,504,-0.0293,0.0381,0.0235,0.1,0.6471,0.2778,0.2886,-0.0452,85
RSV,P*E,Wavelet(t=2.0),Wavelet,5070,4779,550,20,18,504,0.066,0.1,0.1,0.1,2.75,0.0,0.0763,0.1,20
RSV,P*E,KDE(p=75),KDE,5070,4779,550,20,18,504,-0.09,0.0127,0.0072,0.05,0.1993,0.0,0.4299,0.0127,138
RSV,P*E,KDE(p=80),KDE,5070,4779,550,20,18,504,-0.096,0.0,0.0,0.0,0.0,0.0,0.3529,0.0,108
RSV,P*E,KDE(p=85),KDE,5070,4779,550,20,18,504,-0.0819,0.0,0.0,0.0,0.0,0.0,0.2828,0.0,83
RSV,P*E,SlidingTest(p=0.05),SlidingTest,5070,4779,550,20,18,504,-0.0377,0.0,0.0,0.0,0.0,0.0,0.0763,0.0,20
RSV,P*E,GradPeak(p=0.2),GradPeak,5070,4779,550,20,18,504,0.089,0.1028,0.0558,0.65,1.5343,0.0,0.5672,0.1028,233
RSV,P*E,GradPeak(p=0.5),GradPeak,5070,4779,550,20,18,504,0.1165,0.1187,0.0653,0.65,1.7965,0.0,0.5149,0.1187,199
RSV,P*E,LocalContrast(z=1.0),LocalContrast,5070,4779,550,20,18,504,0.0565,0.093,0.087,0.1,2.3913,0.0,0.0531,0.093,23
RSV,P*E,LocalContrast(z=1.5),LocalContrast,5070,4779,550,20,18,504,0.0775,0.1081,0.1176,0.1,3.2353,0.0,0.0499,0.1081,17
RSV,P*E,LocalContrast(z=2.0),LocalContrast,5070,4779,550,20,18,504,0.0976,0.1212,0.1538,0.1,4.2308,0.0,0.0348,0.1212,13
RSV,P*E,"CUSUM(d=0.3,h=3.0)",CUSUM,5070,4779,550,20,18,504,0.0216,0.0723,0.0476,0.15,1.3095,0.0556,0.2222,0.0556,63
RSV,P*E,"CUSUM(d=0.5,h=4.0)",CUSUM,5070,4779,550,20,18,504,-0.0236,0.0,0.0,0.0,0.0,0.0,0.0312,0.0,8
RSV,P*E,"CUSUM(d=0.5,h=5.0)",CUSUM,5070,4779,550,20,18,504,-0.0186,0.0,0.0,0.0,0.0,0.0,0.0196,0.0,5
RSV,P*E,AdaptiveKnee,AdaptiveKnee,5070,4779,550,20,18,504,0.0536,0.0976,0.0645,0.2,1.7742,0.0,0.1449,0.0976,62
RSV,P*E,ScoreDBSCAN(ep=8),ScoreDBSCAN,5070,4779,550,20,18,504,-0.0144,0.0,0.0,0.0,0.0,0.0,0.0118,0.0,3
RSV,P*E,ScoreDBSCAN(ep=15),ScoreDBSCAN,5070,4779,550,20,18,504,0.1666,0.1538,0.3333,0.1,9.1667,0.0,0.0235,0.1538,6
RSV,P*E,Spectral(z=1.5),Spectral,5070,4779,550,20,18,504,0.0734,0.1053,0.1111,0.1,3.0556,0.0,0.069,0.1053,18
RSV,P*E,Spectral(z=2.0),Spectral,5070,4779,550,20,18,504,0.1281,0.1379,0.2222,0.1,6.1111,0.0,0.0351,0.1379,9
RSV,P*E,Bayes(prior=0.1),Bayes,5070,4779,550,20,18,504,-0.0332,0.0465,0.0263,0.2,0.7237,0.0,0.3354,0.0465,152
RSV,P*E,Bayes(prior=0.15),Bayes,5070,4779,550,20,18,504,-0.0396,0.0442,0.0248,0.2,0.6832,0.0,0.3579,0.0442,161
RSV,P*E,Ensemble(v>=2),Ensemble,5070,4779,550,20,18,504,0.1281,0.1379,0.2222,0.1,6.1111,0.0,0.0351,0.1379,9
RSV,P*E,Ensemble(v>=3),Ensemble,5070,4779,550,20,18,504,0.1281,0.1379,0.2222,0.1,6.1111,0.0,0.0351,0.1379,9
RSV,P*E,AdaptWin(s=90),AdaptWin,5070,4779,550,20,18,504,-0.0034,0.0513,0.0345,0.1,0.9483,0.0,0.1388,0.0513,58
RSV,P*E,AdaptWin(s=85),AdaptWin,5070,4779,550,20,18,504,0.0036,0.0635,0.0377,0.2,1.0377,0.0,0.2492,0.0635,106
RSV,P*E,FreqThresh(p=80),FreqThresh,5070,4779,550,20,18,504,0.0027,0.063,0.0374,0.2,1.028,0.0,0.2357,0.063,107
RSV,P*E,FreqThresh(p=85),FreqThresh,5070,4779,550,20,18,504,0.0582,0.1013,0.0678,0.2,1.8644,0.0,0.135,0.1013,59
RSV,P*E,FreqThresh(p=90),FreqThresh,5070,4779,550,20,18,504,0.082,0.1111,0.125,0.1,3.4375,0.0,0.05,0.1111,16
RSV,P*E,FreqThresh(p=95),FreqThresh,5070,4779,550,20,18,504,0.2494,0.1739,0.6667,0.1,18.3333,0.0,0.0118,0.1739,3
RSV,P*E,MutClust-Orig(g=10),MutClust-Orig,5070,4779,550,20,18,504,0.0397,0.073,0.0379,1.0,1.0417,0.5,0.936,-0.077,528
RSV,H-score,Wavelet(t=1.0),Wavelet,5070,4779,550,20,18,504,-0.0156,0.0598,0.0327,0.35,0.8995,0.6111,0.5265,-0.1235,214
RSV,H-score,Wavelet(t=1.5),Wavelet,5070,4779,550,20,18,504,-0.0293,0.0381,0.0235,0.1,0.6471,0.2222,0.2139,-0.0286,85
RSV,H-score,Wavelet(t=2.0),Wavelet,5070,4779,550,20,18,504,-0.0406,0.0,0.0,0.0,0.0,0.0,0.0493,0.0,23
RSV,H-score,KDE(p=75),KDE,5070,4779,550,20,18,504,-0.1124,0.0,0.0,0.0,0.0,0.0556,0.3178,-0.0167,138
RSV,H-score,KDE(p=80),KDE,5070,4779,550,20,18,504,-0.0971,0.0,0.0,0.0,0.0,0.0,0.2476,0.0,110
RSV,H-score,KDE(p=85),KDE,5070,4779,550,20,18,504,-0.0819,0.0,0.0,0.0,0.0,0.0,0.1942,0.0,83
RSV,H-score,SlidingTest(p=0.01),SlidingTest,5070,4779,550,20,18,504,-0.0544,0.0,0.0,0.0,0.0,0.0,0.0735,0.0,40
RSV,H-score,SlidingTest(p=0.05),SlidingTest,5070,4779,550,20,18,504,-0.068,0.0,0.0,0.0,0.0,0.0,0.1241,0.0,60
RSV,H-score,GradPeak(p=0.2),GradPeak,5070,4779,550,20,18,504,0.0656,0.093,0.0504,0.6,1.3866,0.0,0.5822,0.093,238
RSV,H-score,GradPeak(p=0.5),GradPeak,5070,4779,550,20,18,504,0.0511,0.0889,0.0488,0.5,1.3415,0.0,0.5162,0.0889,205
RSV,H-score,LocalContrast(z=1.0),LocalContrast,5070,4779,550,20,18,504,0.0451,0.0909,0.0588,0.2,1.6176,0.0,0.1643,0.0909,68
RSV,H-score,LocalContrast(z=1.5),LocalContrast,5070,4779,550,20,18,504,0.0582,0.1013,0.0678,0.2,1.8644,0.0,0.135,0.1013,59
RSV,H-score,LocalContrast(z=2.0),LocalContrast,5070,4779,550,20,18,504,0.082,0.1111,0.125,0.1,3.4375,0.0,0.0462,0.1111,16
RSV,H-score,"CUSUM(d=0.3,h=3.0)",CUSUM,5070,4779,550,20,18,504,0.0472,0.0903,0.0519,0.35,1.4259,0.7778,0.3599,-0.143,135
RSV,H-score,"CUSUM(d=0.5,h=4.0)",CUSUM,5070,4779,550,20,18,504,-0.0641,0.0,0.0,0.0,0.0,0.1667,0.129,-0.05,54
RSV,H-score,"CUSUM(d=0.5,h=5.0)",CUSUM,5070,4779,550,20,18,504,-0.0566,0.0,0.0,0.0,0.0,0.1111,0.1097,-0.0333,43
RSV,H-score,AdaptiveKnee,AdaptiveKnee,5070,4779,550,20,18,504,0.0027,0.063,0.0374,0.2,1.028,0.0,0.2357,0.063,107
RSV,H-score,ScoreDBSCAN(ep=8),ScoreDBSCAN,5070,4779,550,20,18,504,0.0204,0.0667,0.05,0.1,1.375,0.0,0.0699,0.0667,40
RSV,H-score,ScoreDBSCAN(ep=15),ScoreDBSCAN,5070,4779,550,20,18,504,0.0881,0.127,0.093,0.2,2.5581,0.0,0.0804,0.127,43
RSV,H-score,Spectral(z=1.5),Spectral,5070,4779,550,20,18,504,0.1145,0.1509,0.1212,0.2,3.3333,0.0,0.1117,0.1509,33
RSV,H-score,Spectral(z=2.0),Spectral,5070,4779,550,20,18,504,0.2369,0.25,0.3333,0.2,9.1667,0.0,0.0465,0.25,12
RSV,H-score,Bayes(prior=0.1),Bayes,5070,4779,550,20,18,504,-0.0396,0.0442,0.0248,0.2,0.6832,0.0,0.3579,0.0442,161
RSV,H-score,Bayes(prior=0.15),Bayes,5070,4779,550,20,18,504,-0.05,0.0408,0.0227,0.2,0.625,0.0,0.3941,0.0408,176
RSV,H-score,Ensemble(v>=2),Ensemble,5070,4779,550,20,18,504,0.0648,0.1067,0.0727,0.2,2.0,0.0,0.1216,0.1067,55
RSV,H-score,Ensemble(v>=3),Ensemble,5070,4779,550,20,18,504,0.082,0.1111,0.125,0.1,3.4375,0.0,0.05,0.1111,16
RSV,H-score,AdaptWin(s=90),AdaptWin,5070,4779,550,20,18,504,-0.0046,0.0506,0.0339,0.1,0.9322,0.0,0.1421,0.0506,59
RSV,H-score,AdaptWin(s=85),AdaptWin,5070,4779,550,20,18,504,0.0036,0.0635,0.0377,0.2,1.0377,0.0,0.2492,0.0635,106
RSV,H-score,FreqThresh(p=80),FreqThresh,5070,4779,550,20,18,504,0.0027,0.063,0.0374,0.2,1.028,0.0,0.2357,0.063,107
RSV,H-score,FreqThresh(p=85),FreqThresh,5070,4779,550,20,18,504,0.0582,0.1013,0.0678,0.2,1.8644,0.0,0.135,0.1013,59
RSV,H-score,FreqThresh(p=90),FreqThresh,5070,4779,550,20,18,504,0.082,0.1111,0.125,0.1,3.4375,0.0,0.05,0.1111,16
RSV,H-score,FreqThresh(p=95),FreqThresh,5070,4779,550,20,18,504,0.2494,0.1739,0.6667,0.1,18.3333,0.0,0.0118,0.1739,3
RSV,H-score,"SWAN(w=10,k=1.0)",SWAN,5070,4779,550,20,18,504,-0.0551,0.0,0.0,0.0,0.0,0.0,0.0771,0.0,41
RSV,H-score,"SWAN(w=20,k=1.0)",SWAN,5070,4779,550,20,18,504,-0.0594,0.0,0.0,0.0,0.0,0.0,0.0871,0.0,47
RSV,H-score,MutClust-Orig(g=10),MutClust-Orig,5070,4779,550,20,18,504,0.0,0.0702,0.0364,1.0,1.0,1.0,0.9564,-0.2298,550
RSV,E_only,Wavelet(t=1.0),Wavelet,5070,4779,550,20,18,504,0.0064,0.0699,0.0376,0.5,1.0338,1.0,0.6338,-0.2301,266
RSV,E_only,Wavelet(t=1.5),Wavelet,5070,4779,550,20,18,504,-0.0197,0.0426,0.027,0.1,0.7432,0.2778,0.2561,-0.0408,74
RSV,E_only,Wavelet(t=2.0),Wavelet,5070,4779,550,20,18,504,0.0595,0.0952,0.0909,0.1,2.5,0.0,0.0837,0.0952,22
RSV,E_only,KDE(p=75),KDE,5070,4779,550,20,18,504,-0.1124,0.0,0.0,0.0,0.0,0.0,0.3458,0.0,138
RSV,E_only,KDE(p=80),KDE,5070,4779,550,20,18,504,-0.0971,0.0,0.0,0.0,0.0,0.0,0.2801,0.0,110
RSV,E_only,KDE(p=85),KDE,5070,4779,550,20,18,504,-0.0819,0.0,0.0,0.0,0.0,0.0,0.2181,0.0,83
RSV,E_only,SlidingTest(p=0.01),SlidingTest,5070,4779,550,20,18,504,-0.0467,0.0,0.0,0.0,0.0,0.0,0.0749,0.0,30
RSV,E_only,SlidingTest(p=0.05),SlidingTest,5070,4779,550,20,18,504,-0.0544,0.0,0.0,0.0,0.0,0.0,0.0735,0.0,40
RSV,E_only,GradPeak(p=0.2),GradPeak,5070,4779,550,20,18,504,0.0807,0.0985,0.0533,0.65,1.4652,0.0,0.5882,0.0985,244
RSV,E_only,GradPeak(p=0.5),GradPeak,5070,4779,550,20,18,504,0.1165,0.1187,0.0653,0.65,1.7965,0.0,0.5149,0.1187,199
RSV,E_only,LocalContrast(z=1.0),LocalContrast,5070,4779,550,20,18,504,0.0271,0.0714,0.0556,0.1,1.5278,0.0,0.0556,0.0714,36
RSV,E_only,LocalContrast(z=1.5),LocalContrast,5070,4779,550,20,18,504,0.0775,0.1081,0.1176,0.1,3.2353,0.0,0.0499,0.1081,17
RSV,E_only,LocalContrast(z=2.0),LocalContrast,5070,4779,550,20,18,504,0.0976,0.1212,0.1538,0.1,4.2308,0.0,0.0348,0.1212,13
RSV,E_only,"CUSUM(d=0.3,h=3.0)",CUSUM,5070,4779,550,20,18,504,-0.0178,0.0435,0.0278,0.1,0.7639,0.3333,0.2326,-0.0565,72
RSV,E_only,"CUSUM(d=0.5,h=4.0)",CUSUM,5070,4779,550,20,18,504,-0.0367,0.0,0.0,0.0,0.0,0.0,0.0727,0.0,19
RSV,E_only,"CUSUM(d=0.5,h=5.0)",CUSUM,5070,4779,550,20,18,504,-0.0278,0.0,0.0,0.0,0.0,0.0,0.0427,0.0,11
RSV,E_only,AdaptiveKnee,AdaptiveKnee,5070,4779,550,20,18,504,0.0111,0.0678,0.0408,0.2,1.1224,0.0,0.206,0.0678,98
RSV,E_only,ScoreDBSCAN(ep=8),ScoreDBSCAN,5070,4779,550,20,18,504,-0.0204,0.0,0.0,0.0,0.0,0.0,0.0235,0.0,6
RSV,E_only,ScoreDBSCAN(ep=15),ScoreDBSCAN,5070,4779,550,20,18,504,0.1281,0.1379,0.2222,0.1,6.1111,0.0,0.0351,0.1379,9
RSV,E_only,Spectral(z=1.5),Spectral,5070,4779,550,20,18,504,0.1441,0.1778,0.16,0.2,4.4,0.0,0.0945,0.1778,25
RSV,E_only,Spectral(z=2.0),Spectral,5070,4779,550,20,18,504,0.104,0.125,0.1667,0.1,4.5833,0.0,0.0465,0.125,12
RSV,E_only,Bayes(prior=0.1),Bayes,5070,4779,550,20,18,504,-0.0389,0.0444,0.025,0.2,0.6875,0.0,0.3554,0.0444,160
RSV,E_only,Bayes(prior=0.15),Bayes,5070,4779,550,20,18,504,-0.0417,0.0435,0.0244,0.2,0.6707,0.0,0.3653,0.0435,164
RSV,E_only,Ensemble(v>=2),Ensemble,5070,4779,550,20,18,504,0.1281,0.1379,0.2222,0.1,6.1111,0.0,0.0351,0.1379,9
RSV,E_only,Ensemble(v>=3),Ensemble,5070,4779,550,20,18,504,0.1281,0.1379,0.2222,0.1,6.1111,0.0,0.0351,0.1379,9
RSV,E_only,AdaptWin(s=90),AdaptWin,5070,4779,550,20,18,504,-0.0067,0.0494,0.0328,0.1,0.9016,0.0,0.1416,0.0494,61
RSV,E_only,AdaptWin(s=85),AdaptWin,5070,4779,550,20,18,504,0.0036,0.0635,0.0377,0.2,1.0377,0.0,0.2492,0.0635,106
RSV,E_only,FreqThresh(p=80),FreqThresh,5070,4779,550,20,18,504,0.0009,0.062,0.0367,0.2,1.0092,0.0,0.2316,0.062,109
RSV,E_only,FreqThresh(p=85),FreqThresh,5070,4779,550,20,18,504,0.0582,0.1013,0.0678,0.2,1.8644,0.0,0.135,0.1013,59
RSV,E_only,FreqThresh(p=90),FreqThresh,5070,4779,550,20,18,504,0.066,0.1,0.1,0.1,2.75,0.0,0.0496,0.1,20
RSV,E_only,"SWAN(w=10,k=1.0)",SWAN,5070,4779,550,20,18,504,-0.0314,0.0,0.0,0.0,0.0,0.0,0.0541,0.0,14
RSV,E_only,MutClust-Orig(g=10),MutClust-Orig,5070,4779,550,20,18,504,0.0,0.0702,0.0364,1.0,1.0,1.0,0.9564,-0.2298,550
RSV,P*E^2,Wavelet(t=1.0),Wavelet,5070,4779,550,20,18,504,-0.0117,0.0656,0.0347,0.6,0.9538,1.0,0.7718,-0.2344,346
RSV,P*E^2,Wavelet(t=1.5),Wavelet,5070,4779,550,20,18,504,0.0111,0.0678,0.0408,0.2,1.1224,0.3889,0.3256,-0.0489,98
RSV,P*E^2,Wavelet(t=2.0),Wavelet,5070,4779,550,20,18,504,0.0734,0.1053,0.1111,0.1,3.0556,0.0,0.069,0.1053,18
RSV,P*E^2,KDE(p=75),KDE,5070,4779,550,20,18,504,-0.0004,0.0633,0.0362,0.25,0.9964,0.0,0.4299,0.0633,138
RSV,P*E^2,KDE(p=80),KDE,5070,4779,550,20,18,504,-0.0728,0.0154,0.0091,0.05,0.25,0.0,0.3583,0.0154,110
RSV,P*E^2,KDE(p=85),KDE,5070,4779,550,20,18,504,-0.0819,0.0,0.0,0.0,0.0,0.0,0.2828,0.0,83
RSV,P*E^2,GradPeak(p=0.2),GradPeak,5070,4779,550,20,18,504,0.1081,0.1135,0.0622,0.65,1.7105,0.0,0.5386,0.1135,209
RSV,P*E^2,GradPeak(p=0.5),GradPeak,5070,4779,550,20,18,504,0.1394,0.134,0.0747,0.65,2.0546,0.0,0.5103,0.134,174
RSV,P*E^2,LocalContrast(z=1.0),LocalContrast,5070,4779,550,20,18,504,0.0536,0.0909,0.0833,0.1,2.2917,0.0,0.053,0.0909,24
RSV,P*E^2,LocalContrast(z=1.5),LocalContrast,5070,4779,550,20,18,504,0.0775,0.1081,0.1176,0.1,3.2353,0.0,0.0499,0.1081,17
RSV,P*E^2,LocalContrast(z=2.0),LocalContrast,5070,4779,550,20,18,504,0.119,0.1333,0.2,0.1,5.5,0.0,0.0233,0.1333,10
RSV,P*E^2,"CUSUM(d=0.3,h=3.0)",CUSUM,5070,4779,550,20,18,504,-0.0046,0.0506,0.0339,0.1,0.9322,0.0,0.2096,0.0506,59
RSV,P*E^2,"CUSUM(d=0.5,h=4.0)",CUSUM,5070,4779,550,20,18,504,-0.0221,0.0,0.0,0.0,0.0,0.0,0.0274,0.0,7
RSV,P*E^2,AdaptiveKnee,AdaptiveKnee,5070,4779,550,20,18,504,0.0536,0.0976,0.0645,0.2,1.7742,0.0,0.1449,0.0976,62
RSV,P*E^2,ScoreDBSCAN(ep=8),ScoreDBSCAN,5070,4779,550,20,18,504,-0.0144,0.0,0.0,0.0,0.0,0.0,0.0118,0.0,3
RSV,P*E^2,ScoreDBSCAN(ep=15),ScoreDBSCAN,5070,4779,550,20,18,504,0.1666,0.1538,0.3333,0.1,9.1667,0.0,0.0235,0.1538,6
RSV,P*E^2,Spectral(z=1.5),Spectral,5070,4779,550,20,18,504,0.0458,0.0851,0.0741,0.1,2.037,0.0,0.1017,0.0851,27
RSV,P*E^2,Spectral(z=2.0),Spectral,5070,4779,550,20,18,504,0.1666,0.1538,0.3333,0.1,9.1667,0.0,0.0235,0.1538,6
RSV,P*E^2,Bayes(prior=0.1),Bayes,5070,4779,550,20,18,504,-0.0396,0.0442,0.0248,0.2,0.6832,0.0,0.3579,0.0442,161
RSV,P*E^2,Bayes(prior=0.15),Bayes,5070,4779,550,20,18,504,-0.0396,0.0442,0.0248,0.2,0.6832,0.0,0.3579,0.0442,161
RSV,P*E^2,Ensemble(v>=2),Ensemble,5070,4779,550,20,18,504,0.1281,0.1379,0.2222,0.1,6.1111,0.0,0.0351,0.1379,9
RSV,P*E^2,Ensemble(v>=3),Ensemble,5070,4779,550,20,18,504,0.1281,0.1379,0.2222,0.1,6.1111,0.0,0.0351,0.1379,9
RSV,P*E^2,AdaptWin(s=90),AdaptWin,5070,4779,550,20,18,504,-0.0034,0.0513,0.0345,0.1,0.9483,0.0,0.1601,0.0513,58
RSV,P*E^2,AdaptWin(s=85),AdaptWin,5070,4779,550,20,18,504,0.0036,0.0635,0.0377,0.2,1.0377,0.0,0.2492,0.0635,106
RSV,P*E^2,FreqThresh(p=80),FreqThresh,5070,4779,550,20,18,504,0.0009,0.062,0.0367,0.2,1.0092,0.0,0.2316,0.062,109
RSV,P*E^2,FreqThresh(p=85),FreqThresh,5070,4779,550,20,18,504,0.0582,0.1013,0.0678,0.2,1.8644,0.0,0.135,0.1013,59
RSV,P*E^2,FreqThresh(p=90),FreqThresh,5070,4779,550,20,18,504,0.082,0.1111,0.125,0.1,3.4375,0.0,0.05,0.1111,16
RSV,P*E^2,FreqThresh(p=95),FreqThresh,5070,4779,550,20,18,504,0.2494,0.1739,0.6667,0.1,18.3333,0.0,0.0118,0.1739,3
RSV,P*E^2,MutClust-Orig(g=10),MutClust-Orig,5070,4779,550,20,18,504,0.0,0.0702,0.0364,1.0,1.0,1.0,0.9564,-0.2298,550
RSV,rank(P*E),Wavelet(t=1.0),Wavelet,5070,4779,550,20,18,504,-0.0018,0.0677,0.0361,0.55,0.9918,0.1667,0.6749,0.0177,305
RSV,rank(P*E),Wavelet(t=1.5),Wavelet,5070,4779,550,20,18,504,-0.0836,0.0,0.0,0.0,0.0,0.0,0.2237,0.0,86
RSV,rank(P*E),Wavelet(t=2.0),Wavelet,5070,4779,550,20,18,504,-0.0251,0.0,0.0,0.0,0.0,0.0,0.0351,0.0,9
RSV,rank(P*E),KDE(p=75),KDE,5070,4779,550,20,18,504,-0.0676,0.0253,0.0145,0.1,0.3986,0.0,0.3084,0.0253,138
RSV,rank(P*E),KDE(p=80),KDE,5070,4779,550,20,18,504,-0.0971,0.0,0.0,0.0,0.0,0.0,0.2476,0.0,110
RSV,rank(P*E),KDE(p=85),KDE,5070,4779,550,20,18,504,-0.0819,0.0,0.0,0.0,0.0,0.0,0.184,0.0,83
RSV,rank(P*E),SlidingTest(p=0.01),SlidingTest,5070,4779,550,20,18,504,-0.1081,0.0,0.0,0.0,0.0,0.1667,0.265,-0.05,130
RSV,rank(P*E),SlidingTest(p=0.05),SlidingTest,5070,4779,550,20,18,504,-0.1162,0.0,0.0,0.0,0.0,0.1667,0.3051,-0.05,145
RSV,rank(P*E),GradPeak(p=0.2),GradPeak,5070,4779,550,20,18,504,0.0877,0.0996,0.0536,0.7,1.4751,0.5,0.6614,-0.0504,261
RSV,rank(P*E),GradPeak(p=0.5),GradPeak,5070,4779,550,20,18,504,0.1433,0.1368,0.0765,0.65,2.1029,0.0,0.5015,0.1368,170
RSV,rank(P*E),LocalContrast(z=1.0),LocalContrast,5070,4779,550,20,18,504,-0.0182,0.0526,0.0303,0.2,0.8333,0.0,0.3553,0.0526,132
RSV,rank(P*E),LocalContrast(z=1.5),LocalContrast,5070,4779,550,20,18,504,0.1145,0.1509,0.1212,0.2,3.3333,0.0,0.1229,0.1509,33
RSV,rank(P*E),LocalContrast(z=2.0),LocalContrast,5070,4779,550,20,18,504,0.1512,0.1481,0.2857,0.1,7.8571,0.0,0.0274,0.1481,7
RSV,rank(P*E),"CUSUM(d=0.3,h=3.0)",CUSUM,5070,4779,550,20,18,504,0.101,0.0883,0.0462,1.0,1.2702,1.0,0.8346,-0.2117,433
RSV,rank(P*E),"CUSUM(d=0.5,h=4.0)",CUSUM,5070,4779,550,20,18,504,0.0094,0.07,0.0389,0.35,1.0694,0.5,0.4123,-0.08,180
RSV,rank(P*E),"CUSUM(d=0.5,h=5.0)",CUSUM,5070,4779,550,20,18,504,0.0282,0.0795,0.0458,0.3,1.2595,0.4444,0.2929,-0.0539,131
RSV,rank(P*E),ScoreDBSCAN(ep=15),ScoreDBSCAN,5070,4779,550,20,18,504,0.0083,0.0703,0.0364,1.0,1.0018,1.0,0.9573,-0.2297,549
RSV,rank(P*E),Spectral(z=1.5),Spectral,5070,4779,550,20,18,504,0.0907,0.1277,0.1111,0.15,3.0556,0.0,0.1017,0.1277,27
RSV,rank(P*E),Spectral(z=2.0),Spectral,5070,4779,550,20,18,504,0.1281,0.1379,0.2222,0.1,6.1111,0.0,0.0351,0.1379,9
RSV,rank(P*E),Bayes(prior=0.1),Bayes,5070,4779,550,20,18,504,-0.0562,0.0479,0.0257,0.35,0.7077,0.0,0.5851,0.0479,272
RSV,rank(P*E),Bayes(prior=0.15),Bayes,5070,4779,550,20,18,504,-0.0683,0.0453,0.0242,0.35,0.6661,0.0,0.6154,0.0453,289
RSV,rank(P*E),Ensemble(v>=2),Ensemble,5070,4779,550,20,18,504,0.082,0.1111,0.125,0.1,3.4375,0.0,0.05,0.1111,16
RSV,rank(P*E),Ensemble(v>=3),Ensemble,5070,4779,550,20,18,504,0.1666,0.1538,0.3333,0.1,9.1667,0.0,0.0235,0.1538,6
RSV,rank(P*E),AdaptWin(s=90),AdaptWin,5070,4779,550,20,18,504,-0.0528,0.0355,0.0201,0.15,0.5537,0.0,0.3492,0.0355,149
RSV,rank(P*E),AdaptWin(s=85),AdaptWin,5070,4779,550,20,18,504,-0.0527,0.0463,0.0251,0.3,0.6904,0.0556,0.5222,0.0297,239
RSV,rank(P*E),FreqThresh(p=80),FreqThresh,5070,4779,550,20,18,504,0.0027,0.063,0.0374,0.2,1.028,0.0,0.2357,0.063,107
RSV,rank(P*E),FreqThresh(p=85),FreqThresh,5070,4779,550,20,18,504,0.0582,0.1013,0.0678,0.2,1.8644,0.0,0.135,0.1013,59
RSV,rank(P*E),FreqThresh(p=90),FreqThresh,5070,4779,550,20,18,504,0.082,0.1111,0.125,0.1,3.4375,0.0,0.05,0.1111,16
RSV,rank(P*E),FreqThresh(p=95),FreqThresh,5070,4779,550,20,18,504,0.2494,0.1739,0.6667,0.1,18.3333,0.0,0.0118,0.1739,3
RSV,rank(P*E),"SWAN(w=10,k=1.0)",SWAN,5070,4779,550,20,18,504,-0.0736,0.0,0.0,0.0,0.0,0.0,0.1222,0.0,69
RSV,rank(P*E),"SWAN(w=20,k=1.0)",SWAN,5070,4779,550,20,18,504,-0.0641,0.0,0.0,0.0,0.0,0.0,0.1039,0.0,54
RSV,rank(P*E),MutClust-Orig(g=10),MutClust-Orig,5070,4779,550,20,18,504,0.0,0.0702,0.0364,1.0,1.0,1.0,0.9564,-0.2298,550
Influenza_B,E*rare,Wavelet(t=1.0),Wavelet,5325,5019,560,17,10,0,0.1977,0.1278,0.0683,1.0,2.249,0.9,,-0.1422,249
Influenza_B,E*rare,Wavelet(t=1.5),Wavelet,5325,5019,560,17,10,0,0.2317,0.1935,0.1121,0.7059,3.6943,0.8,,-0.0465,107
Influenza_B,E*rare,Wavelet(t=2.0),Wavelet,5325,5019,560,17,10,0,0.2006,0.2182,0.1579,0.3529,5.2012,0.3,,0.1282,38
Influenza_B,E*rare,KDE(p=75),KDE,5325,5019,560,17,10,0,-0.03,0.0382,0.0214,0.1765,0.7059,0.7,,-0.1718,140
Influenza_B,E*rare,KDE(p=80),KDE,5325,5019,560,17,10,0,-0.0104,0.0465,0.0268,0.1765,0.8824,0.7,,-0.1635,112
Influenza_B,E*rare,KDE(p=85),KDE,5325,5019,560,17,10,0,0.0131,0.0594,0.0357,0.1765,1.1765,0.6,,-0.1206,84
Influenza_B,E*rare,SlidingTest(p=0.01),SlidingTest,5325,5019,560,17,10,0,-0.0667,0.0276,0.015,0.1765,0.4941,0.7,,-0.1824,200
Influenza_B,E*rare,SlidingTest(p=0.05),SlidingTest,5325,5019,560,17,10,0,-0.0813,0.0248,0.0133,0.1765,0.4392,0.7,,-0.1852,225
Influenza_B,E*rare,GradPeak(p=0.2),GradPeak,5325,5019,560,17,10,0,0.0635,0.0851,0.0468,0.4706,1.5411,0.3,,-0.0049,171
Influenza_B,E*rare,GradPeak(p=0.5),GradPeak,5325,5019,560,17,10,0,0.0707,0.0952,0.055,0.3529,1.8133,0.3,,0.0052,109
Influenza_B,E*rare,LocalContrast(z=1.0),LocalContrast,5325,5019,560,17,10,0,0.0021,0.0548,0.031,0.2353,1.0214,0.3,,-0.0352,129
Influenza_B,E*rare,LocalContrast(z=1.5),LocalContrast,5325,5019,560,17,10,0,0.0764,0.1091,0.0789,0.1765,2.6006,0.1,,0.0791,38
Influenza_B,E*rare,"CUSUM(d=0.3,h=3.0)",CUSUM,5325,5019,560,17,10,0,0.0168,0.0594,0.0306,1.0,1.009,1.0,,-0.2406,555
Influenza_B,E*rare,"CUSUM(d=0.5,h=4.0)",CUSUM,5325,5019,560,17,10,0,0.1258,0.0874,0.0457,1.0,1.5054,1.0,,-0.2126,372
Influenza_B,E*rare,"CUSUM(d=0.5,h=5.0)",CUSUM,5325,5019,560,17,10,0,0.1309,0.0897,0.047,1.0,1.547,1.0,,-0.2103,362
Influenza_B,E*rare,AdaptiveKnee,AdaptiveKnee,5325,5019,560,17,10,0,0.0294,0.0588,0.0588,0.0588,1.9377,0.2,,-0.0012,17
Influenza_B,E*rare,Spectral(z=1.5),Spectral,5325,5019,560,17,10,0,0.1545,0.1818,0.1481,0.2353,4.8802,0.1,,0.1518,27
Influenza_B,E*rare,Spectral(z=2.0),Spectral,5325,5019,560,17,10,0,0.0738,0.0833,0.1429,0.0588,4.7059,0.0,,0.0833,7
Influenza_B,E*rare,Bayes(prior=0.1),Bayes,5325,5019,560,17,10,0,-0.0427,0.0444,0.0235,0.4118,0.7738,0.8,,-0.1956,298
Influenza_B,E*rare,Bayes(prior=0.15),Bayes,5325,5019,560,17,10,0,-0.0571,0.0415,0.0219,0.4118,0.7206,0.8,,-0.1985,320
Influenza_B,E*rare,Ensemble(v>=2),Ensemble,5325,5019,560,17,10,0,-0.015,0.0317,0.0217,0.0588,0.7161,0.4,,-0.0883,46
Influenza_B,E*rare,Ensemble(v>=3),Ensemble,5325,5019,560,17,10,0,0.0178,0.0513,0.0455,0.0588,1.4973,0.2,,-0.0087,22
Influenza_B,E*rare,AdaptWin(s=90),AdaptWin,5325,5019,560,17,10,0,0.0197,0.0645,0.0355,0.3529,1.1695,0.7,,-0.1455,169
Influenza_B,E*rare,AdaptWin(s=85),AdaptWin,5325,5019,560,17,10,0,0.006,0.059,0.0315,0.4706,1.0375,0.8,,-0.181,254
Influenza_B,E*rare,FreqThresh(p=80),FreqThresh,5325,5019,560,17,10,0,0.0666,0.0923,0.0531,0.3529,1.7491,0.7,,-0.1177,113
Influenza_B,E*rare,FreqThresh(p=85),FreqThresh,5325,5019,560,17,10,0,-0.0458,0.0196,0.0118,0.0588,0.3875,0.4,,-0.1004,85
Influenza_B,E*rare,FreqThresh(p=90),FreqThresh,5325,5019,560,17,10,0,-0.015,0.0317,0.0217,0.0588,0.7161,0.4,,-0.0883,46
Influenza_B,E*rare,FreqThresh(p=95),FreqThresh,5325,5019,560,17,10,0,0.0178,0.0513,0.0455,0.0588,1.4973,0.2,,-0.0087,22
Influenza_B,E*rare,"SWAN(w=10,k=1.0)",SWAN,5325,5019,560,17,10,0,0.0525,0.0882,0.0588,0.1765,1.9377,0.5,,-0.0618,51
Influenza_B,E*rare,"SWAN(w=20,k=1.0)",SWAN,5325,5019,560,17,10,0,0.0682,0.1017,0.0714,0.1765,2.3529,0.6,,-0.0783,42
Influenza_B,E*rare,MutClust-Orig(g=10),MutClust-Orig,5325,5019,560,17,10,0,0.0632,0.0806,0.0433,0.5882,1.426,0.8,,-0.1594,231
Influenza_B,P*E*rare,Wavelet(t=1.0),Wavelet,5325,5019,560,17,10,0,0.1867,0.1206,0.0642,1.0,2.1132,0.9,,-0.1494,265
Influenza_B,P*E*rare,Wavelet(t=1.5),Wavelet,5325,5019,560,17,10,0,0.1572,0.1569,0.0941,0.4706,3.1003,0.8,,-0.0831,85
Influenza_B,P*E*rare,Wavelet(t=2.0),Wavelet,5325,5019,560,17,10,0,0.1693,0.1923,0.1429,0.2941,4.7059,0.3,,0.1023,35
Influenza_B,P*E*rare,KDE(p=75),KDE,5325,5019,560,17,10,0,-0.03,0.0382,0.0214,0.1765,0.7059,0.7,,-0.1718,140
Influenza_B,P*E*rare,KDE(p=80),KDE,5325,5019,560,17,10,0,-0.0104,0.0465,0.0268,0.1765,0.8824,0.7,,-0.1635,112
Influenza_B,P*E*rare,KDE(p=85),KDE,5325,5019,560,17,10,0,0.0131,0.0594,0.0357,0.1765,1.1765,0.5,,-0.0906,84
Influenza_B,P*E*rare,SlidingTest(p=0.01),SlidingTest,5325,5019,560,17,10,0,-0.0696,0.027,0.0146,0.1765,0.4821,0.7,,-0.183,205
Influenza_B,P*E*rare,SlidingTest(p=0.05),SlidingTest,5325,5019,560,17,10,0,-0.1113,0.0205,0.0109,0.1765,0.3594,0.7,,-0.1895,275
Influenza_B,P*E*rare,GradPeak(p=0.2),GradPeak,5325,5019,560,17,10,0,0.0846,0.0982,0.0548,0.4706,1.805,0.3,,0.0082,146
Influenza_B,P*E*rare,GradPeak(p=0.5),GradPeak,5325,5019,560,17,10,0,0.0687,0.0938,0.0541,0.3529,1.7806,0.3,,0.0038,111
Influenza_B,P*E*rare,LocalContrast(z=1.0),LocalContrast,5325,5019,560,17,10,0,-0.071,0.0139,0.0079,0.0588,0.2594,0.6,,-0.1661,127
Influenza_B,P*E*rare,LocalContrast(z=1.5),LocalContrast,5325,5019,560,17,10,0,0.0072,0.0444,0.0357,0.0588,1.1765,0.2,,-0.0156,28
Influenza_B,P*E*rare,"CUSUM(d=0.3,h=3.0)",CUSUM,5325,5019,560,17,10,0,0.015,0.0593,0.0306,1.0,1.0072,1.0,,-0.2407,556
Influenza_B,P*E*rare,"CUSUM(d=0.5,h=4.0)",CUSUM,5325,5019,560,17,10,0,0.1213,0.0854,0.0446,1.0,1.4698,1.0,,-0.2146,381
Influenza_B,P*E*rare,"CUSUM(d=0.5,h=5.0)",CUSUM,5325,5019,560,17,10,0,0.1243,0.0867,0.0453,1.0,1.4933,1.0,,-0.2133,375
Influenza_B,P*E*rare,AdaptiveKnee,AdaptiveKnee,5325,5019,560,17,10,0,0.0383,0.0645,0.0714,0.0588,2.3529,0.3,,-0.0255,14
Influenza_B,P*E*rare,Spectral(z=1.5),Spectral,5325,5019,560,17,10,0,0.0158,0.05,0.0435,0.0588,1.4322,0.1,,0.02,23
Influenza_B,P*E*rare,Spectral(z=2.0),Spectral,5325,5019,560,17,10,0,0.0602,0.0769,0.1111,0.0588,3.6601,0.0,,0.0769,9
Influenza_B,P*E*rare,Bayes(prior=0.1),Bayes,5325,5019,560,17,10,0,-0.0831,0.0245,0.0132,0.1765,0.4334,0.6,,-0.1555,228
Influenza_B,P*E*rare,Bayes(prior=0.15),Bayes,5325,5019,560,17,10,0,-0.0874,0.0279,0.0148,0.2353,0.488,0.6,,-0.1521,270
Influenza_B,P*E*rare,Ensemble(v>=2),Ensemble,5325,5019,560,17,10,0,-0.0119,0.0333,0.0233,0.0588,0.7661,0.4,,-0.0867,43
Influenza_B,P*E*rare,Ensemble(v>=3),Ensemble,5325,5019,560,17,10,0,0.0383,0.0645,0.0714,0.0588,2.3529,0.3,,-0.0255,14
Influenza_B,P*E*rare,AdaptWin(s=90),AdaptWin,5325,5019,560,17,10,0,-0.0281,0.039,0.0219,0.1765,0.7213,0.6,,-0.141,137
Influenza_B,P*E*rare,AdaptWin(s=85),AdaptWin,5325,5019,560,17,10,0,-0.0714,0.0267,0.0144,0.1765,0.4751,0.6,,-0.1533,208
Influenza_B,P*E*rare,FreqThresh(p=80),FreqThresh,5325,5019,560,17,10,0,-0.0042,0.0496,0.0288,0.1765,0.9502,0.6,,-0.1304,104
Influenza_B,P*E*rare,FreqThresh(p=85),FreqThresh,5325,5019,560,17,10,0,-0.0432,0.0204,0.0123,0.0588,0.4067,0.4,,-0.0996,81
Influenza_B,P*E*rare,FreqThresh(p=90),FreqThresh,5325,5019,560,17,10,0,-0.0119,0.0333,0.0233,0.0588,0.7661,0.4,,-0.0867,43
Influenza_B,P*E*rare,FreqThresh(p=95),FreqThresh,5325,5019,560,17,10,0,0.0383,0.0645,0.0714,0.0588,2.3529,0.3,,-0.0255,14
Influenza_B,P*E*rare,"SWAN(w=10,k=1.0)",SWAN,5325,5019,560,17,10,0,0.0764,0.1091,0.0789,0.1765,2.6006,0.4,,-0.0109,38
Influenza_B,P*E*rare,"SWAN(w=20,k=1.0)",SWAN,5325,5019,560,17,10,0,0.0764,0.1091,0.0789,0.1765,2.6006,0.4,,-0.0109,38
Influenza_B,P*E*rare,MutClust-Orig(g=10),MutClust-Orig,5325,5019,560,17,10,0,0.0151,0.058,0.0385,0.1176,1.267,0.1,,0.028,52
Influenza_B,minority_E,Wavelet(t=1.0),Wavelet,5325,5019,560,17,10,0,0.2509,0.1675,0.0914,1.0,3.0108,0.7,,-0.0425,186
Influenza_B,minority_E,Wavelet(t=1.5),Wavelet,5325,5019,560,17,10,0,0.2643,0.2059,0.1176,0.8235,3.8754,0.6,,0.0259,119
Influenza_B,minority_E,Wavelet(t=2.0),Wavelet,5325,5019,560,17,10,0,0.2141,0.2045,0.1268,0.5294,4.1756,0.0,,0.2045,71
Influenza_B,minority_E,KDE(p=75),KDE,5325,5019,560,17,10,0,0.0661,0.0892,0.05,0.4118,1.6471,0.2,,0.0292,140
Influenza_B,minority_E,KDE(p=80),KDE,5325,5019,560,17,10,0,-0.0104,0.0465,0.0268,0.1765,0.8824,0.1,,0.0165,112
Influenza_B,minority_E,KDE(p=85),KDE,5325,5019,560,17,10,0,0.0131,0.0594,0.0357,0.1765,1.1765,0.1,,0.0294,84
Influenza_B,minority_E,SlidingTest(p=0.01),SlidingTest,5325,5019,560,17,10,0,0.1902,0.1421,0.0778,0.8235,2.5621,0.3,,0.0521,180
Influenza_B,minority_E,SlidingTest(p=0.05),SlidingTest,5325,5019,560,17,10,0,0.1902,0.1421,0.0778,0.8235,2.5621,0.3,,0.0521,180
Influenza_B,minority_E,GradPeak(p=0.2),GradPeak,5325,5019,560,17,10,0,-0.0442,0.0284,0.0161,0.1176,0.5313,0.3,,-0.0616,124
Influenza_B,minority_E,GradPeak(p=0.5),GradPeak,5325,5019,560,17,10,0,0.0158,0.05,0.0435,0.0588,1.4322,0.0,,0.05,23
Influenza_B,minority_E,LocalContrast(z=1.0),LocalContrast,5325,5019,560,17,10,0,-0.089,0.0,0.0,0.0,0.0,0.0,,0.0,113
Influenza_B,minority_E,LocalContrast(z=1.5),LocalContrast,5325,5019,560,17,10,0,-0.0294,0.0,0.0,0.0,0.0,0.0,,0.0,15
Influenza_B,minority_E,LocalContrast(z=2.0),LocalContrast,5325,5019,560,17,10,0,-0.015,0.0,0.0,0.0,0.0,0.0,,0.0,4
Influenza_B,minority_E,"CUSUM(d=0.3,h=3.0)",CUSUM,5325,5019,560,17,10,0,0.015,0.0593,0.0306,1.0,1.0072,1.0,,-0.2407,556
Influenza_B,minority_E,"CUSUM(d=0.5,h=4.0)",CUSUM,5325,5019,560,17,10,0,0.0529,0.064,0.0331,1.0,1.0895,1.0,,-0.236,514
Influenza_B,minority_E,"CUSUM(d=0.5,h=5.0)",CUSUM,5325,5019,560,17,10,0,0.0584,0.0651,0.0337,1.0,1.1089,1.0,,-0.2349,505
Influenza_B,minority_E,AdaptiveKnee,AdaptiveKnee,5325,5019,560,17,10,0,0.1757,0.1315,0.0714,0.8235,2.3529,0.6,,-0.0485,196
Influenza_B,minority_E,ScoreDBSCAN(ep=8),ScoreDBSCAN,5325,5019,560,17,10,0,0.0,0.0589,0.0304,1.0,1.0,1.0,,-0.2411,560
Influenza_B,minority_E,Spectral(z=1.5),Spectral,5325,5019,560,17,10,0,0.0334,0.0714,0.0513,0.1176,1.6893,0.0,,0.0714,39
Influenza_B,minority_E,Spectral(z=2.0),Spectral,5325,5019,560,17,10,0,0.0547,0.0741,0.1,0.0588,3.2941,0.0,,0.0741,10
Influenza_B,minority_E,Bayes(prior=0.1),Bayes,5325,5019,560,17,10,0,0.1599,0.1262,0.0688,0.7647,2.2658,0.3,,0.0362,189
Influenza_B,minority_E,Bayes(prior=0.15),Bayes,5325,5019,560,17,10,0,0.1774,0.1327,0.0722,0.8235,2.3772,0.6,,-0.0473,194
Influenza_B,minority_E,Ensemble(v>=2),Ensemble,5325,5019,560,17,10,0,0.0094,0.0571,0.0341,0.1765,1.123,0.2,,-0.0029,88
Influenza_B,minority_E,Ensemble(v>=3),Ensemble,5325,5019,560,17,10,0,0.031,0.0714,0.0448,0.1765,1.475,0.0,,0.0714,67
Influenza_B,minority_E,AdaptWin(s=90),AdaptWin,5325,5019,560,17,10,0,0.051,0.08,0.0443,0.4118,1.4594,0.2,,0.02,158
Influenza_B,minority_E,AdaptWin(s=85),AdaptWin,5325,5019,560,17,10,0,0.1698,0.1333,0.073,0.7647,2.4058,0.3,,0.0433,178
Influenza_B,minority_E,FreqThresh(p=80),FreqThresh,5325,5019,560,17,10,0,0.1589,0.1375,0.0769,0.6471,2.5339,0.2,,0.0775,143
Influenza_B,minority_E,FreqThresh(p=85),FreqThresh,5325,5019,560,17,10,0,0.0493,0.0826,0.0481,0.2941,1.5837,0.2,,0.0226,104
Influenza_B,minority_E,FreqThresh(p=90),FreqThresh,5325,5019,560,17,10,0,0.031,0.0714,0.0448,0.1765,1.475,0.0,,0.0714,67
Influenza_B,minority_E,FreqThresh(p=95),FreqThresh,5325,5019,560,17,10,0,0.0461,0.0816,0.0625,0.1176,2.0588,0.0,,0.0816,32
Influenza_B,minority_E,"SWAN(w=10,k=1.0)",SWAN,5325,5019,560,17,10,0,0.1511,0.1257,0.069,0.7059,2.2718,0.3,,0.0357,174
Influenza_B,minority_E,"SWAN(w=10,k=1.5)",SWAN,5325,5019,560,17,10,0,0.0334,0.0732,0.0462,0.1765,1.5204,0.1,,0.0432,65
Influenza_B,minority_E,"SWAN(w=10,k=2.0)",SWAN,5325,5019,560,17,10,0,-0.0239,0.0,0.0,0.0,0.0,0.0,,0.0,10
Influenza_B,minority_E,"SWAN(w=20,k=1.0)",SWAN,5325,5019,560,17,10,0,0.0853,0.0952,0.0523,0.5294,1.7237,0.3,,0.0052,172
Influenza_B,minority_E,"SWAN(w=20,k=1.5)",SWAN,5325,5019,560,17,10,0,0.0701,0.1034,0.0732,0.1765,2.4103,0.1,,0.0734,41
Influenza_B,minority_E,"SWAN(w=50,k=1.0)",SWAN,5325,5019,560,17,10,0,0.1286,0.1152,0.0632,0.6471,2.0825,0.3,,0.0252,174
Influenza_B,minority_E,"SWAN(w=50,k=1.5)",SWAN,5325,5019,560,17,10,0,0.0541,0.0896,0.06,0.1765,1.9765,0.1,,0.0596,50
Influenza_B,minority_E,MutClust-Orig(g=10),MutClust-Orig,5325,5019,560,17,10,0,0.0,0.0589,0.0304,1.0,1.0,1.0,,-0.2411,560
Influenza_B,P*minority_E,Wavelet(t=1.0),Wavelet,5325,5019,560,17,10,0,0.1789,0.1217,0.065,0.9412,2.1425,0.8,,-0.1183,246
Influenza_B,P*minority_E,Wavelet(t=1.5),Wavelet,5325,5019,560,17,10,0,0.2586,0.2202,0.1304,0.7059,4.2967,0.5,,0.0702,92
Influenza_B,P*minority_E,Wavelet(t=2.0),Wavelet,5325,5019,560,17,10,0,0.1624,0.1852,0.1351,0.2941,4.4515,0.5,,0.0352,37
Influenza_B,P*minority_E,KDE(p=75),KDE,5325,5019,560,17,10,0,-0.03,0.0382,0.0214,0.1765,0.7059,0.6,,-0.1418,140
Influenza_B,P*minority_E,KDE(p=80),KDE,5325,5019,560,17,10,0,-0.0364,0.031,0.0179,0.1176,0.5882,0.3,,-0.059,112
Influenza_B,P*minority_E,KDE(p=85),KDE,5325,5019,560,17,10,0,-0.0743,0.0,0.0,0.0,0.0,0.3,,-0.09,84
Influenza_B,P*minority_E,SlidingTest(p=0.01),SlidingTest,5325,5019,560,17,10,0,-0.1377,0.0181,0.0095,0.1765,0.3137,0.7,,-0.1919,315
Influenza_B,P*minority_E,SlidingTest(p=0.05),SlidingTest,5325,5019,560,17,10,0,-0.156,0.0168,0.0088,0.1765,0.2907,0.7,,-0.1932,340
Influenza_B,P*minority_E,GradPeak(p=0.2),GradPeak,5325,5019,560,17,10,0,0.0202,0.0645,0.035,0.4118,1.1529,0.3,,-0.0255,200
Influenza_B,P*minority_E,GradPeak(p=0.5),GradPeak,5325,5019,560,17,10,0,0.0435,0.0787,0.0455,0.2941,1.4973,0.2,,0.0187,110
Influenza_B,P*minority_E,LocalContrast(z=1.0),LocalContrast,5325,5019,560,17,10,0,-0.0397,0.0215,0.0132,0.0588,0.4334,0.3,,-0.0685,76
Influenza_B,P*minority_E,LocalContrast(z=1.5),LocalContrast,5325,5019,560,17,10,0,-0.0168,0.0,0.0,0.0,0.0,0.0,,0.0,5
Influenza_B,P*minority_E,"CUSUM(d=0.3,h=3.0)",CUSUM,5325,5019,560,17,10,0,0.015,0.0593,0.0306,1.0,1.0072,1.0,,-0.2407,556
Influenza_B,P*minority_E,"CUSUM(d=0.5,h=4.0)",CUSUM,5325,5019,560,17,10,0,0.1051,0.0789,0.0411,1.0,1.3527,1.0,,-0.2211,414
Influenza_B,P*minority_E,"CUSUM(d=0.5,h=5.0)",CUSUM,5325,5019,560,17,10,0,0.1075,0.0798,0.0416,1.0,1.3692,1.0,,-0.2202,409
Influenza_B,P*minority_E,AdaptiveKnee,AdaptiveKnee,5325,5019,560,17,10,0,0.0199,0.0526,0.0476,0.0588,1.5686,0.3,,-0.0374,21
Influenza_B,P*minority_E,Spectral(z=1.5),Spectral,5325,5019,560,17,10,0,0.0027,0.0417,0.0323,0.0588,1.0626,0.1,,0.0117,31
Influenza_B,P*minority_E,Spectral(z=2.0),Spectral,5325,5019,560,17,10,0,0.0738,0.0833,0.1429,0.0588,4.7059,0.1,,0.0533,7
Influenza_B,P*minority_E,Bayes(prior=0.1),Bayes,5325,5019,560,17,10,0,-0.1492,0.0172,0.0091,0.1765,0.2986,0.7,,-0.1928,331
Influenza_B,P*minority_E,Bayes(prior=0.15),Bayes,5325,5019,560,17,10,0,-0.1591,0.0166,0.0087,0.1765,0.2873,0.7,,-0.1934,344
Influenza_B,P*minority_E,Ensemble(v>=2),Ensemble,5325,5019,560,17,10,0,-0.0234,0.0278,0.0182,0.0588,0.5989,0.4,,-0.0922,55
Influenza_B,P*minority_E,Ensemble(v>=3),Ensemble,5325,5019,560,17,10,0,0.0383,0.0645,0.0714,0.0588,2.3529,0.3,,-0.0255,14
Influenza_B,P*minority_E,AdaptWin(s=90),AdaptWin,5325,5019,560,17,10,0,-0.0274,0.0392,0.0221,0.1765,0.7266,0.4,,-0.0808,136
Influenza_B,P*minority_E,AdaptWin(s=85),AdaptWin,5325,5019,560,17,10,0,-0.0805,0.0324,0.0171,0.2941,0.5641,0.7,,-0.1776,292
Influenza_B,P*minority_E,FreqThresh(p=80),FreqThresh,5325,5019,560,17,10,0,-0.0149,0.0444,0.0254,0.1765,0.8375,0.4,,-0.0756,118
Influenza_B,P*minority_E,FreqThresh(p=85),FreqThresh,5325,5019,560,17,10,0,-0.0452,0.0198,0.0119,0.0588,0.3922,0.4,,-0.1002,84
Influenza_B,P*minority_E,FreqThresh(p=90),FreqThresh,5325,5019,560,17,10,0,-0.0234,0.0278,0.0182,0.0588,0.5989,0.4,,-0.0922,55
Influenza_B,P*minority_E,FreqThresh(p=95),FreqThresh,5325,5019,560,17,10,0,0.0383,0.0645,0.0714,0.0588,2.3529,0.3,,-0.0255,14
Influenza_B,P*minority_E,"SWAN(w=10,k=1.0)",SWAN,5325,5019,560,17,10,0,0.0809,0.1132,0.0833,0.1765,2.7451,0.4,,-0.0068,36
Influenza_B,P*minority_E,"SWAN(w=20,k=1.0)",SWAN,5325,5019,560,17,10,0,0.0809,0.1132,0.0833,0.1765,2.7451,0.4,,-0.0068,36
Influenza_B,P*minority_E,MutClust-Orig(g=10),MutClust-Orig,5325,5019,560,17,10,0,0.013,0.0592,0.0305,1.0,1.0054,1.0,,-0.2408,557
Influenza_B,P*E,Wavelet(t=1.0),Wavelet,5325,5019,560,17,10,0,0.2011,0.1368,0.0737,0.9412,2.4288,0.8,,-0.1032,217
Influenza_B,P*E,Wavelet(t=1.5),Wavelet,5325,5019,560,17,10,0,0.3294,0.2609,0.1531,0.8824,5.042,0.5,,0.1109,98
Influenza_B,P*E,Wavelet(t=2.0),Wavelet,5325,5019,560,17,10,0,0.1472,0.1695,0.119,0.2941,3.9216,0.5,,0.0195,42
Influenza_B,P*E,KDE(p=75),KDE,5325,5019,560,17,10,0,-0.03,0.0382,0.0214,0.1765,0.7059,0.6,,-0.1418,140
Influenza_B,P*E,KDE(p=80),KDE,5325,5019,560,17,10,0,-0.0624,0.0155,0.0089,0.0588,0.2941,0.3,,-0.0745,112
Influenza_B,P*E,KDE(p=85),KDE,5325,5019,560,17,10,0,-0.0743,0.0,0.0,0.0,0.0,0.2,,-0.06,84
Influenza_B,P*E,SlidingTest(p=0.01),SlidingTest,5325,5019,560,17,10,0,-0.1722,0.0159,0.0083,0.1765,0.2745,0.7,,-0.1941,360
Influenza_B,P*E,SlidingTest(p=0.05),SlidingTest,5325,5019,560,17,10,0,-0.1902,0.0151,0.0079,0.1765,0.2601,0.7,,-0.1949,380
Influenza_B,P*E,GradPeak(p=0.2),GradPeak,5325,5019,560,17,10,0,0.0573,0.0816,0.0447,0.4706,1.4722,0.3,,-0.0084,179
Influenza_B,P*E,GradPeak(p=0.5),GradPeak,5325,5019,560,17,10,0,0.0791,0.1053,0.0641,0.2941,2.1116,0.3,,0.0153,78
Influenza_B,P*E,LocalContrast(z=1.0),LocalContrast,5325,5019,560,17,10,0,-0.0517,0.0,0.0,0.0,0.0,0.0,,0.0,44
Influenza_B,P*E,LocalContrast(z=1.5),LocalContrast,5325,5019,560,17,10,0,-0.0168,0.0,0.0,0.0,0.0,0.0,,0.0,5
Influenza_B,P*E,"CUSUM(d=0.3,h=3.0)",CUSUM,5325,5019,560,17,10,0,0.013,0.0592,0.0305,1.0,1.0054,1.0,,-0.2408,557
Influenza_B,P*E,"CUSUM(d=0.5,h=4.0)",CUSUM,5325,5019,560,17,10,0,0.0457,0.0627,0.0324,1.0,1.0667,1.0,,-0.2373,525
Influenza_B,P*E,"CUSUM(d=0.5,h=5.0)",CUSUM,5325,5019,560,17,10,0,0.059,0.0653,0.0337,1.0,1.1111,1.0,,-0.2347,504
Influenza_B,P*E,AdaptiveKnee,AdaptiveKnee,5325,5019,560,17,10,0,0.05,0.0714,0.0909,0.0588,2.9947,0.3,,-0.0186,11
Influenza_B,P*E,Spectral(z=1.5),Spectral,5325,5019,560,17,10,0,0.0027,0.0417,0.0323,0.0588,1.0626,0.1,,0.0117,31
Influenza_B,P*E,Spectral(z=2.0),Spectral,5325,5019,560,17,10,0,-0.013,0.0,0.0,0.0,0.0,0.1,,-0.03,3
Influenza_B,P*E,Bayes(prior=0.1),Bayes,5325,5019,560,17,10,0,-0.1591,0.0166,0.0087,0.1765,0.2873,0.7,,-0.1934,344
Influenza_B,P*E,Bayes(prior=0.15),Bayes,5325,5019,560,17,10,0,-0.1591,0.0166,0.0087,0.1765,0.2873,0.7,,-0.1934,344
Influenza_B,P*E,Ensemble(v>=2),Ensemble,5325,5019,560,17,10,0,-0.0293,0.0253,0.0161,0.0588,0.5313,0.4,,-0.0947,62
Influenza_B,P*E,Ensemble(v>=3),Ensemble,5325,5019,560,17,10,0,0.0268,0.0571,0.0556,0.0588,1.8301,0.3,,-0.0329,18
Influenza_B,P*E,AdaptWin(s=90),AdaptWin,5325,5019,560,17,10,0,-0.0031,0.0523,0.0294,0.2353,0.9689,0.4,,-0.0677,136
Influenza_B,P*E,AdaptWin(s=85),AdaptWin,5325,5019,560,17,10,0,-0.104,0.0256,0.0135,0.2353,0.4452,0.7,,-0.1844,296
Influenza_B,P*E,FreqThresh(p=80),FreqThresh,5325,5019,560,17,10,0,-0.0141,0.0448,0.0256,0.1765,0.8446,0.4,,-0.0752,117
Influenza_B,P*E,FreqThresh(p=85),FreqThresh,5325,5019,560,17,10,0,-0.0458,0.0196,0.0118,0.0588,0.3875,0.4,,-0.1004,85
Influenza_B,P*E,FreqThresh(p=90),FreqThresh,5325,5019,560,17,10,0,-0.0293,0.0253,0.0161,0.0588,0.5313,0.4,,-0.0947,62
Influenza_B,P*E,FreqThresh(p=95),FreqThresh,5325,5019,560,17,10,0,0.0268,0.0571,0.0556,0.0588,1.8301,0.3,,-0.0329,18
Influenza_B,P*E,"SWAN(w=10,k=1.0)",SWAN,5325,5019,560,17,10,0,-0.0239,0.0,0.0,0.0,0.0,0.0,,0.0,10
Influenza_B,P*E,MutClust-Orig(g=10),MutClust-Orig,5325,5019,560,17,10,0,-0.022,0.0575,0.0296,0.9412,0.976,1.0,,-0.2425,540
Influenza_B,H-score,Wavelet(t=1.0),Wavelet,5325,5019,560,17,10,0,0.2603,0.1753,0.096,1.0,3.1638,0.9,,-0.0947,177
Influenza_B,H-score,Wavelet(t=1.5),Wavelet,5325,5019,560,17,10,0,0.3424,0.2519,0.1441,1.0,4.7458,0.6,,0.0719,118
Influenza_B,H-score,Wavelet(t=2.0),Wavelet,5325,5019,560,17,10,0,0.3612,0.3077,0.1892,0.8235,6.2321,0.5,,0.1577,74
Influenza_B,H-score,KDE(p=75),KDE,5325,5019,560,17,10,0,-0.0541,0.0255,0.0143,0.1176,0.4706,0.4,,-0.0945,140
Influenza_B,H-score,KDE(p=80),KDE,5325,5019,560,17,10,0,-0.0885,0.0,0.0,0.0,0.0,0.3,,-0.09,112
Influenza_B,H-score,KDE(p=85),KDE,5325,5019,560,17,10,0,-0.0743,0.0,0.0,0.0,0.0,0.3,,-0.09,84
Influenza_B,H-score,SlidingTest(p=0.01),SlidingTest,5325,5019,560,17,10,0,-0.1902,0.0151,0.0079,0.1765,0.2601,0.7,,-0.1949,380
Influenza_B,H-score,SlidingTest(p=0.05),SlidingTest,5325,5019,560,17,10,0,-0.1902,0.0151,0.0079,0.1765,0.2601,0.7,,-0.1949,380
Influenza_B,H-score,GradPeak(p=0.2),GradPeak,5325,5019,560,17,10,0,0.1041,0.1167,0.068,0.4118,2.2387,0.3,,0.0267,103
Influenza_B,H-score,GradPeak(p=0.5),GradPeak,5325,5019,560,17,10,0,0.0272,0.0667,0.0465,0.1176,1.5321,0.3,,-0.0233,43
Influenza_B,H-score,LocalContrast(z=1.0),LocalContrast,5325,5019,560,17,10,0,0.0809,0.1132,0.0833,0.1765,2.7451,0.1,,0.0832,36
Influenza_B,H-score,LocalContrast(z=1.5),LocalContrast,5325,5019,560,17,10,0,-0.0283,0.0,0.0,0.0,0.0,0.0,,0.0,14
Influenza_B,H-score,LocalContrast(z=2.0),LocalContrast,5325,5019,560,17,10,0,-0.015,0.0,0.0,0.0,0.0,0.0,,0.0,4
Influenza_B,H-score,"CUSUM(d=0.3,h=3.0)",CUSUM,5325,5019,560,17,10,0,0.013,0.0592,0.0305,1.0,1.0054,1.0,,-0.2408,557
Influenza_B,H-score,"CUSUM(d=0.5,h=4.0)",CUSUM,5325,5019,560,17,10,0,0.015,0.0593,0.0306,1.0,1.0072,1.0,,-0.2407,556
Influenza_B,H-score,"CUSUM(d=0.5,h=5.0)",CUSUM,5325,5019,560,17,10,0,0.0168,0.0594,0.0306,1.0,1.009,1.0,,-0.2406,555
Influenza_B,H-score,AdaptiveKnee,AdaptiveKnee,5325,5019,560,17,10,0,-0.1157,0.0338,0.0176,0.4118,0.5808,0.8,,-0.2062,397
Influenza_B,H-score,ScoreDBSCAN(ep=8),ScoreDBSCAN,5325,5019,560,17,10,0,-0.0184,0.0,0.0,0.0,0.0,0.0,,0.0,6
Influenza_B,H-score,Spectral(z=1.5),Spectral,5325,5019,560,17,10,0,0.1842,0.2105,0.1905,0.2353,6.2745,0.1,,0.1805,21
Influenza_B,H-score,Spectral(z=2.0),Spectral,5325,5019,560,17,10,0,0.1894,0.2069,0.25,0.1765,8.2353,0.1,,0.1769,12
Influenza_B,H-score,Bayes(prior=0.1),Bayes,5325,5019,560,17,10,0,-0.1591,0.0166,0.0087,0.1765,0.2873,0.7,,-0.1934,344
Influenza_B,H-score,Bayes(prior=0.15),Bayes,5325,5019,560,17,10,0,-0.1591,0.0166,0.0087,0.1765,0.2873,0.7,,-0.1934,344
Influenza_B,H-score,Ensemble(v>=2),Ensemble,5325,5019,560,17,10,0,-0.0293,0.0253,0.0161,0.0588,0.5313,0.4,,-0.0947,62
Influenza_B,H-score,Ensemble(v>=3),Ensemble,5325,5019,560,17,10,0,0.0268,0.0571,0.0556,0.0588,1.8301,0.3,,-0.0329,18
Influenza_B,H-score,AdaptWin(s=90),AdaptWin,5325,5019,560,17,10,0,-0.1511,0.0248,0.013,0.2941,0.4267,0.8,,-0.2152,386
Influenza_B,H-score,AdaptWin(s=85),AdaptWin,5325,5019,560,17,10,0,-0.152,0.0248,0.0129,0.2941,0.4256,0.8,,-0.2152,387
Influenza_B,H-score,FreqThresh(p=80),FreqThresh,5325,5019,560,17,10,0,-0.0141,0.0448,0.0256,0.1765,0.8446,0.4,,-0.0752,117
Influenza_B,H-score,FreqThresh(p=85),FreqThresh,5325,5019,560,17,10,0,-0.0458,0.0196,0.0118,0.0588,0.3875,0.4,,-0.1004,85
Influenza_B,H-score,FreqThresh(p=90),FreqThresh,5325,5019,560,17,10,0,-0.0293,0.0253,0.0161,0.0588,0.5313,0.4,,-0.0947,62
Influenza_B,H-score,FreqThresh(p=95),FreqThresh,5325,5019,560,17,10,0,0.0268,0.0571,0.0556,0.0588,1.8301,0.3,,-0.0329,18
Influenza_B,H-score,MutClust-Orig(g=10),MutClust-Orig,5325,5019,560,17,10,0,0.0,0.0589,0.0304,1.0,1.0,1.0,,-0.2411,560
Influenza_B,E_only,Wavelet(t=1.0),Wavelet,5325,5019,560,17,10,0,0.2624,0.1771,0.0971,1.0,3.2,0.9,,-0.0929,175
Influenza_B,E_only,Wavelet(t=1.5),Wavelet,5325,5019,560,17,10,0,0.3279,0.2481,0.1429,0.9412,4.7059,0.6,,0.0681,112
Influenza_B,E_only,Wavelet(t=2.0),Wavelet,5325,5019,560,17,10,0,0.2595,0.2535,0.1667,0.5294,5.4902,0.5,,0.1035,54
Influenza_B,E_only,KDE(p=75),KDE,5325,5019,560,17,10,0,-0.03,0.0382,0.0214,0.1765,0.7059,0.5,,-0.1118,140
Influenza_B,E_only,KDE(p=80),KDE,5325,5019,560,17,10,0,-0.0624,0.0155,0.0089,0.0588,0.2941,0.3,,-0.0745,112
Influenza_B,E_only,KDE(p=85),KDE,5325,5019,560,17,10,0,-0.0743,0.0,0.0,0.0,0.0,0.3,,-0.09,84
Influenza_B,E_only,SlidingTest(p=0.01),SlidingTest,5325,5019,560,17,10,0,-0.1902,0.0151,0.0079,0.1765,0.2601,0.7,,-0.1949,380
Influenza_B,E_only,SlidingTest(p=0.05),SlidingTest,5325,5019,560,17,10,0,-0.1902,0.0151,0.0079,0.1765,0.2601,0.7,,-0.1949,380
Influenza_B,E_only,GradPeak(p=0.2),GradPeak,5325,5019,560,17,10,0,0.0766,0.093,0.0516,0.4706,1.7002,0.3,,0.003,155
Influenza_B,E_only,GradPeak(p=0.5),GradPeak,5325,5019,560,17,10,0,0.1254,0.1412,0.0882,0.3529,2.9066,0.3,,0.0512,68
Influenza_B,E_only,LocalContrast(z=1.0),LocalContrast,5325,5019,560,17,10,0,-0.0641,0.0,0.0,0.0,0.0,0.0,,0.0,65
Influenza_B,E_only,LocalContrast(z=1.5),LocalContrast,5325,5019,560,17,10,0,-0.0168,0.0,0.0,0.0,0.0,0.0,,0.0,5
Influenza_B,E_only,"CUSUM(d=0.3,h=3.0)",CUSUM,5325,5019,560,17,10,0,0.013,0.0592,0.0305,1.0,1.0054,1.0,,-0.2408,557
Influenza_B,E_only,"CUSUM(d=0.5,h=4.0)",CUSUM,5325,5019,560,17,10,0,0.0168,0.0594,0.0306,1.0,1.009,1.0,,-0.2406,555
Influenza_B,E_only,"CUSUM(d=0.5,h=5.0)",CUSUM,5325,5019,560,17,10,0,0.0184,0.0595,0.0307,1.0,1.0108,1.0,,-0.2405,554
Influenza_B,E_only,AdaptiveKnee,AdaptiveKnee,5325,5019,560,17,10,0,0.0547,0.0741,0.1,0.0588,3.2941,0.3,,-0.0159,10
Influenza_B,E_only,Spectral(z=1.5),Spectral,5325,5019,560,17,10,0,0.1167,0.1463,0.125,0.1765,4.1176,0.1,,0.1163,24
Influenza_B,E_only,Spectral(z=2.0),Spectral,5325,5019,560,17,10,0,-0.015,0.0,0.0,0.0,0.0,0.1,,-0.03,4
Influenza_B,E_only,Bayes(prior=0.1),Bayes,5325,5019,560,17,10,0,-0.1076,0.021,0.0112,0.1765,0.3674,0.6,,-0.159,269
Influenza_B,E_only,Bayes(prior=0.15),Bayes,5325,5019,560,17,10,0,-0.156,0.0168,0.0088,0.1765,0.2907,0.7,,-0.1932,340
Influenza_B,E_only,Ensemble(v>=2),Ensemble,5325,5019,560,17,10,0,-0.026,0.0267,0.0172,0.0588,0.568,0.4,,-0.0933,58
Influenza_B,E_only,Ensemble(v>=3),Ensemble,5325,5019,560,17,10,0,0.0383,0.0645,0.0714,0.0588,2.3529,0.3,,-0.0255,14
Influenza_B,E_only,AdaptWin(s=90),AdaptWin,5325,5019,560,17,10,0,-0.091,0.0308,0.0162,0.2941,0.5348,0.7,,-0.1792,308
Influenza_B,E_only,AdaptWin(s=85),AdaptWin,5325,5019,560,17,10,0,-0.1511,0.0248,0.013,0.2941,0.4267,0.8,,-0.2152,386
Influenza_B,E_only,FreqThresh(p=80),FreqThresh,5325,5019,560,17,10,0,-0.0104,0.0465,0.0268,0.1765,0.8824,0.4,,-0.0735,112
Influenza_B,E_only,FreqThresh(p=85),FreqThresh,5325,5019,560,17,10,0,-0.0458,0.0196,0.0118,0.0588,0.3875,0.4,,-0.1004,85
Influenza_B,E_only,FreqThresh(p=90),FreqThresh,5325,5019,560,17,10,0,-0.026,0.0267,0.0172,0.0588,0.568,0.4,,-0.0933,58
Influenza_B,E_only,FreqThresh(p=95),FreqThresh,5325,5019,560,17,10,0,0.0383,0.0645,0.0714,0.0588,2.3529,0.3,,-0.0255,14
Influenza_B,E_only,MutClust-Orig(g=10),MutClust-Orig,5325,5019,560,17,10,0,0.0,0.0589,0.0304,1.0,1.0,1.0,,-0.2411,560
Influenza_B,P*E^2,Wavelet(t=1.0),Wavelet,5325,5019,560,17,10,0,0.2151,0.1399,0.0752,1.0,2.4779,1.0,,-0.1601,226
Influenza_B,P*E^2,Wavelet(t=1.5),Wavelet,5325,5019,560,17,10,0,0.199,0.1802,0.1064,0.5882,3.5044,0.7,,-0.0298,94
Influenza_B,P*E^2,Wavelet(t=2.0),Wavelet,5325,5019,560,17,10,0,0.1391,0.1613,0.1111,0.2941,3.6601,0.5,,0.0113,45
Influenza_B,P*E^2,KDE(p=75),KDE,5325,5019,560,17,10,0,-0.03,0.0382,0.0214,0.1765,0.7059,0.6,,-0.1418,140
Influenza_B,P*E^2,KDE(p=80),KDE,5325,5019,560,17,10,0,-0.0364,0.031,0.0179,0.1176,0.5882,0.4,,-0.089,112
Influenza_B,P*E^2,KDE(p=85),KDE,5325,5019,560,17,10,0,-0.0452,0.0198,0.0119,0.0588,0.3922,0.3,,-0.0702,84
Influenza_B,P*E^2,SlidingTest(p=0.01),SlidingTest,5325,5019,560,17,10,0,-0.1448,0.0175,0.0092,0.1765,0.3041,0.7,,-0.1925,325
Influenza_B,P*E^2,SlidingTest(p=0.05),SlidingTest,5325,5019,560,17,10,0,-0.1599,0.0166,0.0087,0.1765,0.2864,0.7,,-0.1934,345
Influenza_B,P*E^2,GradPeak(p=0.2),GradPeak,5325,5019,560,17,10,0,0.055,0.0804,0.044,0.4706,1.448,0.3,,-0.0096,182
Influenza_B,P*E^2,GradPeak(p=0.5),GradPeak,5325,5019,560,17,10,0,0.0637,0.0902,0.0517,0.3529,1.7039,0.2,,0.0302,116
Influenza_B,P*E^2,LocalContrast(z=1.0),LocalContrast,5325,5019,560,17,10,0,-0.039,0.0217,0.0133,0.0588,0.4392,0.3,,-0.0683,75
Influenza_B,P*E^2,LocalContrast(z=1.5),LocalContrast,5325,5019,560,17,10,0,-0.0168,0.0,0.0,0.0,0.0,0.0,,0.0,5
Influenza_B,P*E^2,"CUSUM(d=0.3,h=3.0)",CUSUM,5325,5019,560,17,10,0,0.015,0.0593,0.0306,1.0,1.0072,1.0,,-0.2407,556
Influenza_B,P*E^2,"CUSUM(d=0.5,h=4.0)",CUSUM,5325,5019,560,17,10,0,0.1114,0.0813,0.0424,1.0,1.3965,1.0,,-0.2187,401
Influenza_B,P*E^2,"CUSUM(d=0.5,h=5.0)",CUSUM,5325,5019,560,17,10,0,0.1129,0.0819,0.0427,1.0,1.407,1.0,,-0.2181,398
Influenza_B,P*E^2,AdaptiveKnee,AdaptiveKnee,5325,5019,560,17,10,0,0.0383,0.0645,0.0714,0.0588,2.3529,0.3,,-0.0255,14
Influenza_B,P*E^2,Spectral(z=1.5),Spectral,5325,5019,560,17,10,0,0.0104,0.0465,0.0385,0.0588,1.267,0.1,,0.0165,26
Influenza_B,P*E^2,Spectral(z=2.0),Spectral,5325,5019,560,17,10,0,0.0268,0.0571,0.0556,0.0588,1.8301,0.1,,0.0271,18
Influenza_B,P*E^2,Bayes(prior=0.1),Bayes,5325,5019,560,17,10,0,-0.1591,0.0166,0.0087,0.1765,0.2873,0.7,,-0.1934,344
Influenza_B,P*E^2,Bayes(prior=0.15),Bayes,5325,5019,560,17,10,0,-0.1591,0.0166,0.0087,0.1765,0.2873,0.7,,-0.1934,344
Influenza_B,P*E^2,Ensemble(v>=2),Ensemble,5325,5019,560,17,10,0,-0.026,0.0267,0.0172,0.0588,0.568,0.4,,-0.0933,58
Influenza_B,P*E^2,Ensemble(v>=3),Ensemble,5325,5019,560,17,10,0,0.0383,0.0645,0.0714,0.0588,2.3529,0.3,,-0.0255,14
Influenza_B,P*E^2,AdaptWin(s=90),AdaptWin,5325,5019,560,17,10,0,-0.0199,0.0423,0.024,0.1765,0.7906,0.4,,-0.0777,125
Influenza_B,P*E^2,AdaptWin(s=85),AdaptWin,5325,5019,560,17,10,0,-0.0517,0.0351,0.019,0.2353,0.6245,0.7,,-0.1749,211
Influenza_B,P*E^2,FreqThresh(p=80),FreqThresh,5325,5019,560,17,10,0,-0.0141,0.0448,0.0256,0.1765,0.8446,0.4,,-0.0752,117
Influenza_B,P*E^2,FreqThresh(p=85),FreqThresh,5325,5019,560,17,10,0,-0.0458,0.0196,0.0118,0.0588,0.3875,0.4,,-0.1004,85
Influenza_B,P*E^2,FreqThresh(p=90),FreqThresh,5325,5019,560,17,10,0,-0.026,0.0267,0.0172,0.0588,0.568,0.4,,-0.0933,58
Influenza_B,P*E^2,FreqThresh(p=95),FreqThresh,5325,5019,560,17,10,0,0.0383,0.0645,0.0714,0.0588,2.3529,0.3,,-0.0255,14
Influenza_B,P*E^2,"SWAN(w=10,k=1.0)",SWAN,5325,5019,560,17,10,0,0.022,0.0541,0.05,0.0588,1.6471,0.4,,-0.0659,20
Influenza_B,P*E^2,MutClust-Orig(g=10),MutClust-Orig,5325,5019,560,17,10,0,0.0,0.0589,0.0304,1.0,1.0,1.0,,-0.2411,560
Influenza_B,rank(P*E),Wavelet(t=1.0),Wavelet,5325,5019,560,17,10,0,0.1711,0.1224,0.0658,0.8824,2.1672,0.8,,-0.1176,228
Influenza_B,rank(P*E),Wavelet(t=1.5),Wavelet,5325,5019,560,17,10,0,0.1994,0.1895,0.1154,0.5294,3.8009,0.8,,-0.0505,78
Influenza_B,rank(P*E),Wavelet(t=2.0),Wavelet,5325,5019,560,17,10,0,0.1126,0.1404,0.1,0.2353,3.2941,0.5,,-0.0096,40
Influenza_B,rank(P*E),KDE(p=75),KDE,5325,5019,560,17,10,0,-0.03,0.0382,0.0214,0.1765,0.7059,0.7,,-0.1718,140
Influenza_B,rank(P*E),KDE(p=80),KDE,5325,5019,560,17,10,0,-0.0112,0.0462,0.0265,0.1765,0.8745,0.5,,-0.1038,113
Influenza_B,rank(P*E),KDE(p=85),KDE,5325,5019,560,17,10,0,-0.016,0.0396,0.0238,0.1176,0.7843,0.0,,0.0396,84
Influenza_B,rank(P*E),SlidingTest(p=0.01),SlidingTest,5325,5019,560,17,10,0,-0.1448,0.0175,0.0092,0.1765,0.3041,0.7,,-0.1925,325
Influenza_B,rank(P*E),SlidingTest(p=0.05),SlidingTest,5325,5019,560,17,10,0,-0.1722,0.0159,0.0083,0.1765,0.2745,0.7,,-0.1941,360
Influenza_B,rank(P*E),GradPeak(p=0.2),GradPeak,5325,5019,560,17,10,0,0.0426,0.0741,0.0402,0.4706,1.3243,0.3,,-0.0159,199
Influenza_B,rank(P*E),GradPeak(p=0.5),GradPeak,5325,5019,560,17,10,0,-0.0425,0.0206,0.0125,0.0588,0.4118,0.1,,-0.0094,80
Influenza_B,rank(P*E),LocalContrast(z=1.0),LocalContrast,5325,5019,560,17,10,0,-0.0726,0.0136,0.0077,0.0588,0.2534,0.4,,-0.1064,130
Influenza_B,rank(P*E),LocalContrast(z=1.5),LocalContrast,5325,5019,560,17,10,0,-0.0358,0.0,0.0,0.0,0.0,0.0,,0.0,22
Influenza_B,rank(P*E),LocalContrast(z=2.0),LocalContrast,5325,5019,560,17,10,0,-0.015,0.0,0.0,0.0,0.0,0.0,,0.0,4
Influenza_B,rank(P*E),"CUSUM(d=0.3,h=3.0)",CUSUM,5325,5019,560,17,10,0,0.015,0.0593,0.0306,1.0,1.0072,1.0,,-0.2407,556
Influenza_B,rank(P*E),"CUSUM(d=0.5,h=4.0)",CUSUM,5325,5019,560,17,10,0,0.0358,0.0613,0.0316,1.0,1.0409,1.0,,-0.2387,538
Influenza_B,rank(P*E),"CUSUM(d=0.5,h=5.0)",CUSUM,5325,5019,560,17,10,0,0.0398,0.0618,0.0319,1.0,1.0507,1.0,,-0.2382,533
Influenza_B,rank(P*E),Spectral(z=1.5),Spectral,5325,5019,560,17,10,0,-0.0332,0.0,0.0,0.0,0.0,0.2,,-0.06,19
Influenza_B,rank(P*E),Spectral(z=2.0),Spectral,5325,5019,560,17,10,0,-0.0184,0.0,0.0,0.0,0.0,0.1,,-0.03,6
Influenza_B,rank(P*E),Bayes(prior=0.1),Bayes,5325,5019,560,17,10,0,-0.1039,0.0214,0.0114,0.1765,0.3758,0.6,,-0.1586,263
Influenza_B,rank(P*E),Bayes(prior=0.15),Bayes,5325,5019,560,17,10,0,-0.1308,0.0186,0.0098,0.1765,0.324,0.7,,-0.1914,305
Influenza_B,rank(P*E),Ensemble(v>=2),Ensemble,5325,5019,560,17,10,0,-0.0293,0.0253,0.0161,0.0588,0.5313,0.4,,-0.0947,62
Influenza_B,rank(P*E),Ensemble(v>=3),Ensemble,5325,5019,560,17,10,0,-0.0001,0.04,0.0303,0.0588,0.9982,0.4,,-0.08,33
Influenza_B,rank(P*E),AdaptWin(s=90),AdaptWin,5325,5019,560,17,10,0,-0.017,0.0435,0.0248,0.1765,0.8167,0.4,,-0.0765,121
Influenza_B,rank(P*E),AdaptWin(s=85),AdaptWin,5325,5019,560,17,10,0,-0.0905,0.0274,0.0145,0.2353,0.4791,0.7,,-0.1826,275
Influenza_B,rank(P*E),FreqThresh(p=80),FreqThresh,5325,5019,560,17,10,0,-0.0141,0.0448,0.0256,0.1765,0.8446,0.4,,-0.0752,117
Influenza_B,rank(P*E),FreqThresh(p=85),FreqThresh,5325,5019,560,17,10,0,-0.0458,0.0196,0.0118,0.0588,0.3875,0.4,,-0.1004,85
Influenza_B,rank(P*E),FreqThresh(p=90),FreqThresh,5325,5019,560,17,10,0,-0.0293,0.0253,0.0161,0.0588,0.5313,0.4,,-0.0947,62
Influenza_B,rank(P*E),FreqThresh(p=95),FreqThresh,5325,5019,560,17,10,0,0.0268,0.0571,0.0556,0.0588,1.8301,0.3,,-0.0329,18
Influenza_B,rank(P*E),"SWAN(w=10,k=1.0)",SWAN,5325,5019,560,17,10,0,0.017,0.0619,0.0375,0.1765,1.2353,0.4,,-0.0581,80
Influenza_B,rank(P*E),"SWAN(w=20,k=1.0)",SWAN,5325,5019,560,17,10,0,0.0358,0.075,0.0476,0.1765,1.5686,0.4,,-0.045,63
Influenza_B,rank(P*E),MutClust-Orig(g=10),MutClust-Orig,5325,5019,560,17,10,0,-0.05,0.0565,0.0291,0.9412,0.96,1.0,,-0.2435,549
MERS,E*rare,Wavelet(t=1.0),Wavelet,1311,530,1330,9,110,0,0.0824,0.0296,0.015,0.8889,2.2222,0.0909,,0.0023,532
MERS,E*rare,Wavelet(t=1.5),Wavelet,1311,530,1330,9,110,0,0.0219,0.0216,0.0114,0.2222,1.6793,0.0,,0.0216,176
MERS,E*rare,Wavelet(t=2.0),Wavelet,1311,530,1330,9,110,0,-0.0184,0.0,0.0,0.0,0.0,0.0,,0.0,63
MERS,E*rare,KDE(p=75),KDE,1311,530,1330,9,110,0,-0.0477,0.0,0.0,0.0,0.0,0.2182,,-0.0655,333
MERS,E*rare,KDE(p=80),KDE,1311,530,1330,9,110,0,-0.0413,0.0,0.0,0.0,0.0,0.2182,,-0.0655,266
MERS,E*rare,KDE(p=85),KDE,1311,530,1330,9,110,0,-0.0347,0.0,0.0,0.0,0.0,0.2182,,-0.0655,200
MERS,E*rare,SlidingTest(p=0.01),SlidingTest,1311,530,1330,9,110,0,-0.0546,0.0,0.0,0.0,0.0,0.2182,,-0.0655,405
MERS,E*rare,SlidingTest(p=0.05),SlidingTest,1311,530,1330,9,110,0,-0.0682,0.0,0.0,0.0,0.0,0.2182,,-0.0655,540
MERS,E*rare,GradPeak(p=0.2),GradPeak,1311,530,1330,9,110,0,0.0016,0.0136,0.0069,0.4444,1.0227,0.5818,,-0.1609,578
MERS,E*rare,GradPeak(p=0.5),GradPeak,1311,530,1330,9,110,0,-0.0496,0.0,0.0,0.0,0.0,0.2727,,-0.0818,353
MERS,E*rare,LocalContrast(z=1.0),LocalContrast,1311,530,1330,9,110,0,-0.0055,0.0107,0.0056,0.1111,0.8302,0.0636,,-0.0084,178
MERS,E*rare,LocalContrast(z=1.5),LocalContrast,1311,530,1330,9,110,0,0.0229,0.0263,0.0149,0.1111,2.2056,0.0,,0.0263,67
MERS,E*rare,LocalContrast(z=2.0),LocalContrast,1311,530,1330,9,110,0,-0.0123,0.0,0.0,0.0,0.0,0.0,,0.0,29
MERS,E*rare,"CUSUM(d=0.3,h=3.0)",CUSUM,1311,530,1330,9,110,0,0.0467,0.0177,0.0089,1.0,1.3208,0.2364,,-0.0532,1007
MERS,E*rare,"CUSUM(d=0.5,h=4.0)",CUSUM,1311,530,1330,9,110,0,-0.0167,0.0109,0.0055,0.4444,0.8153,0.0,,0.0109,725
MERS,E*rare,"CUSUM(d=0.5,h=5.0)",CUSUM,1311,530,1330,9,110,0,-0.0149,0.0111,0.0056,0.4444,0.8314,0.0,,0.0111,711
MERS,E*rare,AdaptiveKnee,AdaptiveKnee,1311,530,1330,9,110,0,-0.0203,0.0,0.0,0.0,0.0,0.0,,0.0,76
MERS,E*rare,Spectral(z=1.5),Spectral,1311,530,1330,9,110,0,-0.0171,0.0,0.0,0.0,0.0,0.0,,0.0,55
MERS,E*rare,Spectral(z=2.0),Spectral,1311,530,1330,9,110,0,-0.0125,0.0,0.0,0.0,0.0,0.0,,0.0,30
MERS,E*rare,Bayes(prior=0.1),Bayes,1311,530,1330,9,110,0,-0.031,0.0073,0.0037,0.2222,0.5463,0.4,,-0.1127,541
MERS,E*rare,Bayes(prior=0.15),Bayes,1311,530,1330,9,110,0,-0.047,0.0059,0.003,0.2222,0.4385,0.5636,,-0.1632,674
MERS,E*rare,Ensemble(v>=2),Ensemble,1311,530,1330,9,110,0,-0.0259,0.0,0.0,0.0,0.0,0.0,,0.0,119
MERS,E*rare,Ensemble(v>=3),Ensemble,1311,530,1330,9,110,0,-0.0138,0.0,0.0,0.0,0.0,0.0,,0.0,36
MERS,E*rare,AdaptWin(s=90),AdaptWin,1311,530,1330,9,110,0,-0.0563,0.0,0.0,0.0,0.0,0.3545,,-0.1064,422
MERS,E*rare,AdaptWin(s=85),AdaptWin,1311,530,1330,9,110,0,0.0686,0.0226,0.0114,1.0,1.69,0.7182,,-0.1928,787
MERS,E*rare,FreqThresh(p=80),FreqThresh,1311,530,1330,9,110,0,-0.0183,0.0073,0.0038,0.1111,0.5556,0.1,,-0.0227,266
MERS,E*rare,FreqThresh(p=85),FreqThresh,1311,530,1330,9,110,0,-0.0068,0.0103,0.0054,0.1111,0.7945,0.0,,0.0103,186
MERS,E*rare,FreqThresh(p=90),FreqThresh,1311,530,1330,9,110,0,-0.0259,0.0,0.0,0.0,0.0,0.0,,0.0,119
MERS,E*rare,FreqThresh(p=95),FreqThresh,1311,530,1330,9,110,0,-0.0138,0.0,0.0,0.0,0.0,0.0,,0.0,36
MERS,E*rare,"SWAN(w=10,k=1.0)",SWAN,1311,530,1330,9,110,0,0.013,0.0194,0.0106,0.1111,1.5721,0.0,,0.0194,94
MERS,E*rare,"SWAN(w=10,k=1.5)",SWAN,1311,530,1330,9,110,0,-0.017,0.0,0.0,0.0,0.0,0.0,,0.0,54
MERS,E*rare,"SWAN(w=10,k=2.0)",SWAN,1311,530,1330,9,110,0,-0.0085,0.0,0.0,0.0,0.0,0.0,,0.0,14
MERS,E*rare,"SWAN(w=20,k=1.0)",SWAN,1311,530,1330,9,110,0,-0.0209,0.0,0.0,0.0,0.0,0.0,,0.0,80
MERS,E*rare,"SWAN(w=20,k=1.5)",SWAN,1311,530,1330,9,110,0,-0.0166,0.0,0.0,0.0,0.0,0.0,,0.0,52
MERS,E*rare,"SWAN(w=50,k=1.0)",SWAN,1311,530,1330,9,110,0,-0.0228,0.0,0.0,0.0,0.0,0.0,,0.0,94
MERS,E*rare,MutClust-Orig(g=10),MutClust-Orig,1311,530,1330,9,110,0,0.049,0.0199,0.0101,0.8889,1.4871,0.6545,,-0.1765,795
MERS,P*E*rare,Wavelet(t=1.0),Wavelet,1311,530,1330,9,110,0,0.0374,0.0216,0.011,0.5556,1.6311,0.1364,,-0.0193,453
MERS,P*E*rare,Wavelet(t=1.5),Wavelet,1311,530,1330,9,110,0,0.0136,0.0179,0.0093,0.2222,1.3747,0.0545,,0.0015,215
MERS,P*E*rare,Wavelet(t=2.0),Wavelet,1311,530,1330,9,110,0,-0.0224,0.0,0.0,0.0,0.0,0.0,,0.0,91
MERS,P*E*rare,KDE(p=75),KDE,1311,530,1330,9,110,0,-0.0477,0.0,0.0,0.0,0.0,0.0,,0.0,333
MERS,P*E*rare,KDE(p=80),KDE,1311,530,1330,9,110,0,-0.0413,0.0,0.0,0.0,0.0,0.0,,0.0,266
MERS,P*E*rare,KDE(p=85),KDE,1311,530,1330,9,110,0,-0.0347,0.0,0.0,0.0,0.0,0.0,,0.0,200
MERS,P*E*rare,SlidingTest(p=0.01),SlidingTest,1311,530,1330,9,110,0,-0.0163,0.0,0.0,0.0,0.0,0.0,,0.0,50
MERS,P*E*rare,SlidingTest(p=0.05),SlidingTest,1311,530,1330,9,110,0,-0.026,0.0,0.0,0.0,0.0,0.0,,0.0,120
MERS,P*E*rare,GradPeak(p=0.2),GradPeak,1311,530,1330,9,110,0,0.0096,0.0152,0.0078,0.4444,1.1456,0.3909,,-0.102,516
MERS,P*E*rare,GradPeak(p=0.5),GradPeak,1311,530,1330,9,110,0,-0.0487,0.0,0.0,0.0,0.0,0.3091,,-0.0927,343
MERS,P*E*rare,LocalContrast(z=1.0),LocalContrast,1311,530,1330,9,110,0,-0.0018,0.012,0.0064,0.1111,0.9413,0.0545,,-0.0043,157
MERS,P*E*rare,LocalContrast(z=1.5),LocalContrast,1311,530,1330,9,110,0,0.0307,0.0328,0.0192,0.1111,2.8419,0.0273,,0.0246,52
MERS,P*E*rare,LocalContrast(z=2.0),LocalContrast,1311,530,1330,9,110,0,-0.0125,0.0,0.0,0.0,0.0,0.0,,0.0,30
MERS,P*E*rare,"CUSUM(d=0.3,h=3.0)",CUSUM,1311,530,1330,9,110,0,-0.0411,0.0042,0.0022,0.1111,0.3192,0.0727,,-0.0176,463
MERS,P*E*rare,"CUSUM(d=0.5,h=4.0)",CUSUM,1311,530,1330,9,110,0,-0.0346,0.0,0.0,0.0,0.0,0.0,,0.0,199
MERS,P*E*rare,"CUSUM(d=0.5,h=5.0)",CUSUM,1311,530,1330,9,110,0,-0.0332,0.0,0.0,0.0,0.0,0.0,,0.0,185
MERS,P*E*rare,AdaptiveKnee,AdaptiveKnee,1311,530,1330,9,110,0,-0.0123,0.0,0.0,0.0,0.0,0.0,,0.0,29
MERS,P*E*rare,Spectral(z=1.5),Spectral,1311,530,1330,9,110,0,-0.0206,0.0,0.0,0.0,0.0,0.0818,,-0.0245,78
MERS,P*E*rare,Spectral(z=2.0),Spectral,1311,530,1330,9,110,0,-0.0149,0.0,0.0,0.0,0.0,0.0,,0.0,42
MERS,P*E*rare,Bayes(prior=0.1),Bayes,1311,530,1330,9,110,0,-0.0419,0.0042,0.0021,0.1111,0.3138,0.3545,,-0.1022,471
MERS,P*E*rare,Bayes(prior=0.15),Bayes,1311,530,1330,9,110,0,-0.0317,0.0072,0.0037,0.2222,0.5403,0.4273,,-0.121,547
MERS,P*E*rare,Ensemble(v>=2),Ensemble,1311,530,1330,9,110,0,-0.0105,0.0,0.0,0.0,0.0,0.0,,0.0,21
MERS,P*E*rare,Ensemble(v>=3),Ensemble,1311,530,1330,9,110,0,-0.0094,0.0,0.0,0.0,0.0,0.0,,0.0,17
MERS,P*E*rare,AdaptWin(s=90),AdaptWin,1311,530,1330,9,110,0,-0.0408,0.0,0.0,0.0,0.0,0.1636,,-0.0491,261
MERS,P*E*rare,AdaptWin(s=85),AdaptWin,1311,530,1330,9,110,0,0.0087,0.015,0.0076,0.4444,1.1302,0.5818,,-0.1595,523
MERS,P*E*rare,FreqThresh(p=80),FreqThresh,1311,530,1330,9,110,0,-0.0178,0.0074,0.0038,0.1111,0.564,0.1364,,-0.0335,262
MERS,P*E*rare,FreqThresh(p=85),FreqThresh,1311,530,1330,9,110,0,-0.0103,0.0092,0.0048,0.1111,0.7105,0.0636,,-0.0099,208
MERS,P*E*rare,FreqThresh(p=90),FreqThresh,1311,530,1330,9,110,0,-0.0256,0.0,0.0,0.0,0.0,0.0636,,-0.0191,117
MERS,P*E*rare,FreqThresh(p=95),FreqThresh,1311,530,1330,9,110,0,-0.0105,0.0,0.0,0.0,0.0,0.0,,0.0,21
MERS,P*E*rare,"SWAN(w=10,k=1.0)",SWAN,1311,530,1330,9,110,0,0.0173,0.0222,0.0123,0.1111,1.8244,0.0,,0.0222,81
MERS,P*E*rare,"SWAN(w=10,k=1.5)",SWAN,1311,530,1330,9,110,0,-0.0138,0.0,0.0,0.0,0.0,0.0,,0.0,36
MERS,P*E*rare,"SWAN(w=10,k=2.0)",SWAN,1311,530,1330,9,110,0,-0.0072,0.0,0.0,0.0,0.0,0.0,,0.0,10
MERS,P*E*rare,"SWAN(w=20,k=1.0)",SWAN,1311,530,1330,9,110,0,-0.0179,0.0,0.0,0.0,0.0,0.0,,0.0,60
MERS,P*E*rare,"SWAN(w=20,k=1.5)",SWAN,1311,530,1330,9,110,0,-0.0107,0.0,0.0,0.0,0.0,0.0,,0.0,22
MERS,P*E*rare,MutClust-Orig(g=10),MutClust-Orig,1311,530,1330,9,110,0,-0.0371,0.0,0.0,0.0,0.0,0.1091,,-0.0327,224
MERS,minority_E,Wavelet(t=1.0),Wavelet,1311,530,1330,9,110,0,0.0019,0.0137,0.0069,0.4444,1.0262,0.3,,-0.0763,576
MERS,minority_E,Wavelet(t=1.5),Wavelet,1311,530,1330,9,110,0,-0.035,0.0,0.0,0.0,0.0,0.0636,,-0.0191,203
MERS,minority_E,Wavelet(t=2.0),Wavelet,1311,530,1330,9,110,0,-0.02,0.0,0.0,0.0,0.0,0.0,,0.0,74
MERS,minority_E,KDE(p=75),KDE,1311,530,1330,9,110,0,0.0158,0.0175,0.009,0.3333,1.3313,0.2182,,-0.0479,333
MERS,minority_E,KDE(p=80),KDE,1311,530,1330,9,110,0,0.0046,0.0145,0.0075,0.2222,1.1111,0.2182,,-0.0509,266
MERS,minority_E,KDE(p=85),KDE,1311,530,1330,9,110,0,-0.0347,0.0,0.0,0.0,0.0,0.1545,,-0.0464,200
MERS,minority_E,SlidingTest(p=0.01),SlidingTest,1311,530,1330,9,110,0,0.0754,0.0272,0.0138,0.8889,2.0383,0.2182,,-0.0383,580
MERS,minority_E,SlidingTest(p=0.05),SlidingTest,1311,530,1330,9,110,0,0.0673,0.0247,0.0125,0.8889,1.8472,0.3182,,-0.0708,640
MERS,minority_E,GradPeak(p=0.2),GradPeak,1311,530,1330,9,110,0,-0.0347,0.0069,0.0035,0.2222,0.5167,0.4545,,-0.1295,572
MERS,minority_E,GradPeak(p=0.5),GradPeak,1311,530,1330,9,110,0,-0.0414,0.0,0.0,0.0,0.0,0.1818,,-0.0545,267
MERS,minority_E,LocalContrast(z=1.0),LocalContrast,1311,530,1330,9,110,0,-0.0416,0.0,0.0,0.0,0.0,0.2,,-0.06,269
MERS,minority_E,LocalContrast(z=1.5),LocalContrast,1311,530,1330,9,110,0,-0.0197,0.0,0.0,0.0,0.0,0.0,,0.0,72
MERS,minority_E,LocalContrast(z=2.0),LocalContrast,1311,530,1330,9,110,0,-0.0039,0.0,0.0,0.0,0.0,0.0,,0.0,3
MERS,minority_E,"CUSUM(d=0.3,h=3.0)",CUSUM,1311,530,1330,9,110,0,0.014,0.0138,0.007,1.0,1.0286,1.0,,-0.2862,1293
MERS,minority_E,"CUSUM(d=0.5,h=4.0)",CUSUM,1311,530,1330,9,110,0,0.0525,0.0188,0.0095,1.0,1.4044,0.2182,,-0.0466,947
MERS,minority_E,"CUSUM(d=0.5,h=5.0)",CUSUM,1311,530,1330,9,110,0,0.0565,0.0197,0.0099,1.0,1.468,0.2182,,-0.0458,906
MERS,minority_E,AdaptiveKnee,AdaptiveKnee,1311,530,1330,9,110,0,0.017,0.014,0.0071,1.0,1.0423,1.0,,-0.286,1276
MERS,minority_E,Spectral(z=1.5),Spectral,1311,530,1330,9,110,0,-0.0156,0.0,0.0,0.0,0.0,0.0,,0.0,46
MERS,minority_E,Spectral(z=2.0),Spectral,1311,530,1330,9,110,0,-0.0091,0.0,0.0,0.0,0.0,0.0,,0.0,16
MERS,minority_E,Bayes(prior=0.1),Bayes,1311,530,1330,9,110,0,-0.0098,0.0107,0.0055,0.2222,0.8075,0.2455,,-0.063,366
MERS,minority_E,Bayes(prior=0.15),Bayes,1311,530,1330,9,110,0,0.0023,0.0137,0.007,0.4444,1.0316,0.4,,-0.1063,573
MERS,minority_E,Ensemble(v>=2),Ensemble,1311,530,1330,9,110,0,-0.0222,0.0,0.0,0.0,0.0,0.0273,,-0.0082,90
MERS,minority_E,Ensemble(v>=3),Ensemble,1311,530,1330,9,110,0,-0.0121,0.0,0.0,0.0,0.0,0.0,,0.0,28
MERS,minority_E,AdaptWin(s=90),AdaptWin,1311,530,1330,9,110,0,0.023,0.0145,0.0073,1.0,1.0778,1.0,,-0.2855,1234
MERS,minority_E,AdaptWin(s=85),AdaptWin,1311,530,1330,9,110,0,0.0079,0.0136,0.0068,1.0,1.0091,1.0,,-0.2864,1318
MERS,minority_E,FreqThresh(p=80),FreqThresh,1311,530,1330,9,110,0,-0.0213,0.0067,0.0035,0.1111,0.5113,0.2364,,-0.0642,289
MERS,minority_E,FreqThresh(p=85),FreqThresh,1311,530,1330,9,110,0,-0.0318,0.0,0.0,0.0,0.0,0.1364,,-0.0409,172
MERS,minority_E,FreqThresh(p=90),FreqThresh,1311,530,1330,9,110,0,-0.0222,0.0,0.0,0.0,0.0,0.0273,,-0.0082,90
MERS,minority_E,FreqThresh(p=95),FreqThresh,1311,530,1330,9,110,0,-0.0121,0.0,0.0,0.0,0.0,0.0,,0.0,28
MERS,minority_E,"SWAN(w=10,k=1.0)",SWAN,1311,530,1330,9,110,0,-0.0245,0.0,0.0,0.0,0.0,0.0273,,-0.0082,108
MERS,minority_E,"SWAN(w=10,k=1.5)",SWAN,1311,530,1330,9,110,0,-0.0079,0.0,0.0,0.0,0.0,0.0,,0.0,12
MERS,minority_E,"SWAN(w=20,k=1.0)",SWAN,1311,530,1330,9,110,0,-0.0205,0.0,0.0,0.0,0.0,0.0,,0.0,77
MERS,minority_E,"SWAN(w=50,k=1.0)",SWAN,1311,530,1330,9,110,0,-0.0214,0.0,0.0,0.0,0.0,0.0,,0.0,84
MERS,minority_E,MutClust-Orig(g=10),MutClust-Orig,1311,530,1330,9,110,0,0.0023,0.0135,0.0068,1.0,1.0008,1.0,,-0.2865,1329
MERS,P*minority_E,Wavelet(t=1.0),Wavelet,1311,530,1330,9,110,0,-0.0363,0.0067,0.0034,0.2222,0.5044,0.3273,,-0.0915,586
MERS,P*minority_E,Wavelet(t=1.5),Wavelet,1311,530,1330,9,110,0,-0.0371,0.0,0.0,0.0,0.0,0.0545,,-0.0164,224
MERS,P*minority_E,Wavelet(t=2.0),Wavelet,1311,530,1330,9,110,0,-0.0193,0.0,0.0,0.0,0.0,0.0273,,-0.0082,69
MERS,P*minority_E,KDE(p=75),KDE,1311,530,1330,9,110,0,0.037,0.0234,0.012,0.4444,1.7751,0.1182,,-0.0121,333
MERS,P*minority_E,KDE(p=80),KDE,1311,530,1330,9,110,0,0.0275,0.0218,0.0113,0.3333,1.6667,0.0,,0.0218,266
MERS,P*minority_E,KDE(p=85),KDE,1311,530,1330,9,110,0,-0.0347,0.0,0.0,0.0,0.0,0.0,,0.0,200
MERS,P*minority_E,SlidingTest(p=0.01),SlidingTest,1311,530,1330,9,110,0,-0.0202,0.0,0.0,0.0,0.0,0.0,,0.0,75
MERS,P*minority_E,SlidingTest(p=0.05),SlidingTest,1311,530,1330,9,110,0,-0.0277,0.0,0.0,0.0,0.0,0.0,,0.0,135
MERS,P*minority_E,GradPeak(p=0.2),GradPeak,1311,530,1330,9,110,0,0.0123,0.0154,0.0078,0.5556,1.1545,0.5727,,-0.1564,640
MERS,P*minority_E,GradPeak(p=0.5),GradPeak,1311,530,1330,9,110,0,-0.0362,0.0047,0.0024,0.1111,0.3527,0.3273,,-0.0935,419
MERS,P*minority_E,LocalContrast(z=1.0),LocalContrast,1311,530,1330,9,110,0,-0.0271,0.0,0.0,0.0,0.0,0.0909,,-0.0273,129
MERS,P*minority_E,LocalContrast(z=1.5),LocalContrast,1311,530,1330,9,110,0,-0.0145,0.0,0.0,0.0,0.0,0.0636,,-0.0191,40
MERS,P*minority_E,LocalContrast(z=2.0),LocalContrast,1311,530,1330,9,110,0,-0.0114,0.0,0.0,0.0,0.0,0.0364,,-0.0109,25
MERS,P*minority_E,"CUSUM(d=0.3,h=3.0)",CUSUM,1311,530,1330,9,110,0,-0.0659,0.0,0.0,0.0,0.0,0.0545,,-0.0164,518
MERS,P*minority_E,"CUSUM(d=0.5,h=4.0)",CUSUM,1311,530,1330,9,110,0,-0.0351,0.0,0.0,0.0,0.0,0.0273,,-0.0082,204
MERS,P*minority_E,"CUSUM(d=0.5,h=5.0)",CUSUM,1311,530,1330,9,110,0,-0.0314,0.0,0.0,0.0,0.0,0.0273,,-0.0082,168
MERS,P*minority_E,AdaptiveKnee,AdaptiveKnee,1311,530,1330,9,110,0,-0.0214,0.0,0.0,0.0,0.0,0.0636,,-0.0191,84
MERS,P*minority_E,ScoreDBSCAN(ep=8),ScoreDBSCAN,1311,530,1330,9,110,0,-0.0097,0.0,0.0,0.0,0.0,0.0364,,-0.0109,18
MERS,P*minority_E,ScoreDBSCAN(ep=15),ScoreDBSCAN,1311,530,1330,9,110,0,-0.0051,0.0,0.0,0.0,0.0,0.0,,0.0,5
MERS,P*minority_E,Spectral(z=1.5),Spectral,1311,530,1330,9,110,0,-0.0202,0.0,0.0,0.0,0.0,0.0364,,-0.0109,75
MERS,P*minority_E,Spectral(z=2.0),Spectral,1311,530,1330,9,110,0,-0.0134,0.0,0.0,0.0,0.0,0.0273,,-0.0082,34
MERS,P*minority_E,Bayes(prior=0.1),Bayes,1311,530,1330,9,110,0,-0.029,0.0,0.0,0.0,0.0,0.0636,,-0.0191,146
MERS,P*minority_E,Bayes(prior=0.15),Bayes,1311,530,1330,9,110,0,-0.0369,0.0,0.0,0.0,0.0,0.1273,,-0.0382,222
MERS,P*minority_E,Ensemble(v>=2),Ensemble,1311,530,1330,9,110,0,-0.013,0.0,0.0,0.0,0.0,0.0636,,-0.0191,32
MERS,P*minority_E,Ensemble(v>=3),Ensemble,1311,530,1330,9,110,0,-0.0114,0.0,0.0,0.0,0.0,0.0364,,-0.0109,25
MERS,P*minority_E,AdaptWin(s=90),AdaptWin,1311,530,1330,9,110,0,0.0132,0.0156,0.0079,0.5556,1.1673,0.6364,,-0.1753,633
MERS,P*minority_E,AdaptWin(s=85),AdaptWin,1311,530,1330,9,110,0,0.0391,0.0164,0.0083,1.0,1.2247,1.0,,-0.2836,1086
MERS,P*minority_E,FreqThresh(p=80),FreqThresh,1311,530,1330,9,110,0,-0.0195,0.007,0.0036,0.1111,0.5374,0.1818,,-0.0475,275
MERS,P*minority_E,FreqThresh(p=85),FreqThresh,1311,530,1330,9,110,0,-0.0342,0.0,0.0,0.0,0.0,0.1273,,-0.0382,195
MERS,P*minority_E,FreqThresh(p=90),FreqThresh,1311,530,1330,9,110,0,-0.0239,0.0,0.0,0.0,0.0,0.0636,,-0.0191,103
MERS,P*minority_E,FreqThresh(p=95),FreqThresh,1311,530,1330,9,110,0,-0.0114,0.0,0.0,0.0,0.0,0.0364,,-0.0109,25
MERS,P*minority_E,"SWAN(w=10,k=1.0)",SWAN,1311,530,1330,9,110,0,-0.0178,0.0,0.0,0.0,0.0,0.0,,0.0,59
MERS,P*minority_E,"SWAN(w=20,k=1.0)",SWAN,1311,530,1330,9,110,0,-0.0153,0.0,0.0,0.0,0.0,0.0,,0.0,44
MERS,P*minority_E,MutClust-Orig(g=10),MutClust-Orig,1311,530,1330,9,110,0,0.0023,0.0135,0.0068,1.0,1.0008,1.0,,-0.2865,1329
MERS,P*E,Wavelet(t=1.0),Wavelet,1311,530,1330,9,110,0,-0.0362,0.0067,0.0034,0.2222,0.5052,0.5091,,-0.146,585
MERS,P*E,Wavelet(t=1.5),Wavelet,1311,530,1330,9,110,0,-0.0377,0.0,0.0,0.0,0.0,0.1273,,-0.0382,230
MERS,P*E,Wavelet(t=2.0),Wavelet,1311,530,1330,9,110,0,-0.0189,0.0,0.0,0.0,0.0,0.0273,,-0.0082,66
MERS,P*E,KDE(p=75),KDE,1311,530,1330,9,110,0,-0.0054,0.0117,0.006,0.2222,0.8876,0.0,,0.0117,333
MERS,P*E,KDE(p=80),KDE,1311,530,1330,9,110,0,-0.0413,0.0,0.0,0.0,0.0,0.0,,0.0,266
MERS,P*E,KDE(p=85),KDE,1311,530,1330,9,110,0,-0.0347,0.0,0.0,0.0,0.0,0.0,,0.0,200
MERS,P*E,SlidingTest(p=0.01),SlidingTest,1311,530,1330,9,110,0,-0.0072,0.0,0.0,0.0,0.0,0.0,,0.0,10
MERS,P*E,SlidingTest(p=0.05),SlidingTest,1311,530,1330,9,110,0,-0.0216,0.0,0.0,0.0,0.0,0.0,,0.0,85
MERS,P*E,GradPeak(p=0.2),GradPeak,1311,530,1330,9,110,0,-0.0319,0.0072,0.0036,0.2222,0.5384,0.4818,,-0.1374,549
MERS,P*E,GradPeak(p=0.5),GradPeak,1311,530,1330,9,110,0,-0.056,0.0,0.0,0.0,0.0,0.3636,,-0.1091,419
MERS,P*E,LocalContrast(z=1.0),LocalContrast,1311,530,1330,9,110,0,-0.0261,0.0,0.0,0.0,0.0,0.0909,,-0.0273,121
MERS,P*E,LocalContrast(z=1.5),LocalContrast,1311,530,1330,9,110,0,-0.0147,0.0,0.0,0.0,0.0,0.0364,,-0.0109,41
MERS,P*E,LocalContrast(z=2.0),LocalContrast,1311,530,1330,9,110,0,-0.0123,0.0,0.0,0.0,0.0,0.0364,,-0.0109,29
MERS,P*E,"CUSUM(d=0.3,h=3.0)",CUSUM,1311,530,1330,9,110,0,-0.0481,0.0,0.0,0.0,0.0,0.1545,,-0.0464,337
MERS,P*E,"CUSUM(d=0.5,h=4.0)",CUSUM,1311,530,1330,9,110,0,-0.0205,0.0,0.0,0.0,0.0,0.0364,,-0.0109,77
MERS,P*E,"CUSUM(d=0.5,h=5.0)",CUSUM,1311,530,1330,9,110,0,-0.0151,0.0,0.0,0.0,0.0,0.0,,0.0,43
MERS,P*E,AdaptiveKnee,AdaptiveKnee,1311,530,1330,9,110,0,-0.0158,0.0,0.0,0.0,0.0,0.0636,,-0.0191,47
MERS,P*E,ScoreDBSCAN(ep=8),ScoreDBSCAN,1311,530,1330,9,110,0,-0.0097,0.0,0.0,0.0,0.0,0.0364,,-0.0109,18
MERS,P*E,ScoreDBSCAN(ep=15),ScoreDBSCAN,1311,530,1330,9,110,0,-0.0094,0.0,0.0,0.0,0.0,0.0364,,-0.0109,17
MERS,P*E,Spectral(z=1.5),Spectral,1311,530,1330,9,110,0,-0.022,0.0,0.0,0.0,0.0,0.0364,,-0.0109,88
MERS,P*E,Spectral(z=2.0),Spectral,1311,530,1330,9,110,0,-0.0143,0.0,0.0,0.0,0.0,0.0273,,-0.0082,39
MERS,P*E,Bayes(prior=0.1),Bayes,1311,530,1330,9,110,0,-0.0242,0.0,0.0,0.0,0.0,0.0636,,-0.0191,105
MERS,P*E,Bayes(prior=0.15),Bayes,1311,530,1330,9,110,0,-0.0266,0.0,0.0,0.0,0.0,0.1,,-0.03,125
MERS,P*E,Ensemble(v>=2),Ensemble,1311,530,1330,9,110,0,-0.013,0.0,0.0,0.0,0.0,0.0636,,-0.0191,32
MERS,P*E,Ensemble(v>=3),Ensemble,1311,530,1330,9,110,0,-0.0114,0.0,0.0,0.0,0.0,0.0364,,-0.0109,25
MERS,P*E,AdaptWin(s=90),AdaptWin,1311,530,1330,9,110,0,0.0132,0.0177,0.0092,0.2222,1.362,0.1091,,-0.015,217
MERS,P*E,AdaptWin(s=85),AdaptWin,1311,530,1330,9,110,0,0.0177,0.0159,0.0081,0.6667,1.1902,0.6364,,-0.175,745
MERS,P*E,FreqThresh(p=80),FreqThresh,1311,530,1330,9,110,0,-0.0189,0.0072,0.0037,0.1111,0.5473,0.1545,,-0.0392,270
MERS,P*E,FreqThresh(p=85),FreqThresh,1311,530,1330,9,110,0,-0.0357,0.0,0.0,0.0,0.0,0.0636,,-0.0191,210
MERS,P*E,FreqThresh(p=90),FreqThresh,1311,530,1330,9,110,0,-0.0247,0.0,0.0,0.0,0.0,0.0636,,-0.0191,109
MERS,P*E,FreqThresh(p=95),FreqThresh,1311,530,1330,9,110,0,-0.0094,0.0,0.0,0.0,0.0,0.0,,0.0,17
MERS,P*E,"SWAN(w=10,k=1.0)",SWAN,1311,530,1330,9,110,0,-0.0143,0.0,0.0,0.0,0.0,0.0,,0.0,39
MERS,P*E,"SWAN(w=10,k=1.5)",SWAN,1311,530,1330,9,110,0,-0.0075,0.0,0.0,0.0,0.0,0.0,,0.0,11
MERS,P*E,MutClust-Orig(g=10),MutClust-Orig,1311,530,1330,9,110,0,0.0,0.0134,0.0068,1.0,1.0,1.0,,-0.2866,1330
MERS,H-score,Wavelet(t=1.0),Wavelet,1311,530,1330,9,110,0,-0.0584,0.0,0.0,0.0,0.0,0.1818,,-0.0545,444
MERS,H-score,Wavelet(t=1.5),Wavelet,1311,530,1330,9,110,0,-0.0302,0.0,0.0,0.0,0.0,0.0909,,-0.0273,157
MERS,H-score,Wavelet(t=2.0),Wavelet,1311,530,1330,9,110,0,-0.0175,0.0,0.0,0.0,0.0,0.0273,,-0.0082,57
MERS,H-score,KDE(p=75),KDE,1311,530,1330,9,110,0,0.0581,0.0292,0.015,0.5556,2.2189,0.2182,,-0.0362,333
MERS,H-score,KDE(p=80),KDE,1311,530,1330,9,110,0,0.0734,0.0364,0.0188,0.5556,2.7778,0.1727,,-0.0155,266
MERS,H-score,KDE(p=85),KDE,1311,530,1330,9,110,0,-0.0091,0.0096,0.005,0.1111,0.7389,0.0273,,0.0014,200
MERS,H-score,SlidingTest(p=0.01),SlidingTest,1311,530,1330,9,110,0,-0.0248,0.0,0.0,0.0,0.0,0.0,,0.0,110
MERS,H-score,SlidingTest(p=0.05),SlidingTest,1311,530,1330,9,110,0,-0.0283,0.0,0.0,0.0,0.0,0.0,,0.0,140
MERS,H-score,GradPeak(p=0.2),GradPeak,1311,530,1330,9,110,0,0.0222,0.0167,0.0085,0.6667,1.2524,0.6,,-0.1633,708
MERS,H-score,GradPeak(p=0.5),GradPeak,1311,530,1330,9,110,0,-0.026,0.0079,0.004,0.2222,0.5935,0.4091,,-0.1148,498
MERS,H-score,LocalContrast(z=1.0),LocalContrast,1311,530,1330,9,110,0,-0.0206,0.0,0.0,0.0,0.0,0.0909,,-0.0273,78
MERS,H-score,LocalContrast(z=1.5),LocalContrast,1311,530,1330,9,110,0,-0.0145,0.0,0.0,0.0,0.0,0.0636,,-0.0191,40
MERS,H-score,LocalContrast(z=2.0),LocalContrast,1311,530,1330,9,110,0,-0.0123,0.0,0.0,0.0,0.0,0.0364,,-0.0109,29
MERS,H-score,"CUSUM(d=0.3,h=3.0)",CUSUM,1311,530,1330,9,110,0,-0.0579,0.0,0.0,0.0,0.0,0.0727,,-0.0218,439
MERS,H-score,"CUSUM(d=0.5,h=4.0)",CUSUM,1311,530,1330,9,110,0,-0.0293,0.0,0.0,0.0,0.0,0.0273,,-0.0082,149
MERS,H-score,"CUSUM(d=0.5,h=5.0)",CUSUM,1311,530,1330,9,110,0,-0.0249,0.0,0.0,0.0,0.0,0.0,,0.0,111
MERS,H-score,AdaptiveKnee,AdaptiveKnee,1311,530,1330,9,110,0,0.0068,0.0135,0.0068,1.0,1.0068,1.0,,-0.2865,1321
MERS,H-score,Spectral(z=1.5),Spectral,1311,530,1330,9,110,0,-0.0149,0.0,0.0,0.0,0.0,0.0364,,-0.0109,42
MERS,H-score,Spectral(z=2.0),Spectral,1311,530,1330,9,110,0,-0.0105,0.0,0.0,0.0,0.0,0.0273,,-0.0082,21
MERS,H-score,Bayes(prior=0.1),Bayes,1311,530,1330,9,110,0,-0.0147,0.0,0.0,0.0,0.0,0.0636,,-0.0191,41
MERS,H-score,Bayes(prior=0.15),Bayes,1311,530,1330,9,110,0,-0.0187,0.0,0.0,0.0,0.0,0.0636,,-0.0191,65
MERS,H-score,Ensemble(v>=2),Ensemble,1311,530,1330,9,110,0,-0.013,0.0,0.0,0.0,0.0,0.0636,,-0.0191,32
MERS,H-score,Ensemble(v>=3),Ensemble,1311,530,1330,9,110,0,-0.013,0.0,0.0,0.0,0.0,0.0636,,-0.0191,32
MERS,H-score,AdaptWin(s=90),AdaptWin,1311,530,1330,9,110,0,0.0105,0.0137,0.0069,1.0,1.016,1.0,,-0.2863,1309
MERS,H-score,AdaptWin(s=85),AdaptWin,1311,530,1330,9,110,0,0.0079,0.0136,0.0068,1.0,1.0091,1.0,,-0.2864,1318
MERS,H-score,FreqThresh(p=80),FreqThresh,1311,530,1330,9,110,0,-0.0189,0.0072,0.0037,0.1111,0.5473,0.1545,,-0.0392,270
MERS,H-score,FreqThresh(p=85),FreqThresh,1311,530,1330,9,110,0,-0.0357,0.0,0.0,0.0,0.0,0.0636,,-0.0191,210
MERS,H-score,FreqThresh(p=90),FreqThresh,1311,530,1330,9,110,0,-0.0247,0.0,0.0,0.0,0.0,0.0636,,-0.0191,109
MERS,H-score,FreqThresh(p=95),FreqThresh,1311,530,1330,9,110,0,-0.0094,0.0,0.0,0.0,0.0,0.0,,0.0,17
MERS,H-score,"SWAN(w=10,k=1.0)",SWAN,1311,530,1330,9,110,0,-0.0102,0.0,0.0,0.0,0.0,0.0,,0.0,20
MERS,H-score,MutClust-Orig(g=10),MutClust-Orig,1311,530,1330,9,110,0,0.0,0.0134,0.0068,1.0,1.0,1.0,,-0.2866,1330
MERS,E_only,Wavelet(t=1.0),Wavelet,1311,530,1330,9,110,0,-0.0334,0.007,0.0036,0.2222,0.5268,0.3091,,-0.0857,561
MERS,E_only,Wavelet(t=1.5),Wavelet,1311,530,1330,9,110,0,-0.0349,0.0,0.0,0.0,0.0,0.0909,,-0.0273,202
MERS,E_only,Wavelet(t=2.0),Wavelet,1311,530,1330,9,110,0,-0.0178,0.0,0.0,0.0,0.0,0.0273,,-0.0082,59
MERS,E_only,KDE(p=75),KDE,1311,530,1330,9,110,0,0.0581,0.0292,0.015,0.5556,2.2189,0.2182,,-0.0362,333
MERS,E_only,KDE(p=80),KDE,1311,530,1330,9,110,0,0.0504,0.0291,0.015,0.4444,2.2222,0.2,,-0.0309,266
MERS,E_only,KDE(p=85),KDE,1311,530,1330,9,110,0,-0.0347,0.0,0.0,0.0,0.0,0.0,,0.0,200
MERS,E_only,SlidingTest(p=0.01),SlidingTest,1311,530,1330,9,110,0,-0.0209,0.0,0.0,0.0,0.0,0.0,,0.0,80
MERS,E_only,SlidingTest(p=0.05),SlidingTest,1311,530,1330,9,110,0,-0.0277,0.0,0.0,0.0,0.0,0.0,,0.0,135
MERS,E_only,GradPeak(p=0.2),GradPeak,1311,530,1330,9,110,0,0.0064,0.0144,0.0073,0.5556,1.0755,0.5818,,-0.1602,687
MERS,E_only,GradPeak(p=0.5),GradPeak,1311,530,1330,9,110,0,-0.0229,0.0083,0.0042,0.2222,0.6262,0.3727,,-0.1035,472
MERS,E_only,LocalContrast(z=1.0),LocalContrast,1311,530,1330,9,110,0,-0.0245,0.0,0.0,0.0,0.0,0.0636,,-0.0191,108
MERS,E_only,LocalContrast(z=1.5),LocalContrast,1311,530,1330,9,110,0,-0.0138,0.0,0.0,0.0,0.0,0.0636,,-0.0191,36
MERS,E_only,LocalContrast(z=2.0),LocalContrast,1311,530,1330,9,110,0,-0.0123,0.0,0.0,0.0,0.0,0.0364,,-0.0109,29
MERS,E_only,"CUSUM(d=0.3,h=3.0)",CUSUM,1311,530,1330,9,110,0,-0.0648,0.0,0.0,0.0,0.0,0.0545,,-0.0164,507
MERS,E_only,"CUSUM(d=0.5,h=4.0)",CUSUM,1311,530,1330,9,110,0,-0.0381,0.0,0.0,0.0,0.0,0.0364,,-0.0109,234
MERS,E_only,"CUSUM(d=0.5,h=5.0)",CUSUM,1311,530,1330,9,110,0,-0.034,0.0,0.0,0.0,0.0,0.0273,,-0.0082,193
MERS,E_only,AdaptiveKnee,AdaptiveKnee,1311,530,1330,9,110,0,-0.0217,0.0,0.0,0.0,0.0,0.0636,,-0.0191,86
MERS,E_only,ScoreDBSCAN(ep=8),ScoreDBSCAN,1311,530,1330,9,110,0,-0.0068,0.0,0.0,0.0,0.0,0.0364,,-0.0109,9
MERS,E_only,ScoreDBSCAN(ep=15),ScoreDBSCAN,1311,530,1330,9,110,0,-0.0051,0.0,0.0,0.0,0.0,0.0,,0.0,5
MERS,E_only,Spectral(z=1.5),Spectral,1311,530,1330,9,110,0,-0.0196,0.0,0.0,0.0,0.0,0.0364,,-0.0109,71
MERS,E_only,Spectral(z=2.0),Spectral,1311,530,1330,9,110,0,-0.0125,0.0,0.0,0.0,0.0,0.0273,,-0.0082,30
MERS,E_only,Bayes(prior=0.1),Bayes,1311,530,1330,9,110,0,-0.0237,0.0,0.0,0.0,0.0,0.0636,,-0.0191,101
MERS,E_only,Bayes(prior=0.15),Bayes,1311,530,1330,9,110,0,-0.0288,0.0,0.0,0.0,0.0,0.1,,-0.03,144
MERS,E_only,Ensemble(v>=2),Ensemble,1311,530,1330,9,110,0,-0.013,0.0,0.0,0.0,0.0,0.0636,,-0.0191,32
MERS,E_only,Ensemble(v>=3),Ensemble,1311,530,1330,9,110,0,-0.013,0.0,0.0,0.0,0.0,0.0636,,-0.0191,32
MERS,E_only,AdaptWin(s=90),AdaptWin,1311,530,1330,9,110,0,0.0361,0.0174,0.0088,0.8889,1.2963,0.7636,,-0.2117,912
MERS,E_only,AdaptWin(s=85),AdaptWin,1311,530,1330,9,110,0,0.0147,0.0139,0.007,1.0,1.0318,1.0,,-0.2861,1289
MERS,E_only,FreqThresh(p=80),FreqThresh,1311,530,1330,9,110,0,-0.0203,0.0069,0.0036,0.1111,0.5259,0.1545,,-0.0395,281
MERS,E_only,FreqThresh(p=85),FreqThresh,1311,530,1330,9,110,0,-0.034,0.0,0.0,0.0,0.0,0.0636,,-0.0191,193
MERS,E_only,FreqThresh(p=90),FreqThresh,1311,530,1330,9,110,0,-0.024,0.0,0.0,0.0,0.0,0.0636,,-0.0191,104
MERS,E_only,FreqThresh(p=95),FreqThresh,1311,530,1330,9,110,0,-0.0114,0.0,0.0,0.0,0.0,0.0364,,-0.0109,25
MERS,E_only,"SWAN(w=10,k=1.0)",SWAN,1311,530,1330,9,110,0,-0.0149,0.0,0.0,0.0,0.0,0.0,,0.0,42
MERS,E_only,MutClust-Orig(g=10),MutClust-Orig,1311,530,1330,9,110,0,0.0,0.0134,0.0068,1.0,1.0,1.0,,-0.2866,1330
MERS,P*E^2,Wavelet(t=1.0),Wavelet,1311,530,1330,9,110,0,-0.0344,0.0069,0.0035,0.2222,0.5185,0.4727,,-0.1349,570
MERS,P*E^2,Wavelet(t=1.5),Wavelet,1311,530,1330,9,110,0,-0.0366,0.0,0.0,0.0,0.0,0.1273,,-0.0382,219
MERS,P*E^2,Wavelet(t=2.0),Wavelet,1311,530,1330,9,110,0,-0.0205,0.0,0.0,0.0,0.0,0.0273,,-0.0082,77
MERS,P*E^2,KDE(p=75),KDE,1311,530,1330,9,110,0,-0.0477,0.0,0.0,0.0,0.0,0.1,,-0.03,333
MERS,P*E^2,KDE(p=80),KDE,1311,530,1330,9,110,0,-0.0413,0.0,0.0,0.0,0.0,0.0,,0.0,266
MERS,P*E^2,KDE(p=85),KDE,1311,530,1330,9,110,0,-0.0347,0.0,0.0,0.0,0.0,0.0,,0.0,200
MERS,P*E^2,SlidingTest(p=0.05),SlidingTest,1311,530,1330,9,110,0,-0.0216,0.0,0.0,0.0,0.0,0.0,,0.0,85
MERS,P*E^2,GradPeak(p=0.2),GradPeak,1311,530,1330,9,110,0,-0.0411,0.0042,0.0022,0.1111,0.3192,0.3909,,-0.113,463
MERS,P*E^2,GradPeak(p=0.5),GradPeak,1311,530,1330,9,110,0,-0.0327,0.0051,0.0026,0.1111,0.3819,0.3091,,-0.0877,387
MERS,P*E^2,LocalContrast(z=1.0),LocalContrast,1311,530,1330,9,110,0,-0.0274,0.0,0.0,0.0,0.0,0.0909,,-0.0273,132
MERS,P*E^2,LocalContrast(z=1.5),LocalContrast,1311,530,1330,9,110,0,-0.0147,0.0,0.0,0.0,0.0,0.0364,,-0.0109,41
MERS,P*E^2,LocalContrast(z=2.0),LocalContrast,1311,530,1330,9,110,0,-0.0114,0.0,0.0,0.0,0.0,0.0364,,-0.0109,25
MERS,P*E^2,"CUSUM(d=0.3,h=3.0)",CUSUM,1311,530,1330,9,110,0,-0.0445,0.0,0.0,0.0,0.0,0.1455,,-0.0436,300
MERS,P*E^2,"CUSUM(d=0.5,h=4.0)",CUSUM,1311,530,1330,9,110,0,-0.023,0.0,0.0,0.0,0.0,0.0273,,-0.0082,96
MERS,P*E^2,"CUSUM(d=0.5,h=5.0)",CUSUM,1311,530,1330,9,110,0,-0.0178,0.0,0.0,0.0,0.0,0.0,,0.0,59
MERS,P*E^2,AdaptiveKnee,AdaptiveKnee,1311,530,1330,9,110,0,-0.0143,0.0,0.0,0.0,0.0,0.0636,,-0.0191,39
MERS,P*E^2,ScoreDBSCAN(ep=8),ScoreDBSCAN,1311,530,1330,9,110,0,-0.0097,0.0,0.0,0.0,0.0,0.0364,,-0.0109,18
MERS,P*E^2,ScoreDBSCAN(ep=15),ScoreDBSCAN,1311,530,1330,9,110,0,-0.0094,0.0,0.0,0.0,0.0,0.0364,,-0.0109,17
MERS,P*E^2,Spectral(z=1.5),Spectral,1311,530,1330,9,110,0,-0.023,0.0,0.0,0.0,0.0,0.0545,,-0.0164,96
MERS,P*E^2,Spectral(z=2.0),Spectral,1311,530,1330,9,110,0,-0.0153,0.0,0.0,0.0,0.0,0.0273,,-0.0082,44
MERS,P*E^2,Bayes(prior=0.1),Bayes,1311,530,1330,9,110,0,-0.0268,0.0,0.0,0.0,0.0,0.0636,,-0.0191,127
MERS,P*E^2,Bayes(prior=0.15),Bayes,1311,530,1330,9,110,0,-0.0291,0.0,0.0,0.0,0.0,0.0636,,-0.0191,147
MERS,P*E^2,Ensemble(v>=2),Ensemble,1311,530,1330,9,110,0,-0.0114,0.0,0.0,0.0,0.0,0.0364,,-0.0109,25
MERS,P*E^2,Ensemble(v>=3),Ensemble,1311,530,1330,9,110,0,-0.0114,0.0,0.0,0.0,0.0,0.0364,,-0.0109,25
MERS,P*E^2,AdaptWin(s=90),AdaptWin,1311,530,1330,9,110,0,0.0201,0.0207,0.0109,0.2222,1.6063,0.1091,,-0.012,184
MERS,P*E^2,AdaptWin(s=85),AdaptWin,1311,530,1330,9,110,0,-0.0232,0.0083,0.0042,0.2222,0.6222,0.3273,,-0.0899,475
MERS,P*E^2,FreqThresh(p=80),FreqThresh,1311,530,1330,9,110,0,-0.0426,0.0,0.0,0.0,0.0,0.1364,,-0.0409,280
MERS,P*E^2,FreqThresh(p=85),FreqThresh,1311,530,1330,9,110,0,-0.0352,0.0,0.0,0.0,0.0,0.0636,,-0.0191,205
MERS,P*E^2,FreqThresh(p=90),FreqThresh,1311,530,1330,9,110,0,-0.0248,0.0,0.0,0.0,0.0,0.0636,,-0.0191,110
MERS,P*E^2,FreqThresh(p=95),FreqThresh,1311,530,1330,9,110,0,-0.0094,0.0,0.0,0.0,0.0,0.0,,0.0,17
MERS,P*E^2,"SWAN(w=10,k=1.0)",SWAN,1311,530,1330,9,110,0,-0.0149,0.0,0.0,0.0,0.0,0.0,,0.0,42
MERS,P*E^2,"SWAN(w=10,k=1.5)",SWAN,1311,530,1330,9,110,0,-0.0075,0.0,0.0,0.0,0.0,0.0,,0.0,11
MERS,P*E^2,MutClust-Orig(g=10),MutClust-Orig,1311,530,1330,9,110,0,0.0,0.0134,0.0068,1.0,1.0,1.0,,-0.2866,1330
MERS,rank(P*E),Wavelet(t=1.0),Wavelet,1311,530,1330,9,110,0,-0.0656,0.0029,0.0015,0.1111,0.2186,0.4636,,-0.1362,676
MERS,rank(P*E),Wavelet(t=1.5),Wavelet,1311,530,1330,9,110,0,-0.0381,0.0,0.0,0.0,0.0,0.0909,,-0.0273,234
MERS,rank(P*E),Wavelet(t=2.0),Wavelet,1311,530,1330,9,110,0,-0.0189,0.0,0.0,0.0,0.0,0.0,,0.0,66
MERS,rank(P*E),KDE(p=75),KDE,1311,530,1330,9,110,0,0.0581,0.0292,0.015,0.5556,2.2189,0.2182,,-0.0362,333
MERS,rank(P*E),KDE(p=80),KDE,1311,530,1330,9,110,0,0.0504,0.0291,0.015,0.4444,2.2222,0.1636,,-0.02,266
MERS,rank(P*E),KDE(p=85),KDE,1311,530,1330,9,110,0,-0.0347,0.0,0.0,0.0,0.0,0.0364,,-0.0109,200
MERS,rank(P*E),SlidingTest(p=0.01),SlidingTest,1311,530,1330,9,110,0,-0.0392,0.0,0.0,0.0,0.0,0.1545,,-0.0464,245
MERS,rank(P*E),SlidingTest(p=0.05),SlidingTest,1311,530,1330,9,110,0,0.0879,0.0351,0.0179,0.7778,2.6524,0.2182,,-0.0304,390
MERS,rank(P*E),GradPeak(p=0.2),GradPeak,1311,530,1330,9,110,0,0.0575,0.0219,0.0111,0.8889,1.6397,0.6636,,-0.1772,721
MERS,rank(P*E),GradPeak(p=0.5),GradPeak,1311,530,1330,9,110,0,0.0337,0.0205,0.0105,0.5556,1.5458,0.4818,,-0.124,478
MERS,rank(P*E),LocalContrast(z=1.0),LocalContrast,1311,530,1330,9,110,0,-0.0275,0.0057,0.0029,0.1111,0.4334,0.2091,,-0.057,341
MERS,rank(P*E),LocalContrast(z=1.5),LocalContrast,1311,530,1330,9,110,0,-0.0206,0.0,0.0,0.0,0.0,0.0909,,-0.0273,78
MERS,rank(P*E),LocalContrast(z=2.0),LocalContrast,1311,530,1330,9,110,0,-0.0102,0.0,0.0,0.0,0.0,0.0364,,-0.0109,20
MERS,rank(P*E),"CUSUM(d=0.3,h=3.0)",CUSUM,1311,530,1330,9,110,0,-0.1019,0.0,0.0,0.0,0.0,0.4273,,-0.1282,803
MERS,rank(P*E),"CUSUM(d=0.5,h=4.0)",CUSUM,1311,530,1330,9,110,0,-0.0428,0.0,0.0,0.0,0.0,0.0273,,-0.0082,282
MERS,rank(P*E),"CUSUM(d=0.5,h=5.0)",CUSUM,1311,530,1330,9,110,0,-0.0408,0.0,0.0,0.0,0.0,0.0,,0.0,261
MERS,rank(P*E),ScoreDBSCAN(ep=8),ScoreDBSCAN,1311,530,1330,9,110,0,0.0023,0.0135,0.0068,1.0,1.0008,1.0,,-0.2865,1329
MERS,rank(P*E),Spectral(z=1.5),Spectral,1311,530,1330,9,110,0,-0.0173,0.0,0.0,0.0,0.0,0.0273,,-0.0082,56
MERS,rank(P*E),Spectral(z=2.0),Spectral,1311,530,1330,9,110,0,-0.0085,0.0,0.0,0.0,0.0,0.0,,0.0,14
MERS,rank(P*E),Bayes(prior=0.1),Bayes,1311,530,1330,9,110,0,0.021,0.0165,0.0084,0.6667,1.2349,0.3818,,-0.098,718
MERS,rank(P*E),Bayes(prior=0.15),Bayes,1311,530,1330,9,110,0,0.0104,0.0147,0.0075,0.6667,1.1014,0.5455,,-0.1489,805
MERS,rank(P*E),Ensemble(v>=2),Ensemble,1311,530,1330,9,110,0,-0.0247,0.0,0.0,0.0,0.0,0.0636,,-0.0191,109
MERS,rank(P*E),Ensemble(v>=3),Ensemble,1311,530,1330,9,110,0,-0.0158,0.0,0.0,0.0,0.0,0.0636,,-0.0191,47
MERS,rank(P*E),AdaptWin(s=90),AdaptWin,1311,530,1330,9,110,0,-0.0415,0.0,0.0,0.0,0.0,0.1091,,-0.0327,268
MERS,rank(P*E),AdaptWin(s=85),AdaptWin,1311,530,1330,9,110,0,-0.0439,0.004,0.002,0.1111,0.3022,0.3182,,-0.0914,489
MERS,rank(P*E),FreqThresh(p=80),FreqThresh,1311,530,1330,9,110,0,-0.0189,0.0072,0.0037,0.1111,0.5473,0.1545,,-0.0392,270
MERS,rank(P*E),FreqThresh(p=85),FreqThresh,1311,530,1330,9,110,0,-0.0357,0.0,0.0,0.0,0.0,0.0636,,-0.0191,210
MERS,rank(P*E),FreqThresh(p=90),FreqThresh,1311,530,1330,9,110,0,-0.0247,0.0,0.0,0.0,0.0,0.0636,,-0.0191,109
MERS,rank(P*E),FreqThresh(p=95),FreqThresh,1311,530,1330,9,110,0,-0.0094,0.0,0.0,0.0,0.0,0.0,,0.0,17
MERS,rank(P*E),"SWAN(w=10,k=1.0)",SWAN,1311,530,1330,9,110,0,-0.0216,0.0,0.0,0.0,0.0,0.0,,0.0,85
MERS,rank(P*E),"SWAN(w=20,k=1.0)",SWAN,1311,530,1330,9,110,0,-0.0189,0.0,0.0,0.0,0.0,0.0,,0.0,66
MERS,rank(P*E),MutClust-Orig(g=10),MutClust-Orig,1311,530,1330,9,110,0,0.0023,0.0135,0.0068,1.0,1.0008,1.0,,-0.2865,1329
HCV,E*rare,Wavelet(t=1.0),Wavelet,1362,1067,340,54,0,0,-0.3412,0.0803,0.0513,0.1852,0.3229,0.0,,0.0803,195
HCV,E*rare,Wavelet(t=1.5),Wavelet,1362,1067,340,54,0,0,-0.1609,0.0,0.0,0.0,0.0,0.0,,0.0,41
HCV,E*rare,Wavelet(t=2.0),Wavelet,1362,1067,340,54,0,0,-0.0717,0.0,0.0,0.0,0.0,0.0,,0.0,9
HCV,E*rare,KDE(p=75),KDE,1362,1067,340,54,0,0,-0.2469,0.0,0.0,0.0,0.0,0.0,,0.0,83
HCV,E*rare,KDE(p=80),KDE,1362,1067,340,54,0,0,-0.2173,0.0,0.0,0.0,0.0,0.0,,0.0,68
HCV,E*rare,KDE(p=85),KDE,1362,1067,340,54,0,0,-0.1825,0.0,0.0,0.0,0.0,0.0,,0.0,51
HCV,E*rare,SlidingTest(p=0.01),SlidingTest,1362,1067,340,54,0,0,-0.2113,0.0,0.0,0.0,0.0,0.0,,0.0,65
HCV,E*rare,SlidingTest(p=0.05),SlidingTest,1362,1067,340,54,0,0,-0.2905,0.0,0.0,0.0,0.0,0.0,,0.0,105
HCV,E*rare,GradPeak(p=0.2),GradPeak,1362,1067,340,54,0,0,0.1146,0.3041,0.2025,0.6111,1.2747,0.0,,0.3041,163
HCV,E*rare,GradPeak(p=0.5),GradPeak,1362,1067,340,54,0,0,-0.1187,0.125,0.0943,0.1852,0.594,0.0,,0.125,106
HCV,E*rare,LocalContrast(z=1.0),LocalContrast,1362,1067,340,54,0,0,-0.0193,0.1765,0.1463,0.2222,0.9214,0.0,,0.1765,82
HCV,E*rare,LocalContrast(z=1.5),LocalContrast,1362,1067,340,54,0,0,0.0021,0.1176,0.1613,0.0926,1.0155,0.0,,0.1176,31
HCV,E*rare,LocalContrast(z=2.0),LocalContrast,1362,1067,340,54,0,0,-0.0474,0.0,0.0,0.0,0.0,0.0,,0.0,4
HCV,E*rare,"CUSUM(d=0.3,h=3.0)",CUSUM,1362,1067,340,54,0,0,-0.1734,0.1882,0.1159,0.5,0.7296,0.0,,0.1882,233
HCV,E*rare,"CUSUM(d=0.5,h=4.0)",CUSUM,1362,1067,340,54,0,0,0.0471,0.2541,0.1811,0.4259,1.1403,0.0,,0.2541,127
HCV,E*rare,"CUSUM(d=0.5,h=5.0)",CUSUM,1362,1067,340,54,0,0,0.0382,0.2442,0.178,0.3889,1.1205,0.0,,0.2442,118
HCV,E*rare,AdaptiveKnee,AdaptiveKnee,1362,1067,340,54,0,0,-0.1635,0.0345,0.0323,0.037,0.2031,0.0,,0.0345,62
HCV,E*rare,Spectral(z=1.5),Spectral,1362,1067,340,54,0,0,-0.0997,0.0,0.0,0.0,0.0,0.0,,0.0,17
HCV,E*rare,Bayes(prior=0.1),Bayes,1362,1067,340,54,0,0,-0.0417,0.2041,0.1408,0.3704,0.8868,0.0,,0.2041,142
HCV,E*rare,Bayes(prior=0.15),Bayes,1362,1067,340,54,0,0,-0.1437,0.1695,0.1099,0.3704,0.6919,0.0,,0.1695,182
HCV,E*rare,Ensemble(v>=2),Ensemble,1362,1067,340,54,0,0,-0.1401,0.0,0.0,0.0,0.0,0.0,,0.0,32
HCV,E*rare,Ensemble(v>=3),Ensemble,1362,1067,340,54,0,0,-0.1115,0.0,0.0,0.0,0.0,0.0,,0.0,21
HCV,E*rare,AdaptWin(s=90),AdaptWin,1362,1067,340,54,0,0,-0.2745,0.0,0.0,0.0,0.0,0.0,,0.0,97
HCV,E*rare,AdaptWin(s=85),AdaptWin,1362,1067,340,54,0,0,-0.3405,0.0533,0.0351,0.1111,0.2209,0.0,,0.0533,171
HCV,E*rare,FreqThresh(p=80),FreqThresh,1362,1067,340,54,0,0,-0.1902,0.0312,0.027,0.037,0.1702,0.0,,0.0312,74
HCV,E*rare,FreqThresh(p=85),FreqThresh,1362,1067,340,54,0,0,-0.1424,0.0374,0.0377,0.037,0.2376,0.0,,0.0374,53
HCV,E*rare,FreqThresh(p=90),FreqThresh,1362,1067,340,54,0,0,-0.1401,0.0,0.0,0.0,0.0,0.0,,0.0,32
HCV,E*rare,FreqThresh(p=95),FreqThresh,1362,1067,340,54,0,0,-0.0474,0.0,0.0,0.0,0.0,0.0,,0.0,4
HCV,E*rare,"SWAN(w=10,k=1.0)",SWAN,1362,1067,340,54,0,0,-0.1401,0.0,0.0,0.0,0.0,0.0,,0.0,32
HCV,E*rare,"SWAN(w=20,k=1.0)",SWAN,1362,1067,340,54,0,0,-0.1086,0.0,0.0,0.0,0.0,0.0,,0.0,20
HCV,E*rare,MutClust-Orig(g=10),MutClust-Orig,1362,1067,340,54,0,0,0.0,0.2741,0.1588,1.0,1.0,0.0,,0.2741,340
HCV,P*E*rare,Wavelet(t=1.0),Wavelet,1362,1067,340,54,0,0,-0.1958,0.1609,0.1014,0.3889,0.6388,0.0,,0.1609,207
HCV,P*E*rare,Wavelet(t=1.5),Wavelet,1362,1067,340,54,0,0,-0.1401,0.0,0.0,0.0,0.0,0.0,,0.0,32
HCV,P*E*rare,Wavelet(t=2.0),Wavelet,1362,1067,340,54,0,0,-0.063,0.0,0.0,0.0,0.0,0.0,,0.0,7
HCV,P*E*rare,KDE(p=75),KDE,1362,1067,340,54,0,0,-0.2509,0.0,0.0,0.0,0.0,0.0,,0.0,85
HCV,P*E*rare,KDE(p=80),KDE,1362,1067,340,54,0,0,-0.2173,0.0,0.0,0.0,0.0,0.0,,0.0,68
HCV,P*E*rare,KDE(p=85),KDE,1362,1067,340,54,0,0,-0.1825,0.0,0.0,0.0,0.0,0.0,,0.0,51
HCV,P*E*rare,SlidingTest(p=0.01),SlidingTest,1362,1067,340,54,0,0,-0.2011,0.0,0.0,0.0,0.0,0.0,,0.0,60
HCV,P*E*rare,SlidingTest(p=0.05),SlidingTest,1362,1067,340,54,0,0,-0.2805,0.0,0.0,0.0,0.0,0.0,,0.0,100
HCV,P*E*rare,GradPeak(p=0.2),GradPeak,1362,1067,340,54,0,0,0.0249,0.25,0.1688,0.4815,1.063,0.0,,0.25,154
HCV,P*E*rare,GradPeak(p=0.5),GradPeak,1362,1067,340,54,0,0,0.0957,0.2785,0.2115,0.4074,1.3319,0.0,,0.2785,104
HCV,P*E*rare,LocalContrast(z=1.0),LocalContrast,1362,1067,340,54,0,0,0.0463,0.2345,0.1868,0.3148,1.1762,0.0,,0.2345,91
HCV,P*E*rare,LocalContrast(z=1.5),LocalContrast,1362,1067,340,54,0,0,0.0556,0.1333,0.2381,0.0926,1.4991,0.0,,0.1333,21
HCV,P*E*rare,LocalContrast(z=2.0),LocalContrast,1362,1067,340,54,0,0,-0.0717,0.0,0.0,0.0,0.0,0.0,,0.0,9
HCV,P*E*rare,"CUSUM(d=0.3,h=3.0)",CUSUM,1362,1067,340,54,0,0,-0.125,0.1993,0.1244,0.5,0.7834,0.0,,0.1993,217
HCV,P*E*rare,"CUSUM(d=0.5,h=4.0)",CUSUM,1362,1067,340,54,0,0,-0.0007,0.2065,0.1584,0.2963,0.9974,0.0,,0.2065,101
HCV,P*E*rare,"CUSUM(d=0.5,h=5.0)",CUSUM,1362,1067,340,54,0,0,-0.1684,0.0472,0.0411,0.0556,0.2588,0.0,,0.0472,73
HCV,P*E*rare,AdaptiveKnee,AdaptiveKnee,1362,1067,340,54,0,0,-0.0837,0.0784,0.0833,0.0741,0.5247,0.0,,0.0784,48
HCV,P*E*rare,Spectral(z=1.5),Spectral,1362,1067,340,54,0,0,-0.09,0.0,0.0,0.0,0.0,0.0,,0.0,14
HCV,P*E*rare,Spectral(z=2.0),Spectral,1362,1067,340,54,0,0,-0.041,0.0,0.0,0.0,0.0,0.0,,0.0,3
HCV,P*E*rare,Bayes(prior=0.1),Bayes,1362,1067,340,54,0,0,0.0823,0.2857,0.1902,0.5741,1.1975,0.0,,0.2857,163
HCV,P*E*rare,Bayes(prior=0.15),Bayes,1362,1067,340,54,0,0,0.0491,0.2696,0.1761,0.5741,1.109,0.0,,0.2696,176
HCV,P*E*rare,Ensemble(v>=2),Ensemble,1362,1067,340,54,0,0,-0.0446,0.0533,0.0952,0.037,0.5996,0.0,,0.0533,21
HCV,P*E*rare,Ensemble(v>=3),Ensemble,1362,1067,340,54,0,0,0.0041,0.0606,0.1667,0.037,1.0494,0.0,,0.0606,12
HCV,P*E*rare,AdaptWin(s=90),AdaptWin,1362,1067,340,54,0,0,-0.22,0.0282,0.0227,0.037,0.1431,0.0,,0.0282,88
HCV,P*E*rare,AdaptWin(s=85),AdaptWin,1362,1067,340,54,0,0,-0.2913,0.0419,0.0292,0.0741,0.1838,0.0,,0.0419,137
HCV,P*E*rare,FreqThresh(p=80),FreqThresh,1362,1067,340,54,0,0,-0.1294,0.0672,0.0615,0.0741,0.3875,0.0,,0.0672,65
HCV,P*E*rare,FreqThresh(p=85),FreqThresh,1362,1067,340,54,0,0,-0.0716,0.0816,0.0909,0.0741,0.5724,0.0,,0.0816,44
HCV,P*E*rare,FreqThresh(p=90),FreqThresh,1362,1067,340,54,0,0,-0.0446,0.0533,0.0952,0.037,0.5996,0.0,,0.0533,21
HCV,P*E*rare,FreqThresh(p=95),FreqThresh,1362,1067,340,54,0,0,-0.063,0.0,0.0,0.0,0.0,0.0,,0.0,7
HCV,P*E*rare,"SWAN(w=10,k=1.0)",SWAN,1362,1067,340,54,0,0,-0.0756,0.0,0.0,0.0,0.0,0.0,,0.0,10
HCV,P*E*rare,MutClust-Orig(g=10),MutClust-Orig,1362,1067,340,54,0,0,-0.0246,0.264,0.1556,0.8704,0.9799,0.0,,0.264,302
HCV,minority_E,Wavelet(t=1.0),Wavelet,1362,1067,340,54,0,0,-0.1358,0.1717,0.1117,0.3704,0.7035,0.0,,0.1717,179
HCV,minority_E,Wavelet(t=1.5),Wavelet,1362,1067,340,54,0,0,-0.1337,0.0213,0.025,0.0185,0.1574,0.0,,0.0213,40
HCV,minority_E,Wavelet(t=2.0),Wavelet,1362,1067,340,54,0,0,-0.041,0.0,0.0,0.0,0.0,0.0,,0.0,3
HCV,minority_E,KDE(p=75),KDE,1362,1067,340,54,0,0,-0.2509,0.0,0.0,0.0,0.0,0.0,,0.0,85
HCV,minority_E,KDE(p=80),KDE,1362,1067,340,54,0,0,-0.2173,0.0,0.0,0.0,0.0,0.0,,0.0,68
HCV,minority_E,KDE(p=85),KDE,1362,1067,340,54,0,0,-0.1825,0.0,0.0,0.0,0.0,0.0,,0.0,51
HCV,minority_E,SlidingTest(p=0.01),SlidingTest,1362,1067,340,54,0,0,-0.2607,0.0,0.0,0.0,0.0,0.0,,0.0,90
HCV,minority_E,SlidingTest(p=0.05),SlidingTest,1362,1067,340,54,0,0,-0.2706,0.0,0.0,0.0,0.0,0.0,,0.0,95
HCV,minority_E,GradPeak(p=0.2),GradPeak,1362,1067,340,54,0,0,0.0381,0.2632,0.1724,0.5556,1.0856,0.0,,0.2632,174
HCV,minority_E,GradPeak(p=0.5),GradPeak,1362,1067,340,54,0,0,-0.0633,0.1579,0.1224,0.2222,0.771,0.0,,0.1579,98
HCV,minority_E,LocalContrast(z=1.0),LocalContrast,1362,1067,340,54,0,0,-0.0279,0.1727,0.1412,0.2222,0.8889,0.0,,0.1727,85
HCV,minority_E,LocalContrast(z=1.5),LocalContrast,1362,1067,340,54,0,0,-0.1027,0.0,0.0,0.0,0.0,0.0,,0.0,18
HCV,minority_E,LocalContrast(z=2.0),LocalContrast,1362,1067,340,54,0,0,-0.0675,0.0,0.0,0.0,0.0,0.0,,0.0,8
HCV,minority_E,"CUSUM(d=0.3,h=3.0)",CUSUM,1362,1067,340,54,0,0,-0.2393,0.1765,0.1071,0.5,0.6746,0.0,,0.1765,252
HCV,minority_E,"CUSUM(d=0.5,h=4.0)",CUSUM,1362,1067,340,54,0,0,0.1054,0.2921,0.2097,0.4815,1.3202,0.0,,0.2921,124
HCV,minority_E,"CUSUM(d=0.5,h=5.0)",CUSUM,1362,1067,340,54,0,0,0.1643,0.3268,0.2525,0.463,1.59,0.0,,0.3268,99
HCV,minority_E,AdaptiveKnee,AdaptiveKnee,1362,1067,340,54,0,0,-0.1251,0.2629,0.1527,0.9444,0.9614,0.0,,0.2629,334
HCV,minority_E,Spectral(z=1.5),Spectral,1362,1067,340,54,0,0,-0.0717,0.0,0.0,0.0,0.0,0.0,,0.0,9
HCV,minority_E,Bayes(prior=0.1),Bayes,1362,1067,340,54,0,0,-0.0508,0.2039,0.1382,0.3889,0.8699,0.0,,0.2039,152
HCV,minority_E,Bayes(prior=0.15),Bayes,1362,1067,340,54,0,0,-0.0457,0.2152,0.142,0.4444,0.8941,0.0,,0.2152,169
HCV,minority_E,Ensemble(v>=2),Ensemble,1362,1067,340,54,0,0,-0.125,0.0,0.0,0.0,0.0,0.0,,0.0,26
HCV,minority_E,Ensemble(v>=3),Ensemble,1362,1067,340,54,0,0,-0.0795,0.0,0.0,0.0,0.0,0.0,,0.0,11
HCV,minority_E,AdaptWin(s=90),AdaptWin,1362,1067,340,54,0,0,0.0,0.2741,0.1588,1.0,1.0,0.0,,0.2741,340
HCV,minority_E,AdaptWin(s=85),AdaptWin,1362,1067,340,54,0,0,0.0,0.2741,0.1588,1.0,1.0,0.0,,0.2741,340
HCV,minority_E,FreqThresh(p=80),FreqThresh,1362,1067,340,54,0,0,-0.2017,0.0423,0.0341,0.0556,0.2146,0.0,,0.0423,88
HCV,minority_E,FreqThresh(p=85),FreqThresh,1362,1067,340,54,0,0,-0.1909,0.0,0.0,0.0,0.0,0.0,,0.0,55
HCV,minority_E,FreqThresh(p=90),FreqThresh,1362,1067,340,54,0,0,-0.125,0.0,0.0,0.0,0.0,0.0,,0.0,26
HCV,minority_E,FreqThresh(p=95),FreqThresh,1362,1067,340,54,0,0,-0.063,0.0,0.0,0.0,0.0,0.0,,0.0,7
HCV,minority_E,"SWAN(w=10,k=1.0)",SWAN,1362,1067,340,54,0,0,-0.1086,0.0,0.0,0.0,0.0,0.0,,0.0,20
HCV,minority_E,MutClust-Orig(g=10),MutClust-Orig,1362,1067,340,54,0,0,0.0,0.2741,0.1588,1.0,1.0,0.0,,0.2741,340
HCV,P*minority_E,Wavelet(t=1.0),Wavelet,1362,1067,340,54,0,0,0.1262,0.3111,0.2047,0.6481,1.2887,0.0,,0.3111,171
HCV,P*minority_E,Wavelet(t=1.5),Wavelet,1362,1067,340,54,0,0,0.1604,0.2885,0.3,0.2778,1.8889,0.0,,0.2885,50
HCV,P*minority_E,Wavelet(t=2.0),Wavelet,1362,1067,340,54,0,0,-0.0675,0.0,0.0,0.0,0.0,0.0,,0.0,8
HCV,P*minority_E,KDE(p=75),KDE,1362,1067,340,54,0,0,-0.2469,0.0,0.0,0.0,0.0,0.0,,0.0,83
HCV,P*minority_E,KDE(p=80),KDE,1362,1067,340,54,0,0,-0.2173,0.0,0.0,0.0,0.0,0.0,,0.0,68
HCV,P*minority_E,KDE(p=85),KDE,1362,1067,340,54,0,0,-0.1825,0.0,0.0,0.0,0.0,0.0,,0.0,51
HCV,P*minority_E,SlidingTest(p=0.01),SlidingTest,1362,1067,340,54,0,0,-0.2113,0.0,0.0,0.0,0.0,0.0,,0.0,65
HCV,P*minority_E,SlidingTest(p=0.05),SlidingTest,1362,1067,340,54,0,0,-0.2706,0.0,0.0,0.0,0.0,0.0,,0.0,95
HCV,P*minority_E,GradPeak(p=0.2),GradPeak,1362,1067,340,54,0,0,-0.0116,0.2234,0.1538,0.4074,0.9687,0.0,,0.2234,143
HCV,P*minority_E,GradPeak(p=0.5),GradPeak,1362,1067,340,54,0,0,0.0462,0.242,0.1845,0.3519,1.1615,0.0,,0.242,103
HCV,P*minority_E,LocalContrast(z=1.0),LocalContrast,1362,1067,340,54,0,0,-0.0676,0.1353,0.1139,0.1667,0.7173,0.0,,0.1353,79
HCV,P*minority_E,LocalContrast(z=1.5),LocalContrast,1362,1067,340,54,0,0,0.1402,0.2222,0.3333,0.1667,2.0988,0.0,,0.2222,27
HCV,P*minority_E,LocalContrast(z=2.0),LocalContrast,1362,1067,340,54,0,0,0.0672,0.0938,0.3,0.0556,1.8889,0.0,,0.0938,10
HCV,P*minority_E,"CUSUM(d=0.3,h=3.0)",CUSUM,1362,1067,340,54,0,0,0.0545,0.2797,0.1724,0.7407,1.0856,0.0,,0.2797,232
HCV,P*minority_E,"CUSUM(d=0.5,h=4.0)",CUSUM,1362,1067,340,54,0,0,0.2547,0.3833,0.3485,0.4259,2.1942,0.0,,0.3833,66
HCV,P*minority_E,"CUSUM(d=0.5,h=5.0)",CUSUM,1362,1067,340,54,0,0,0.4258,0.4889,0.6111,0.4074,3.8477,0.0,,0.4889,36
HCV,P*minority_E,AdaptiveKnee,AdaptiveKnee,1362,1067,340,54,0,0,0.1242,0.2549,0.2708,0.2407,1.7052,0.0,,0.2549,48
HCV,P*minority_E,Spectral(z=1.5),Spectral,1362,1067,340,54,0,0,0.057,0.0923,0.2727,0.0556,1.7172,0.0,,0.0923,11
HCV,P*minority_E,Spectral(z=2.0),Spectral,1362,1067,340,54,0,0,-0.041,0.0,0.0,0.0,0.0,0.0,,0.0,3
HCV,P*minority_E,Bayes(prior=0.1),Bayes,1362,1067,340,54,0,0,-0.0055,0.2198,0.1562,0.3704,0.9838,0.0,,0.2198,128
HCV,P*minority_E,Bayes(prior=0.15),Bayes,1362,1067,340,54,0,0,-0.0355,0.2192,0.1455,0.4444,0.9158,0.0,,0.2192,165
HCV,P*minority_E,Ensemble(v>=2),Ensemble,1362,1067,340,54,0,0,0.163,0.2308,0.375,0.1667,2.3611,0.0,,0.2308,24
HCV,P*minority_E,Ensemble(v>=3),Ensemble,1362,1067,340,54,0,0,0.2454,0.2571,0.5625,0.1667,3.5417,0.0,,0.2571,16
HCV,P*minority_E,AdaptWin(s=90),AdaptWin,1362,1067,340,54,0,0,0.1208,0.3042,0.1843,0.8704,1.1605,0.0,,0.3042,255
HCV,P*minority_E,AdaptWin(s=85),AdaptWin,1362,1067,340,54,0,0,0.0,0.2741,0.1588,1.0,1.0,0.0,,0.2741,340
HCV,P*minority_E,FreqThresh(p=80),FreqThresh,1362,1067,340,54,0,0,0.1096,0.2698,0.2361,0.3148,1.4866,0.0,,0.2698,72
HCV,P*minority_E,FreqThresh(p=85),FreqThresh,1362,1067,340,54,0,0,0.1242,0.2549,0.2708,0.2407,1.7052,0.0,,0.2549,48
HCV,P*minority_E,FreqThresh(p=90),FreqThresh,1362,1067,340,54,0,0,0.163,0.2308,0.375,0.1667,2.3611,0.0,,0.2308,24
HCV,P*minority_E,FreqThresh(p=95),FreqThresh,1362,1067,340,54,0,0,0.1651,0.1791,0.4615,0.1111,2.906,0.0,,0.1791,13
HCV,P*minority_E,MutClust-Orig(g=10),MutClust-Orig,1362,1067,340,54,0,0,0.0,0.2741,0.1588,1.0,1.0,0.0,,0.2741,340
HCV,P*E,Wavelet(t=1.0),Wavelet,1362,1067,340,54,0,0,0.2245,0.37,0.2534,0.6852,1.5956,0.0,,0.37,146
HCV,P*E,Wavelet(t=1.5),Wavelet,1362,1067,340,54,0,0,0.1414,0.2778,0.2778,0.2778,1.749,0.0,,0.2778,54
HCV,P*E,Wavelet(t=2.0),Wavelet,1362,1067,340,54,0,0,0.1529,0.1765,0.4286,0.1111,2.6984,0.0,,0.1765,14
HCV,P*E,KDE(p=75),KDE,1362,1067,340,54,0,0,-0.2489,0.0,0.0,0.0,0.0,0.0,,0.0,84
HCV,P*E,KDE(p=80),KDE,1362,1067,340,54,0,0,-0.2173,0.0,0.0,0.0,0.0,0.0,,0.0,68
HCV,P*E,KDE(p=85),KDE,1362,1067,340,54,0,0,-0.1825,0.0,0.0,0.0,0.0,0.0,,0.0,51
HCV,P*E,SlidingTest(p=0.01),SlidingTest,1362,1067,340,54,0,0,-0.2011,0.0,0.0,0.0,0.0,0.0,,0.0,60
HCV,P*E,SlidingTest(p=0.05),SlidingTest,1362,1067,340,54,0,0,-0.2607,0.0,0.0,0.0,0.0,0.0,,0.0,90
HCV,P*E,GradPeak(p=0.2),GradPeak,1362,1067,340,54,0,0,-0.1339,0.1681,0.1105,0.3519,0.6955,0.0,,0.1681,172
HCV,P*E,GradPeak(p=0.5),GradPeak,1362,1067,340,54,0,0,0.018,0.2275,0.1681,0.3519,1.0587,0.0,,0.2275,113
HCV,P*E,LocalContrast(z=1.0),LocalContrast,1362,1067,340,54,0,0,0.0882,0.2479,0.2239,0.2778,1.4096,0.0,,0.2479,67
HCV,P*E,LocalContrast(z=1.5),LocalContrast,1362,1067,340,54,0,0,0.0911,0.2022,0.2571,0.1667,1.619,0.0,,0.2022,35
HCV,P*E,LocalContrast(z=2.0),LocalContrast,1362,1067,340,54,0,0,0.1251,0.1,0.5,0.0556,3.1481,0.0,,0.1,6
HCV,P*E,"CUSUM(d=0.3,h=3.0)",CUSUM,1362,1067,340,54,0,0,0.2304,0.3608,0.2289,0.8519,1.4409,0.0,,0.3608,201
HCV,P*E,"CUSUM(d=0.5,h=4.0)",CUSUM,1362,1067,340,54,0,0,0.2006,0.3238,0.3333,0.3148,2.0988,0.0,,0.3238,51
HCV,P*E,"CUSUM(d=0.5,h=5.0)",CUSUM,1362,1067,340,54,0,0,0.1395,0.1918,0.3684,0.1296,2.3197,0.0,,0.1918,19
HCV,P*E,AdaptiveKnee,AdaptiveKnee,1362,1067,340,54,0,0,0.2295,0.3519,0.3519,0.3519,2.2154,0.0,,0.3519,54
HCV,P*E,Spectral(z=1.5),Spectral,1362,1067,340,54,0,0,0.0918,0.0968,0.375,0.0556,2.3611,0.0,,0.0968,8
HCV,P*E,Spectral(z=2.0),Spectral,1362,1067,340,54,0,0,-0.041,0.0,0.0,0.0,0.0,0.0,,0.0,3
HCV,P*E,Bayes(prior=0.1),Bayes,1362,1067,340,54,0,0,0.0788,0.2632,0.2041,0.3704,1.285,0.0,,0.2632,98
HCV,P*E,Bayes(prior=0.15),Bayes,1362,1067,340,54,0,0,-0.0092,0.2326,0.1553,0.463,0.9777,0.0,,0.2326,161
HCV,P*E,Ensemble(v>=2),Ensemble,1362,1067,340,54,0,0,0.2295,0.2963,0.4444,0.2222,2.7984,0.0,,0.2963,27
HCV,P*E,Ensemble(v>=3),Ensemble,1362,1067,340,54,0,0,0.163,0.2308,0.375,0.1667,2.3611,0.0,,0.2308,24
HCV,P*E,AdaptWin(s=90),AdaptWin,1362,1067,340,54,0,0,0.0099,0.2558,0.1618,0.6111,1.0185,0.0,,0.2558,204
HCV,P*E,AdaptWin(s=85),AdaptWin,1362,1067,340,54,0,0,-0.035,0.2637,0.1548,0.8889,0.9749,0.0,,0.2637,310
HCV,P*E,FreqThresh(p=80),FreqThresh,1362,1067,340,54,0,0,0.1768,0.3226,0.2857,0.3704,1.7989,0.0,,0.3226,70
HCV,P*E,FreqThresh(p=85),FreqThresh,1362,1067,340,54,0,0,0.2513,0.3654,0.38,0.3519,2.3926,0.0,,0.3654,50
HCV,P*E,FreqThresh(p=90),FreqThresh,1362,1067,340,54,0,0,0.2295,0.2963,0.4444,0.2222,2.7984,0.0,,0.2963,27
HCV,P*E,FreqThresh(p=95),FreqThresh,1362,1067,340,54,0,0,0.2291,0.1905,0.6667,0.1111,4.1975,0.0,,0.1905,9
HCV,P*E,MutClust-Orig(g=10),MutClust-Orig,1362,1067,340,54,0,0,0.0,0.2741,0.1588,1.0,1.0,0.0,,0.2741,340
HCV,H-score,Wavelet(t=1.0),Wavelet,1362,1067,340,54,0,0,0.2594,0.3902,0.2649,0.7407,1.6679,0.0,,0.3902,151
HCV,H-score,Wavelet(t=1.5),Wavelet,1362,1067,340,54,0,0,0.3945,0.4854,0.5102,0.463,3.2124,0.0,,0.4854,49
HCV,H-score,Wavelet(t=2.0),Wavelet,1362,1067,340,54,0,0,0.0477,0.0909,0.25,0.0556,1.5741,0.0,,0.0909,12
HCV,H-score,KDE(p=75),KDE,1362,1067,340,54,0,0,-0.2469,0.0,0.0,0.0,0.0,0.0,,0.0,83
HCV,H-score,KDE(p=80),KDE,1362,1067,340,54,0,0,-0.2173,0.0,0.0,0.0,0.0,0.0,,0.0,68
HCV,H-score,KDE(p=85),KDE,1362,1067,340,54,0,0,-0.1825,0.0,0.0,0.0,0.0,0.0,,0.0,51
HCV,H-score,SlidingTest(p=0.01),SlidingTest,1362,1067,340,54,0,0,-0.2113,0.0,0.0,0.0,0.0,0.0,,0.0,65
HCV,H-score,SlidingTest(p=0.05),SlidingTest,1362,1067,340,54,0,0,-0.2607,0.0,0.0,0.0,0.0,0.0,,0.0,90
HCV,H-score,GradPeak(p=0.2),GradPeak,1362,1067,340,54,0,0,-0.0642,0.1875,0.1304,0.3333,0.8213,0.0,,0.1875,138
HCV,H-score,GradPeak(p=0.5),GradPeak,1362,1067,340,54,0,0,0.1834,0.3186,0.3051,0.3333,1.9209,0.0,,0.3186,59
HCV,H-score,LocalContrast(z=1.0),LocalContrast,1362,1067,340,54,0,0,0.0882,0.2479,0.2239,0.2778,1.4096,0.0,,0.2479,67
HCV,H-score,LocalContrast(z=1.5),LocalContrast,1362,1067,340,54,0,0,0.1713,0.2338,0.3913,0.1667,2.4638,0.0,,0.2338,23
HCV,H-score,"CUSUM(d=0.3,h=3.0)",CUSUM,1362,1067,340,54,0,0,0.1717,0.3297,0.2055,0.8333,1.2938,0.0,,0.3297,219
HCV,H-score,"CUSUM(d=0.5,h=4.0)",CUSUM,1362,1067,340,54,0,0,0.2298,0.3636,0.3284,0.4074,2.0674,0.0,,0.3636,67
HCV,H-score,"CUSUM(d=0.5,h=5.0)",CUSUM,1362,1067,340,54,0,0,0.2729,0.3656,0.4359,0.3148,2.7445,0.0,,0.3656,39
HCV,H-score,AdaptiveKnee,AdaptiveKnee,1362,1067,340,54,0,0,-0.041,0.266,0.1553,0.9259,0.9777,0.0,,0.266,322
HCV,H-score,Spectral(z=1.5),Spectral,1362,1067,340,54,0,0,0.107,0.0984,0.4286,0.0556,2.6984,0.0,,0.0984,7
HCV,H-score,Spectral(z=2.0),Spectral,1362,1067,340,54,0,0,-0.041,0.0,0.0,0.0,0.0,0.0,,0.0,3
HCV,H-score,Bayes(prior=0.1),Bayes,1362,1067,340,54,0,0,0.2259,0.354,0.339,0.3704,2.1343,0.0,,0.354,59
HCV,H-score,Bayes(prior=0.15),Bayes,1362,1067,340,54,0,0,-0.0169,0.2294,0.1524,0.463,0.9598,0.0,,0.2294,164
HCV,H-score,Ensemble(v>=2),Ensemble,1362,1067,340,54,0,0,0.2295,0.2963,0.4444,0.2222,2.7984,0.0,,0.2963,27
HCV,H-score,Ensemble(v>=3),Ensemble,1362,1067,340,54,0,0,0.2291,0.1905,0.6667,0.1111,4.1975,0.0,,0.1905,9
HCV,H-score,AdaptWin(s=90),AdaptWin,1362,1067,340,54,0,0,0.0,0.2741,0.1588,1.0,1.0,0.0,,0.2741,340
HCV,H-score,AdaptWin(s=85),AdaptWin,1362,1067,340,54,0,0,0.0,0.2741,0.1588,1.0,1.0,0.0,,0.2741,340
HCV,H-score,FreqThresh(p=80),FreqThresh,1362,1067,340,54,0,0,0.1768,0.3226,0.2857,0.3704,1.7989,0.0,,0.3226,70
HCV,H-score,FreqThresh(p=85),FreqThresh,1362,1067,340,54,0,0,0.2513,0.3654,0.38,0.3519,2.3926,0.0,,0.3654,50
HCV,H-score,FreqThresh(p=90),FreqThresh,1362,1067,340,54,0,0,0.2295,0.2963,0.4444,0.2222,2.7984,0.0,,0.2963,27
HCV,H-score,FreqThresh(p=95),FreqThresh,1362,1067,340,54,0,0,0.2291,0.1905,0.6667,0.1111,4.1975,0.0,,0.1905,9
HCV,H-score,MutClust-Orig(g=10),MutClust-Orig,1362,1067,340,54,0,0,0.0,0.2741,0.1588,1.0,1.0,0.0,,0.2741,340
HCV,E_only,Wavelet(t=1.0),Wavelet,1362,1067,340,54,0,0,0.111,0.301,0.2039,0.5741,1.2841,0.0,,0.301,152
HCV,E_only,Wavelet(t=1.5),Wavelet,1362,1067,340,54,0,0,0.274,0.3846,0.4,0.3704,2.5185,0.0,,0.3846,50
HCV,E_only,Wavelet(t=2.0),Wavelet,1362,1067,340,54,0,0,-0.0717,0.0,0.0,0.0,0.0,0.0,,0.0,9
HCV,E_only,KDE(p=75),KDE,1362,1067,340,54,0,0,-0.2509,0.0,0.0,0.0,0.0,0.0,,0.0,85
HCV,E_only,KDE(p=80),KDE,1362,1067,340,54,0,0,-0.2173,0.0,0.0,0.0,0.0,0.0,,0.0,68
HCV,E_only,KDE(p=85),KDE,1362,1067,340,54,0,0,-0.1825,0.0,0.0,0.0,0.0,0.0,,0.0,51
HCV,E_only,SlidingTest(p=0.01),SlidingTest,1362,1067,340,54,0,0,-0.2113,0.0,0.0,0.0,0.0,0.0,,0.0,65
HCV,E_only,SlidingTest(p=0.05),SlidingTest,1362,1067,340,54,0,0,-0.2905,0.0,0.0,0.0,0.0,0.0,,0.0,105
HCV,E_only,GradPeak(p=0.2),GradPeak,1362,1067,340,54,0,0,0.0118,0.234,0.1642,0.4074,1.0337,0.0,,0.234,134
HCV,E_only,GradPeak(p=0.5),GradPeak,1362,1067,340,54,0,0,0.058,0.2484,0.1919,0.3519,1.2084,0.0,,0.2484,99
HCV,E_only,LocalContrast(z=1.0),LocalContrast,1362,1067,340,54,0,0,-0.0914,0.1268,0.1023,0.1667,0.6439,0.0,,0.1268,88
HCV,E_only,LocalContrast(z=1.5),LocalContrast,1362,1067,340,54,0,0,0.1551,0.2278,0.36,0.1667,2.2667,0.0,,0.2278,25
HCV,E_only,LocalContrast(z=2.0),LocalContrast,1362,1067,340,54,0,0,-0.063,0.0,0.0,0.0,0.0,0.0,,0.0,7
HCV,E_only,"CUSUM(d=0.3,h=3.0)",CUSUM,1362,1067,340,54,0,0,-0.1305,0.2126,0.1296,0.5926,0.8157,0.0,,0.2126,247
HCV,E_only,"CUSUM(d=0.5,h=4.0)",CUSUM,1362,1067,340,54,0,0,0.1842,0.338,0.2727,0.4444,1.7172,0.0,,0.338,88
HCV,E_only,"CUSUM(d=0.5,h=5.0)",CUSUM,1362,1067,340,54,0,0,0.4425,0.5055,0.6216,0.4259,3.9139,0.0,,0.5055,37
HCV,E_only,AdaptiveKnee,AdaptiveKnee,1362,1067,340,54,0,0,-0.1002,0.2541,0.1487,0.8704,0.9365,0.0,,0.2541,316
HCV,E_only,Spectral(z=1.5),Spectral,1362,1067,340,54,0,0,0.0918,0.0968,0.375,0.0556,2.3611,0.0,,0.0968,8
HCV,E_only,Spectral(z=2.0),Spectral,1362,1067,340,54,0,0,-0.041,0.0,0.0,0.0,0.0,0.0,,0.0,3
HCV,E_only,Bayes(prior=0.1),Bayes,1362,1067,340,54,0,0,-0.0592,0.1808,0.1301,0.2963,0.819,0.0,,0.1808,123
HCV,E_only,Bayes(prior=0.15),Bayes,1362,1067,340,54,0,0,-0.0279,0.2222,0.1481,0.4444,0.9328,0.0,,0.2222,162
HCV,E_only,Ensemble(v>=2),Ensemble,1362,1067,340,54,0,0,0.1713,0.2338,0.3913,0.1667,2.4638,0.0,,0.2338,23
HCV,E_only,Ensemble(v>=3),Ensemble,1362,1067,340,54,0,0,0.1651,0.1791,0.4615,0.1111,2.906,0.0,,0.1791,13
HCV,E_only,AdaptWin(s=90),AdaptWin,1362,1067,340,54,0,0,0.0,0.2741,0.1588,1.0,1.0,0.0,,0.2741,340
HCV,E_only,AdaptWin(s=85),AdaptWin,1362,1067,340,54,0,0,0.0,0.2741,0.1588,1.0,1.0,0.0,,0.2741,340
HCV,E_only,FreqThresh(p=80),FreqThresh,1362,1067,340,54,0,0,0.0625,0.2388,0.2,0.2963,1.2593,0.0,,0.2388,80
HCV,E_only,FreqThresh(p=85),FreqThresh,1362,1067,340,54,0,0,0.199,0.3168,0.3404,0.2963,2.1434,0.0,,0.3168,47
HCV,E_only,FreqThresh(p=90),FreqThresh,1362,1067,340,54,0,0,0.1713,0.2338,0.3913,0.1667,2.4638,0.0,,0.2338,23
HCV,E_only,FreqThresh(p=95),FreqThresh,1362,1067,340,54,0,0,0.1025,0.1231,0.3636,0.0741,2.2896,0.0,,0.1231,11
HCV,E_only,MutClust-Orig(g=10),MutClust-Orig,1362,1067,340,54,0,0,0.0,0.2741,0.1588,1.0,1.0,0.0,,0.2741,340
HCV,P*E^2,Wavelet(t=1.0),Wavelet,1362,1067,340,54,0,0,0.211,0.3618,0.2483,0.6667,1.5632,0.0,,0.3618,145
HCV,P*E^2,Wavelet(t=1.5),Wavelet,1362,1067,340,54,0,0,0.1201,0.2449,0.2727,0.2222,1.7172,0.0,,0.2449,44
HCV,P*E^2,Wavelet(t=2.0),Wavelet,1362,1067,340,54,0,0,0.1045,0.1644,0.3158,0.1111,1.9883,0.0,,0.1644,19
HCV,P*E^2,KDE(p=75),KDE,1362,1067,340,54,0,0,-0.158,0.0719,0.0588,0.0926,0.3704,0.0,,0.0719,85
HCV,P*E^2,KDE(p=80),KDE,1362,1067,340,54,0,0,-0.2173,0.0,0.0,0.0,0.0,0.0,,0.0,68
HCV,P*E^2,KDE(p=85),KDE,1362,1067,340,54,0,0,-0.1846,0.0,0.0,0.0,0.0,0.0,,0.0,52
HCV,P*E^2,SlidingTest(p=0.01),SlidingTest,1362,1067,340,54,0,0,-0.2011,0.0,0.0,0.0,0.0,0.0,,0.0,60
HCV,P*E^2,SlidingTest(p=0.05),SlidingTest,1362,1067,340,54,0,0,-0.2113,0.0,0.0,0.0,0.0,0.0,,0.0,65
HCV,P*E^2,GradPeak(p=0.2),GradPeak,1362,1067,340,54,0,0,-0.116,0.1735,0.1152,0.3519,0.725,0.0,,0.1735,165
HCV,P*E^2,GradPeak(p=0.5),GradPeak,1362,1067,340,54,0,0,-0.0437,0.1871,0.1368,0.2963,0.861,0.0,,0.1871,117
HCV,P*E^2,LocalContrast(z=1.0),LocalContrast,1362,1067,340,54,0,0,-0.0302,0.15,0.1364,0.1667,0.8586,0.0,,0.15,66
HCV,P*E^2,LocalContrast(z=1.5),LocalContrast,1362,1067,340,54,0,0,0.114,0.2118,0.2903,0.1667,1.828,0.0,,0.2118,31
HCV,P*E^2,LocalContrast(z=2.0),LocalContrast,1362,1067,340,54,0,0,0.0672,0.0938,0.3,0.0556,1.8889,0.0,,0.0938,10
HCV,P*E^2,"CUSUM(d=0.3,h=3.0)",CUSUM,1362,1067,340,54,0,0,0.2351,0.3636,0.2312,0.8519,1.4554,0.0,,0.3636,199
HCV,P*E^2,"CUSUM(d=0.5,h=4.0)",CUSUM,1362,1067,340,54,0,0,0.1905,0.2889,0.3611,0.2407,2.2737,0.0,,0.2889,36
HCV,P*E^2,"CUSUM(d=0.5,h=5.0)",CUSUM,1362,1067,340,54,0,0,0.0812,0.1194,0.3077,0.0741,1.9373,0.0,,0.1194,13
HCV,P*E^2,AdaptiveKnee,AdaptiveKnee,1362,1067,340,54,0,0,0.2295,0.3519,0.3519,0.3519,2.2154,0.0,,0.3519,54
HCV,P*E^2,Spectral(z=1.5),Spectral,1362,1067,340,54,0,0,0.057,0.0923,0.2727,0.0556,1.7172,0.0,,0.0923,11
HCV,P*E^2,Spectral(z=2.0),Spectral,1362,1067,340,54,0,0,-0.0474,0.0,0.0,0.0,0.0,0.0,,0.0,4
HCV,P*E^2,Bayes(prior=0.1),Bayes,1362,1067,340,54,0,0,-0.0263,0.2105,0.1471,0.3704,0.9259,0.0,,0.2105,136
HCV,P*E^2,Bayes(prior=0.15),Bayes,1362,1067,340,54,0,0,-0.0771,0.1905,0.1282,0.3704,0.8072,0.0,,0.1905,156
HCV,P*E^2,Ensemble(v>=2),Ensemble,1362,1067,340,54,0,0,0.163,0.2308,0.375,0.1667,2.3611,0.0,,0.2308,24
HCV,P*E^2,Ensemble(v>=3),Ensemble,1362,1067,340,54,0,0,0.1992,0.2432,0.45,0.1667,2.8333,0.0,,0.2432,20
HCV,P*E^2,AdaptWin(s=90),AdaptWin,1362,1067,340,54,0,0,0.1826,0.3432,0.2522,0.537,1.5878,0.0,,0.3432,115
HCV,P*E^2,AdaptWin(s=85),AdaptWin,1362,1067,340,54,0,0,0.0413,0.2749,0.1688,0.7407,1.0627,0.0,,0.2749,237
HCV,P*E^2,FreqThresh(p=80),FreqThresh,1362,1067,340,54,0,0,0.1809,0.3252,0.2899,0.3704,1.825,0.0,,0.3252,69
HCV,P*E^2,FreqThresh(p=85),FreqThresh,1362,1067,340,54,0,0,0.2751,0.38,0.413,0.3519,2.6006,0.0,,0.38,46
HCV,P*E^2,FreqThresh(p=90),FreqThresh,1362,1067,340,54,0,0,0.163,0.2308,0.375,0.1667,2.3611,0.0,,0.2308,24
HCV,P*E^2,FreqThresh(p=95),FreqThresh,1362,1067,340,54,0,0,0.2291,0.1905,0.6667,0.1111,4.1975,0.0,,0.1905,9
HCV,P*E^2,"SWAN(w=10,k=1.0)",SWAN,1362,1067,340,54,0,0,-0.0756,0.0,0.0,0.0,0.0,0.0,,0.0,10
HCV,P*E^2,MutClust-Orig(g=10),MutClust-Orig,1362,1067,340,54,0,0,0.0,0.2741,0.1588,1.0,1.0,0.0,,0.2741,340
HCV,rank(P*E),Wavelet(t=1.0),Wavelet,1362,1067,340,54,0,0,0.2221,0.3653,0.2424,0.7407,1.5264,0.0,,0.3653,165
HCV,rank(P*E),Wavelet(t=1.5),Wavelet,1362,1067,340,54,0,0,0.2981,0.3871,0.4615,0.3333,2.906,0.0,,0.3871,39
HCV,rank(P*E),Wavelet(t=2.0),Wavelet,1362,1067,340,54,0,0,0.1651,0.1791,0.4615,0.1111,2.906,0.0,,0.1791,13
HCV,rank(P*E),KDE(p=75),KDE,1362,1067,340,54,0,0,-0.1394,0.0863,0.0706,0.1111,0.4444,0.0,,0.0863,85
HCV,rank(P*E),KDE(p=80),KDE,1362,1067,340,54,0,0,-0.2173,0.0,0.0,0.0,0.0,0.0,,0.0,68
HCV,rank(P*E),KDE(p=85),KDE,1362,1067,340,54,0,0,-0.1825,0.0,0.0,0.0,0.0,0.0,,0.0,51
HCV,rank(P*E),SlidingTest(p=0.01),SlidingTest,1362,1067,340,54,0,0,-0.2011,0.0,0.0,0.0,0.0,0.0,,0.0,60
HCV,rank(P*E),SlidingTest(p=0.05),SlidingTest,1362,1067,340,54,0,0,-0.2113,0.0,0.0,0.0,0.0,0.0,,0.0,65
HCV,rank(P*E),GradPeak(p=0.2),GradPeak,1362,1067,340,54,0,0,-0.1296,0.1651,0.1098,0.3333,0.6911,0.0,,0.1651,164
HCV,rank(P*E),GradPeak(p=0.5),GradPeak,1362,1067,340,54,0,0,-0.087,0.1548,0.114,0.2407,0.718,0.0,,0.1548,114
HCV,rank(P*E),LocalContrast(z=1.0),LocalContrast,1362,1067,340,54,0,0,0.171,0.3311,0.2577,0.463,1.6228,0.0,,0.3311,97
HCV,rank(P*E),LocalContrast(z=1.5),LocalContrast,1362,1067,340,54,0,0,0.044,0.1818,0.2,0.1667,1.2593,0.0,,0.1818,45
HCV,rank(P*E),LocalContrast(z=2.0),LocalContrast,1362,1067,340,54,0,0,0.2171,0.1053,1.0,0.0556,6.2963,0.0,,0.1053,3
HCV,rank(P*E),"CUSUM(d=0.3,h=3.0)",CUSUM,1362,1067,340,54,0,0,0.1247,0.3067,0.187,0.8519,1.1774,0.0,,0.3067,246
HCV,rank(P*E),"CUSUM(d=0.5,h=4.0)",CUSUM,1362,1067,340,54,0,0,0.322,0.4324,0.4211,0.4444,2.6511,0.0,,0.4324,57
HCV,rank(P*E),"CUSUM(d=0.5,h=5.0)",CUSUM,1362,1067,340,54,0,0,0.3829,0.4103,0.6667,0.2963,4.1975,0.0,,0.4103,24
HCV,rank(P*E),ScoreDBSCAN(ep=8),ScoreDBSCAN,1362,1067,340,54,0,0,-0.2812,0.2519,0.1463,0.9074,0.921,0.0,,0.2519,335
HCV,rank(P*E),Spectral(z=1.5),Spectral,1362,1067,340,54,0,0,0.0913,0.1212,0.3333,0.0741,2.0988,0.0,,0.1212,12
HCV,rank(P*E),Spectral(z=2.0),Spectral,1362,1067,340,54,0,0,0.1251,0.1,0.5,0.0556,3.1481,0.0,,0.1,6
HCV,rank(P*E),Bayes(prior=0.1),Bayes,1362,1067,340,54,0,0,-0.0238,0.2291,0.1503,0.4815,0.9463,0.0,,0.2291,173
HCV,rank(P*E),Bayes(prior=0.15),Bayes,1362,1067,340,54,0,0,-0.0399,0.2302,0.1465,0.537,0.9222,0.0,,0.2302,198
HCV,rank(P*E),Ensemble(v>=2),Ensemble,1362,1067,340,54,0,0,0.2295,0.2963,0.4444,0.2222,2.7984,0.0,,0.2963,27
HCV,rank(P*E),Ensemble(v>=3),Ensemble,1362,1067,340,54,0,0,0.3094,0.2727,0.75,0.1667,4.7222,0.0,,0.2727,12
HCV,rank(P*E),AdaptWin(s=90),AdaptWin,1362,1067,340,54,0,0,0.2644,0.4,0.3187,0.537,2.0065,0.0,,0.4,91
HCV,rank(P*E),AdaptWin(s=85),AdaptWin,1362,1067,340,54,0,0,0.1025,0.2982,0.1954,0.6296,1.2303,0.0,,0.2982,174
HCV,rank(P*E),FreqThresh(p=80),FreqThresh,1362,1067,340,54,0,0,0.1768,0.3226,0.2857,0.3704,1.7989,0.0,,0.3226,70
HCV,rank(P*E),FreqThresh(p=85),FreqThresh,1362,1067,340,54,0,0,0.2513,0.3654,0.38,0.3519,2.3926,0.0,,0.3654,50
HCV,rank(P*E),FreqThresh(p=90),FreqThresh,1362,1067,340,54,0,0,0.2295,0.2963,0.4444,0.2222,2.7984,0.0,,0.2963,27
HCV,rank(P*E),FreqThresh(p=95),FreqThresh,1362,1067,340,54,0,0,0.2291,0.1905,0.6667,0.1111,4.1975,0.0,,0.1905,9
HCV,rank(P*E),MutClust-Orig(g=10),MutClust-Orig,1362,1067,340,54,0,0,0.0,0.2741,0.1588,1.0,1.0,0.0,,0.2741,340
