pathogen,scoring,detector,family,mcc,precision,recall,f1,n_detected
SARS-CoV-2,freq,Wavelet(t=1.0),Wavelet,-0.009179,0.016,0.08,0.026667,125
SARS-CoV-2,freq,Wavelet(t=1.5),Wavelet,-0.014118,0.012346,0.04,0.018868,81
SARS-CoV-2,freq,Wavelet(t=2.0),Wavelet,0.000208,0.02,0.04,0.026667,50
SARS-CoV-2,freq,KDE(p=75),KDE,0.075518,0.038095,0.48,0.070588,315
SARS-CoV-2,freq,KDE(p=80),KDE,0.056861,0.035714,0.36,0.064982,252
SARS-CoV-2,freq,KDE(p=85),KDE,-0.012002,0.015873,0.12,0.028037,189
SARS-CoV-2,freq,SlidingTest(p=0.01),SlidingTest,0.025918,0.047619,0.04,0.043478,21
SARS-CoV-2,freq,SlidingTest(p=0.05),SlidingTest,0.025918,0.047619,0.04,0.043478,21
SARS-CoV-2,freq,GradPeak(p=0.2),GradPeak,0.0,0.0,0.0,0.0,0
SARS-CoV-2,freq,GradPeak(p=0.5),GradPeak,0.0,0.0,0.0,0.0,0
SARS-CoV-2,freq,LocalContrast(z=1.0),LocalContrast,0.032972,0.043478,0.08,0.056338,46
SARS-CoV-2,freq,LocalContrast(z=1.5),LocalContrast,0.033932,0.044444,0.08,0.057143,45
SARS-CoV-2,freq,LocalContrast(z=2.0),LocalContrast,0.008943,0.027027,0.04,0.032258,37
SARS-CoV-2,freq,"CUSUM(d=0.3,h=3.0)",CUSUM,-0.004013,0.0,0.0,0.0,1
SARS-CoV-2,freq,"CUSUM(d=0.5,h=4.0)",CUSUM,-0.004013,0.0,0.0,0.0,1
SARS-CoV-2,freq,"CUSUM(d=0.5,h=5.0)",CUSUM,-0.004013,0.0,0.0,0.0,1
SARS-CoV-2,freq,AdaptiveKnee,AdaptiveKnee,0.081536,0.2,0.04,0.066667,5
SARS-CoV-2,freq,ScoreDBSCAN(ep=8),ScoreDBSCAN,0.07282,0.166667,0.04,0.064516,6
SARS-CoV-2,freq,ScoreDBSCAN(ep=15),ScoreDBSCAN,0.032678,0.058824,0.04,0.047619,17
SARS-CoV-2,freq,Spectral(z=1.5),Spectral,0.047815,0.090909,0.04,0.055556,11
SARS-CoV-2,freq,Spectral(z=2.0),Spectral,0.055503,0.111111,0.04,0.058824,9
SARS-CoV-2,freq,Bayes(prior=0.1),Bayes,0.044634,0.083333,0.04,0.054054,12
SARS-CoV-2,freq,Bayes(prior=0.15),Bayes,0.031124,0.041667,0.08,0.054795,48
SARS-CoV-2,freq,AdaptWin(s=90),AdaptWin,0.081536,0.2,0.04,0.066667,5
SARS-CoV-2,freq,AdaptWin(s=85),AdaptWin,0.044634,0.083333,0.04,0.054054,12
SARS-CoV-2,freq,FreqThresh(p=80),FreqThresh,0.044634,0.083333,0.04,0.054054,12
SARS-CoV-2,freq,FreqThresh(p=85),FreqThresh,0.044634,0.083333,0.04,0.054054,12
SARS-CoV-2,freq,FreqThresh(p=90),FreqThresh,0.081536,0.2,0.04,0.066667,5
SARS-CoV-2,freq,FreqThresh(p=95),FreqThresh,-0.006956,0.0,0.0,0.0,3
SARS-CoV-2,freq,"SWAN(w=10,k=1.0)",SWAN,-0.004013,0.0,0.0,0.0,1
SARS-CoV-2,freq,"SWAN(w=10,k=1.5)",SWAN,-0.004013,0.0,0.0,0.0,1
SARS-CoV-2,freq,"SWAN(w=10,k=2.0)",SWAN,-0.004013,0.0,0.0,0.0,1
SARS-CoV-2,freq,"SWAN(w=20,k=1.0)",SWAN,-0.004013,0.0,0.0,0.0,1
SARS-CoV-2,freq,"SWAN(w=20,k=1.5)",SWAN,-0.004013,0.0,0.0,0.0,1
SARS-CoV-2,freq,"SWAN(w=20,k=2.0)",SWAN,-0.004013,0.0,0.0,0.0,1
SARS-CoV-2,freq,"SWAN(w=50,k=1.0)",SWAN,-0.005678,0.0,0.0,0.0,2
SARS-CoV-2,freq,"SWAN(w=50,k=1.5)",SWAN,-0.005678,0.0,0.0,0.0,2
SARS-CoV-2,freq,"SWAN(w=50,k=2.0)",SWAN,-0.005678,0.0,0.0,0.0,2
SARS-CoV-2,freq,MutClust-Orig(g=10),MutClust-Orig,0.0,0.0,0.0,0.0,0
SARS-CoV-2,entropy,Wavelet(t=1.0),Wavelet,-0.006339,0.017094,0.08,0.028169,117
SARS-CoV-2,entropy,Wavelet(t=1.5),Wavelet,-0.011363,0.013514,0.04,0.020202,74
SARS-CoV-2,entropy,Wavelet(t=2.0),Wavelet,0.001393,0.020833,0.04,0.027397,48
SARS-CoV-2,entropy,KDE(p=75),KDE,0.088663,0.04127,0.52,0.076471,315
SARS-CoV-2,entropy,KDE(p=80),KDE,0.056861,0.035714,0.36,0.064982,252
SARS-CoV-2,entropy,KDE(p=85),KDE,0.019877,0.026455,0.2,0.046729,189
SARS-CoV-2,entropy,SlidingTest(p=0.01),SlidingTest,0.025918,0.047619,0.04,0.043478,21
SARS-CoV-2,entropy,SlidingTest(p=0.05),SlidingTest,0.025918,0.047619,0.04,0.043478,21
SARS-CoV-2,entropy,GradPeak(p=0.2),GradPeak,0.0,0.0,0.0,0.0,0
SARS-CoV-2,entropy,GradPeak(p=0.5),GradPeak,0.0,0.0,0.0,0.0,0
SARS-CoV-2,entropy,LocalContrast(z=1.0),LocalContrast,0.032972,0.043478,0.08,0.056338,46
SARS-CoV-2,entropy,LocalContrast(z=1.5),LocalContrast,0.033932,0.044444,0.08,0.057143,45
SARS-CoV-2,entropy,LocalContrast(z=2.0),LocalContrast,0.006678,0.025,0.04,0.030769,40
SARS-CoV-2,entropy,"CUSUM(d=0.3,h=3.0)",CUSUM,-0.004013,0.0,0.0,0.0,1
SARS-CoV-2,entropy,"CUSUM(d=0.5,h=4.0)",CUSUM,-0.004013,0.0,0.0,0.0,1
SARS-CoV-2,entropy,"CUSUM(d=0.5,h=5.0)",CUSUM,-0.004013,0.0,0.0,0.0,1
SARS-CoV-2,entropy,AdaptiveKnee,AdaptiveKnee,0.041782,0.076923,0.04,0.052632,13
SARS-CoV-2,entropy,ScoreDBSCAN(ep=8),ScoreDBSCAN,0.07282,0.166667,0.04,0.064516,6
SARS-CoV-2,entropy,ScoreDBSCAN(ep=15),ScoreDBSCAN,0.044634,0.083333,0.04,0.054054,12
SARS-CoV-2,entropy,Spectral(z=1.5),Spectral,0.0392,0.071429,0.04,0.051282,14
SARS-CoV-2,entropy,Spectral(z=2.0),Spectral,0.060269,0.125,0.04,0.060606,8
SARS-CoV-2,entropy,Bayes(prior=0.1),Bayes,0.031124,0.041667,0.08,0.054795,48
SARS-CoV-2,entropy,Bayes(prior=0.15),Bayes,0.031124,0.041667,0.08,0.054795,48
SARS-CoV-2,entropy,AdaptWin(s=90),AdaptWin,-0.009849,0.0,0.0,0.0,6
SARS-CoV-2,entropy,AdaptWin(s=85),AdaptWin,0.060269,0.125,0.04,0.060606,8
SARS-CoV-2,entropy,FreqThresh(p=80),FreqThresh,0.044634,0.083333,0.04,0.054054,12
SARS-CoV-2,entropy,FreqThresh(p=85),FreqThresh,0.060269,0.125,0.04,0.060606,8
SARS-CoV-2,entropy,FreqThresh(p=90),FreqThresh,-0.009849,0.0,0.0,0.0,6
SARS-CoV-2,entropy,FreqThresh(p=95),FreqThresh,-0.006956,0.0,0.0,0.0,3
SARS-CoV-2,entropy,"SWAN(w=10,k=1.0)",SWAN,0.081536,0.2,0.04,0.066667,5
SARS-CoV-2,entropy,"SWAN(w=10,k=1.5)",SWAN,-0.004013,0.0,0.0,0.0,1
SARS-CoV-2,entropy,"SWAN(w=10,k=2.0)",SWAN,-0.004013,0.0,0.0,0.0,1
SARS-CoV-2,entropy,"SWAN(w=20,k=1.0)",SWAN,-0.008988,0.0,0.0,0.0,5
SARS-CoV-2,entropy,"SWAN(w=20,k=1.5)",SWAN,-0.004013,0.0,0.0,0.0,1
SARS-CoV-2,entropy,"SWAN(w=20,k=2.0)",SWAN,-0.004013,0.0,0.0,0.0,1
SARS-CoV-2,entropy,"SWAN(w=50,k=1.0)",SWAN,-0.005678,0.0,0.0,0.0,2
SARS-CoV-2,entropy,"SWAN(w=50,k=1.5)",SWAN,-0.005678,0.0,0.0,0.0,2
SARS-CoV-2,entropy,"SWAN(w=50,k=2.0)",SWAN,-0.005678,0.0,0.0,0.0,2
SARS-CoV-2,entropy,MutClust-Orig(g=10),MutClust-Orig,0.0,0.0,0.0,0.0,0
SARS-CoV-2,rare_freq,Wavelet(t=1.0),Wavelet,0.171015,0.078652,0.56,0.137931,178
SARS-CoV-2,rare_freq,Wavelet(t=1.5),Wavelet,0.151031,0.092784,0.36,0.147541,97
SARS-CoV-2,rare_freq,Wavelet(t=2.0),Wavelet,0.089109,0.081633,0.16,0.108108,49
SARS-CoV-2,rare_freq,KDE(p=75),KDE,0.075518,0.038095,0.48,0.070588,315
SARS-CoV-2,rare_freq,KDE(p=80),KDE,0.028402,0.027778,0.28,0.050542,252
SARS-CoV-2,rare_freq,KDE(p=85),KDE,0.019877,0.026455,0.2,0.046729,189
SARS-CoV-2,rare_freq,SlidingTest(p=0.01),SlidingTest,0.101907,0.074074,0.24,0.113208,81
SARS-CoV-2,rare_freq,SlidingTest(p=0.05),SlidingTest,0.09219,0.065934,0.24,0.103448,91
SARS-CoV-2,rare_freq,GradPeak(p=0.2),GradPeak,0.0,0.0,0.0,0.0,0
SARS-CoV-2,rare_freq,GradPeak(p=0.5),GradPeak,0.0,0.0,0.0,0.0,0
SARS-CoV-2,rare_freq,LocalContrast(z=1.0),LocalContrast,0.033932,0.044444,0.08,0.057143,45
SARS-CoV-2,rare_freq,LocalContrast(z=1.5),LocalContrast,0.034917,0.045455,0.08,0.057971,44
SARS-CoV-2,rare_freq,LocalContrast(z=2.0),LocalContrast,0.010563,0.028571,0.04,0.033333,35
SARS-CoV-2,rare_freq,"CUSUM(d=0.3,h=3.0)",CUSUM,0.032972,0.043478,0.08,0.056338,46
SARS-CoV-2,rare_freq,"CUSUM(d=0.5,h=4.0)",CUSUM,0.032678,0.058824,0.04,0.047619,17
SARS-CoV-2,rare_freq,"CUSUM(d=0.5,h=5.0)",CUSUM,0.034679,0.0625,0.04,0.04878,16
SARS-CoV-2,rare_freq,AdaptiveKnee,AdaptiveKnee,0.0,0.019857,1.0,0.038941,1259
SARS-CoV-2,rare_freq,ScoreDBSCAN(ep=8),ScoreDBSCAN,0.07282,0.166667,0.04,0.064516,6
SARS-CoV-2,rare_freq,ScoreDBSCAN(ep=15),ScoreDBSCAN,0.044634,0.083333,0.04,0.054054,12
SARS-CoV-2,rare_freq,Spectral(z=1.5),Spectral,0.038502,0.041667,0.12,0.061856,72
SARS-CoV-2,rare_freq,Spectral(z=2.0),Spectral,0.024524,0.035714,0.08,0.049383,56
SARS-CoV-2,rare_freq,Bayes(prior=0.1),Bayes,0.032972,0.043478,0.08,0.056338,46
SARS-CoV-2,rare_freq,Bayes(prior=0.15),Bayes,0.032972,0.043478,0.08,0.056338,46
SARS-CoV-2,rare_freq,AdaptWin(s=90),AdaptWin,0.081536,0.2,0.04,0.066667,5
SARS-CoV-2,rare_freq,AdaptWin(s=85),AdaptWin,0.051402,0.1,0.04,0.057143,10
SARS-CoV-2,rare_freq,FreqThresh(p=80),FreqThresh,0.051402,0.1,0.04,0.057143,10
SARS-CoV-2,rare_freq,FreqThresh(p=85),FreqThresh,0.051402,0.1,0.04,0.057143,10
SARS-CoV-2,rare_freq,FreqThresh(p=90),FreqThresh,0.081536,0.2,0.04,0.066667,5
SARS-CoV-2,rare_freq,FreqThresh(p=95),FreqThresh,0.109817,0.333333,0.04,0.071429,3
SARS-CoV-2,rare_freq,"SWAN(w=10,k=1.0)",SWAN,0.043902,0.055556,0.08,0.065574,36
SARS-CoV-2,rare_freq,"SWAN(w=10,k=1.5)",SWAN,0.043902,0.055556,0.08,0.065574,36
SARS-CoV-2,rare_freq,"SWAN(w=10,k=2.0)",SWAN,0.063428,0.083333,0.08,0.081633,24
SARS-CoV-2,rare_freq,"SWAN(w=20,k=1.0)",SWAN,0.045194,0.057143,0.08,0.066667,35
SARS-CoV-2,rare_freq,"SWAN(w=20,k=1.5)",SWAN,0.045194,0.057143,0.08,0.066667,35
SARS-CoV-2,rare_freq,"SWAN(w=20,k=2.0)",SWAN,0.02908,0.052632,0.04,0.045455,19
SARS-CoV-2,rare_freq,"SWAN(w=50,k=1.0)",SWAN,0.023097,0.043478,0.04,0.041667,23
SARS-CoV-2,rare_freq,"SWAN(w=50,k=1.5)",SWAN,0.02908,0.052632,0.04,0.045455,19
SARS-CoV-2,rare_freq,"SWAN(w=50,k=2.0)",SWAN,0.036844,0.066667,0.04,0.05,15
SARS-CoV-2,rare_freq,MutClust-Orig(g=10),MutClust-Orig,0.0,0.0,0.0,0.0,0
SARS-CoV-2,homoplasy,Wavelet(t=1.0),Wavelet,0.108562,0.057803,0.4,0.10101,173
SARS-CoV-2,homoplasy,Wavelet(t=1.5),Wavelet,0.10121,0.066667,0.28,0.107692,105
SARS-CoV-2,homoplasy,Wavelet(t=2.0),Wavelet,0.107357,0.078947,0.24,0.118812,76
SARS-CoV-2,homoplasy,KDE(p=75),KDE,0.009793,0.022222,0.28,0.041176,315
SARS-CoV-2,homoplasy,KDE(p=80),KDE,-0.028515,0.011905,0.12,0.021661,252
SARS-CoV-2,homoplasy,KDE(p=85),KDE,-0.043881,0.005291,0.04,0.009346,189
SARS-CoV-2,homoplasy,SlidingTest(p=0.01),SlidingTest,0.102062,0.067308,0.28,0.108527,104
SARS-CoV-2,homoplasy,SlidingTest(p=0.05),SlidingTest,0.083991,0.054688,0.28,0.091503,128
SARS-CoV-2,homoplasy,GradPeak(p=0.2),GradPeak,-0.011382,0.0,0.0,0.0,8
SARS-CoV-2,homoplasy,GradPeak(p=0.5),GradPeak,0.0,0.0,0.0,0.0,0
SARS-CoV-2,homoplasy,LocalContrast(z=1.0),LocalContrast,-0.002026,0.019108,0.12,0.032967,157
SARS-CoV-2,homoplasy,LocalContrast(z=1.5),LocalContrast,-0.02766,0.00813,0.04,0.013514,123
SARS-CoV-2,homoplasy,LocalContrast(z=2.0),LocalContrast,-0.015608,0.011765,0.04,0.018182,85
SARS-CoV-2,homoplasy,"CUSUM(d=0.3,h=3.0)",CUSUM,0.039139,0.05,0.08,0.061538,40
SARS-CoV-2,homoplasy,"CUSUM(d=0.5,h=4.0)",CUSUM,0.067921,0.090909,0.08,0.085106,22
SARS-CoV-2,homoplasy,"CUSUM(d=0.5,h=5.0)",CUSUM,0.089318,0.133333,0.08,0.1,15
SARS-CoV-2,homoplasy,AdaptiveKnee,AdaptiveKnee,0.0,0.019857,1.0,0.038941,1259
SARS-CoV-2,homoplasy,ScoreDBSCAN(ep=8),ScoreDBSCAN,2.8e-05,0.019868,0.12,0.034091,151
SARS-CoV-2,homoplasy,ScoreDBSCAN(ep=15),ScoreDBSCAN,-0.009941,0.016484,0.12,0.028986,182
SARS-CoV-2,homoplasy,Spectral(z=1.5),Spectral,0.013983,0.027778,0.08,0.041237,72
SARS-CoV-2,homoplasy,Spectral(z=2.0),Spectral,0.002004,0.021277,0.04,0.027778,47
SARS-CoV-2,homoplasy,Bayes(prior=0.1),Bayes,0.015092,0.033333,0.04,0.036364,30
SARS-CoV-2,homoplasy,Bayes(prior=0.15),Bayes,0.03777,0.041096,0.12,0.061224,73
SARS-CoV-2,homoplasy,AdaptWin(s=90),AdaptWin,0.007413,0.025641,0.04,0.03125,39
SARS-CoV-2,homoplasy,AdaptWin(s=85),AdaptWin,0.040606,0.038835,0.16,0.0625,103
SARS-CoV-2,homoplasy,FreqThresh(p=80),FreqThresh,0.03777,0.041096,0.12,0.061224,73
SARS-CoV-2,homoplasy,FreqThresh(p=85),FreqThresh,0.03777,0.041096,0.12,0.061224,73
SARS-CoV-2,homoplasy,FreqThresh(p=90),FreqThresh,0.015092,0.033333,0.04,0.036364,30
SARS-CoV-2,homoplasy,FreqThresh(p=95),FreqThresh,0.032678,0.058824,0.04,0.047619,17
SARS-CoV-2,homoplasy,"SWAN(w=10,k=1.0)",SWAN,0.020822,0.027972,0.16,0.047619,143
SARS-CoV-2,homoplasy,"SWAN(w=10,k=1.5)",SWAN,0.051011,0.045977,0.16,0.071429,87
SARS-CoV-2,homoplasy,"SWAN(w=10,k=2.0)",SWAN,0.057889,0.051282,0.16,0.07767,78
SARS-CoV-2,homoplasy,"SWAN(w=20,k=1.0)",SWAN,0.025626,0.030303,0.16,0.050955,132
SARS-CoV-2,homoplasy,"SWAN(w=20,k=1.5)",SWAN,0.033398,0.034483,0.16,0.056738,116
SARS-CoV-2,homoplasy,"SWAN(w=20,k=2.0)",SWAN,0.063022,0.055556,0.16,0.082474,72
SARS-CoV-2,homoplasy,"SWAN(w=50,k=1.0)",SWAN,0.03288,0.034188,0.16,0.056338,117
SARS-CoV-2,homoplasy,"SWAN(w=50,k=1.5)",SWAN,0.033921,0.034783,0.16,0.057143,115
SARS-CoV-2,homoplasy,"SWAN(w=50,k=2.0)",SWAN,0.044278,0.041237,0.16,0.065574,97
SARS-CoV-2,homoplasy,MutClust-Orig(g=10),MutClust-Orig,0.064849,0.057143,0.16,0.084211,70
SARS-CoV-2,esm2_llr,Wavelet(t=1.0),Wavelet,-0.037694,0.006173,0.04,0.010695,162
SARS-CoV-2,esm2_llr,Wavelet(t=1.5),Wavelet,-0.01487,0.012048,0.04,0.018519,83
SARS-CoV-2,esm2_llr,Wavelet(t=2.0),Wavelet,0.000208,0.02,0.04,0.026667,50
SARS-CoV-2,esm2_llr,KDE(p=75),KDE,0.167532,0.060317,0.76,0.111765,315
SARS-CoV-2,esm2_llr,KDE(p=80),KDE,0.142236,0.059524,0.6,0.108303,252
SARS-CoV-2,esm2_llr,KDE(p=85),KDE,0.099575,0.05291,0.4,0.093458,189
SARS-CoV-2,esm2_llr,SlidingTest(p=0.01),SlidingTest,-0.012569,0.012987,0.04,0.019608,77
SARS-CoV-2,esm2_llr,SlidingTest(p=0.05),SlidingTest,-0.018968,0.012821,0.08,0.022099,156
SARS-CoV-2,esm2_llr,GradPeak(p=0.2),GradPeak,-0.003093,0.017857,0.04,0.024691,56
SARS-CoV-2,esm2_llr,GradPeak(p=0.5),GradPeak,-0.01563,0.0,0.0,0.0,15
SARS-CoV-2,esm2_llr,LocalContrast(z=1.0),LocalContrast,0.03244,0.031847,0.2,0.054945,157
SARS-CoV-2,esm2_llr,LocalContrast(z=1.5),LocalContrast,-0.001347,0.019231,0.08,0.031008,104
SARS-CoV-2,esm2_llr,LocalContrast(z=2.0),LocalContrast,0.014565,0.028169,0.08,0.041667,71
SARS-CoV-2,esm2_llr,"CUSUM(d=0.3,h=3.0)",CUSUM,-0.019842,0.0,0.0,0.0,24
SARS-CoV-2,esm2_llr,"CUSUM(d=0.5,h=4.0)",CUSUM,-0.011382,0.0,0.0,0.0,8
SARS-CoV-2,esm2_llr,"CUSUM(d=0.5,h=5.0)",CUSUM,-0.009849,0.0,0.0,0.0,6
SARS-CoV-2,esm2_llr,AdaptiveKnee,AdaptiveKnee,-0.011769,0.013333,0.04,0.02,75
SARS-CoV-2,esm2_llr,ScoreDBSCAN(ep=8),ScoreDBSCAN,-0.019924,0.017341,0.48,0.033473,692
SARS-CoV-2,esm2_llr,ScoreDBSCAN(ep=15),ScoreDBSCAN,-0.010401,0.019284,0.84,0.037702,1089
SARS-CoV-2,esm2_llr,Spectral(z=1.5),Spectral,0.019559,0.031746,0.08,0.045455,63
SARS-CoV-2,esm2_llr,Spectral(z=2.0),Spectral,0.006678,0.025,0.04,0.030769,40
SARS-CoV-2,esm2_llr,Bayes(prior=0.1),Bayes,-0.008036,0.0,0.0,0.0,4
SARS-CoV-2,esm2_llr,Bayes(prior=0.15),Bayes,-0.018538,0.0,0.0,0.0,21
SARS-CoV-2,esm2_llr,AdaptWin(s=90),AdaptWin,-0.035275,0.010676,0.12,0.019608,281
SARS-CoV-2,esm2_llr,AdaptWin(s=85),AdaptWin,0.070976,0.028777,0.8,0.055556,695
SARS-CoV-2,esm2_llr,FreqThresh(p=80),FreqThresh,-5.7e-05,0.019841,0.2,0.036101,252
SARS-CoV-2,esm2_llr,FreqThresh(p=85),FreqThresh,0.003937,0.021164,0.16,0.037383,189
SARS-CoV-2,esm2_llr,FreqThresh(p=90),FreqThresh,-0.028495,0.007937,0.04,0.013245,126
SARS-CoV-2,esm2_llr,FreqThresh(p=95),FreqThresh,-0.006554,0.015873,0.04,0.022727,63
SARS-CoV-2,esm2_llr,"SWAN(w=10,k=1.0)",SWAN,-0.022089,0.014134,0.16,0.025974,283
SARS-CoV-2,esm2_llr,"SWAN(w=10,k=1.5)",SWAN,-0.039111,0.005952,0.04,0.010363,168
SARS-CoV-2,esm2_llr,"SWAN(w=10,k=2.0)",SWAN,-0.01877,0.010638,0.04,0.016807,94
SARS-CoV-2,esm2_llr,"SWAN(w=20,k=1.0)",SWAN,0.034813,0.027473,0.4,0.051414,364
SARS-CoV-2,esm2_llr,"SWAN(w=20,k=1.5)",SWAN,-0.010011,0.016949,0.16,0.030651,236
SARS-CoV-2,esm2_llr,"SWAN(w=20,k=2.0)",SWAN,0.012208,0.024242,0.16,0.042105,165
SARS-CoV-2,esm2_llr,"SWAN(w=50,k=1.0)",SWAN,0.057274,0.032172,0.48,0.060302,373
SARS-CoV-2,esm2_llr,"SWAN(w=50,k=1.5)",SWAN,0.039334,0.028736,0.4,0.053619,348
SARS-CoV-2,esm2_llr,"SWAN(w=50,k=2.0)",SWAN,0.049447,0.032967,0.36,0.060403,273
SARS-CoV-2,esm2_llr,MutClust-Orig(g=10),MutClust-Orig,0.0,0.019857,1.0,0.038941,1259
SARS-CoV-2,plddt_inv,Wavelet(t=1.0),Wavelet,-0.005525,0.018182,0.16,0.032653,220
SARS-CoV-2,plddt_inv,Wavelet(t=1.5),Wavelet,0.033398,0.034483,0.16,0.056738,116
SARS-CoV-2,plddt_inv,Wavelet(t=2.0),Wavelet,0.019559,0.031746,0.08,0.045455,63
SARS-CoV-2,plddt_inv,KDE(p=75),KDE,-0.082221,0.0,0.0,0.0,315
SARS-CoV-2,plddt_inv,KDE(p=80),KDE,-0.071203,0.0,0.0,0.0,252
SARS-CoV-2,plddt_inv,KDE(p=85),KDE,-0.059821,0.0,0.0,0.0,189
SARS-CoV-2,plddt_inv,SlidingTest(p=0.01),SlidingTest,-0.066829,0.005405,0.08,0.010127,370
SARS-CoV-2,plddt_inv,SlidingTest(p=0.05),SlidingTest,-0.058008,0.007732,0.12,0.014528,388
SARS-CoV-2,plddt_inv,GradPeak(p=0.2),GradPeak,0.017392,0.027778,0.12,0.045113,108
SARS-CoV-2,plddt_inv,GradPeak(p=0.5),GradPeak,0.024551,0.031915,0.12,0.05042,94
SARS-CoV-2,plddt_inv,LocalContrast(z=1.0),LocalContrast,0.024712,0.028409,0.2,0.049751,176
SARS-CoV-2,plddt_inv,LocalContrast(z=1.5),LocalContrast,0.01825,0.030769,0.08,0.044444,65
SARS-CoV-2,plddt_inv,LocalContrast(z=2.0),LocalContrast,0.036844,0.066667,0.04,0.05,15
SARS-CoV-2,plddt_inv,"CUSUM(d=0.3,h=3.0)",CUSUM,-0.042487,0.0,0.0,0.0,103
SARS-CoV-2,plddt_inv,"CUSUM(d=0.5,h=4.0)",CUSUM,-0.032668,0.0,0.0,0.0,63
SARS-CoV-2,plddt_inv,"CUSUM(d=0.5,h=5.0)",CUSUM,-0.001486,0.018868,0.04,0.025641,53
SARS-CoV-2,plddt_inv,AdaptiveKnee,AdaptiveKnee,0.019624,0.023404,0.44,0.044444,470
SARS-CoV-2,plddt_inv,ScoreDBSCAN(ep=8),ScoreDBSCAN,-0.046414,0.007435,0.08,0.013605,269
SARS-CoV-2,plddt_inv,ScoreDBSCAN(ep=15),ScoreDBSCAN,-0.030901,0.016518,0.52,0.03202,787
SARS-CoV-2,plddt_inv,Spectral(z=1.5),Spectral,0.021356,0.03,0.12,0.048,100
SARS-CoV-2,plddt_inv,Spectral(z=2.0),Spectral,0.046543,0.048387,0.12,0.068966,62
SARS-CoV-2,plddt_inv,Bayes(prior=0.1),Bayes,0.0,0.0,0.0,0.0,0
SARS-CoV-2,plddt_inv,Bayes(prior=0.15),Bayes,0.0,0.0,0.0,0.0,0
SARS-CoV-2,plddt_inv,AdaptWin(s=90),AdaptWin,-0.081554,0.002618,0.04,0.004914,382
SARS-CoV-2,plddt_inv,AdaptWin(s=85),AdaptWin,-0.053448,0.009412,0.16,0.017778,425
SARS-CoV-2,plddt_inv,FreqThresh(p=80),FreqThresh,-0.056974,0.003968,0.04,0.00722,252
SARS-CoV-2,plddt_inv,FreqThresh(p=85),FreqThresh,-0.043881,0.005291,0.04,0.009346,189
SARS-CoV-2,plddt_inv,FreqThresh(p=90),FreqThresh,-0.047466,0.0,0.0,0.0,126
SARS-CoV-2,plddt_inv,FreqThresh(p=95),FreqThresh,-0.032668,0.0,0.0,0.0,63
SARS-CoV-2,plddt_inv,"SWAN(w=10,k=1.0)",SWAN,-0.051779,0.009592,0.16,0.0181,417
SARS-CoV-2,plddt_inv,"SWAN(w=10,k=1.5)",SWAN,-0.049266,0.009877,0.16,0.018605,405
SARS-CoV-2,plddt_inv,"SWAN(w=10,k=2.0)",SWAN,-0.046737,0.010178,0.16,0.019139,393
SARS-CoV-2,plddt_inv,"SWAN(w=20,k=1.0)",SWAN,-0.049266,0.009877,0.16,0.018605,405
SARS-CoV-2,plddt_inv,"SWAN(w=20,k=1.5)",SWAN,-0.048846,0.009926,0.16,0.018692,403
SARS-CoV-2,plddt_inv,"SWAN(w=20,k=2.0)",SWAN,-0.046526,0.010204,0.16,0.019185,392
SARS-CoV-2,plddt_inv,"SWAN(w=50,k=1.0)",SWAN,-0.050315,0.009756,0.16,0.018391,410
SARS-CoV-2,plddt_inv,"SWAN(w=50,k=1.5)",SWAN,-0.050105,0.00978,0.16,0.018433,409
SARS-CoV-2,plddt_inv,"SWAN(w=50,k=2.0)",SWAN,-0.049056,0.009901,0.16,0.018648,404
SARS-CoV-2,plddt_inv,MutClust-Orig(g=10),MutClust-Orig,0.004013,0.019873,1.0,0.038971,1258
SARS-CoV-2,sasa,Wavelet(t=1.0),Wavelet,0.001068,0.020202,0.16,0.035874,198
SARS-CoV-2,sasa,Wavelet(t=1.5),Wavelet,-0.029859,0.007634,0.04,0.012821,131
SARS-CoV-2,sasa,Wavelet(t=2.0),Wavelet,-0.036579,0.0,0.0,0.0,78
SARS-CoV-2,sasa,KDE(p=75),KDE,0.154387,0.057143,0.72,0.105882,315
SARS-CoV-2,sasa,KDE(p=80),KDE,0.099548,0.047619,0.48,0.086643,252
SARS-CoV-2,sasa,KDE(p=85),KDE,0.051756,0.037037,0.28,0.065421,189
SARS-CoV-2,sasa,SlidingTest(p=0.01),SlidingTest,0.002812,0.020661,0.2,0.037453,242
SARS-CoV-2,sasa,SlidingTest(p=0.05),SlidingTest,-0.003609,0.018987,0.24,0.035191,316
SARS-CoV-2,sasa,GradPeak(p=0.2),GradPeak,-0.022238,0.0,0.0,0.0,30
SARS-CoV-2,sasa,GradPeak(p=0.5),GradPeak,-0.012078,0.0,0.0,0.0,9
SARS-CoV-2,sasa,LocalContrast(z=1.0),LocalContrast,0.005581,0.021739,0.16,0.038278,184
SARS-CoV-2,sasa,LocalContrast(z=1.5),LocalContrast,-0.042934,0.0,0.0,0.0,105
SARS-CoV-2,sasa,LocalContrast(z=2.0),LocalContrast,-0.028337,0.0,0.0,0.0,48
SARS-CoV-2,sasa,"CUSUM(d=0.3,h=3.0)",CUSUM,0.039246,0.042254,0.12,0.0625,71
SARS-CoV-2,sasa,"CUSUM(d=0.5,h=4.0)",CUSUM,0.036968,0.047619,0.08,0.059701,42
SARS-CoV-2,sasa,"CUSUM(d=0.5,h=5.0)",CUSUM,0.014123,0.032258,0.04,0.035714,31
SARS-CoV-2,sasa,AdaptiveKnee,AdaptiveKnee,-0.029146,0.014151,0.24,0.026726,424
SARS-CoV-2,sasa,ScoreDBSCAN(ep=8),ScoreDBSCAN,-0.008833,0.016129,0.08,0.026846,124
SARS-CoV-2,sasa,ScoreDBSCAN(ep=15),ScoreDBSCAN,-0.014332,0.01699,0.28,0.032037,412
SARS-CoV-2,sasa,Spectral(z=1.5),Spectral,0.028898,0.032,0.16,0.053333,125
SARS-CoV-2,sasa,Spectral(z=2.0),Spectral,0.034951,0.038961,0.12,0.058824,77
SARS-CoV-2,sasa,Bayes(prior=0.1),Bayes,0.0,0.0,0.0,0.0,0
SARS-CoV-2,sasa,Bayes(prior=0.15),Bayes,-0.00748,0.015385,0.04,0.022222,65
SARS-CoV-2,sasa,AdaptWin(s=90),AdaptWin,0.002969,0.020833,0.16,0.036866,192
SARS-CoV-2,sasa,AdaptWin(s=85),AdaptWin,0.009146,0.022305,0.24,0.040816,269
SARS-CoV-2,sasa,FreqThresh(p=80),FreqThresh,0.003613,0.021053,0.16,0.037209,190
SARS-CoV-2,sasa,FreqThresh(p=85),FreqThresh,0.003245,0.021127,0.12,0.035928,142
SARS-CoV-2,sasa,FreqThresh(p=90),FreqThresh,0.002448,0.021053,0.08,0.033333,95
SARS-CoV-2,sasa,FreqThresh(p=95),FreqThresh,-0.028337,0.0,0.0,0.0,48
SARS-CoV-2,sasa,"SWAN(w=10,k=1.0)",SWAN,-0.008402,0.01791,0.24,0.033333,335
SARS-CoV-2,sasa,"SWAN(w=10,k=1.5)",SWAN,-0.003609,0.018987,0.24,0.035191,316
SARS-CoV-2,sasa,"SWAN(w=10,k=2.0)",SWAN,-0.018884,0.014815,0.16,0.027119,270
SARS-CoV-2,sasa,"SWAN(w=20,k=1.0)",SWAN,-0.009389,0.017699,0.24,0.032967,339
SARS-CoV-2,sasa,"SWAN(w=20,k=1.5)",SWAN,-0.005648,0.018519,0.24,0.034384,324
SARS-CoV-2,sasa,"SWAN(w=20,k=2.0)",SWAN,-0.016496,0.015873,0.2,0.029412,315
SARS-CoV-2,sasa,"SWAN(w=50,k=1.0)",SWAN,-0.004583,0.018868,0.28,0.035354,371
SARS-CoV-2,sasa,"SWAN(w=50,k=1.5)",SWAN,-0.010615,0.017442,0.24,0.03252,344
SARS-CoV-2,sasa,"SWAN(w=50,k=2.0)",SWAN,0.006304,0.021505,0.24,0.039474,279
SARS-CoV-2,sasa,MutClust-Orig(g=10),MutClust-Orig,0.030008,0.022573,0.8,0.043908,886
SARS-CoV-2,grantham,Wavelet(t=1.0),Wavelet,0.005112,0.021898,0.12,0.037037,137
SARS-CoV-2,grantham,Wavelet(t=1.5),Wavelet,0.024551,0.031915,0.12,0.05042,94
SARS-CoV-2,grantham,Wavelet(t=2.0),Wavelet,-0.001486,0.018868,0.04,0.025641,53
SARS-CoV-2,grantham,KDE(p=75),KDE,-0.003351,0.019048,0.24,0.035294,315
SARS-CoV-2,grantham,KDE(p=80),KDE,-0.042744,0.007937,0.08,0.01444,252
SARS-CoV-2,grantham,KDE(p=85),KDE,-0.043881,0.005291,0.04,0.009346,189
SARS-CoV-2,grantham,SlidingTest(p=0.01),SlidingTest,0.058517,0.06,0.12,0.08,50
SARS-CoV-2,grantham,SlidingTest(p=0.05),SlidingTest,0.056141,0.045045,0.2,0.073529,111
SARS-CoV-2,grantham,GradPeak(p=0.2),GradPeak,-0.023352,0.0,0.0,0.0,33
SARS-CoV-2,grantham,GradPeak(p=0.5),GradPeak,-0.023352,0.0,0.0,0.0,33
SARS-CoV-2,grantham,LocalContrast(z=1.0),LocalContrast,0.039139,0.05,0.08,0.061538,40
SARS-CoV-2,grantham,LocalContrast(z=1.5),LocalContrast,0.042653,0.054054,0.08,0.064516,37
SARS-CoV-2,grantham,LocalContrast(z=2.0),LocalContrast,0.012285,0.030303,0.04,0.034483,33
SARS-CoV-2,grantham,"CUSUM(d=0.3,h=3.0)",CUSUM,0.014123,0.032258,0.04,0.035714,31
SARS-CoV-2,grantham,"CUSUM(d=0.5,h=4.0)",CUSUM,0.01823,0.037037,0.04,0.038462,27
SARS-CoV-2,grantham,"CUSUM(d=0.5,h=5.0)",CUSUM,0.036844,0.066667,0.04,0.05,15
SARS-CoV-2,grantham,AdaptiveKnee,AdaptiveKnee,0.0,0.019857,1.0,0.038941,1259
SARS-CoV-2,grantham,ScoreDBSCAN(ep=8),ScoreDBSCAN,0.0,0.0,0.0,0.0,0
SARS-CoV-2,grantham,ScoreDBSCAN(ep=15),ScoreDBSCAN,0.0,0.0,0.0,0.0,0
SARS-CoV-2,grantham,Spectral(z=1.5),Spectral,0.021609,0.033333,0.08,0.047059,60
SARS-CoV-2,grantham,Spectral(z=2.0),Spectral,0.003915,0.022727,0.04,0.028986,44
SARS-CoV-2,grantham,Bayes(prior=0.1),Bayes,0.041445,0.052632,0.08,0.063492,38
SARS-CoV-2,grantham,Bayes(prior=0.15),Bayes,0.032972,0.043478,0.08,0.056338,46
SARS-CoV-2,grantham,AdaptWin(s=90),AdaptWin,-0.009849,0.0,0.0,0.0,6
SARS-CoV-2,grantham,AdaptWin(s=85),AdaptWin,-0.011382,0.0,0.0,0.0,8
SARS-CoV-2,grantham,FreqThresh(p=80),FreqThresh,0.051402,0.1,0.04,0.057143,10
SARS-CoV-2,grantham,FreqThresh(p=85),FreqThresh,-0.010643,0.0,0.0,0.0,7
SARS-CoV-2,grantham,FreqThresh(p=90),FreqThresh,-0.008988,0.0,0.0,0.0,5
SARS-CoV-2,grantham,FreqThresh(p=95),FreqThresh,-0.006956,0.0,0.0,0.0,3
SARS-CoV-2,grantham,"SWAN(w=10,k=1.0)",SWAN,0.043902,0.055556,0.08,0.065574,36
SARS-CoV-2,grantham,"SWAN(w=10,k=1.5)",SWAN,0.057532,0.074074,0.08,0.076923,27
SARS-CoV-2,grantham,"SWAN(w=10,k=2.0)",SWAN,0.025918,0.047619,0.04,0.043478,21
SARS-CoV-2,grantham,"SWAN(w=20,k=1.0)",SWAN,0.041445,0.052632,0.08,0.063492,38
SARS-CoV-2,grantham,"SWAN(w=20,k=1.5)",SWAN,0.061361,0.08,0.08,0.08,25
SARS-CoV-2,grantham,"SWAN(w=20,k=2.0)",SWAN,0.070374,0.095238,0.08,0.086957,21
SARS-CoV-2,grantham,"SWAN(w=50,k=1.0)",SWAN,0.047921,0.060606,0.08,0.068966,33
SARS-CoV-2,grantham,"SWAN(w=50,k=1.5)",SWAN,-0.018084,0.0,0.0,0.0,20
SARS-CoV-2,grantham,"SWAN(w=50,k=2.0)",SWAN,-0.013963,0.0,0.0,0.0,12
SARS-CoV-2,grantham,MutClust-Orig(g=10),MutClust-Orig,0.032972,0.043478,0.08,0.056338,46
SARS-CoV-2,dnds_proxy,Wavelet(t=1.0),Wavelet,-0.009179,0.016,0.08,0.026667,125
SARS-CoV-2,dnds_proxy,Wavelet(t=1.5),Wavelet,-0.014118,0.012346,0.04,0.018868,81
SARS-CoV-2,dnds_proxy,Wavelet(t=2.0),Wavelet,0.000208,0.02,0.04,0.026667,50
SARS-CoV-2,dnds_proxy,KDE(p=75),KDE,0.075518,0.038095,0.48,0.070588,315
SARS-CoV-2,dnds_proxy,KDE(p=80),KDE,0.056861,0.035714,0.36,0.064982,252
SARS-CoV-2,dnds_proxy,KDE(p=85),KDE,-0.012002,0.015873,0.12,0.028037,189
SARS-CoV-2,dnds_proxy,SlidingTest(p=0.01),SlidingTest,0.025918,0.047619,0.04,0.043478,21
SARS-CoV-2,dnds_proxy,SlidingTest(p=0.05),SlidingTest,0.025918,0.047619,0.04,0.043478,21
SARS-CoV-2,dnds_proxy,GradPeak(p=0.2),GradPeak,-0.008988,0.0,0.0,0.0,5
SARS-CoV-2,dnds_proxy,GradPeak(p=0.5),GradPeak,-0.004013,0.0,0.0,0.0,1
SARS-CoV-2,dnds_proxy,LocalContrast(z=1.0),LocalContrast,0.034917,0.045455,0.08,0.057971,44
SARS-CoV-2,dnds_proxy,LocalContrast(z=1.5),LocalContrast,0.038038,0.04878,0.08,0.060606,41
SARS-CoV-2,dnds_proxy,LocalContrast(z=2.0),LocalContrast,0.012285,0.030303,0.04,0.034483,33
SARS-CoV-2,dnds_proxy,"CUSUM(d=0.3,h=3.0)",CUSUM,-0.004013,0.0,0.0,0.0,1
SARS-CoV-2,dnds_proxy,"CUSUM(d=0.5,h=4.0)",CUSUM,-0.004013,0.0,0.0,0.0,1
SARS-CoV-2,dnds_proxy,"CUSUM(d=0.5,h=5.0)",CUSUM,-0.004013,0.0,0.0,0.0,1
SARS-CoV-2,dnds_proxy,AdaptiveKnee,AdaptiveKnee,0.065925,0.142857,0.04,0.0625,7
SARS-CoV-2,dnds_proxy,ScoreDBSCAN(ep=8),ScoreDBSCAN,0.07282,0.166667,0.04,0.064516,6
SARS-CoV-2,dnds_proxy,ScoreDBSCAN(ep=15),ScoreDBSCAN,0.032678,0.058824,0.04,0.047619,17
SARS-CoV-2,dnds_proxy,Spectral(z=1.5),Spectral,0.047815,0.090909,0.04,0.055556,11
SARS-CoV-2,dnds_proxy,Spectral(z=2.0),Spectral,0.055503,0.111111,0.04,0.058824,9
SARS-CoV-2,dnds_proxy,Bayes(prior=0.1),Bayes,0.047815,0.090909,0.04,0.055556,11
SARS-CoV-2,dnds_proxy,Bayes(prior=0.15),Bayes,0.032972,0.043478,0.08,0.056338,46
SARS-CoV-2,dnds_proxy,AdaptWin(s=90),AdaptWin,-0.008988,0.0,0.0,0.0,5
SARS-CoV-2,dnds_proxy,AdaptWin(s=85),AdaptWin,0.065925,0.142857,0.04,0.0625,7
SARS-CoV-2,dnds_proxy,FreqThresh(p=80),FreqThresh,0.047815,0.090909,0.04,0.055556,11
SARS-CoV-2,dnds_proxy,FreqThresh(p=85),FreqThresh,0.065925,0.142857,0.04,0.0625,7
SARS-CoV-2,dnds_proxy,FreqThresh(p=90),FreqThresh,-0.008988,0.0,0.0,0.0,5
SARS-CoV-2,dnds_proxy,FreqThresh(p=95),FreqThresh,-0.006956,0.0,0.0,0.0,3
SARS-CoV-2,dnds_proxy,"SWAN(w=10,k=1.0)",SWAN,-0.004013,0.0,0.0,0.0,1
SARS-CoV-2,dnds_proxy,"SWAN(w=10,k=1.5)",SWAN,-0.004013,0.0,0.0,0.0,1
SARS-CoV-2,dnds_proxy,"SWAN(w=10,k=2.0)",SWAN,-0.004013,0.0,0.0,0.0,1
SARS-CoV-2,dnds_proxy,"SWAN(w=20,k=1.0)",SWAN,-0.004013,0.0,0.0,0.0,1
SARS-CoV-2,dnds_proxy,"SWAN(w=20,k=1.5)",SWAN,-0.004013,0.0,0.0,0.0,1
SARS-CoV-2,dnds_proxy,"SWAN(w=20,k=2.0)",SWAN,-0.004013,0.0,0.0,0.0,1
SARS-CoV-2,dnds_proxy,"SWAN(w=50,k=1.0)",SWAN,-0.005678,0.0,0.0,0.0,2
SARS-CoV-2,dnds_proxy,"SWAN(w=50,k=1.5)",SWAN,-0.005678,0.0,0.0,0.0,2
SARS-CoV-2,dnds_proxy,"SWAN(w=50,k=2.0)",SWAN,-0.005678,0.0,0.0,0.0,2
SARS-CoV-2,dnds_proxy,MutClust-Orig(g=10),MutClust-Orig,0.032972,0.043478,0.08,0.056338,46
SARS-CoV-2,semantic_change,Wavelet(t=1.0),Wavelet,0.117282,0.062893,0.4,0.108696,159
SARS-CoV-2,semantic_change,Wavelet(t=1.5),Wavelet,0.070203,0.054945,0.2,0.086207,91
SARS-CoV-2,semantic_change,Wavelet(t=2.0),Wavelet,0.049256,0.050847,0.12,0.071429,59
SARS-CoV-2,semantic_change,KDE(p=75),KDE,-0.055931,0.006349,0.08,0.011765,315
SARS-CoV-2,semantic_change,KDE(p=80),KDE,-0.056974,0.003968,0.04,0.00722,252
SARS-CoV-2,semantic_change,KDE(p=85),KDE,-0.043881,0.005291,0.04,0.009346,189
SARS-CoV-2,semantic_change,SlidingTest(p=0.01),SlidingTest,0.107357,0.078947,0.24,0.118812,76
SARS-CoV-2,semantic_change,SlidingTest(p=0.05),SlidingTest,0.08615,0.061224,0.24,0.097561,98
SARS-CoV-2,semantic_change,GradPeak(p=0.2),GradPeak,0.0,0.0,0.0,0.0,0
SARS-CoV-2,semantic_change,GradPeak(p=0.5),GradPeak,0.0,0.0,0.0,0.0,0
SARS-CoV-2,semantic_change,LocalContrast(z=1.0),LocalContrast,0.033932,0.044444,0.08,0.057143,45
SARS-CoV-2,semantic_change,LocalContrast(z=1.5),LocalContrast,0.035928,0.046512,0.08,0.058824,43
SARS-CoV-2,semantic_change,LocalContrast(z=2.0),LocalContrast,0.036968,0.047619,0.08,0.059701,42
SARS-CoV-2,semantic_change,"CUSUM(d=0.3,h=3.0)",CUSUM,0.042653,0.054054,0.08,0.064516,37
SARS-CoV-2,semantic_change,"CUSUM(d=0.5,h=4.0)",CUSUM,0.057532,0.074074,0.08,0.076923,27
SARS-CoV-2,semantic_change,"CUSUM(d=0.5,h=5.0)",CUSUM,0.082008,0.117647,0.08,0.095238,17
SARS-CoV-2,semantic_change,AdaptiveKnee,AdaptiveKnee,0.0,0.019857,1.0,0.038941,1259
SARS-CoV-2,semantic_change,ScoreDBSCAN(ep=8),ScoreDBSCAN,0.0,0.0,0.0,0.0,0
SARS-CoV-2,semantic_change,ScoreDBSCAN(ep=15),ScoreDBSCAN,-0.009849,0.0,0.0,0.0,6
SARS-CoV-2,semantic_change,Spectral(z=1.5),Spectral,0.019559,0.031746,0.08,0.045455,63
SARS-CoV-2,semantic_change,Spectral(z=2.0),Spectral,0.030233,0.040816,0.08,0.054054,49
SARS-CoV-2,semantic_change,Bayes(prior=0.1),Bayes,0.032972,0.043478,0.08,0.056338,46
SARS-CoV-2,semantic_change,Bayes(prior=0.15),Bayes,0.032972,0.043478,0.08,0.056338,46
SARS-CoV-2,semantic_change,AdaptWin(s=90),AdaptWin,0.081536,0.2,0.04,0.066667,5
SARS-CoV-2,semantic_change,AdaptWin(s=85),AdaptWin,0.065925,0.142857,0.04,0.0625,7
SARS-CoV-2,semantic_change,FreqThresh(p=80),FreqThresh,0.051402,0.1,0.04,0.057143,10
SARS-CoV-2,semantic_change,FreqThresh(p=85),FreqThresh,0.065925,0.142857,0.04,0.0625,7
SARS-CoV-2,semantic_change,FreqThresh(p=90),FreqThresh,0.081536,0.2,0.04,0.066667,5
SARS-CoV-2,semantic_change,FreqThresh(p=95),FreqThresh,0.109817,0.333333,0.04,0.071429,3
SARS-CoV-2,semantic_change,"SWAN(w=10,k=1.0)",SWAN,0.041445,0.052632,0.08,0.063492,38
SARS-CoV-2,semantic_change,"SWAN(w=10,k=1.5)",SWAN,0.054051,0.068966,0.08,0.074074,29
SARS-CoV-2,semantic_change,"SWAN(w=10,k=2.0)",SWAN,0.054051,0.068966,0.08,0.074074,29
SARS-CoV-2,semantic_change,"SWAN(w=20,k=1.0)",SWAN,0.042653,0.054054,0.08,0.064516,37
SARS-CoV-2,semantic_change,"SWAN(w=20,k=1.5)",SWAN,0.061361,0.08,0.08,0.08,25
SARS-CoV-2,semantic_change,"SWAN(w=20,k=2.0)",SWAN,0.078777,0.111111,0.08,0.093023,18
SARS-CoV-2,semantic_change,"SWAN(w=50,k=1.0)",SWAN,0.061361,0.08,0.08,0.08,25
SARS-CoV-2,semantic_change,"SWAN(w=50,k=1.5)",SWAN,0.072987,0.1,0.08,0.088889,20
SARS-CoV-2,semantic_change,"SWAN(w=50,k=2.0)",SWAN,0.034679,0.0625,0.04,0.04878,16
SARS-CoV-2,semantic_change,MutClust-Orig(g=10),MutClust-Orig,0.0,0.0,0.0,0.0,0
SARS-CoV-2,EVEscape_composite,Wavelet(t=1.0),Wavelet,0.049673,0.038217,0.24,0.065934,157
SARS-CoV-2,EVEscape_composite,Wavelet(t=1.5),Wavelet,0.058711,0.051948,0.16,0.078431,77
SARS-CoV-2,EVEscape_composite,Wavelet(t=2.0),Wavelet,0.071601,0.075,0.12,0.092308,40
SARS-CoV-2,EVEscape_composite,KDE(p=75),KDE,0.128097,0.050794,0.64,0.094118,315
SARS-CoV-2,EVEscape_composite,KDE(p=80),KDE,0.099548,0.047619,0.48,0.086643,252
SARS-CoV-2,EVEscape_composite,KDE(p=85),KDE,0.067696,0.042328,0.32,0.074766,189
SARS-CoV-2,EVEscape_composite,SlidingTest(p=0.01),SlidingTest,0.045672,0.047619,0.12,0.068182,63
SARS-CoV-2,EVEscape_composite,SlidingTest(p=0.05),SlidingTest,0.119953,0.074766,0.32,0.121212,107
SARS-CoV-2,EVEscape_composite,GradPeak(p=0.2),GradPeak,0.0,0.0,0.0,0.0,0
SARS-CoV-2,EVEscape_composite,GradPeak(p=0.5),GradPeak,0.0,0.0,0.0,0.0,0
SARS-CoV-2,EVEscape_composite,LocalContrast(z=1.0),LocalContrast,0.023097,0.043478,0.04,0.041667,23
SARS-CoV-2,EVEscape_composite,LocalContrast(z=1.5),LocalContrast,0.023097,0.043478,0.04,0.041667,23
SARS-CoV-2,EVEscape_composite,LocalContrast(z=2.0),LocalContrast,0.02908,0.052632,0.04,0.045455,19
SARS-CoV-2,EVEscape_composite,"CUSUM(d=0.3,h=3.0)",CUSUM,0.060269,0.125,0.04,0.060606,8
SARS-CoV-2,EVEscape_composite,"CUSUM(d=0.5,h=4.0)",CUSUM,0.060269,0.125,0.04,0.060606,8
SARS-CoV-2,EVEscape_composite,"CUSUM(d=0.5,h=5.0)",CUSUM,0.065925,0.142857,0.04,0.0625,7
SARS-CoV-2,EVEscape_composite,AdaptiveKnee,AdaptiveKnee,0.050862,0.064516,0.08,0.071429,31
SARS-CoV-2,EVEscape_composite,ScoreDBSCAN(ep=8),ScoreDBSCAN,0.0,0.0,0.0,0.0,0
SARS-CoV-2,EVEscape_composite,ScoreDBSCAN(ep=15),ScoreDBSCAN,0.0,0.0,0.0,0.0,0
SARS-CoV-2,EVEscape_composite,Spectral(z=1.5),Spectral,0.0876,0.096774,0.12,0.107143,31
SARS-CoV-2,EVEscape_composite,Spectral(z=2.0),Spectral,0.099433,0.115385,0.12,0.117647,26
SARS-CoV-2,EVEscape_composite,Bayes(prior=0.1),Bayes,0.030818,0.055556,0.04,0.046512,18
SARS-CoV-2,EVEscape_composite,Bayes(prior=0.15),Bayes,0.021793,0.041667,0.04,0.040816,24
SARS-CoV-2,EVEscape_composite,AdaptWin(s=90),AdaptWin,-0.008036,0.0,0.0,0.0,4
SARS-CoV-2,EVEscape_composite,AdaptWin(s=85),AdaptWin,-0.008988,0.0,0.0,0.0,5
SARS-CoV-2,EVEscape_composite,FreqThresh(p=80),FreqThresh,0.065925,0.142857,0.04,0.0625,7
SARS-CoV-2,EVEscape_composite,FreqThresh(p=85),FreqThresh,-0.008988,0.0,0.0,0.0,5
SARS-CoV-2,EVEscape_composite,FreqThresh(p=90),FreqThresh,-0.008036,0.0,0.0,0.0,4
SARS-CoV-2,EVEscape_composite,FreqThresh(p=95),FreqThresh,-0.005678,0.0,0.0,0.0,2
SARS-CoV-2,EVEscape_composite,"SWAN(w=10,k=1.0)",SWAN,0.036844,0.066667,0.04,0.05,15
SARS-CoV-2,EVEscape_composite,"SWAN(w=10,k=1.5)",SWAN,0.0392,0.071429,0.04,0.051282,14
SARS-CoV-2,EVEscape_composite,"SWAN(w=10,k=2.0)",SWAN,0.041782,0.076923,0.04,0.052632,13
SARS-CoV-2,EVEscape_composite,"SWAN(w=20,k=1.0)",SWAN,0.036844,0.066667,0.04,0.05,15
SARS-CoV-2,EVEscape_composite,"SWAN(w=20,k=1.5)",SWAN,0.036844,0.066667,0.04,0.05,15
SARS-CoV-2,EVEscape_composite,"SWAN(w=20,k=2.0)",SWAN,-0.010643,0.0,0.0,0.0,7
SARS-CoV-2,EVEscape_composite,"SWAN(w=50,k=1.0)",SWAN,-0.016149,0.0,0.0,0.0,16
SARS-CoV-2,EVEscape_composite,"SWAN(w=50,k=1.5)",SWAN,-0.016149,0.0,0.0,0.0,16
SARS-CoV-2,EVEscape_composite,"SWAN(w=50,k=2.0)",SWAN,-0.012736,0.0,0.0,0.0,10
SARS-CoV-2,EVEscape_composite,MutClust-Orig(g=10),MutClust-Orig,0.0,0.0,0.0,0.0,0
SARS-CoV-2,EqualWeight,Wavelet(t=1.0),Wavelet,0.043719,0.035294,0.24,0.061538,170
SARS-CoV-2,EqualWeight,Wavelet(t=1.5),Wavelet,0.02623,0.032967,0.12,0.051724,91
SARS-CoV-2,EqualWeight,Wavelet(t=2.0),Wavelet,0.06207,0.06383,0.12,0.083333,47
SARS-CoV-2,EqualWeight,KDE(p=75),KDE,-0.082221,0.0,0.0,0.0,315
SARS-CoV-2,EqualWeight,KDE(p=80),KDE,-0.071203,0.0,0.0,0.0,252
SARS-CoV-2,EqualWeight,KDE(p=85),KDE,-0.059821,0.0,0.0,0.0,189
SARS-CoV-2,EqualWeight,SlidingTest(p=0.01),SlidingTest,0.012368,0.023256,0.24,0.042403,258
SARS-CoV-2,EqualWeight,SlidingTest(p=0.05),SlidingTest,-0.012555,0.017045,0.24,0.03183,352
SARS-CoV-2,EqualWeight,GradPeak(p=0.2),GradPeak,0.0,0.0,0.0,0.0,0
SARS-CoV-2,EqualWeight,GradPeak(p=0.5),GradPeak,0.0,0.0,0.0,0.0,0
SARS-CoV-2,EqualWeight,LocalContrast(z=1.0),LocalContrast,-0.023464,0.011628,0.08,0.020305,172
SARS-CoV-2,EqualWeight,LocalContrast(z=1.5),LocalContrast,-0.001347,0.019231,0.08,0.031008,104
SARS-CoV-2,EqualWeight,LocalContrast(z=2.0),LocalContrast,0.025289,0.036364,0.08,0.05,55
SARS-CoV-2,EqualWeight,"CUSUM(d=0.3,h=3.0)",CUSUM,0.070738,0.0625,0.16,0.089888,64
SARS-CoV-2,EqualWeight,"CUSUM(d=0.5,h=4.0)",CUSUM,0.049363,0.0625,0.08,0.070175,32
SARS-CoV-2,EqualWeight,"CUSUM(d=0.5,h=5.0)",CUSUM,0.063428,0.083333,0.08,0.081633,24
SARS-CoV-2,EqualWeight,AdaptiveKnee,AdaptiveKnee,0.023463,0.03125,0.12,0.049587,96
SARS-CoV-2,EqualWeight,ScoreDBSCAN(ep=8),ScoreDBSCAN,-0.049266,0.009877,0.16,0.018605,405
SARS-CoV-2,EqualWeight,ScoreDBSCAN(ep=15),ScoreDBSCAN,-0.036601,0.017189,0.68,0.033531,989
SARS-CoV-2,EqualWeight,Spectral(z=1.5),Spectral,0.060394,0.053333,0.16,0.08,75
SARS-CoV-2,EqualWeight,Spectral(z=2.0),Spectral,0.050198,0.051724,0.12,0.072289,58
SARS-CoV-2,EqualWeight,Bayes(prior=0.1),Bayes,0.0,0.0,0.0,0.0,0
SARS-CoV-2,EqualWeight,Bayes(prior=0.15),Bayes,-0.008988,0.0,0.0,0.0,5
SARS-CoV-2,EqualWeight,AdaptWin(s=90),AdaptWin,-0.02669,0.014528,0.24,0.027397,413
SARS-CoV-2,EqualWeight,AdaptWin(s=85),AdaptWin,0.009201,0.021173,0.52,0.040689,614
SARS-CoV-2,EqualWeight,FreqThresh(p=80),FreqThresh,0.014173,0.02381,0.24,0.043321,252
SARS-CoV-2,EqualWeight,FreqThresh(p=85),FreqThresh,0.019877,0.026455,0.2,0.046729,189
SARS-CoV-2,EqualWeight,FreqThresh(p=90),FreqThresh,0.009448,0.02381,0.12,0.039735,126
SARS-CoV-2,EqualWeight,FreqThresh(p=95),FreqThresh,0.019559,0.031746,0.08,0.045455,63
SARS-CoV-2,EqualWeight,"SWAN(w=10,k=1.0)",SWAN,-0.020289,0.015982,0.28,0.030238,438
SARS-CoV-2,EqualWeight,"SWAN(w=10,k=1.5)",SWAN,-0.021017,0.015464,0.24,0.029056,388
SARS-CoV-2,EqualWeight,"SWAN(w=10,k=2.0)",SWAN,-0.004377,0.018809,0.24,0.034884,319
SARS-CoV-2,EqualWeight,"SWAN(w=20,k=1.0)",SWAN,-0.020742,0.015909,0.28,0.030108,440
SARS-CoV-2,EqualWeight,"SWAN(w=20,k=1.5)",SWAN,-0.021706,0.015345,0.24,0.028846,391
SARS-CoV-2,EqualWeight,"SWAN(w=20,k=2.0)",SWAN,-0.018938,0.015831,0.24,0.029703,379
SARS-CoV-2,EqualWeight,"SWAN(w=50,k=1.0)",SWAN,-0.028478,0.014252,0.24,0.026906,421
SARS-CoV-2,EqualWeight,"SWAN(w=50,k=1.5)",SWAN,-0.02262,0.01519,0.24,0.028571,395
SARS-CoV-2,EqualWeight,"SWAN(w=50,k=2.0)",SWAN,-0.021017,0.015464,0.24,0.029056,388
SARS-CoV-2,EqualWeight,MutClust-Orig(g=10),MutClust-Orig,-0.00362,0.019455,0.6,0.037688,771
SARS-CoV-2,tranception,Wavelet(t=1.0),Wavelet,-0.001349,0.019355,0.12,0.033333,155
SARS-CoV-2,tranception,Wavelet(t=1.5),Wavelet,-0.041353,0.0,0.0,0.0,98
SARS-CoV-2,tranception,Wavelet(t=2.0),Wavelet,-0.036329,0.0,0.0,0.0,77
SARS-CoV-2,tranception,KDE(p=75),KDE,0.154387,0.057143,0.72,0.105882,315
SARS-CoV-2,tranception,KDE(p=80),KDE,0.184924,0.071429,0.72,0.129964,252
SARS-CoV-2,tranception,KDE(p=85),KDE,0.211151,0.089947,0.68,0.158879,189
SARS-CoV-2,tranception,SlidingTest(p=0.01),SlidingTest,0.043607,0.033493,0.28,0.059829,209
SARS-CoV-2,tranception,SlidingTest(p=0.05),SlidingTest,0.10027,0.035336,0.8,0.067682,566
SARS-CoV-2,tranception,GradPeak(p=0.2),GradPeak,0.007435,0.022901,0.12,0.038462,131
SARS-CoV-2,tranception,GradPeak(p=0.5),GradPeak,0.040771,0.043478,0.12,0.06383,69
SARS-CoV-2,tranception,LocalContrast(z=1.0),LocalContrast,0.002969,0.020833,0.16,0.036866,192
SARS-CoV-2,tranception,LocalContrast(z=1.5),LocalContrast,0.020843,0.029703,0.12,0.047619,101
SARS-CoV-2,tranception,LocalContrast(z=2.0),LocalContrast,0.003264,0.022222,0.04,0.028571,45
SARS-CoV-2,tranception,"CUSUM(d=0.3,h=3.0)",CUSUM,0.006678,0.025,0.04,0.030769,40
SARS-CoV-2,tranception,"CUSUM(d=0.5,h=4.0)",CUSUM,-0.008988,0.0,0.0,0.0,5
SARS-CoV-2,tranception,"CUSUM(d=0.5,h=5.0)",CUSUM,-0.008988,0.0,0.0,0.0,5
SARS-CoV-2,tranception,AdaptiveKnee,AdaptiveKnee,-0.01877,0.010638,0.04,0.016807,94
SARS-CoV-2,tranception,ScoreDBSCAN(ep=8),ScoreDBSCAN,0.073765,0.042857,0.36,0.076596,210
SARS-CoV-2,tranception,ScoreDBSCAN(ep=15),ScoreDBSCAN,0.024288,0.02289,0.64,0.044199,699
SARS-CoV-2,tranception,Spectral(z=1.5),Spectral,-0.022653,0.009434,0.04,0.015267,106
SARS-CoV-2,tranception,Spectral(z=2.0),Spectral,-0.032394,0.0,0.0,0.0,62
SARS-CoV-2,tranception,Bayes(prior=0.1),Bayes,0.0,0.0,0.0,0.0,0
SARS-CoV-2,tranception,Bayes(prior=0.15),Bayes,0.0,0.0,0.0,0.0,0
SARS-CoV-2,tranception,AdaptWin(s=90),AdaptWin,0.083764,0.028678,0.92,0.055623,802
SARS-CoV-2,tranception,AdaptWin(s=85),AdaptWin,0.066047,0.025756,0.92,0.050109,893
SARS-CoV-2,tranception,FreqThresh(p=80),FreqThresh,-5.7e-05,0.019841,0.2,0.036101,252
SARS-CoV-2,tranception,FreqThresh(p=85),FreqThresh,-0.012002,0.015873,0.12,0.028037,189
SARS-CoV-2,tranception,FreqThresh(p=90),FreqThresh,-0.028495,0.007937,0.04,0.013245,126
SARS-CoV-2,tranception,FreqThresh(p=95),FreqThresh,-0.006554,0.015873,0.04,0.022727,63
SARS-CoV-2,tranception,"SWAN(w=10,k=1.0)",SWAN,0.095998,0.033175,0.84,0.06383,633
SARS-CoV-2,tranception,"SWAN(w=10,k=1.5)",SWAN,0.108247,0.037453,0.8,0.071556,534
SARS-CoV-2,tranception,"SWAN(w=10,k=2.0)",SWAN,-0.023057,0.013937,0.16,0.025641,287
SARS-CoV-2,tranception,"SWAN(w=20,k=1.0)",SWAN,0.094427,0.032813,0.84,0.063158,640
SARS-CoV-2,tranception,"SWAN(w=20,k=1.5)",SWAN,0.099176,0.033926,0.84,0.065217,619
SARS-CoV-2,tranception,"SWAN(w=20,k=2.0)",SWAN,0.108556,0.036269,0.84,0.069536,579
SARS-CoV-2,tranception,"SWAN(w=50,k=1.0)",SWAN,0.101246,0.034426,0.84,0.066142,610
SARS-CoV-2,tranception,"SWAN(w=50,k=1.5)",SWAN,0.103572,0.035,0.84,0.0672,600
SARS-CoV-2,tranception,"SWAN(w=50,k=2.0)",SWAN,0.103806,0.035058,0.84,0.067308,599
SARS-CoV-2,tranception,MutClust-Orig(g=10),MutClust-Orig,0.0,0.019857,1.0,0.038941,1259
SARS-CoV-2,stability,Wavelet(t=1.0),Wavelet,0.075238,0.049296,0.28,0.083832,142
SARS-CoV-2,stability,Wavelet(t=1.5),Wavelet,0.025664,0.032609,0.12,0.051282,92
SARS-CoV-2,stability,Wavelet(t=2.0),Wavelet,0.012843,0.027027,0.08,0.040404,74
SARS-CoV-2,stability,KDE(p=75),KDE,-0.003351,0.019048,0.24,0.035294,315
SARS-CoV-2,stability,KDE(p=80),KDE,-0.042744,0.007937,0.08,0.01444,252
SARS-CoV-2,stability,KDE(p=85),KDE,-0.043881,0.005291,0.04,0.009346,189
SARS-CoV-2,stability,SlidingTest(p=0.01),SlidingTest,0.060855,0.0625,0.12,0.082192,48
SARS-CoV-2,stability,SlidingTest(p=0.05),SlidingTest,0.029381,0.032258,0.16,0.053691,124
SARS-CoV-2,stability,GradPeak(p=0.2),GradPeak,0.024469,0.045455,0.04,0.042553,22
SARS-CoV-2,stability,GradPeak(p=0.5),GradPeak,0.051402,0.1,0.04,0.057143,10
SARS-CoV-2,stability,LocalContrast(z=1.0),LocalContrast,0.021793,0.041667,0.04,0.040816,24
SARS-CoV-2,stability,LocalContrast(z=1.5),LocalContrast,0.024469,0.045455,0.04,0.042553,22
SARS-CoV-2,stability,LocalContrast(z=2.0),LocalContrast,0.027451,0.05,0.04,0.044444,20
SARS-CoV-2,stability,"CUSUM(d=0.3,h=3.0)",CUSUM,0.034679,0.0625,0.04,0.04878,16
SARS-CoV-2,stability,"CUSUM(d=0.5,h=4.0)",CUSUM,0.036844,0.066667,0.04,0.05,15
SARS-CoV-2,stability,"CUSUM(d=0.5,h=5.0)",CUSUM,0.036844,0.066667,0.04,0.05,15
SARS-CoV-2,stability,AdaptiveKnee,AdaptiveKnee,-0.055503,0.0192,0.96,0.037647,1250
SARS-CoV-2,stability,ScoreDBSCAN(ep=8),ScoreDBSCAN,0.0,0.0,0.0,0.0,0
SARS-CoV-2,stability,ScoreDBSCAN(ep=15),ScoreDBSCAN,-0.006956,0.0,0.0,0.0,3
SARS-CoV-2,stability,Spectral(z=1.5),Spectral,0.045672,0.047619,0.12,0.068182,63
SARS-CoV-2,stability,Spectral(z=2.0),Spectral,0.065918,0.068182,0.12,0.086957,44
SARS-CoV-2,stability,Bayes(prior=0.1),Bayes,0.047921,0.060606,0.08,0.068966,33
SARS-CoV-2,stability,Bayes(prior=0.15),Bayes,0.047921,0.060606,0.08,0.068966,33
SARS-CoV-2,stability,AdaptWin(s=90),AdaptWin,-0.010643,0.0,0.0,0.0,7
SARS-CoV-2,stability,AdaptWin(s=85),AdaptWin,-0.010643,0.0,0.0,0.0,7
SARS-CoV-2,stability,FreqThresh(p=80),FreqThresh,-0.009849,0.0,0.0,0.0,6
SARS-CoV-2,stability,FreqThresh(p=85),FreqThresh,-0.009849,0.0,0.0,0.0,6
SARS-CoV-2,stability,FreqThresh(p=90),FreqThresh,-0.009849,0.0,0.0,0.0,6
SARS-CoV-2,stability,FreqThresh(p=95),FreqThresh,-0.009849,0.0,0.0,0.0,6
SARS-CoV-2,stability,"SWAN(w=10,k=1.0)",SWAN,0.02908,0.052632,0.04,0.045455,19
SARS-CoV-2,stability,"SWAN(w=10,k=1.5)",SWAN,0.02908,0.052632,0.04,0.045455,19
SARS-CoV-2,stability,"SWAN(w=10,k=2.0)",SWAN,-0.013963,0.0,0.0,0.0,12
SARS-CoV-2,stability,"SWAN(w=20,k=1.0)",SWAN,0.025918,0.047619,0.04,0.043478,21
SARS-CoV-2,stability,"SWAN(w=20,k=1.5)",SWAN,-0.014539,0.0,0.0,0.0,13
SARS-CoV-2,stability,"SWAN(w=20,k=2.0)",SWAN,-0.012078,0.0,0.0,0.0,9
SARS-CoV-2,stability,"SWAN(w=50,k=1.0)",SWAN,-0.016652,0.0,0.0,0.0,17
SARS-CoV-2,stability,"SWAN(w=50,k=1.5)",SWAN,-0.012736,0.0,0.0,0.0,10
SARS-CoV-2,stability,"SWAN(w=50,k=2.0)",SWAN,-0.008036,0.0,0.0,0.0,4
SARS-CoV-2,stability,MutClust-Orig(g=10),MutClust-Orig,0.0,0.0,0.0,0.0,0
SARS-CoV-2,stability_structural,Wavelet(t=1.0),Wavelet,-0.007508,0.017241,0.12,0.030151,174
SARS-CoV-2,stability_structural,Wavelet(t=1.5),Wavelet,-0.023878,0.009091,0.04,0.014815,110
SARS-CoV-2,stability_structural,Wavelet(t=2.0),Wavelet,-0.00412,0.017241,0.04,0.024096,58
SARS-CoV-2,stability_structural,KDE(p=75),KDE,0.036083,0.028571,0.36,0.052941,315
SARS-CoV-2,stability_structural,KDE(p=80),KDE,0.014173,0.02381,0.24,0.043321,252
SARS-CoV-2,stability_structural,KDE(p=85),KDE,-0.043881,0.005291,0.04,0.009346,189
SARS-CoV-2,stability_structural,SlidingTest(p=0.01),SlidingTest,-0.021467,0.0,0.0,0.0,28
SARS-CoV-2,stability_structural,SlidingTest(p=0.05),SlidingTest,0.013713,0.025862,0.12,0.042553,116
SARS-CoV-2,stability_structural,GradPeak(p=0.2),GradPeak,0.0,0.0,0.0,0.0,0
SARS-CoV-2,stability_structural,GradPeak(p=0.5),GradPeak,0.0,0.0,0.0,0.0,0
SARS-CoV-2,stability_structural,LocalContrast(z=1.0),LocalContrast,0.023097,0.043478,0.04,0.041667,23
SARS-CoV-2,stability_structural,LocalContrast(z=1.5),LocalContrast,0.024469,0.045455,0.04,0.042553,22
SARS-CoV-2,stability_structural,LocalContrast(z=2.0),LocalContrast,0.027451,0.05,0.04,0.044444,20
SARS-CoV-2,stability_structural,"CUSUM(d=0.3,h=3.0)",CUSUM,0.02908,0.052632,0.04,0.045455,19
SARS-CoV-2,stability_structural,"CUSUM(d=0.5,h=4.0)",CUSUM,-0.016652,0.0,0.0,0.0,17
SARS-CoV-2,stability_structural,"CUSUM(d=0.5,h=5.0)",CUSUM,-0.012736,0.0,0.0,0.0,10
SARS-CoV-2,stability_structural,AdaptiveKnee,AdaptiveKnee,-0.055503,0.0192,0.96,0.037647,1250
SARS-CoV-2,stability_structural,ScoreDBSCAN(ep=8),ScoreDBSCAN,0.0,0.0,0.0,0.0,0
SARS-CoV-2,stability_structural,ScoreDBSCAN(ep=15),ScoreDBSCAN,0.0,0.0,0.0,0.0,0
SARS-CoV-2,stability_structural,Spectral(z=1.5),Spectral,0.049256,0.050847,0.12,0.071429,59
SARS-CoV-2,stability_structural,Spectral(z=2.0),Spectral,0.036968,0.047619,0.08,0.059701,42
SARS-CoV-2,stability_structural,Bayes(prior=0.1),Bayes,0.047921,0.060606,0.08,0.068966,33
SARS-CoV-2,stability_structural,Bayes(prior=0.15),Bayes,0.047921,0.060606,0.08,0.068966,33
SARS-CoV-2,stability_structural,AdaptWin(s=90),AdaptWin,-0.006956,0.0,0.0,0.0,3
SARS-CoV-2,stability_structural,AdaptWin(s=85),AdaptWin,-0.008036,0.0,0.0,0.0,4
SARS-CoV-2,stability_structural,FreqThresh(p=80),FreqThresh,-0.009849,0.0,0.0,0.0,6
SARS-CoV-2,stability_structural,FreqThresh(p=85),FreqThresh,-0.008036,0.0,0.0,0.0,4
SARS-CoV-2,stability_structural,FreqThresh(p=90),FreqThresh,-0.006956,0.0,0.0,0.0,3
SARS-CoV-2,stability_structural,FreqThresh(p=95),FreqThresh,-0.005678,0.0,0.0,0.0,2
SARS-CoV-2,stability_structural,"SWAN(w=10,k=1.0)",SWAN,-0.017619,0.0,0.0,0.0,19
SARS-CoV-2,stability_structural,"SWAN(w=10,k=1.5)",SWAN,-0.01563,0.0,0.0,0.0,15
SARS-CoV-2,stability_structural,"SWAN(w=10,k=2.0)",SWAN,-0.015094,0.0,0.0,0.0,14
SARS-CoV-2,stability_structural,"SWAN(w=20,k=1.0)",SWAN,-0.016149,0.0,0.0,0.0,16
SARS-CoV-2,stability_structural,"SWAN(w=20,k=1.5)",SWAN,-0.015094,0.0,0.0,0.0,14
SARS-CoV-2,stability_structural,"SWAN(w=20,k=2.0)",SWAN,-0.012736,0.0,0.0,0.0,10
SARS-CoV-2,stability_structural,"SWAN(w=50,k=1.0)",SWAN,-0.01563,0.0,0.0,0.0,15
SARS-CoV-2,stability_structural,"SWAN(w=50,k=1.5)",SWAN,-0.014539,0.0,0.0,0.0,13
SARS-CoV-2,stability_structural,"SWAN(w=50,k=2.0)",SWAN,-0.011382,0.0,0.0,0.0,8
SARS-CoV-2,stability_structural,MutClust-Orig(g=10),MutClust-Orig,0.0,0.0,0.0,0.0,0
SARS-CoV-2,freq_with_indel,Wavelet(t=1.0),Wavelet,-0.009179,0.016,0.08,0.026667,125
SARS-CoV-2,freq_with_indel,Wavelet(t=1.5),Wavelet,-0.014118,0.012346,0.04,0.018868,81
SARS-CoV-2,freq_with_indel,Wavelet(t=2.0),Wavelet,0.000208,0.02,0.04,0.026667,50
SARS-CoV-2,freq_with_indel,KDE(p=75),KDE,0.075518,0.038095,0.48,0.070588,315
SARS-CoV-2,freq_with_indel,KDE(p=80),KDE,0.056861,0.035714,0.36,0.064982,252
SARS-CoV-2,freq_with_indel,KDE(p=85),KDE,-0.012002,0.015873,0.12,0.028037,189
SARS-CoV-2,freq_with_indel,SlidingTest(p=0.01),SlidingTest,0.025918,0.047619,0.04,0.043478,21
SARS-CoV-2,freq_with_indel,SlidingTest(p=0.05),SlidingTest,0.025918,0.047619,0.04,0.043478,21
SARS-CoV-2,freq_with_indel,GradPeak(p=0.2),GradPeak,0.0,0.0,0.0,0.0,0
SARS-CoV-2,freq_with_indel,GradPeak(p=0.5),GradPeak,0.0,0.0,0.0,0.0,0
SARS-CoV-2,freq_with_indel,LocalContrast(z=1.0),LocalContrast,0.032972,0.043478,0.08,0.056338,46
SARS-CoV-2,freq_with_indel,LocalContrast(z=1.5),LocalContrast,0.033932,0.044444,0.08,0.057143,45
SARS-CoV-2,freq_with_indel,LocalContrast(z=2.0),LocalContrast,0.008943,0.027027,0.04,0.032258,37
SARS-CoV-2,freq_with_indel,"CUSUM(d=0.3,h=3.0)",CUSUM,-0.004013,0.0,0.0,0.0,1
SARS-CoV-2,freq_with_indel,"CUSUM(d=0.5,h=4.0)",CUSUM,-0.004013,0.0,0.0,0.0,1
SARS-CoV-2,freq_with_indel,"CUSUM(d=0.5,h=5.0)",CUSUM,-0.004013,0.0,0.0,0.0,1
SARS-CoV-2,freq_with_indel,AdaptiveKnee,AdaptiveKnee,0.081536,0.2,0.04,0.066667,5
SARS-CoV-2,freq_with_indel,ScoreDBSCAN(ep=8),ScoreDBSCAN,0.07282,0.166667,0.04,0.064516,6
SARS-CoV-2,freq_with_indel,ScoreDBSCAN(ep=15),ScoreDBSCAN,0.032678,0.058824,0.04,0.047619,17
SARS-CoV-2,freq_with_indel,Spectral(z=1.5),Spectral,0.047815,0.090909,0.04,0.055556,11
SARS-CoV-2,freq_with_indel,Spectral(z=2.0),Spectral,0.055503,0.111111,0.04,0.058824,9
SARS-CoV-2,freq_with_indel,Bayes(prior=0.1),Bayes,0.044634,0.083333,0.04,0.054054,12
SARS-CoV-2,freq_with_indel,Bayes(prior=0.15),Bayes,0.031124,0.041667,0.08,0.054795,48
SARS-CoV-2,freq_with_indel,AdaptWin(s=90),AdaptWin,0.081536,0.2,0.04,0.066667,5
SARS-CoV-2,freq_with_indel,AdaptWin(s=85),AdaptWin,0.044634,0.083333,0.04,0.054054,12
SARS-CoV-2,freq_with_indel,FreqThresh(p=80),FreqThresh,0.044634,0.083333,0.04,0.054054,12
SARS-CoV-2,freq_with_indel,FreqThresh(p=85),FreqThresh,0.044634,0.083333,0.04,0.054054,12
SARS-CoV-2,freq_with_indel,FreqThresh(p=90),FreqThresh,0.081536,0.2,0.04,0.066667,5
SARS-CoV-2,freq_with_indel,FreqThresh(p=95),FreqThresh,-0.006956,0.0,0.0,0.0,3
SARS-CoV-2,freq_with_indel,"SWAN(w=10,k=1.0)",SWAN,-0.004013,0.0,0.0,0.0,1
SARS-CoV-2,freq_with_indel,"SWAN(w=10,k=1.5)",SWAN,-0.004013,0.0,0.0,0.0,1
SARS-CoV-2,freq_with_indel,"SWAN(w=10,k=2.0)",SWAN,-0.004013,0.0,0.0,0.0,1
SARS-CoV-2,freq_with_indel,"SWAN(w=20,k=1.0)",SWAN,-0.004013,0.0,0.0,0.0,1
SARS-CoV-2,freq_with_indel,"SWAN(w=20,k=1.5)",SWAN,-0.004013,0.0,0.0,0.0,1
SARS-CoV-2,freq_with_indel,"SWAN(w=20,k=2.0)",SWAN,-0.004013,0.0,0.0,0.0,1
SARS-CoV-2,freq_with_indel,"SWAN(w=50,k=1.0)",SWAN,-0.005678,0.0,0.0,0.0,2
SARS-CoV-2,freq_with_indel,"SWAN(w=50,k=1.5)",SWAN,-0.005678,0.0,0.0,0.0,2
SARS-CoV-2,freq_with_indel,"SWAN(w=50,k=2.0)",SWAN,-0.005678,0.0,0.0,0.0,2
SARS-CoV-2,freq_with_indel,MutClust-Orig(g=10),MutClust-Orig,0.0,0.0,0.0,0.0,0
SARS-CoV-2,entropy_with_indel,Wavelet(t=1.0),Wavelet,-0.006339,0.017094,0.08,0.028169,117
SARS-CoV-2,entropy_with_indel,Wavelet(t=1.5),Wavelet,-0.011363,0.013514,0.04,0.020202,74
SARS-CoV-2,entropy_with_indel,Wavelet(t=2.0),Wavelet,0.001393,0.020833,0.04,0.027397,48
SARS-CoV-2,entropy_with_indel,KDE(p=75),KDE,0.088663,0.04127,0.52,0.076471,315
SARS-CoV-2,entropy_with_indel,KDE(p=80),KDE,0.056861,0.035714,0.36,0.064982,252
SARS-CoV-2,entropy_with_indel,KDE(p=85),KDE,0.019877,0.026455,0.2,0.046729,189
SARS-CoV-2,entropy_with_indel,SlidingTest(p=0.01),SlidingTest,0.025918,0.047619,0.04,0.043478,21
SARS-CoV-2,entropy_with_indel,SlidingTest(p=0.05),SlidingTest,0.025918,0.047619,0.04,0.043478,21
SARS-CoV-2,entropy_with_indel,GradPeak(p=0.2),GradPeak,0.0,0.0,0.0,0.0,0
SARS-CoV-2,entropy_with_indel,GradPeak(p=0.5),GradPeak,0.0,0.0,0.0,0.0,0
SARS-CoV-2,entropy_with_indel,LocalContrast(z=1.0),LocalContrast,0.032972,0.043478,0.08,0.056338,46
SARS-CoV-2,entropy_with_indel,LocalContrast(z=1.5),LocalContrast,0.033932,0.044444,0.08,0.057143,45
SARS-CoV-2,entropy_with_indel,LocalContrast(z=2.0),LocalContrast,0.006678,0.025,0.04,0.030769,40
SARS-CoV-2,entropy_with_indel,"CUSUM(d=0.3,h=3.0)",CUSUM,-0.004013,0.0,0.0,0.0,1
SARS-CoV-2,entropy_with_indel,"CUSUM(d=0.5,h=4.0)",CUSUM,-0.004013,0.0,0.0,0.0,1
SARS-CoV-2,entropy_with_indel,"CUSUM(d=0.5,h=5.0)",CUSUM,-0.004013,0.0,0.0,0.0,1
SARS-CoV-2,entropy_with_indel,AdaptiveKnee,AdaptiveKnee,0.041782,0.076923,0.04,0.052632,13
SARS-CoV-2,entropy_with_indel,ScoreDBSCAN(ep=8),ScoreDBSCAN,0.07282,0.166667,0.04,0.064516,6
SARS-CoV-2,entropy_with_indel,ScoreDBSCAN(ep=15),ScoreDBSCAN,0.044634,0.083333,0.04,0.054054,12
SARS-CoV-2,entropy_with_indel,Spectral(z=1.5),Spectral,0.0392,0.071429,0.04,0.051282,14
SARS-CoV-2,entropy_with_indel,Spectral(z=2.0),Spectral,0.060269,0.125,0.04,0.060606,8
SARS-CoV-2,entropy_with_indel,Bayes(prior=0.1),Bayes,0.031124,0.041667,0.08,0.054795,48
SARS-CoV-2,entropy_with_indel,Bayes(prior=0.15),Bayes,0.031124,0.041667,0.08,0.054795,48
SARS-CoV-2,entropy_with_indel,AdaptWin(s=90),AdaptWin,-0.009849,0.0,0.0,0.0,6
SARS-CoV-2,entropy_with_indel,AdaptWin(s=85),AdaptWin,0.060269,0.125,0.04,0.060606,8
SARS-CoV-2,entropy_with_indel,FreqThresh(p=80),FreqThresh,0.044634,0.083333,0.04,0.054054,12
SARS-CoV-2,entropy_with_indel,FreqThresh(p=85),FreqThresh,0.060269,0.125,0.04,0.060606,8
SARS-CoV-2,entropy_with_indel,FreqThresh(p=90),FreqThresh,-0.009849,0.0,0.0,0.0,6
SARS-CoV-2,entropy_with_indel,FreqThresh(p=95),FreqThresh,-0.006956,0.0,0.0,0.0,3
SARS-CoV-2,entropy_with_indel,"SWAN(w=10,k=1.0)",SWAN,0.081536,0.2,0.04,0.066667,5
SARS-CoV-2,entropy_with_indel,"SWAN(w=10,k=1.5)",SWAN,-0.004013,0.0,0.0,0.0,1
SARS-CoV-2,entropy_with_indel,"SWAN(w=10,k=2.0)",SWAN,-0.004013,0.0,0.0,0.0,1
SARS-CoV-2,entropy_with_indel,"SWAN(w=20,k=1.0)",SWAN,-0.008988,0.0,0.0,0.0,5
SARS-CoV-2,entropy_with_indel,"SWAN(w=20,k=1.5)",SWAN,-0.004013,0.0,0.0,0.0,1
SARS-CoV-2,entropy_with_indel,"SWAN(w=20,k=2.0)",SWAN,-0.004013,0.0,0.0,0.0,1
SARS-CoV-2,entropy_with_indel,"SWAN(w=50,k=1.0)",SWAN,-0.005678,0.0,0.0,0.0,2
SARS-CoV-2,entropy_with_indel,"SWAN(w=50,k=1.5)",SWAN,-0.005678,0.0,0.0,0.0,2
SARS-CoV-2,entropy_with_indel,"SWAN(w=50,k=2.0)",SWAN,-0.005678,0.0,0.0,0.0,2
SARS-CoV-2,entropy_with_indel,MutClust-Orig(g=10),MutClust-Orig,0.0,0.0,0.0,0.0,0
SARS-CoV-2,fubar,Wavelet(t=1.0),Wavelet,0.043995,0.033654,0.28,0.060086,208
SARS-CoV-2,fubar,Wavelet(t=1.5),Wavelet,0.054288,0.04386,0.2,0.071942,114
SARS-CoV-2,fubar,Wavelet(t=2.0),Wavelet,0.053144,0.054545,0.12,0.075,55
SARS-CoV-2,fubar,KDE(p=75),KDE,0.009793,0.022222,0.28,0.041176,315
SARS-CoV-2,fubar,KDE(p=80),KDE,-0.056974,0.003968,0.04,0.00722,252
SARS-CoV-2,fubar,KDE(p=85),KDE,-0.043881,0.005291,0.04,0.009346,189
SARS-CoV-2,fubar,SlidingTest(p=0.01),SlidingTest,0.077655,0.055046,0.24,0.089552,109
SARS-CoV-2,fubar,SlidingTest(p=0.05),SlidingTest,0.068498,0.045455,0.28,0.078212,154
SARS-CoV-2,fubar,GradPeak(p=0.2),GradPeak,0.019365,0.038462,0.04,0.039216,26
SARS-CoV-2,fubar,GradPeak(p=0.5),GradPeak,-0.005678,0.0,0.0,0.0,2
SARS-CoV-2,fubar,LocalContrast(z=1.0),LocalContrast,0.04595,0.036364,0.24,0.063158,165
SARS-CoV-2,fubar,LocalContrast(z=1.5),LocalContrast,0.031858,0.033613,0.16,0.055556,119
SARS-CoV-2,fubar,LocalContrast(z=2.0),LocalContrast,0.009087,0.024691,0.08,0.037736,81
SARS-CoV-2,fubar,"CUSUM(d=0.3,h=3.0)",CUSUM,0.032037,0.042553,0.08,0.055556,47
SARS-CoV-2,fubar,"CUSUM(d=0.5,h=4.0)",CUSUM,0.061361,0.08,0.08,0.08,25
SARS-CoV-2,fubar,"CUSUM(d=0.5,h=5.0)",CUSUM,0.030818,0.055556,0.04,0.046512,18
SARS-CoV-2,fubar,AdaptiveKnee,AdaptiveKnee,0.068161,0.042553,0.32,0.075117,188
SARS-CoV-2,fubar,ScoreDBSCAN(ep=8),ScoreDBSCAN,-0.020385,0.017291,0.48,0.03338,694
SARS-CoV-2,fubar,ScoreDBSCAN(ep=15),ScoreDBSCAN,-0.021454,0.017937,0.64,0.034896,892
SARS-CoV-2,fubar,Spectral(z=1.5),Spectral,0.041201,0.039216,0.16,0.062992,102
SARS-CoV-2,fubar,Spectral(z=2.0),Spectral,0.067712,0.059701,0.16,0.086957,67
SARS-CoV-2,fubar,Bayes(prior=0.1),Bayes,0.0,0.0,0.0,0.0,0
SARS-CoV-2,fubar,Bayes(prior=0.15),Bayes,0.060394,0.053333,0.16,0.08,75
SARS-CoV-2,fubar,AdaptWin(s=90),AdaptWin,0.047787,0.037267,0.24,0.064516,161
SARS-CoV-2,fubar,AdaptWin(s=85),AdaptWin,0.040664,0.03,0.36,0.055385,300
SARS-CoV-2,fubar,FreqThresh(p=80),FreqThresh,0.056861,0.035714,0.36,0.064982,252
SARS-CoV-2,fubar,FreqThresh(p=85),FreqThresh,0.073765,0.042857,0.36,0.076596,210
SARS-CoV-2,fubar,FreqThresh(p=90),FreqThresh,0.047391,0.039683,0.2,0.066225,126
SARS-CoV-2,fubar,FreqThresh(p=95),FreqThresh,0.071786,0.063492,0.16,0.090909,63
SARS-CoV-2,fubar,"SWAN(w=10,k=1.0)",SWAN,0.061346,0.041667,0.28,0.072539,168
SARS-CoV-2,fubar,"SWAN(w=10,k=1.5)",SWAN,0.050171,0.041322,0.2,0.068493,121
SARS-CoV-2,fubar,"SWAN(w=10,k=2.0)",SWAN,0.058703,0.046729,0.2,0.075758,107
SARS-CoV-2,fubar,"SWAN(w=20,k=1.0)",SWAN,0.092025,0.052023,0.36,0.090909,173
SARS-CoV-2,fubar,"SWAN(w=20,k=1.5)",SWAN,0.066976,0.048,0.24,0.08,125
SARS-CoV-2,fubar,"SWAN(w=20,k=2.0)",SWAN,0.082152,0.058252,0.24,0.09375,103
SARS-CoV-2,fubar,"SWAN(w=50,k=1.0)",SWAN,0.078791,0.045226,0.36,0.080357,199
SARS-CoV-2,fubar,"SWAN(w=50,k=1.5)",SWAN,0.04595,0.036364,0.24,0.063158,165
SARS-CoV-2,fubar,"SWAN(w=50,k=2.0)",SWAN,0.052601,0.039735,0.24,0.068182,151
SARS-CoV-2,fubar,MutClust-Orig(g=10),MutClust-Orig,0.028029,0.020627,1.0,0.04042,1212
H3N2,freq,Wavelet(t=1.0),Wavelet,0.071724,0.076923,0.32,0.124031,104
H3N2,freq,Wavelet(t=1.5),Wavelet,0.013624,0.054545,0.12,0.075,55
H3N2,freq,Wavelet(t=2.0),Wavelet,-0.040678,0.0,0.0,0.0,18
H3N2,freq,KDE(p=75),KDE,0.380043,0.183824,1.0,0.310559,136
H3N2,freq,KDE(p=80),KDE,0.438366,0.229358,1.0,0.373134,109
H3N2,freq,KDE(p=85),KDE,0.520893,0.304878,1.0,0.46729,82
H3N2,freq,SlidingTest(p=0.01),SlidingTest,0.320868,0.254902,0.52,0.342105,51
H3N2,freq,SlidingTest(p=0.05),SlidingTest,0.302775,0.208333,0.6,0.309278,72
H3N2,freq,GradPeak(p=0.2),GradPeak,-0.013357,0.0,0.0,0.0,2
H3N2,freq,GradPeak(p=0.5),GradPeak,0.0,0.0,0.0,0.0,0
H3N2,freq,LocalContrast(z=1.0),LocalContrast,0.065743,0.093023,0.16,0.117647,43
H3N2,freq,LocalContrast(z=1.5),LocalContrast,0.05446,0.090909,0.12,0.103448,33
H3N2,freq,LocalContrast(z=2.0),LocalContrast,0.030599,0.074074,0.08,0.076923,27
H3N2,freq,"CUSUM(d=0.3,h=3.0)",CUSUM,0.111886,0.176471,0.12,0.142857,17
H3N2,freq,"CUSUM(d=0.5,h=4.0)",CUSUM,0.093161,0.181818,0.08,0.111111,11
H3N2,freq,"CUSUM(d=0.5,h=5.0)",CUSUM,0.109138,0.222222,0.08,0.117647,9
H3N2,freq,AdaptiveKnee,AdaptiveKnee,0.112388,0.12,0.24,0.16,50
H3N2,freq,ScoreDBSCAN(ep=8),ScoreDBSCAN,-0.063402,0.04,0.72,0.075789,450
H3N2,freq,ScoreDBSCAN(ep=15),ScoreDBSCAN,-0.052745,0.041929,0.8,0.079681,477
H3N2,freq,Spectral(z=1.5),Spectral,0.118056,0.138889,0.2,0.163934,36
H3N2,freq,Spectral(z=2.0),Spectral,0.071024,0.111111,0.12,0.115385,27
H3N2,freq,Bayes(prior=0.1),Bayes,0.0,0.0,0.0,0.0,0
H3N2,freq,Bayes(prior=0.15),Bayes,0.109138,0.222222,0.08,0.117647,9
H3N2,freq,AdaptWin(s=90),AdaptWin,0.104015,0.058394,0.96,0.110092,411
H3N2,freq,AdaptWin(s=85),AdaptWin,0.068898,0.052174,0.96,0.098969,460
H3N2,freq,FreqThresh(p=80),FreqThresh,0.022623,0.055556,0.24,0.090226,108
H3N2,freq,FreqThresh(p=85),FreqThresh,0.05601,0.074074,0.24,0.113208,81
H3N2,freq,FreqThresh(p=90),FreqThresh,0.103179,0.111111,0.24,0.151899,54
H3N2,freq,FreqThresh(p=95),FreqThresh,0.071024,0.111111,0.12,0.115385,27
H3N2,freq,"SWAN(w=10,k=1.0)",SWAN,0.114826,0.122449,0.24,0.162162,49
H3N2,freq,"SWAN(w=10,k=1.5)",SWAN,0.111962,0.131579,0.2,0.15873,38
H3N2,freq,"SWAN(w=10,k=2.0)",SWAN,0.128022,0.151515,0.2,0.172414,33
H3N2,freq,"SWAN(w=20,k=1.0)",SWAN,0.112388,0.12,0.24,0.16,50
H3N2,freq,"SWAN(w=20,k=1.5)",SWAN,0.133758,0.142857,0.24,0.179104,42
H3N2,freq,"SWAN(w=20,k=2.0)",SWAN,0.18719,0.214286,0.24,0.226415,28
H3N2,freq,"SWAN(w=50,k=1.0)",SWAN,0.119885,0.12766,0.24,0.166667,47
H3N2,freq,"SWAN(w=50,k=1.5)",SWAN,0.119885,0.12766,0.24,0.166667,47
H3N2,freq,"SWAN(w=50,k=2.0)",SWAN,0.164803,0.181818,0.24,0.206897,33
H3N2,freq,MutClust-Orig(g=10),MutClust-Orig,0.118887,0.059524,1.0,0.11236,420
H3N2,entropy,Wavelet(t=1.0),Wavelet,-0.070458,0.011765,0.04,0.018182,85
H3N2,entropy,Wavelet(t=1.5),Wavelet,-0.079589,0.0,0.0,0.0,63
H3N2,entropy,Wavelet(t=2.0),Wavelet,-0.065235,0.0,0.0,0.0,44
H3N2,entropy,KDE(p=75),KDE,0.380043,0.183824,1.0,0.310559,136
H3N2,entropy,KDE(p=80),KDE,0.438366,0.229358,1.0,0.373134,109
H3N2,entropy,KDE(p=85),KDE,0.520893,0.304878,1.0,0.46729,82
H3N2,entropy,SlidingTest(p=0.01),SlidingTest,0.31267,0.245283,0.52,0.333333,53
H3N2,entropy,SlidingTest(p=0.05),SlidingTest,0.265734,0.174419,0.6,0.27027,86
H3N2,entropy,GradPeak(p=0.2),GradPeak,0.123823,0.2,0.12,0.15,15
H3N2,entropy,GradPeak(p=0.5),GradPeak,-0.018925,0.0,0.0,0.0,4
H3N2,entropy,LocalContrast(z=1.0),LocalContrast,0.075796,0.09434,0.2,0.128205,53
H3N2,entropy,LocalContrast(z=1.5),LocalContrast,0.075026,0.102564,0.16,0.125,39
H3N2,entropy,LocalContrast(z=2.0),LocalContrast,0.033046,0.076923,0.08,0.078431,26
H3N2,entropy,"CUSUM(d=0.3,h=3.0)",CUSUM,0.106577,0.166667,0.12,0.139535,18
H3N2,entropy,"CUSUM(d=0.5,h=4.0)",CUSUM,0.165984,0.3,0.12,0.171429,10
H3N2,entropy,"CUSUM(d=0.5,h=5.0)",CUSUM,0.052794,0.142857,0.04,0.0625,7
H3N2,entropy,AdaptiveKnee,AdaptiveKnee,0.101001,0.109091,0.24,0.15,55
H3N2,entropy,ScoreDBSCAN(ep=8),ScoreDBSCAN,-0.031242,0.042553,0.72,0.080357,423
H3N2,entropy,ScoreDBSCAN(ep=15),ScoreDBSCAN,-0.054598,0.041215,0.76,0.078189,461
H3N2,entropy,Spectral(z=1.5),Spectral,0.077818,0.096154,0.2,0.12987,52
H3N2,entropy,Spectral(z=2.0),Spectral,0.056968,0.09375,0.12,0.105263,32
H3N2,entropy,Bayes(prior=0.1),Bayes,0.0,0.0,0.0,0.0,0
H3N2,entropy,Bayes(prior=0.15),Bayes,0.0,0.0,0.0,0.0,0
H3N2,entropy,AdaptWin(s=90),AdaptWin,0.104015,0.058394,0.96,0.110092,411
H3N2,entropy,AdaptWin(s=85),AdaptWin,0.068898,0.052174,0.96,0.098969,460
H3N2,entropy,FreqThresh(p=80),FreqThresh,0.044637,0.064815,0.28,0.105263,108
H3N2,entropy,FreqThresh(p=85),FreqThresh,0.05601,0.074074,0.24,0.113208,81
H3N2,entropy,FreqThresh(p=90),FreqThresh,0.103179,0.111111,0.24,0.151899,54
H3N2,entropy,FreqThresh(p=95),FreqThresh,0.071024,0.111111,0.12,0.115385,27
H3N2,entropy,"SWAN(w=10,k=1.0)",SWAN,0.121396,0.111111,0.32,0.164948,72
H3N2,entropy,"SWAN(w=10,k=1.5)",SWAN,0.139926,0.126984,0.32,0.181818,63
H3N2,entropy,"SWAN(w=10,k=2.0)",SWAN,0.137542,0.134615,0.28,0.181818,52
H3N2,entropy,"SWAN(w=20,k=1.0)",SWAN,0.121396,0.111111,0.32,0.164948,72
H3N2,entropy,"SWAN(w=20,k=1.5)",SWAN,0.125272,0.114286,0.32,0.168421,70
H3N2,entropy,"SWAN(w=20,k=2.0)",SWAN,0.146807,0.133333,0.32,0.188235,60
H3N2,entropy,"SWAN(w=50,k=1.0)",SWAN,0.135551,0.123077,0.32,0.177778,65
H3N2,entropy,"SWAN(w=50,k=1.5)",SWAN,0.135551,0.123077,0.32,0.177778,65
H3N2,entropy,"SWAN(w=50,k=2.0)",SWAN,0.154115,0.140351,0.32,0.195122,57
H3N2,entropy,MutClust-Orig(g=10),MutClust-Orig,0.018925,0.046382,1.0,0.088652,539
H3N2,rare_freq,Wavelet(t=1.0),Wavelet,-0.036038,0.027027,0.08,0.040404,74
H3N2,rare_freq,Wavelet(t=1.5),Wavelet,-0.05854,0.0,0.0,0.0,36
H3N2,rare_freq,Wavelet(t=2.0),Wavelet,-0.04296,0.0,0.0,0.0,20
H3N2,rare_freq,KDE(p=75),KDE,0.380043,0.183824,1.0,0.310559,136
H3N2,rare_freq,KDE(p=80),KDE,0.350612,0.192661,0.84,0.313433,109
H3N2,rare_freq,KDE(p=85),KDE,0.373642,0.231707,0.76,0.35514,82
H3N2,rare_freq,SlidingTest(p=0.01),SlidingTest,0.036996,0.073171,0.12,0.090909,41
H3N2,rare_freq,SlidingTest(p=0.05),SlidingTest,0.080676,0.08642,0.28,0.132075,81
H3N2,rare_freq,GradPeak(p=0.2),GradPeak,0.0,0.0,0.0,0.0,0
H3N2,rare_freq,GradPeak(p=0.5),GradPeak,0.0,0.0,0.0,0.0,0
H3N2,rare_freq,LocalContrast(z=1.0),LocalContrast,0.017903,0.054348,0.2,0.08547,92
H3N2,rare_freq,LocalContrast(z=1.5),LocalContrast,-0.03852,0.020408,0.04,0.027027,49
H3N2,rare_freq,LocalContrast(z=2.0),LocalContrast,-0.0131,0.034483,0.04,0.037037,29
H3N2,rare_freq,"CUSUM(d=0.3,h=3.0)",CUSUM,0.106577,0.166667,0.12,0.139535,18
H3N2,rare_freq,"CUSUM(d=0.5,h=4.0)",CUSUM,0.046072,0.125,0.04,0.060606,8
H3N2,rare_freq,"CUSUM(d=0.5,h=5.0)",CUSUM,0.060841,0.166667,0.04,0.064516,6
H3N2,rare_freq,AdaptiveKnee,AdaptiveKnee,0.045159,0.067416,0.24,0.105263,89
H3N2,rare_freq,ScoreDBSCAN(ep=8),ScoreDBSCAN,-0.03911,0.032895,0.2,0.056497,152
H3N2,rare_freq,ScoreDBSCAN(ep=15),ScoreDBSCAN,-0.034698,0.040984,0.6,0.076726,366
H3N2,rare_freq,Spectral(z=1.5),Spectral,0.077517,0.105263,0.16,0.126984,38
H3N2,rare_freq,Spectral(z=2.0),Spectral,0.08102,0.125,0.12,0.122449,24
H3N2,rare_freq,Bayes(prior=0.1),Bayes,0.0,0.0,0.0,0.0,0
H3N2,rare_freq,Bayes(prior=0.15),Bayes,0.038266,0.083333,0.08,0.081633,24
H3N2,rare_freq,AdaptWin(s=90),AdaptWin,0.081411,0.092308,0.24,0.133333,65
H3N2,rare_freq,AdaptWin(s=85),AdaptWin,0.064182,0.072727,0.32,0.118519,110
H3N2,rare_freq,FreqThresh(p=80),FreqThresh,0.040077,0.064516,0.24,0.101695,93
H3N2,rare_freq,FreqThresh(p=85),FreqThresh,0.076178,0.088235,0.24,0.129032,68
H3N2,rare_freq,FreqThresh(p=90),FreqThresh,0.090954,0.108696,0.2,0.140845,46
H3N2,rare_freq,FreqThresh(p=95),FreqThresh,0.038266,0.083333,0.08,0.081633,24
H3N2,rare_freq,"SWAN(w=10,k=1.0)",SWAN,0.115958,0.091667,0.44,0.151724,120
H3N2,rare_freq,"SWAN(w=10,k=1.5)",SWAN,0.092635,0.089888,0.32,0.140351,89
H3N2,rare_freq,"SWAN(w=10,k=2.0)",SWAN,0.082232,0.0875,0.28,0.133333,80
H3N2,rare_freq,"SWAN(w=20,k=1.0)",SWAN,0.100845,0.083333,0.44,0.140127,132
H3N2,rare_freq,"SWAN(w=20,k=1.5)",SWAN,0.102519,0.087719,0.4,0.143885,114
H3N2,rare_freq,"SWAN(w=20,k=2.0)",SWAN,0.094155,0.090909,0.32,0.141593,88
H3N2,rare_freq,"SWAN(w=50,k=1.0)",SWAN,0.130439,0.092199,0.52,0.156627,141
H3N2,rare_freq,"SWAN(w=50,k=1.5)",SWAN,0.136666,0.095588,0.52,0.161491,136
H3N2,rare_freq,"SWAN(w=50,k=2.0)",SWAN,0.153165,0.110092,0.48,0.179104,109
H3N2,rare_freq,MutClust-Orig(g=10),MutClust-Orig,0.0,0.0,0.0,0.0,0
H3N2,homoplasy,Wavelet(t=1.0),Wavelet,-0.092653,0.0,0.0,0.0,82
H3N2,homoplasy,Wavelet(t=1.5),Wavelet,-0.081012,0.0,0.0,0.0,65
H3N2,homoplasy,Wavelet(t=2.0),Wavelet,-0.068411,0.0,0.0,0.0,48
H3N2,homoplasy,KDE(p=75),KDE,0.380043,0.183824,1.0,0.310559,136
H3N2,homoplasy,KDE(p=80),KDE,0.438366,0.229358,1.0,0.373134,109
H3N2,homoplasy,KDE(p=85),KDE,0.422726,0.256098,0.84,0.392523,82
H3N2,homoplasy,SlidingTest(p=0.01),SlidingTest,0.276144,0.234043,0.44,0.305556,47
H3N2,homoplasy,SlidingTest(p=0.05),SlidingTest,0.221929,0.154762,0.52,0.238532,84
H3N2,homoplasy,GradPeak(p=0.2),GradPeak,0.030786,0.090909,0.04,0.055556,11
H3N2,homoplasy,GradPeak(p=0.5),GradPeak,0.0,0.0,0.0,0.0,0
H3N2,homoplasy,LocalContrast(z=1.0),LocalContrast,0.032646,0.0625,0.2,0.095238,80
H3N2,homoplasy,LocalContrast(z=1.5),LocalContrast,0.016577,0.056604,0.12,0.076923,53
H3N2,homoplasy,LocalContrast(z=2.0),LocalContrast,-0.016182,0.032258,0.04,0.035714,31
H3N2,homoplasy,"CUSUM(d=0.3,h=3.0)",CUSUM,0.047085,0.095238,0.08,0.086957,21
H3N2,homoplasy,"CUSUM(d=0.5,h=4.0)",CUSUM,0.026751,0.083333,0.04,0.054054,12
H3N2,homoplasy,"CUSUM(d=0.5,h=5.0)",CUSUM,0.040309,0.111111,0.04,0.058824,9
H3N2,homoplasy,AdaptiveKnee,AdaptiveKnee,0.116387,0.096154,0.4,0.155039,104
H3N2,homoplasy,ScoreDBSCAN(ep=8),ScoreDBSCAN,-0.027739,0.042216,0.64,0.079208,379
H3N2,homoplasy,ScoreDBSCAN(ep=15),ScoreDBSCAN,-0.040077,0.042222,0.76,0.08,450
H3N2,homoplasy,Spectral(z=1.5),Spectral,0.188958,0.177778,0.32,0.228571,45
H3N2,homoplasy,Spectral(z=2.0),Spectral,0.030599,0.074074,0.08,0.076923,27
H3N2,homoplasy,Bayes(prior=0.1),Bayes,0.0,0.0,0.0,0.0,0
H3N2,homoplasy,Bayes(prior=0.15),Bayes,-0.013357,0.0,0.0,0.0,2
H3N2,homoplasy,AdaptWin(s=90),AdaptWin,0.16051,0.081395,0.84,0.14841,258
H3N2,homoplasy,AdaptWin(s=85),AdaptWin,0.021879,0.047244,0.96,0.090056,508
H3N2,homoplasy,FreqThresh(p=80),FreqThresh,0.054719,0.064103,0.4,0.110497,156
H3N2,homoplasy,FreqThresh(p=85),FreqThresh,0.116387,0.096154,0.4,0.155039,104
H3N2,homoplasy,FreqThresh(p=90),FreqThresh,0.088671,0.092105,0.28,0.138614,76
H3N2,homoplasy,FreqThresh(p=95),FreqThresh,0.12126,0.142857,0.2,0.166667,35
H3N2,homoplasy,"SWAN(w=10,k=1.0)",SWAN,0.089647,0.087912,0.32,0.137931,91
H3N2,homoplasy,"SWAN(w=10,k=1.5)",SWAN,0.091132,0.088889,0.32,0.13913,90
H3N2,homoplasy,"SWAN(w=10,k=2.0)",SWAN,0.055961,0.078125,0.2,0.11236,64
H3N2,homoplasy,"SWAN(w=20,k=1.0)",SWAN,0.128534,0.104167,0.4,0.165289,96
H3N2,homoplasy,"SWAN(w=20,k=1.5)",SWAN,0.138395,0.111111,0.4,0.173913,90
H3N2,homoplasy,"SWAN(w=20,k=2.0)",SWAN,0.095694,0.091954,0.32,0.142857,87
H3N2,homoplasy,"SWAN(w=50,k=1.0)",SWAN,0.093526,0.082645,0.4,0.136986,121
H3N2,homoplasy,"SWAN(w=50,k=1.5)",SWAN,0.114939,0.095238,0.4,0.153846,105
H3N2,homoplasy,"SWAN(w=50,k=2.0)",SWAN,0.136702,0.10989,0.4,0.172414,91
H3N2,homoplasy,MutClust-Orig(g=10),MutClust-Orig,0.009436,0.046125,1.0,0.088183,542
H3N2,esm2_llr,Wavelet(t=1.0),Wavelet,0.05685,0.071429,0.28,0.113821,98
H3N2,esm2_llr,Wavelet(t=1.5),Wavelet,0.127761,0.125,0.28,0.17284,56
H3N2,esm2_llr,Wavelet(t=2.0),Wavelet,0.092659,0.142857,0.12,0.130435,21
H3N2,esm2_llr,KDE(p=75),KDE,0.359762,0.176471,0.96,0.298137,136
H3N2,esm2_llr,KDE(p=80),KDE,0.306735,0.174312,0.76,0.283582,109
H3N2,esm2_llr,KDE(p=85),KDE,0.3491,0.219512,0.72,0.336449,82
H3N2,esm2_llr,SlidingTest(p=0.01),SlidingTest,-0.057664,0.0,0.0,0.0,35
H3N2,esm2_llr,SlidingTest(p=0.05),SlidingTest,-0.083819,0.0,0.0,0.0,69
H3N2,esm2_llr,GradPeak(p=0.2),GradPeak,0.062264,0.1,0.12,0.109091,30
H3N2,esm2_llr,GradPeak(p=0.5),GradPeak,0.080564,0.153846,0.08,0.105263,13
H3N2,esm2_llr,LocalContrast(z=1.0),LocalContrast,-0.002264,0.044776,0.12,0.065217,67
H3N2,esm2_llr,LocalContrast(z=1.5),LocalContrast,0.022818,0.061224,0.12,0.081081,49
H3N2,esm2_llr,LocalContrast(z=2.0),LocalContrast,-0.021879,0.028571,0.04,0.033333,35
H3N2,esm2_llr,"CUSUM(d=0.3,h=3.0)",CUSUM,0.023079,0.076923,0.04,0.052632,13
H3N2,esm2_llr,"CUSUM(d=0.5,h=4.0)",CUSUM,-0.025106,0.0,0.0,0.0,7
H3N2,esm2_llr,"CUSUM(d=0.5,h=5.0)",CUSUM,-0.023222,0.0,0.0,0.0,6
H3N2,esm2_llr,AdaptiveKnee,AdaptiveKnee,-0.023611,0.032258,0.08,0.045977,62
H3N2,esm2_llr,ScoreDBSCAN(ep=8),ScoreDBSCAN,0.020464,0.048165,0.84,0.091106,436
H3N2,esm2_llr,ScoreDBSCAN(ep=15),ScoreDBSCAN,0.039571,0.048682,0.96,0.092664,493
H3N2,esm2_llr,Spectral(z=1.5),Spectral,0.033046,0.076923,0.08,0.078431,26
H3N2,esm2_llr,Spectral(z=2.0),Spectral,0.016589,0.066667,0.04,0.05,15
H3N2,esm2_llr,Bayes(prior=0.1),Bayes,0.040309,0.111111,0.04,0.058824,9
H3N2,esm2_llr,Bayes(prior=0.15),Bayes,-0.028312,0.025,0.04,0.030769,40
H3N2,esm2_llr,AdaptWin(s=90),AdaptWin,-0.05215,0.015873,0.04,0.022727,63
H3N2,esm2_llr,AdaptWin(s=85),AdaptWin,-0.050184,0.025862,0.12,0.042553,116
H3N2,esm2_llr,FreqThresh(p=80),FreqThresh,-0.022343,0.036697,0.16,0.059701,109
H3N2,esm2_llr,FreqThresh(p=85),FreqThresh,-0.019028,0.036585,0.12,0.056075,82
H3N2,esm2_llr,FreqThresh(p=90),FreqThresh,-0.044627,0.018182,0.04,0.025,55
H3N2,esm2_llr,FreqThresh(p=95),FreqThresh,-0.011489,0.035714,0.04,0.037736,28
H3N2,esm2_llr,"SWAN(w=10,k=1.0)",SWAN,-0.032067,0.028571,0.08,0.042105,70
H3N2,esm2_llr,"SWAN(w=10,k=1.5)",SWAN,-0.045602,0.017857,0.04,0.024691,56
H3N2,esm2_llr,"SWAN(w=10,k=2.0)",SWAN,-0.0131,0.034483,0.04,0.037037,29
H3N2,esm2_llr,"SWAN(w=20,k=1.0)",SWAN,0.009042,0.050633,0.16,0.076923,79
H3N2,esm2_llr,"SWAN(w=20,k=1.5)",SWAN,-0.016708,0.035714,0.08,0.049383,56
H3N2,esm2_llr,"SWAN(w=20,k=2.0)",SWAN,-0.00083,0.045455,0.08,0.057971,44
H3N2,esm2_llr,"SWAN(w=50,k=1.0)",SWAN,-0.002317,0.044944,0.16,0.070175,89
H3N2,esm2_llr,"SWAN(w=50,k=1.5)",SWAN,0.010243,0.051282,0.16,0.07767,78
H3N2,esm2_llr,"SWAN(w=50,k=2.0)",SWAN,0.023078,0.058824,0.16,0.086022,68
H3N2,esm2_llr,MutClust-Orig(g=10),MutClust-Orig,0.035739,0.047259,1.0,0.090253,529
H3N2,plddt_inv,Wavelet(t=1.0),Wavelet,-0.113876,0.0,0.0,0.0,115
H3N2,plddt_inv,Wavelet(t=1.5),Wavelet,-0.073752,0.0,0.0,0.0,55
H3N2,plddt_inv,Wavelet(t=2.0),Wavelet,-0.034406,0.0,0.0,0.0,13
H3N2,plddt_inv,KDE(p=75),KDE,-0.126992,0.0,0.0,0.0,136
H3N2,plddt_inv,KDE(p=80),KDE,-0.110096,0.0,0.0,0.0,109
H3N2,plddt_inv,KDE(p=85),KDE,-0.092653,0.0,0.0,0.0,82
H3N2,plddt_inv,SlidingTest(p=0.01),SlidingTest,-0.178549,0.0,0.0,0.0,216
H3N2,plddt_inv,SlidingTest(p=0.05),SlidingTest,-0.200682,0.0,0.0,0.0,247
H3N2,plddt_inv,GradPeak(p=0.2),GradPeak,-0.002289,0.044444,0.08,0.057143,45
H3N2,plddt_inv,GradPeak(p=0.5),GradPeak,0.015764,0.058824,0.08,0.067797,34
H3N2,plddt_inv,LocalContrast(z=1.0),LocalContrast,0.088813,0.098361,0.24,0.139535,61
H3N2,plddt_inv,LocalContrast(z=1.5),LocalContrast,0.052794,0.142857,0.04,0.0625,7
H3N2,plddt_inv,LocalContrast(z=2.0),LocalContrast,-0.016375,0.0,0.0,0.0,3
H3N2,plddt_inv,"CUSUM(d=0.3,h=3.0)",CUSUM,-0.062783,0.0,0.0,0.0,41
H3N2,plddt_inv,"CUSUM(d=0.5,h=4.0)",CUSUM,-0.040678,0.0,0.0,0.0,18
H3N2,plddt_inv,"CUSUM(d=0.5,h=5.0)",CUSUM,-0.035739,0.0,0.0,0.0,14
H3N2,plddt_inv,AdaptiveKnee,AdaptiveKnee,-0.199938,0.0,0.0,0.0,246
H3N2,plddt_inv,ScoreDBSCAN(ep=8),ScoreDBSCAN,-0.140814,0.025,0.36,0.046753,360
H3N2,plddt_inv,ScoreDBSCAN(ep=15),ScoreDBSCAN,-0.137189,0.031963,0.56,0.060475,438
H3N2,plddt_inv,Spectral(z=1.5),Spectral,-0.00083,0.045455,0.08,0.057971,44
H3N2,plddt_inv,Spectral(z=2.0),Spectral,0.038266,0.083333,0.08,0.081633,24
H3N2,plddt_inv,Bayes(prior=0.1),Bayes,0.0,0.0,0.0,0.0,0
H3N2,plddt_inv,Bayes(prior=0.15),Bayes,0.0,0.0,0.0,0.0,0
H3N2,plddt_inv,AdaptWin(s=90),AdaptWin,-0.304357,0.0,0.0,0.0,357
H3N2,plddt_inv,AdaptWin(s=85),AdaptWin,-0.313278,0.0,0.0,0.0,364
H3N2,plddt_inv,FreqThresh(p=80),FreqThresh,-0.118262,0.0,0.0,0.0,122
H3N2,plddt_inv,FreqThresh(p=85),FreqThresh,-0.104377,0.0,0.0,0.0,100
H3N2,plddt_inv,FreqThresh(p=90),FreqThresh,-0.084513,0.0,0.0,0.0,70
H3N2,plddt_inv,FreqThresh(p=95),FreqThresh,-0.065235,0.0,0.0,0.0,44
H3N2,plddt_inv,"SWAN(w=10,k=1.0)",SWAN,-0.242287,0.0,0.0,0.0,298
H3N2,plddt_inv,"SWAN(w=10,k=1.5)",SWAN,-0.234335,0.0,0.0,0.0,289
H3N2,plddt_inv,"SWAN(w=10,k=2.0)",SWAN,-0.208252,0.0,0.0,0.0,257
H3N2,plddt_inv,"SWAN(w=20,k=1.0)",SWAN,-0.253401,0.0,0.0,0.0,310
H3N2,plddt_inv,"SWAN(w=20,k=1.5)",SWAN,-0.237831,0.0,0.0,0.0,293
H3N2,plddt_inv,"SWAN(w=20,k=2.0)",SWAN,-0.23347,0.0,0.0,0.0,288
H3N2,plddt_inv,"SWAN(w=50,k=1.0)",SWAN,-0.237541,0.003205,0.04,0.005935,312
H3N2,plddt_inv,"SWAN(w=50,k=1.5)",SWAN,-0.223735,0.003367,0.04,0.006211,297
H3N2,plddt_inv,"SWAN(w=50,k=2.0)",SWAN,-0.240493,0.0,0.0,0.0,296
H3N2,plddt_inv,MutClust-Orig(g=10),MutClust-Orig,0.009436,0.046125,1.0,0.088183,542
H3N2,sasa,Wavelet(t=1.0),Wavelet,-0.066835,0.0,0.0,0.0,46
H3N2,sasa,Wavelet(t=1.5),Wavelet,-0.057664,0.0,0.0,0.0,35
H3N2,sasa,Wavelet(t=2.0),Wavelet,-0.052182,0.0,0.0,0.0,29
H3N2,sasa,KDE(p=75),KDE,-0.126992,0.0,0.0,0.0,136
H3N2,sasa,KDE(p=80),KDE,-0.110096,0.0,0.0,0.0,109
H3N2,sasa,KDE(p=85),KDE,-0.092653,0.0,0.0,0.0,82
H3N2,sasa,SlidingTest(p=0.01),SlidingTest,-0.118262,0.0,0.0,0.0,122
H3N2,sasa,SlidingTest(p=0.05),SlidingTest,-0.125746,0.0,0.0,0.0,134
H3N2,sasa,GradPeak(p=0.2),GradPeak,0.05035,0.1,0.08,0.088889,20
H3N2,sasa,GradPeak(p=0.5),GradPeak,-0.021179,0.0,0.0,0.0,5
H3N2,sasa,LocalContrast(z=1.0),LocalContrast,0.037612,0.063158,0.24,0.1,95
H3N2,sasa,LocalContrast(z=1.5),LocalContrast,0.021213,0.06,0.12,0.08,50
H3N2,sasa,LocalContrast(z=2.0),LocalContrast,0.088564,0.136364,0.12,0.12766,22
H3N2,sasa,"CUSUM(d=0.3,h=3.0)",CUSUM,-0.053126,0.0,0.0,0.0,30
H3N2,sasa,"CUSUM(d=0.5,h=4.0)",CUSUM,-0.034406,0.0,0.0,0.0,13
H3N2,sasa,"CUSUM(d=0.5,h=5.0)",CUSUM,-0.026864,0.0,0.0,0.0,8
H3N2,sasa,AdaptiveKnee,AdaptiveKnee,-0.05831,0.02381,0.12,0.039735,126
H3N2,sasa,ScoreDBSCAN(ep=8),ScoreDBSCAN,0.063402,0.075269,0.28,0.118644,93
H3N2,sasa,ScoreDBSCAN(ep=15),ScoreDBSCAN,-0.069292,0.034056,0.44,0.063218,323
H3N2,sasa,Spectral(z=1.5),Spectral,-0.015501,0.036364,0.08,0.05,55
H3N2,sasa,Spectral(z=2.0),Spectral,-0.00811,0.038462,0.04,0.039216,26
H3N2,sasa,Bayes(prior=0.1),Bayes,0.0,0.0,0.0,0.0,0
H3N2,sasa,Bayes(prior=0.15),Bayes,0.0,0.0,0.0,0.0,0
H3N2,sasa,AdaptWin(s=90),AdaptWin,-0.050746,0.028169,0.16,0.047904,142
H3N2,sasa,AdaptWin(s=85),AdaptWin,-0.08227,0.021858,0.16,0.038462,183
H3N2,sasa,FreqThresh(p=80),FreqThresh,-0.036365,0.03,0.12,0.048,100
H3N2,sasa,FreqThresh(p=85),FreqThresh,-0.037007,0.026667,0.08,0.04,75
H3N2,sasa,FreqThresh(p=90),FreqThresh,-0.009179,0.04,0.08,0.053333,50
H3N2,sasa,FreqThresh(p=95),FreqThresh,-0.006332,0.04,0.04,0.04,25
H3N2,sasa,"SWAN(w=10,k=1.0)",SWAN,-0.159871,0.0,0.0,0.0,188
H3N2,sasa,"SWAN(w=10,k=1.5)",SWAN,-0.1376,0.0,0.0,0.0,153
H3N2,sasa,"SWAN(w=10,k=2.0)",SWAN,-0.125124,0.0,0.0,0.0,133
H3N2,sasa,"SWAN(w=20,k=1.0)",SWAN,-0.144513,0.0,0.0,0.0,164
H3N2,sasa,"SWAN(w=20,k=1.5)",SWAN,-0.130107,0.0,0.0,0.0,141
H3N2,sasa,"SWAN(w=20,k=2.0)",SWAN,-0.128238,0.0,0.0,0.0,138
H3N2,sasa,"SWAN(w=50,k=1.0)",SWAN,-0.142622,0.0,0.0,0.0,161
H3N2,sasa,"SWAN(w=50,k=1.5)",SWAN,-0.142622,0.0,0.0,0.0,161
H3N2,sasa,"SWAN(w=50,k=2.0)",SWAN,-0.135723,0.0,0.0,0.0,150
H3N2,sasa,MutClust-Orig(g=10),MutClust-Orig,0.005122,0.046371,0.92,0.088292,496
H3N2,grantham,Wavelet(t=1.0),Wavelet,-0.091319,0.0,0.0,0.0,80
H3N2,grantham,Wavelet(t=1.5),Wavelet,-0.081718,0.0,0.0,0.0,66
H3N2,grantham,Wavelet(t=2.0),Wavelet,-0.069963,0.0,0.0,0.0,50
H3N2,grantham,KDE(p=75),KDE,-0.086429,0.014706,0.08,0.024845,136
H3N2,grantham,KDE(p=80),KDE,-0.110096,0.0,0.0,0.0,109
H3N2,grantham,KDE(p=85),KDE,-0.092653,0.0,0.0,0.0,82
H3N2,grantham,SlidingTest(p=0.01),SlidingTest,-0.009436,0.0,0.0,0.0,1
H3N2,grantham,SlidingTest(p=0.05),SlidingTest,0.166528,0.208333,0.2,0.204082,24
H3N2,grantham,GradPeak(p=0.2),GradPeak,0.038346,0.06015,0.32,0.101266,133
H3N2,grantham,GradPeak(p=0.5),GradPeak,0.040435,0.061069,0.32,0.102564,131
H3N2,grantham,LocalContrast(z=1.0),LocalContrast,-0.023273,0.036364,0.16,0.059259,110
H3N2,grantham,LocalContrast(z=1.5),LocalContrast,0.033201,0.069767,0.12,0.088235,43
H3N2,grantham,LocalContrast(z=2.0),LocalContrast,0.030786,0.090909,0.04,0.055556,11
H3N2,grantham,"CUSUM(d=0.3,h=3.0)",CUSUM,0.026751,0.083333,0.04,0.054054,12
H3N2,grantham,"CUSUM(d=0.5,h=4.0)",CUSUM,-0.016375,0.0,0.0,0.0,3
H3N2,grantham,"CUSUM(d=0.5,h=5.0)",CUSUM,0.0,0.0,0.0,0.0,0
H3N2,grantham,AdaptiveKnee,AdaptiveKnee,-0.014276,0.037037,0.08,0.050633,54
H3N2,grantham,ScoreDBSCAN(ep=8),ScoreDBSCAN,-0.092653,0.0,0.0,0.0,82
H3N2,grantham,ScoreDBSCAN(ep=15),ScoreDBSCAN,0.011242,0.047904,0.64,0.089136,334
H3N2,grantham,Spectral(z=1.5),Spectral,-0.002289,0.044444,0.08,0.057143,45
H3N2,grantham,Spectral(z=2.0),Spectral,-0.00811,0.038462,0.04,0.039216,26
H3N2,grantham,Bayes(prior=0.1),Bayes,0.0,0.0,0.0,0.0,0
H3N2,grantham,Bayes(prior=0.15),Bayes,0.0,0.0,0.0,0.0,0
H3N2,grantham,AdaptWin(s=90),AdaptWin,0.031068,0.055249,0.4,0.097087,181
H3N2,grantham,AdaptWin(s=85),AdaptWin,0.00395,0.046729,0.6,0.086705,321
H3N2,grantham,FreqThresh(p=80),FreqThresh,-0.021406,0.037037,0.16,0.06015,108
H3N2,grantham,FreqThresh(p=85),FreqThresh,0.006678,0.049383,0.16,0.075472,81
H3N2,grantham,FreqThresh(p=90),FreqThresh,-0.014276,0.037037,0.08,0.050633,54
H3N2,grantham,FreqThresh(p=95),FreqThresh,-0.009827,0.037037,0.04,0.038462,27
H3N2,grantham,"SWAN(w=10,k=1.0)",SWAN,0.042143,0.060403,0.36,0.103448,149
H3N2,grantham,"SWAN(w=10,k=1.5)",SWAN,0.070309,0.079545,0.28,0.123894,88
H3N2,grantham,"SWAN(w=10,k=2.0)",SWAN,0.096777,0.105263,0.24,0.146341,57
H3N2,grantham,"SWAN(w=20,k=1.0)",SWAN,0.042398,0.058201,0.44,0.102804,189
H3N2,grantham,"SWAN(w=20,k=1.5)",SWAN,0.137408,0.116883,0.36,0.176471,77
H3N2,grantham,"SWAN(w=20,k=2.0)",SWAN,-0.039495,0.0,0.0,0.0,17
H3N2,grantham,"SWAN(w=50,k=1.0)",SWAN,0.070909,0.065657,0.52,0.116592,198
H3N2,grantham,"SWAN(w=50,k=1.5)",SWAN,-0.085894,0.0,0.0,0.0,72
H3N2,grantham,"SWAN(w=50,k=2.0)",SWAN,-0.054057,0.0,0.0,0.0,31
H3N2,grantham,MutClust-Orig(g=10),MutClust-Orig,0.018925,0.046382,1.0,0.088652,539
H3N2,dnds_proxy,Wavelet(t=1.0),Wavelet,0.203939,0.133333,0.56,0.215385,105
H3N2,dnds_proxy,Wavelet(t=1.5),Wavelet,0.304879,0.236364,0.52,0.325,55
H3N2,dnds_proxy,Wavelet(t=2.0),Wavelet,0.166528,0.208333,0.2,0.204082,24
H3N2,dnds_proxy,KDE(p=75),KDE,0.380043,0.183824,1.0,0.310559,136
H3N2,dnds_proxy,KDE(p=80),KDE,0.438366,0.229358,1.0,0.373134,109
H3N2,dnds_proxy,KDE(p=85),KDE,0.520893,0.304878,1.0,0.46729,82
H3N2,dnds_proxy,SlidingTest(p=0.01),SlidingTest,0.268173,0.22449,0.44,0.297297,49
H3N2,dnds_proxy,SlidingTest(p=0.05),SlidingTest,0.299828,0.205479,0.6,0.306122,73
H3N2,dnds_proxy,GradPeak(p=0.2),GradPeak,0.049761,0.078431,0.16,0.105263,51
H3N2,dnds_proxy,GradPeak(p=0.5),GradPeak,0.077529,0.12,0.12,0.12,25
H3N2,dnds_proxy,LocalContrast(z=1.0),LocalContrast,-0.012641,0.039474,0.12,0.059406,76
H3N2,dnds_proxy,LocalContrast(z=1.5),LocalContrast,-0.009179,0.04,0.08,0.053333,50
H3N2,dnds_proxy,LocalContrast(z=2.0),LocalContrast,0.030599,0.074074,0.08,0.076923,27
H3N2,dnds_proxy,"CUSUM(d=0.3,h=3.0)",CUSUM,0.117612,0.1875,0.12,0.146341,16
H3N2,dnds_proxy,"CUSUM(d=0.5,h=4.0)",CUSUM,0.052794,0.142857,0.04,0.0625,7
H3N2,dnds_proxy,"CUSUM(d=0.5,h=5.0)",CUSUM,0.060841,0.166667,0.04,0.064516,6
H3N2,dnds_proxy,AdaptiveKnee,AdaptiveKnee,0.075796,0.09434,0.2,0.128205,53
H3N2,dnds_proxy,ScoreDBSCAN(ep=8),ScoreDBSCAN,-0.024957,0.043165,0.72,0.081448,417
H3N2,dnds_proxy,ScoreDBSCAN(ep=15),ScoreDBSCAN,-0.023078,0.044211,0.84,0.084,475
H3N2,dnds_proxy,Spectral(z=1.5),Spectral,0.114959,0.135135,0.2,0.16129,37
H3N2,dnds_proxy,Spectral(z=2.0),Spectral,0.092659,0.142857,0.12,0.130435,21
H3N2,dnds_proxy,Bayes(prior=0.1),Bayes,0.0,0.0,0.0,0.0,0
H3N2,dnds_proxy,Bayes(prior=0.15),Bayes,0.052794,0.142857,0.04,0.0625,7
H3N2,dnds_proxy,AdaptWin(s=90),AdaptWin,0.046164,0.062069,0.36,0.105882,145
H3N2,dnds_proxy,AdaptWin(s=85),AdaptWin,0.05215,0.05,0.96,0.09505,480
H3N2,dnds_proxy,FreqThresh(p=80),FreqThresh,0.08735,0.082569,0.36,0.134328,109
H3N2,dnds_proxy,FreqThresh(p=85),FreqThresh,0.103681,0.097561,0.32,0.149533,82
H3N2,dnds_proxy,FreqThresh(p=90),FreqThresh,0.073815,0.092593,0.2,0.126582,54
H3N2,dnds_proxy,FreqThresh(p=95),FreqThresh,0.11145,0.148148,0.16,0.153846,27
H3N2,dnds_proxy,"SWAN(w=10,k=1.0)",SWAN,0.135517,0.115385,0.36,0.174757,78
H3N2,dnds_proxy,"SWAN(w=10,k=1.5)",SWAN,0.155828,0.132353,0.36,0.193548,68
H3N2,dnds_proxy,"SWAN(w=10,k=2.0)",SWAN,0.195912,0.186047,0.32,0.235294,43
H3N2,dnds_proxy,"SWAN(w=20,k=1.0)",SWAN,0.141847,0.113636,0.4,0.176991,88
H3N2,dnds_proxy,"SWAN(w=20,k=1.5)",SWAN,0.205666,0.169492,0.4,0.238095,59
H3N2,dnds_proxy,"SWAN(w=20,k=2.0)",SWAN,0.208527,0.172414,0.4,0.240964,58
H3N2,dnds_proxy,"SWAN(w=50,k=1.0)",SWAN,0.160572,0.128205,0.4,0.194175,78
H3N2,dnds_proxy,"SWAN(w=50,k=1.5)",SWAN,0.160572,0.128205,0.4,0.194175,78
H3N2,dnds_proxy,"SWAN(w=50,k=2.0)",SWAN,0.180028,0.144928,0.4,0.212766,69
H3N2,dnds_proxy,MutClust-Orig(g=10),MutClust-Orig,0.018925,0.046382,1.0,0.088652,539
H3N2,semantic_change,Wavelet(t=1.0),Wavelet,-0.085894,0.0,0.0,0.0,72
H3N2,semantic_change,Wavelet(t=1.5),Wavelet,-0.070731,0.0,0.0,0.0,51
H3N2,semantic_change,Wavelet(t=2.0),Wavelet,-0.053126,0.0,0.0,0.0,30
H3N2,semantic_change,KDE(p=75),KDE,-0.126992,0.0,0.0,0.0,136
H3N2,semantic_change,KDE(p=80),KDE,-0.110096,0.0,0.0,0.0,109
H3N2,semantic_change,KDE(p=85),KDE,-0.092653,0.0,0.0,0.0,82
H3N2,semantic_change,SlidingTest(p=0.01),SlidingTest,-0.047521,0.017241,0.04,0.024096,58
H3N2,semantic_change,SlidingTest(p=0.05),SlidingTest,0.094055,0.086538,0.36,0.139535,104
H3N2,semantic_change,GradPeak(p=0.2),GradPeak,0.0,0.0,0.0,0.0,0
H3N2,semantic_change,GradPeak(p=0.5),GradPeak,0.0,0.0,0.0,0.0,0
H3N2,semantic_change,LocalContrast(z=1.0),LocalContrast,0.033964,0.063291,0.2,0.096154,79
H3N2,semantic_change,LocalContrast(z=1.5),LocalContrast,0.002181,0.047619,0.08,0.059701,42
H3N2,semantic_change,LocalContrast(z=2.0),LocalContrast,-0.044064,0.0,0.0,0.0,21
H3N2,semantic_change,"CUSUM(d=0.3,h=3.0)",CUSUM,0.008407,0.055556,0.04,0.046512,18
H3N2,semantic_change,"CUSUM(d=0.5,h=4.0)",CUSUM,-0.025106,0.0,0.0,0.0,7
H3N2,semantic_change,"CUSUM(d=0.5,h=5.0)",CUSUM,-0.018925,0.0,0.0,0.0,4
H3N2,semantic_change,AdaptiveKnee,AdaptiveKnee,0.013905,0.057143,0.08,0.066667,35
H3N2,semantic_change,ScoreDBSCAN(ep=8),ScoreDBSCAN,0.026072,0.050296,0.68,0.093664,338
H3N2,semantic_change,ScoreDBSCAN(ep=15),ScoreDBSCAN,0.00372,0.046278,0.92,0.088123,497
H3N2,semantic_change,Spectral(z=1.5),Spectral,0.013905,0.057143,0.08,0.066667,35
H3N2,semantic_change,Spectral(z=2.0),Spectral,-0.038279,0.0,0.0,0.0,16
H3N2,semantic_change,Bayes(prior=0.1),Bayes,0.0,0.0,0.0,0.0,0
H3N2,semantic_change,Bayes(prior=0.15),Bayes,-0.009436,0.0,0.0,0.0,1
H3N2,semantic_change,AdaptWin(s=90),AdaptWin,0.021798,0.050167,0.6,0.092593,299
H3N2,semantic_change,AdaptWin(s=85),AdaptWin,0.083819,0.052743,1.0,0.1002,474
H3N2,semantic_change,FreqThresh(p=80),FreqThresh,0.110681,0.092593,0.4,0.150376,108
H3N2,semantic_change,FreqThresh(p=85),FreqThresh,0.105342,0.098765,0.32,0.150943,81
H3N2,semantic_change,FreqThresh(p=90),FreqThresh,0.044451,0.074074,0.16,0.101266,54
H3N2,semantic_change,FreqThresh(p=95),FreqThresh,0.030599,0.074074,0.08,0.076923,27
H3N2,semantic_change,"SWAN(w=10,k=1.0)",SWAN,0.134708,0.090909,0.56,0.156425,154
H3N2,semantic_change,"SWAN(w=10,k=1.5)",SWAN,0.167249,0.114035,0.52,0.18705,114
H3N2,semantic_change,"SWAN(w=10,k=2.0)",SWAN,0.145,0.11,0.44,0.176,100
H3N2,semantic_change,"SWAN(w=20,k=1.0)",SWAN,0.144844,0.092593,0.6,0.160428,162
H3N2,semantic_change,"SWAN(w=20,k=1.5)",SWAN,0.179986,0.11194,0.6,0.188679,134
H3N2,semantic_change,"SWAN(w=20,k=2.0)",SWAN,0.173561,0.112903,0.56,0.187919,124
H3N2,semantic_change,"SWAN(w=50,k=1.0)",SWAN,0.122224,0.081967,0.6,0.144231,183
H3N2,semantic_change,"SWAN(w=50,k=1.5)",SWAN,0.082095,0.071856,0.48,0.125,167
H3N2,semantic_change,"SWAN(w=50,k=2.0)",SWAN,-0.110728,0.0,0.0,0.0,110
H3N2,semantic_change,MutClust-Orig(g=10),MutClust-Orig,-0.049838,0.031746,0.24,0.056075,189
H3N2,EVEscape_composite,Wavelet(t=1.0),Wavelet,0.030168,0.063492,0.16,0.090909,63
H3N2,EVEscape_composite,Wavelet(t=1.5),Wavelet,0.085475,0.114286,0.16,0.133333,35
H3N2,EVEscape_composite,Wavelet(t=2.0),Wavelet,0.149453,0.210526,0.16,0.181818,19
H3N2,EVEscape_composite,KDE(p=75),KDE,0.258355,0.139706,0.76,0.236025,136
H3N2,EVEscape_composite,KDE(p=80),KDE,0.109288,0.091743,0.4,0.149254,109
H3N2,EVEscape_composite,KDE(p=85),KDE,-0.068112,0.012195,0.04,0.018692,82
H3N2,EVEscape_composite,SlidingTest(p=0.01),SlidingTest,-0.053126,0.0,0.0,0.0,30
H3N2,EVEscape_composite,SlidingTest(p=0.05),SlidingTest,-0.054825,0.015152,0.04,0.021978,66
H3N2,EVEscape_composite,GradPeak(p=0.2),GradPeak,0.0,0.0,0.0,0.0,0
H3N2,EVEscape_composite,GradPeak(p=0.5),GradPeak,0.0,0.0,0.0,0.0,0
H3N2,EVEscape_composite,LocalContrast(z=1.0),LocalContrast,0.024457,0.0625,0.12,0.082192,48
H3N2,EVEscape_composite,LocalContrast(z=1.5),LocalContrast,0.043072,0.078947,0.12,0.095238,38
H3N2,EVEscape_composite,LocalContrast(z=2.0),LocalContrast,-0.0131,0.034483,0.04,0.037037,29
H3N2,EVEscape_composite,"CUSUM(d=0.3,h=3.0)",CUSUM,0.030786,0.090909,0.04,0.055556,11
H3N2,EVEscape_composite,"CUSUM(d=0.5,h=4.0)",CUSUM,0.060841,0.166667,0.04,0.064516,6
H3N2,EVEscape_composite,"CUSUM(d=0.5,h=5.0)",CUSUM,0.070822,0.2,0.04,0.066667,5
H3N2,EVEscape_composite,AdaptiveKnee,AdaptiveKnee,-0.007851,0.040816,0.08,0.054054,49
H3N2,EVEscape_composite,ScoreDBSCAN(ep=8),ScoreDBSCAN,0.015188,0.04798,0.76,0.090261,396
H3N2,EVEscape_composite,ScoreDBSCAN(ep=15),ScoreDBSCAN,-0.029335,0.043084,0.76,0.081545,441
H3N2,EVEscape_composite,Spectral(z=1.5),Spectral,0.100727,0.133333,0.16,0.145455,30
H3N2,EVEscape_composite,Spectral(z=2.0),Spectral,0.101632,0.157895,0.12,0.136364,19
H3N2,EVEscape_composite,Bayes(prior=0.1),Bayes,0.030786,0.090909,0.04,0.055556,11
H3N2,EVEscape_composite,Bayes(prior=0.15),Bayes,0.002181,0.047619,0.08,0.059701,42
H3N2,EVEscape_composite,AdaptWin(s=90),AdaptWin,-0.021371,0.033333,0.08,0.047059,60
H3N2,EVEscape_composite,AdaptWin(s=85),AdaptWin,-0.004463,0.043956,0.16,0.068966,91
H3N2,EVEscape_composite,FreqThresh(p=80),FreqThresh,-0.0127,0.040404,0.16,0.064516,99
H3N2,EVEscape_composite,FreqThresh(p=85),FreqThresh,0.015189,0.054054,0.16,0.080808,74
H3N2,EVEscape_composite,FreqThresh(p=90),FreqThresh,-0.009179,0.04,0.08,0.053333,50
H3N2,EVEscape_composite,FreqThresh(p=95),FreqThresh,-0.006332,0.04,0.04,0.04,25
H3N2,EVEscape_composite,"SWAN(w=10,k=1.0)",SWAN,-0.024711,0.031746,0.08,0.045455,63
H3N2,EVEscape_composite,"SWAN(w=10,k=1.5)",SWAN,-0.006499,0.041667,0.08,0.054795,48
H3N2,EVEscape_composite,"SWAN(w=10,k=2.0)",SWAN,0.035598,0.08,0.08,0.08,25
H3N2,EVEscape_composite,"SWAN(w=20,k=1.0)",SWAN,0.02727,0.061538,0.16,0.088889,65
H3N2,EVEscape_composite,"SWAN(w=20,k=1.5)",SWAN,-0.047521,0.017241,0.04,0.024096,58
H3N2,EVEscape_composite,"SWAN(w=20,k=2.0)",SWAN,-0.025818,0.026316,0.04,0.031746,38
H3N2,EVEscape_composite,"SWAN(w=50,k=1.0)",SWAN,0.002093,0.047059,0.16,0.072727,85
H3N2,EVEscape_composite,"SWAN(w=50,k=1.5)",SWAN,0.024456,0.059701,0.16,0.086957,67
H3N2,EVEscape_composite,"SWAN(w=50,k=2.0)",SWAN,0.085475,0.114286,0.16,0.133333,35
H3N2,EVEscape_composite,MutClust-Orig(g=10),MutClust-Orig,0.137718,0.125,0.32,0.179775,64
H3N2,EqualWeight,Wavelet(t=1.0),Wavelet,-0.091987,0.0,0.0,0.0,81
H3N2,EqualWeight,Wavelet(t=1.5),Wavelet,-0.079589,0.0,0.0,0.0,63
H3N2,EqualWeight,Wavelet(t=2.0),Wavelet,-0.061951,0.0,0.0,0.0,40
H3N2,EqualWeight,KDE(p=75),KDE,-0.126992,0.0,0.0,0.0,136
H3N2,EqualWeight,KDE(p=80),KDE,-0.110096,0.0,0.0,0.0,109
H3N2,EqualWeight,KDE(p=85),KDE,-0.092653,0.0,0.0,0.0,82
H3N2,EqualWeight,SlidingTest(p=0.01),SlidingTest,-0.059898,0.023438,0.12,0.039216,128
H3N2,EqualWeight,SlidingTest(p=0.05),SlidingTest,-0.053567,0.029412,0.2,0.051282,170
H3N2,EqualWeight,GradPeak(p=0.2),GradPeak,-0.013357,0.0,0.0,0.0,2
H3N2,EqualWeight,GradPeak(p=0.5),GradPeak,0.0,0.0,0.0,0.0,0
H3N2,EqualWeight,LocalContrast(z=1.0),LocalContrast,0.05601,0.074074,0.24,0.113208,81
H3N2,EqualWeight,LocalContrast(z=1.5),LocalContrast,0.080086,0.108108,0.16,0.129032,37
H3N2,EqualWeight,LocalContrast(z=2.0),LocalContrast,0.010966,0.058824,0.04,0.047619,17
H3N2,EqualWeight,"CUSUM(d=0.3,h=3.0)",CUSUM,0.035598,0.08,0.08,0.08,25
H3N2,EqualWeight,"CUSUM(d=0.5,h=4.0)",CUSUM,0.030786,0.090909,0.04,0.055556,11
H3N2,EqualWeight,"CUSUM(d=0.5,h=5.0)",CUSUM,0.040309,0.111111,0.04,0.058824,9
H3N2,EqualWeight,AdaptiveKnee,AdaptiveKnee,0.111962,0.131579,0.2,0.15873,38
H3N2,EqualWeight,ScoreDBSCAN(ep=8),ScoreDBSCAN,-0.101687,0.021459,0.2,0.03876,233
H3N2,EqualWeight,ScoreDBSCAN(ep=15),ScoreDBSCAN,-0.088179,0.037694,0.68,0.071429,451
H3N2,EqualWeight,Spectral(z=1.5),Spectral,0.110007,0.117647,0.24,0.157895,51
H3N2,EqualWeight,Spectral(z=2.0),Spectral,0.128022,0.151515,0.2,0.172414,33
H3N2,EqualWeight,Bayes(prior=0.1),Bayes,0.0,0.0,0.0,0.0,0
H3N2,EqualWeight,Bayes(prior=0.15),Bayes,0.0,0.0,0.0,0.0,0
H3N2,EqualWeight,AdaptWin(s=90),AdaptWin,0.035434,0.051075,0.76,0.095718,372
H3N2,EqualWeight,AdaptWin(s=85),AdaptWin,-0.005328,0.045726,0.92,0.087121,503
H3N2,EqualWeight,FreqThresh(p=80),FreqThresh,0.043473,0.06422,0.28,0.104478,109
H3N2,EqualWeight,FreqThresh(p=85),FreqThresh,0.054598,0.073171,0.24,0.11215,82
H3N2,EqualWeight,FreqThresh(p=90),FreqThresh,0.071875,0.090909,0.2,0.125,55
H3N2,EqualWeight,FreqThresh(p=95),FreqThresh,0.107718,0.142857,0.16,0.150943,28
H3N2,EqualWeight,"SWAN(w=10,k=1.0)",SWAN,-0.050626,0.031579,0.24,0.055814,190
H3N2,EqualWeight,"SWAN(w=10,k=1.5)",SWAN,-0.046677,0.032432,0.24,0.057143,185
H3N2,EqualWeight,"SWAN(w=10,k=2.0)",SWAN,-0.029678,0.036585,0.24,0.063492,164
H3N2,EqualWeight,"SWAN(w=20,k=1.0)",SWAN,-0.055328,0.030612,0.24,0.054299,196
H3N2,EqualWeight,"SWAN(w=20,k=1.5)",SWAN,-0.04905,0.031915,0.24,0.056338,188
H3N2,EqualWeight,"SWAN(w=20,k=2.0)",SWAN,-0.047469,0.032258,0.24,0.056872,186
H3N2,EqualWeight,"SWAN(w=50,k=1.0)",SWAN,-0.024451,0.039409,0.32,0.070175,203
H3N2,EqualWeight,"SWAN(w=50,k=1.5)",SWAN,-0.155342,0.0,0.0,0.0,181
H3N2,EqualWeight,"SWAN(w=50,k=2.0)",SWAN,-0.155342,0.0,0.0,0.0,181
H3N2,EqualWeight,MutClust-Orig(g=10),MutClust-Orig,0.013357,0.046211,1.0,0.088339,541
H3N2,tranception,Wavelet(t=1.0),Wavelet,-0.092653,0.0,0.0,0.0,82
H3N2,tranception,Wavelet(t=1.5),Wavelet,-0.075236,0.0,0.0,0.0,57
H3N2,tranception,Wavelet(t=2.0),Wavelet,-0.049266,0.0,0.0,0.0,26
H3N2,tranception,KDE(p=75),KDE,-0.106711,0.007353,0.04,0.012422,136
H3N2,tranception,KDE(p=80),KDE,-0.110096,0.0,0.0,0.0,109
H3N2,tranception,KDE(p=85),KDE,-0.092653,0.0,0.0,0.0,82
H3N2,tranception,SlidingTest(p=0.01),SlidingTest,-0.107563,0.0,0.0,0.0,105
H3N2,tranception,SlidingTest(p=0.05),SlidingTest,-0.125746,0.0,0.0,0.0,134
H3N2,tranception,GradPeak(p=0.2),GradPeak,0.037828,0.068966,0.16,0.096386,58
H3N2,tranception,GradPeak(p=0.5),GradPeak,0.085475,0.114286,0.16,0.133333,35
H3N2,tranception,LocalContrast(z=1.0),LocalContrast,-0.025076,0.034091,0.12,0.053097,88
H3N2,tranception,LocalContrast(z=1.5),LocalContrast,-0.014276,0.037037,0.08,0.050633,54
H3N2,tranception,LocalContrast(z=2.0),LocalContrast,-0.0131,0.034483,0.04,0.037037,29
H3N2,tranception,"CUSUM(d=0.3,h=3.0)",CUSUM,-0.049266,0.0,0.0,0.0,26
H3N2,tranception,"CUSUM(d=0.5,h=4.0)",CUSUM,-0.033025,0.0,0.0,0.0,12
H3N2,tranception,"CUSUM(d=0.5,h=5.0)",CUSUM,-0.026864,0.0,0.0,0.0,8
H3N2,tranception,AdaptiveKnee,AdaptiveKnee,-0.029767,0.037433,0.28,0.066038,187
H3N2,tranception,ScoreDBSCAN(ep=8),ScoreDBSCAN,0.059492,0.058394,0.64,0.107023,274
H3N2,tranception,ScoreDBSCAN(ep=15),ScoreDBSCAN,-0.068892,0.038186,0.64,0.072072,419
H3N2,tranception,Spectral(z=1.5),Spectral,-0.030714,0.02381,0.04,0.029851,42
H3N2,tranception,Spectral(z=2.0),Spectral,0.001511,0.047619,0.04,0.043478,21
H3N2,tranception,Bayes(prior=0.1),Bayes,0.0,0.0,0.0,0.0,0
H3N2,tranception,Bayes(prior=0.15),Bayes,0.001511,0.047619,0.04,0.043478,21
H3N2,tranception,AdaptWin(s=90),AdaptWin,-0.079512,0.010309,0.04,0.016393,97
H3N2,tranception,AdaptWin(s=85),AdaptWin,-0.115405,0.006711,0.04,0.011494,149
H3N2,tranception,FreqThresh(p=80),FreqThresh,-0.06622,0.018349,0.08,0.029851,109
H3N2,tranception,FreqThresh(p=85),FreqThresh,-0.068112,0.012195,0.04,0.018692,82
H3N2,tranception,FreqThresh(p=90),FreqThresh,-0.044627,0.018182,0.04,0.025,55
H3N2,tranception,FreqThresh(p=95),FreqThresh,-0.011489,0.035714,0.04,0.037736,28
H3N2,tranception,"SWAN(w=10,k=1.0)",SWAN,-0.129484,0.0,0.0,0.0,140
H3N2,tranception,"SWAN(w=10,k=1.5)",SWAN,-0.119511,0.0,0.0,0.0,124
H3N2,tranception,"SWAN(w=10,k=2.0)",SWAN,-0.107563,0.0,0.0,0.0,105
H3N2,tranception,"SWAN(w=20,k=1.0)",SWAN,-0.066919,0.021898,0.12,0.037037,137
H3N2,tranception,"SWAN(w=20,k=1.5)",SWAN,-0.10469,0.007519,0.04,0.012658,133
H3N2,tranception,"SWAN(w=20,k=2.0)",SWAN,-0.103736,0.0,0.0,0.0,99
H3N2,tranception,"SWAN(w=50,k=1.0)",SWAN,-0.118887,0.0,0.0,0.0,123
H3N2,tranception,"SWAN(w=50,k=1.5)",SWAN,-0.115758,0.0,0.0,0.0,118
H3N2,tranception,"SWAN(w=50,k=2.0)",SWAN,-0.115131,0.0,0.0,0.0,117
H3N2,tranception,MutClust-Orig(g=10),MutClust-Orig,0.0,0.046041,1.0,0.088028,543
H3N2,stability,Wavelet(t=1.0),Wavelet,-0.034547,0.030612,0.12,0.04878,98
H3N2,stability,Wavelet(t=1.5),Wavelet,-0.025818,0.026316,0.04,0.031746,38
H3N2,stability,Wavelet(t=2.0),Wavelet,0.010966,0.058824,0.04,0.047619,17
H3N2,stability,KDE(p=75),KDE,-0.126992,0.0,0.0,0.0,136
H3N2,stability,KDE(p=80),KDE,-0.110096,0.0,0.0,0.0,109
H3N2,stability,KDE(p=85),KDE,-0.092653,0.0,0.0,0.0,82
H3N2,stability,SlidingTest(p=0.01),SlidingTest,-0.013357,0.0,0.0,0.0,2
H3N2,stability,SlidingTest(p=0.05),SlidingTest,-0.00811,0.038462,0.04,0.039216,26
H3N2,stability,GradPeak(p=0.2),GradPeak,-0.004463,0.043956,0.16,0.068966,91
H3N2,stability,GradPeak(p=0.5),GradPeak,-0.015501,0.036364,0.08,0.05,55
H3N2,stability,LocalContrast(z=1.0),LocalContrast,0.031647,0.06,0.24,0.096,100
H3N2,stability,LocalContrast(z=1.5),LocalContrast,0.038266,0.083333,0.08,0.081633,24
H3N2,stability,LocalContrast(z=2.0),LocalContrast,0.083839,0.25,0.04,0.068966,4
H3N2,stability,"CUSUM(d=0.3,h=3.0)",CUSUM,0.030786,0.090909,0.04,0.055556,11
H3N2,stability,"CUSUM(d=0.5,h=4.0)",CUSUM,-0.009436,0.0,0.0,0.0,1
H3N2,stability,"CUSUM(d=0.5,h=5.0)",CUSUM,0.0,0.0,0.0,0.0,0
H3N2,stability,AdaptiveKnee,AdaptiveKnee,0.010689,0.047085,0.84,0.089172,446
H3N2,stability,ScoreDBSCAN(ep=8),ScoreDBSCAN,0.012211,0.05,0.32,0.086486,160
H3N2,stability,ScoreDBSCAN(ep=15),ScoreDBSCAN,-0.022996,0.041522,0.48,0.076433,289
H3N2,stability,Spectral(z=1.5),Spectral,0.04275,0.072727,0.16,0.1,55
H3N2,stability,Spectral(z=2.0),Spectral,0.119459,0.16,0.16,0.16,25
H3N2,stability,Bayes(prior=0.1),Bayes,0.0,0.0,0.0,0.0,0
H3N2,stability,Bayes(prior=0.15),Bayes,0.0,0.0,0.0,0.0,0
H3N2,stability,AdaptWin(s=90),AdaptWin,0.046463,0.068182,0.24,0.106195,88
H3N2,stability,AdaptWin(s=85),AdaptWin,0.06659,0.071429,0.36,0.119205,126
H3N2,stability,FreqThresh(p=80),FreqThresh,0.009042,0.050633,0.16,0.076923,79
H3N2,stability,FreqThresh(p=85),FreqThresh,0.036245,0.067797,0.16,0.095238,59
H3N2,stability,FreqThresh(p=90),FreqThresh,0.035075,0.071429,0.12,0.089552,42
H3N2,stability,FreqThresh(p=95),FreqThresh,0.035075,0.071429,0.12,0.089552,42
H3N2,stability,"SWAN(w=10,k=1.0)",SWAN,0.085157,0.073171,0.48,0.126984,164
H3N2,stability,"SWAN(w=10,k=1.5)",SWAN,-0.01694,0.0375,0.12,0.057143,80
H3N2,stability,"SWAN(w=10,k=2.0)",SWAN,0.027838,0.065217,0.12,0.084507,46
H3N2,stability,"SWAN(w=20,k=1.0)",SWAN,0.039387,0.060606,0.32,0.101911,132
H3N2,stability,"SWAN(w=20,k=1.5)",SWAN,0.067983,0.082192,0.24,0.122449,73
H3N2,stability,"SWAN(w=20,k=2.0)",SWAN,0.056968,0.09375,0.12,0.105263,32
H3N2,stability,"SWAN(w=50,k=1.0)",SWAN,0.135873,0.091503,0.56,0.157303,153
H3N2,stability,"SWAN(w=50,k=1.5)",SWAN,0.265967,0.184211,0.56,0.277228,76
H3N2,stability,"SWAN(w=50,k=2.0)",SWAN,-0.051225,0.0,0.0,0.0,28
H3N2,stability,MutClust-Orig(g=10),MutClust-Orig,0.057898,0.053571,0.84,0.100719,392
H3N2,stability_structural,Wavelet(t=1.0),Wavelet,0.032646,0.0625,0.2,0.095238,80
H3N2,stability_structural,Wavelet(t=1.5),Wavelet,0.044451,0.074074,0.16,0.101266,54
H3N2,stability_structural,Wavelet(t=2.0),Wavelet,0.028247,0.071429,0.08,0.075472,28
H3N2,stability_structural,KDE(p=75),KDE,0.298917,0.154412,0.84,0.26087,136
H3N2,stability_structural,KDE(p=80),KDE,0.218981,0.137615,0.6,0.223881,109
H3N2,stability_structural,KDE(p=85),KDE,0.054598,0.073171,0.24,0.11215,82
H3N2,stability_structural,SlidingTest(p=0.01),SlidingTest,0.14828,0.145833,0.28,0.191781,48
H3N2,stability_structural,SlidingTest(p=0.05),SlidingTest,0.319131,0.202381,0.68,0.311927,84
H3N2,stability_structural,GradPeak(p=0.2),GradPeak,0.0,0.0,0.0,0.0,0
H3N2,stability_structural,GradPeak(p=0.5),GradPeak,0.0,0.0,0.0,0.0,0
H3N2,stability_structural,LocalContrast(z=1.0),LocalContrast,0.037612,0.063158,0.24,0.1,95
H3N2,stability_structural,LocalContrast(z=1.5),LocalContrast,0.033046,0.076923,0.08,0.078431,26
H3N2,stability_structural,LocalContrast(z=2.0),LocalContrast,0.083839,0.25,0.04,0.068966,4
H3N2,stability_structural,"CUSUM(d=0.3,h=3.0)",CUSUM,0.138234,0.190476,0.16,0.173913,21
H3N2,stability_structural,"CUSUM(d=0.5,h=4.0)",CUSUM,-0.025106,0.0,0.0,0.0,7
H3N2,stability_structural,"CUSUM(d=0.5,h=5.0)",CUSUM,0.060841,0.166667,0.04,0.064516,6
H3N2,stability_structural,AdaptiveKnee,AdaptiveKnee,-0.052036,0.043222,0.88,0.082397,509
H3N2,stability_structural,ScoreDBSCAN(ep=8),ScoreDBSCAN,-0.08745,0.009259,0.04,0.015038,108
H3N2,stability_structural,ScoreDBSCAN(ep=15),ScoreDBSCAN,0.00272,0.046595,0.52,0.085526,279
H3N2,stability_structural,Spectral(z=1.5),Spectral,0.143095,0.153846,0.24,0.1875,39
H3N2,stability_structural,Spectral(z=2.0),Spectral,0.166528,0.208333,0.2,0.204082,24
H3N2,stability_structural,Bayes(prior=0.1),Bayes,0.0,0.0,0.0,0.0,0
H3N2,stability_structural,Bayes(prior=0.15),Bayes,0.08102,0.125,0.12,0.122449,24
H3N2,stability_structural,AdaptWin(s=90),AdaptWin,0.17545,0.140845,0.4,0.208333,71
H3N2,stability_structural,AdaptWin(s=85),AdaptWin,0.188825,0.122807,0.56,0.201439,114
H3N2,stability_structural,FreqThresh(p=80),FreqThresh,0.137408,0.116883,0.36,0.176471,77
H3N2,stability_structural,FreqThresh(p=85),FreqThresh,0.177429,0.152542,0.36,0.214286,59
H3N2,stability_structural,FreqThresh(p=90),FreqThresh,0.143095,0.153846,0.24,0.1875,39
H3N2,stability_structural,FreqThresh(p=95),FreqThresh,0.097005,0.15,0.12,0.133333,20
H3N2,stability_structural,"SWAN(w=10,k=1.0)",SWAN,0.19751,0.117647,0.64,0.198758,136
H3N2,stability_structural,"SWAN(w=10,k=1.5)",SWAN,0.203939,0.133333,0.56,0.215385,105
H3N2,stability_structural,"SWAN(w=10,k=2.0)",SWAN,0.177307,0.134146,0.44,0.205607,82
H3N2,stability_structural,"SWAN(w=20,k=1.0)",SWAN,0.182581,0.108844,0.64,0.186047,147
H3N2,stability_structural,"SWAN(w=20,k=1.5)",SWAN,0.250375,0.153846,0.64,0.248062,104
H3N2,stability_structural,"SWAN(w=20,k=2.0)",SWAN,0.163848,0.123596,0.44,0.192982,89
H3N2,stability_structural,"SWAN(w=50,k=1.0)",SWAN,0.221852,0.133333,0.64,0.22069,120
H3N2,stability_structural,"SWAN(w=50,k=1.5)",SWAN,0.230247,0.13913,0.64,0.228571,115
H3N2,stability_structural,"SWAN(w=50,k=2.0)",SWAN,0.240919,0.146789,0.64,0.238806,109
H3N2,stability_structural,MutClust-Orig(g=10),MutClust-Orig,0.0,0.0,0.0,0.0,0
H3N2,freq_with_indel,Wavelet(t=1.0),Wavelet,0.013362,0.052083,0.2,0.082645,96
H3N2,freq_with_indel,Wavelet(t=1.5),Wavelet,-0.022498,0.032787,0.08,0.046512,61
H3N2,freq_with_indel,Wavelet(t=2.0),Wavelet,-0.047242,0.0,0.0,0.0,24
H3N2,freq_with_indel,KDE(p=75),KDE,0.380043,0.183824,1.0,0.310559,136
H3N2,freq_with_indel,KDE(p=80),KDE,0.438366,0.229358,1.0,0.373134,109
H3N2,freq_with_indel,KDE(p=85),KDE,0.520893,0.304878,1.0,0.46729,82
H3N2,freq_with_indel,SlidingTest(p=0.01),SlidingTest,0.307396,0.255319,0.48,0.333333,47
H3N2,freq_with_indel,SlidingTest(p=0.05),SlidingTest,0.302775,0.208333,0.6,0.309278,72
H3N2,freq_with_indel,GradPeak(p=0.2),GradPeak,-0.013357,0.0,0.0,0.0,2
H3N2,freq_with_indel,GradPeak(p=0.5),GradPeak,0.0,0.0,0.0,0.0,0
H3N2,freq_with_indel,LocalContrast(z=1.0),LocalContrast,0.06797,0.095238,0.16,0.119403,42
H3N2,freq_with_indel,LocalContrast(z=1.5),LocalContrast,0.056968,0.09375,0.12,0.105263,32
H3N2,freq_with_indel,LocalContrast(z=2.0),LocalContrast,0.033046,0.076923,0.08,0.078431,26
H3N2,freq_with_indel,"CUSUM(d=0.3,h=3.0)",CUSUM,0.111886,0.176471,0.12,0.142857,17
H3N2,freq_with_indel,"CUSUM(d=0.5,h=4.0)",CUSUM,0.093161,0.181818,0.08,0.111111,11
H3N2,freq_with_indel,"CUSUM(d=0.5,h=5.0)",CUSUM,0.109138,0.222222,0.08,0.117647,9
H3N2,freq_with_indel,AdaptiveKnee,AdaptiveKnee,0.112388,0.12,0.24,0.16,50
H3N2,freq_with_indel,ScoreDBSCAN(ep=8),ScoreDBSCAN,-0.068897,0.039648,0.72,0.075157,454
H3N2,freq_with_indel,ScoreDBSCAN(ep=15),ScoreDBSCAN,-0.086913,0.039501,0.76,0.075099,481
H3N2,freq_with_indel,Spectral(z=1.5),Spectral,0.118056,0.138889,0.2,0.163934,36
H3N2,freq_with_indel,Spectral(z=2.0),Spectral,0.071024,0.111111,0.12,0.115385,27
H3N2,freq_with_indel,Bayes(prior=0.1),Bayes,0.0,0.0,0.0,0.0,0
H3N2,freq_with_indel,Bayes(prior=0.15),Bayes,0.070822,0.2,0.04,0.066667,5
H3N2,freq_with_indel,AdaptWin(s=90),AdaptWin,0.104015,0.058394,0.96,0.110092,411
H3N2,freq_with_indel,AdaptWin(s=85),AdaptWin,0.068898,0.052174,0.96,0.098969,460
H3N2,freq_with_indel,FreqThresh(p=80),FreqThresh,0.021534,0.055046,0.24,0.089552,109
H3N2,freq_with_indel,FreqThresh(p=85),FreqThresh,0.054598,0.073171,0.24,0.11215,82
H3N2,freq_with_indel,FreqThresh(p=90),FreqThresh,0.101001,0.109091,0.24,0.15,55
H3N2,freq_with_indel,FreqThresh(p=95),FreqThresh,0.067983,0.107143,0.12,0.113208,28
H3N2,freq_with_indel,"SWAN(w=10,k=1.0)",SWAN,0.119885,0.12766,0.24,0.166667,47
H3N2,freq_with_indel,"SWAN(w=10,k=1.5)",SWAN,0.114959,0.135135,0.2,0.16129,37
H3N2,freq_with_indel,"SWAN(w=10,k=2.0)",SWAN,0.131598,0.15625,0.2,0.175439,32
H3N2,freq_with_indel,"SWAN(w=20,k=1.0)",SWAN,0.114826,0.122449,0.24,0.162162,49
H3N2,freq_with_indel,"SWAN(w=20,k=1.5)",SWAN,0.157045,0.171429,0.24,0.2,35
H3N2,freq_with_indel,"SWAN(w=20,k=2.0)",SWAN,0.192302,0.222222,0.24,0.230769,27
H3N2,freq_with_indel,"SWAN(w=50,k=1.0)",SWAN,0.122512,0.130435,0.24,0.169014,46
H3N2,freq_with_indel,"SWAN(w=50,k=1.5)",SWAN,0.122512,0.130435,0.24,0.169014,46
H3N2,freq_with_indel,"SWAN(w=50,k=2.0)",SWAN,0.168912,0.1875,0.24,0.210526,32
H3N2,freq_with_indel,MutClust-Orig(g=10),MutClust-Orig,0.009436,0.046125,1.0,0.088183,542
H3N2,entropy_with_indel,Wavelet(t=1.0),Wavelet,-0.095958,0.0,0.0,0.0,87
H3N2,entropy_with_indel,Wavelet(t=1.5),Wavelet,-0.081012,0.0,0.0,0.0,65
H3N2,entropy_with_indel,Wavelet(t=2.0),Wavelet,-0.068411,0.0,0.0,0.0,48
H3N2,entropy_with_indel,KDE(p=75),KDE,0.380043,0.183824,1.0,0.310559,136
H3N2,entropy_with_indel,KDE(p=80),KDE,0.438366,0.229358,1.0,0.373134,109
H3N2,entropy_with_indel,KDE(p=85),KDE,0.520893,0.304878,1.0,0.46729,82
H3N2,entropy_with_indel,SlidingTest(p=0.01),SlidingTest,0.268173,0.22449,0.44,0.297297,49
H3N2,entropy_with_indel,SlidingTest(p=0.05),SlidingTest,0.28319,0.189873,0.6,0.288462,79
H3N2,entropy_with_indel,GradPeak(p=0.2),GradPeak,0.117612,0.1875,0.12,0.146341,16
H3N2,entropy_with_indel,GradPeak(p=0.5),GradPeak,-0.016375,0.0,0.0,0.0,3
H3N2,entropy_with_indel,LocalContrast(z=1.0),LocalContrast,0.049761,0.078431,0.16,0.105263,51
H3N2,entropy_with_indel,LocalContrast(z=1.5),LocalContrast,0.075026,0.102564,0.16,0.125,39
H3N2,entropy_with_indel,LocalContrast(z=2.0),LocalContrast,0.04106,0.086957,0.08,0.083333,23
H3N2,entropy_with_indel,"CUSUM(d=0.3,h=3.0)",CUSUM,0.106577,0.166667,0.12,0.139535,18
H3N2,entropy_with_indel,"CUSUM(d=0.5,h=4.0)",CUSUM,0.165984,0.3,0.12,0.171429,10
H3N2,entropy_with_indel,"CUSUM(d=0.5,h=5.0)",CUSUM,0.052794,0.142857,0.04,0.0625,7
H3N2,entropy_with_indel,AdaptiveKnee,AdaptiveKnee,0.105405,0.113208,0.24,0.153846,53
H3N2,entropy_with_indel,ScoreDBSCAN(ep=8),ScoreDBSCAN,-0.07241,0.037915,0.64,0.071588,422
H3N2,entropy_with_indel,ScoreDBSCAN(ep=15),ScoreDBSCAN,-0.055961,0.041754,0.8,0.079365,479
H3N2,entropy_with_indel,Spectral(z=1.5),Spectral,0.079884,0.098039,0.2,0.131579,51
H3N2,entropy_with_indel,Spectral(z=2.0),Spectral,0.05446,0.090909,0.12,0.103448,33
H3N2,entropy_with_indel,Bayes(prior=0.1),Bayes,0.0,0.0,0.0,0.0,0
H3N2,entropy_with_indel,Bayes(prior=0.15),Bayes,0.0,0.0,0.0,0.0,0
H3N2,entropy_with_indel,AdaptWin(s=90),AdaptWin,0.104015,0.058394,0.96,0.110092,411
H3N2,entropy_with_indel,AdaptWin(s=85),AdaptWin,0.07429,0.05298,0.96,0.100418,453
H3N2,entropy_with_indel,FreqThresh(p=80),FreqThresh,0.021534,0.055046,0.24,0.089552,109
H3N2,entropy_with_indel,FreqThresh(p=85),FreqThresh,0.054598,0.073171,0.24,0.11215,82
H3N2,entropy_with_indel,FreqThresh(p=90),FreqThresh,0.101001,0.109091,0.24,0.15,55
H3N2,entropy_with_indel,FreqThresh(p=95),FreqThresh,0.067983,0.107143,0.12,0.113208,28
H3N2,entropy_with_indel,"SWAN(w=10,k=1.0)",SWAN,0.108481,0.107692,0.28,0.155556,65
H3N2,entropy_with_indel,"SWAN(w=10,k=1.5)",SWAN,0.137542,0.134615,0.28,0.181818,52
H3N2,entropy_with_indel,"SWAN(w=10,k=2.0)",SWAN,0.122512,0.130435,0.24,0.169014,46
H3N2,entropy_with_indel,"SWAN(w=20,k=1.0)",SWAN,0.108481,0.107692,0.28,0.155556,65
H3N2,entropy_with_indel,"SWAN(w=20,k=1.5)",SWAN,0.114544,0.112903,0.28,0.16092,62
H3N2,entropy_with_indel,"SWAN(w=20,k=2.0)",SWAN,0.16337,0.162791,0.28,0.205882,43
H3N2,entropy_with_indel,"SWAN(w=50,k=1.0)",SWAN,0.114544,0.112903,0.28,0.16092,62
H3N2,entropy_with_indel,"SWAN(w=50,k=1.5)",SWAN,0.132543,0.12963,0.28,0.177215,54
H3N2,entropy_with_indel,"SWAN(w=50,k=2.0)",SWAN,0.132543,0.12963,0.28,0.177215,54
H3N2,entropy_with_indel,MutClust-Orig(g=10),MutClust-Orig,0.009436,0.046125,1.0,0.088183,542
H3N2,fubar,Wavelet(t=1.0),Wavelet,-0.054066,0.021277,0.08,0.033613,94
H3N2,fubar,Wavelet(t=1.5),Wavelet,-0.069189,0.0,0.0,0.0,49
H3N2,fubar,Wavelet(t=2.0),Wavelet,-0.038279,0.0,0.0,0.0,16
H3N2,fubar,KDE(p=75),KDE,0.380043,0.183824,1.0,0.310559,136
H3N2,fubar,KDE(p=80),KDE,0.438366,0.229358,1.0,0.373134,109
H3N2,fubar,KDE(p=85),KDE,0.520893,0.304878,1.0,0.46729,82
H3N2,fubar,SlidingTest(p=0.01),SlidingTest,-0.023221,0.027778,0.04,0.032787,36
H3N2,fubar,SlidingTest(p=0.05),SlidingTest,0.02172,0.057971,0.16,0.085106,69
H3N2,fubar,GradPeak(p=0.2),GradPeak,0.065648,0.125,0.08,0.097561,16
H3N2,fubar,GradPeak(p=0.5),GradPeak,-0.009436,0.0,0.0,0.0,1
H3N2,fubar,LocalContrast(z=1.0),LocalContrast,0.064754,0.076087,0.28,0.119658,92
H3N2,fubar,LocalContrast(z=1.5),LocalContrast,-0.021371,0.033333,0.08,0.047059,60
H3N2,fubar,LocalContrast(z=2.0),LocalContrast,-0.0131,0.034483,0.04,0.037037,29
H3N2,fubar,"CUSUM(d=0.3,h=3.0)",CUSUM,0.047085,0.095238,0.08,0.086957,21
H3N2,fubar,"CUSUM(d=0.5,h=4.0)",CUSUM,-0.023222,0.0,0.0,0.0,6
H3N2,fubar,"CUSUM(d=0.5,h=5.0)",CUSUM,-0.021179,0.0,0.0,0.0,5
H3N2,fubar,AdaptiveKnee,AdaptiveKnee,0.058186,0.069565,0.32,0.114286,115
H3N2,fubar,ScoreDBSCAN(ep=8),ScoreDBSCAN,-0.04684,0.034632,0.32,0.0625,231
H3N2,fubar,ScoreDBSCAN(ep=15),ScoreDBSCAN,0.016676,0.047962,0.8,0.090498,417
H3N2,fubar,Spectral(z=1.5),Spectral,0.086368,0.104167,0.2,0.136986,48
H3N2,fubar,Spectral(z=2.0),Spectral,0.080086,0.108108,0.16,0.129032,37
H3N2,fubar,Bayes(prior=0.1),Bayes,0.0,0.0,0.0,0.0,0
H3N2,fubar,Bayes(prior=0.15),Bayes,0.008407,0.055556,0.04,0.046512,18
H3N2,fubar,AdaptWin(s=90),AdaptWin,0.104613,0.104478,0.28,0.152174,67
H3N2,fubar,AdaptWin(s=85),AdaptWin,0.052731,0.063291,0.4,0.10929,158
H3N2,fubar,FreqThresh(p=80),FreqThresh,0.065411,0.073394,0.32,0.119403,109
H3N2,fubar,FreqThresh(p=85),FreqThresh,0.07914,0.085366,0.28,0.130841,82
H3N2,fubar,FreqThresh(p=90),FreqThresh,0.130126,0.127273,0.28,0.175,55
H3N2,fubar,FreqThresh(p=95),FreqThresh,0.067983,0.107143,0.12,0.113208,28
H3N2,fubar,"SWAN(w=10,k=1.0)",SWAN,0.094779,0.083333,0.4,0.137931,120
H3N2,fubar,"SWAN(w=10,k=1.5)",SWAN,0.114939,0.095238,0.4,0.153846,105
H3N2,fubar,"SWAN(w=10,k=2.0)",SWAN,-0.007008,0.042254,0.12,0.0625,71
H3N2,fubar,"SWAN(w=20,k=1.0)",SWAN,0.103848,0.088496,0.4,0.144928,113
H3N2,fubar,"SWAN(w=20,k=1.5)",SWAN,0.128534,0.104167,0.4,0.165289,96
H3N2,fubar,"SWAN(w=20,k=2.0)",SWAN,0.071188,0.084507,0.24,0.125,71
H3N2,fubar,"SWAN(w=50,k=1.0)",SWAN,0.097315,0.084746,0.4,0.13986,118
H3N2,fubar,"SWAN(w=50,k=1.5)",SWAN,0.103848,0.088496,0.4,0.144928,113
H3N2,fubar,"SWAN(w=50,k=2.0)",SWAN,0.106543,0.09009,0.4,0.147059,111
H3N2,fubar,MutClust-Orig(g=10),MutClust-Orig,0.009436,0.046125,1.0,0.088183,542
Norovirus,freq,Wavelet(t=1.0),Wavelet,0.278123,0.1375,0.733333,0.231579,80
Norovirus,freq,Wavelet(t=1.5),Wavelet,0.319026,0.185185,0.666667,0.289855,54
Norovirus,freq,Wavelet(t=2.0),Wavelet,0.333025,0.242424,0.533333,0.333333,33
Norovirus,freq,KDE(p=75),KDE,0.293892,0.11194,1.0,0.201342,134
Norovirus,freq,KDE(p=80),KDE,0.28138,0.12037,0.866667,0.211382,108
Norovirus,freq,KDE(p=85),KDE,0.307403,0.148148,0.8,0.25,81
Norovirus,freq,SlidingTest(p=0.01),SlidingTest,0.195795,0.12069,0.466667,0.191781,58
Norovirus,freq,SlidingTest(p=0.05),SlidingTest,0.312757,0.141304,0.866667,0.242991,92
Norovirus,freq,GradPeak(p=0.2),GradPeak,0.290524,0.666667,0.133333,0.222222,3
Norovirus,freq,GradPeak(p=0.5),GradPeak,0.0,0.0,0.0,0.0,0
Norovirus,freq,LocalContrast(z=1.0),LocalContrast,0.048752,0.050847,0.2,0.081081,59
Norovirus,freq,LocalContrast(z=1.5),LocalContrast,0.022081,0.039216,0.133333,0.060606,51
Norovirus,freq,LocalContrast(z=2.0),LocalContrast,0.039569,0.051282,0.133333,0.074074,39
Norovirus,freq,"CUSUM(d=0.3,h=3.0)",CUSUM,0.198946,0.190476,0.266667,0.222222,21
Norovirus,freq,"CUSUM(d=0.5,h=4.0)",CUSUM,0.120313,0.153846,0.133333,0.142857,13
Norovirus,freq,"CUSUM(d=0.5,h=5.0)",CUSUM,0.055225,0.090909,0.066667,0.076923,11
Norovirus,freq,AdaptiveKnee,AdaptiveKnee,0.250766,0.128205,0.666667,0.215054,78
Norovirus,freq,ScoreDBSCAN(ep=8),ScoreDBSCAN,-0.085146,0.012448,0.2,0.023437,241
Norovirus,freq,ScoreDBSCAN(ep=15),ScoreDBSCAN,-0.039018,0.021739,0.4,0.041237,276
Norovirus,freq,Spectral(z=1.5),Spectral,0.176906,0.135135,0.333333,0.192308,37
Norovirus,freq,Spectral(z=2.0),Spectral,0.123401,0.12,0.2,0.15,25
Norovirus,freq,Bayes(prior=0.1),Bayes,0.140644,0.142857,0.2,0.166667,21
Norovirus,freq,Bayes(prior=0.15),Bayes,0.29165,0.195122,0.533333,0.285714,41
Norovirus,freq,AdaptWin(s=90),AdaptWin,0.376771,0.243902,0.666667,0.357143,41
Norovirus,freq,AdaptWin(s=85),AdaptWin,0.308408,0.175439,0.666667,0.277778,57
Norovirus,freq,FreqThresh(p=80),FreqThresh,0.28349,0.153846,0.666667,0.25,65
Norovirus,freq,FreqThresh(p=85),FreqThresh,0.260177,0.163265,0.533333,0.25,49
Norovirus,freq,FreqThresh(p=90),FreqThresh,0.285965,0.212121,0.466667,0.291667,33
Norovirus,freq,FreqThresh(p=95),FreqThresh,0.09839,0.117647,0.133333,0.125,17
Norovirus,freq,"SWAN(w=10,k=1.0)",SWAN,0.342944,0.208333,0.666667,0.31746,48
Norovirus,freq,"SWAN(w=10,k=1.5)",SWAN,0.382271,0.25,0.666667,0.363636,40
Norovirus,freq,"SWAN(w=10,k=2.0)",SWAN,0.382271,0.25,0.666667,0.363636,40
Norovirus,freq,"SWAN(w=20,k=1.0)",SWAN,0.356532,0.222222,0.666667,0.333333,45
Norovirus,freq,"SWAN(w=20,k=1.5)",SWAN,0.361347,0.227273,0.666667,0.338983,44
Norovirus,freq,"SWAN(w=20,k=2.0)",SWAN,0.361347,0.227273,0.666667,0.338983,44
Norovirus,freq,"SWAN(w=50,k=1.0)",SWAN,0.330495,0.196078,0.666667,0.30303,51
Norovirus,freq,"SWAN(w=50,k=1.5)",SWAN,0.338676,0.204082,0.666667,0.3125,49
Norovirus,freq,"SWAN(w=50,k=2.0)",SWAN,0.356532,0.222222,0.666667,0.333333,45
Norovirus,freq,MutClust-Orig(g=10),MutClust-Orig,0.177007,0.071006,0.8,0.130435,169
Norovirus,entropy,Wavelet(t=1.0),Wavelet,0.22457,0.10989,0.666667,0.188679,91
Norovirus,entropy,Wavelet(t=1.5),Wavelet,0.315398,0.181818,0.666667,0.285714,55
Norovirus,entropy,Wavelet(t=2.0),Wavelet,0.349805,0.236842,0.6,0.339623,38
Norovirus,entropy,KDE(p=75),KDE,0.293892,0.11194,1.0,0.201342,134
Norovirus,entropy,KDE(p=80),KDE,0.28138,0.12037,0.866667,0.211382,108
Norovirus,entropy,KDE(p=85),KDE,0.307403,0.148148,0.8,0.25,81
Norovirus,entropy,SlidingTest(p=0.01),SlidingTest,0.278123,0.1375,0.733333,0.231579,80
Norovirus,entropy,SlidingTest(p=0.05),SlidingTest,0.304258,0.135417,0.866667,0.234234,96
Norovirus,entropy,GradPeak(p=0.2),GradPeak,0.162939,0.176471,0.2,0.1875,17
Norovirus,entropy,GradPeak(p=0.5),GradPeak,0.218876,0.4,0.133333,0.2,5
Norovirus,entropy,LocalContrast(z=1.0),LocalContrast,0.144881,0.092308,0.4,0.15,65
Norovirus,entropy,LocalContrast(z=1.5),LocalContrast,0.017178,0.036364,0.133333,0.057143,55
Norovirus,entropy,LocalContrast(z=2.0),LocalContrast,-0.002796,0.026316,0.066667,0.037736,38
Norovirus,entropy,"CUSUM(d=0.3,h=3.0)",CUSUM,0.282326,0.277778,0.333333,0.30303,18
Norovirus,entropy,"CUSUM(d=0.5,h=4.0)",CUSUM,0.127246,0.166667,0.133333,0.148148,12
Norovirus,entropy,"CUSUM(d=0.5,h=5.0)",CUSUM,-0.024561,0.0,0.0,0.0,11
Norovirus,entropy,AdaptiveKnee,AdaptiveKnee,0.226408,0.111111,0.666667,0.190476,90
Norovirus,entropy,ScoreDBSCAN(ep=8),ScoreDBSCAN,-0.090984,0.009434,0.133333,0.017621,212
Norovirus,entropy,ScoreDBSCAN(ep=15),ScoreDBSCAN,-0.069177,0.015873,0.266667,0.029963,252
Norovirus,entropy,Spectral(z=1.5),Spectral,0.116461,0.093023,0.266667,0.137931,43
Norovirus,entropy,Spectral(z=2.0),Spectral,0.151796,0.129032,0.266667,0.173913,31
Norovirus,entropy,Bayes(prior=0.1),Bayes,0.184988,0.214286,0.2,0.206897,14
Norovirus,entropy,Bayes(prior=0.15),Bayes,0.281444,0.166667,0.6,0.26087,54
Norovirus,entropy,AdaptWin(s=90),AdaptWin,0.376771,0.243902,0.666667,0.357143,41
Norovirus,entropy,AdaptWin(s=85),AdaptWin,0.305038,0.172414,0.666667,0.273973,58
Norovirus,entropy,FreqThresh(p=80),FreqThresh,0.28349,0.153846,0.666667,0.25,65
Norovirus,entropy,FreqThresh(p=85),FreqThresh,0.260177,0.163265,0.533333,0.25,49
Norovirus,entropy,FreqThresh(p=90),FreqThresh,0.285965,0.212121,0.466667,0.291667,33
Norovirus,entropy,FreqThresh(p=95),FreqThresh,0.162939,0.176471,0.2,0.1875,17
Norovirus,entropy,"SWAN(w=10,k=1.0)",SWAN,0.32657,0.192308,0.666667,0.298507,52
Norovirus,entropy,"SWAN(w=10,k=1.5)",SWAN,0.356532,0.222222,0.666667,0.333333,45
Norovirus,entropy,"SWAN(w=10,k=2.0)",SWAN,0.366319,0.232558,0.666667,0.344828,43
Norovirus,entropy,"SWAN(w=20,k=1.0)",SWAN,0.338676,0.204082,0.666667,0.3125,49
Norovirus,entropy,"SWAN(w=20,k=1.5)",SWAN,0.338676,0.204082,0.666667,0.3125,49
Norovirus,entropy,"SWAN(w=20,k=2.0)",SWAN,0.347338,0.212766,0.666667,0.322581,47
Norovirus,entropy,"SWAN(w=50,k=1.0)",SWAN,0.298532,0.166667,0.666667,0.266667,60
Norovirus,entropy,"SWAN(w=50,k=1.5)",SWAN,0.305038,0.172414,0.666667,0.273973,58
Norovirus,entropy,"SWAN(w=50,k=2.0)",SWAN,0.315398,0.181818,0.666667,0.285714,55
Norovirus,entropy,MutClust-Orig(g=10),MutClust-Orig,0.093687,0.042705,0.8,0.081081,281
Norovirus,rare_freq,Wavelet(t=1.0),Wavelet,0.067174,0.056338,0.266667,0.093023,71
Norovirus,rare_freq,Wavelet(t=1.5),Wavelet,0.085354,0.078947,0.2,0.113208,38
Norovirus,rare_freq,Wavelet(t=2.0),Wavelet,0.140644,0.142857,0.2,0.166667,21
Norovirus,rare_freq,KDE(p=75),KDE,0.293892,0.11194,1.0,0.201342,134
Norovirus,rare_freq,KDE(p=80),KDE,0.337782,0.138889,1.0,0.243902,108
Norovirus,rare_freq,KDE(p=85),KDE,0.244237,0.123457,0.666667,0.208333,81
Norovirus,rare_freq,SlidingTest(p=0.01),SlidingTest,0.211819,0.121212,0.533333,0.197531,66
Norovirus,rare_freq,SlidingTest(p=0.05),SlidingTest,0.205042,0.105882,0.6,0.18,85
Norovirus,rare_freq,GradPeak(p=0.2),GradPeak,0.0,0.0,0.0,0.0,0
Norovirus,rare_freq,GradPeak(p=0.5),GradPeak,0.0,0.0,0.0,0.0,0
Norovirus,rare_freq,LocalContrast(z=1.0),LocalContrast,0.000436,0.028169,0.133333,0.046512,71
Norovirus,rare_freq,LocalContrast(z=1.5),LocalContrast,0.011513,0.033333,0.133333,0.053333,60
Norovirus,rare_freq,LocalContrast(z=2.0),LocalContrast,0.00094,0.028571,0.066667,0.04,35
Norovirus,rare_freq,"CUSUM(d=0.3,h=3.0)",CUSUM,0.085963,0.1,0.133333,0.114286,20
Norovirus,rare_freq,"CUSUM(d=0.5,h=4.0)",CUSUM,0.127246,0.166667,0.133333,0.148148,12
Norovirus,rare_freq,"CUSUM(d=0.5,h=5.0)",CUSUM,0.143805,0.2,0.133333,0.16,10
Norovirus,rare_freq,AdaptiveKnee,AdaptiveKnee,0.059772,0.048077,0.333333,0.084034,104
Norovirus,rare_freq,ScoreDBSCAN(ep=8),ScoreDBSCAN,0.06324,0.046512,0.4,0.083333,129
Norovirus,rare_freq,ScoreDBSCAN(ep=15),ScoreDBSCAN,0.059069,0.040816,0.533333,0.075829,196
Norovirus,rare_freq,Spectral(z=1.5),Spectral,0.072884,0.068182,0.2,0.101695,44
Norovirus,rare_freq,Spectral(z=2.0),Spectral,0.064361,0.074074,0.133333,0.095238,27
Norovirus,rare_freq,Bayes(prior=0.1),Bayes,-0.014713,0.0,0.0,0.0,4
Norovirus,rare_freq,Bayes(prior=0.15),Bayes,0.044855,0.055556,0.133333,0.078431,36
Norovirus,rare_freq,AdaptWin(s=90),AdaptWin,0.109553,0.086957,0.266667,0.131148,46
Norovirus,rare_freq,AdaptWin(s=85),AdaptWin,0.071273,0.058824,0.266667,0.096386,68
Norovirus,rare_freq,FreqThresh(p=80),FreqThresh,0.044738,0.048387,0.2,0.077922,62
Norovirus,rare_freq,FreqThresh(p=85),FreqThresh,0.026016,0.041667,0.133333,0.063492,48
Norovirus,rare_freq,FreqThresh(p=90),FreqThresh,0.052731,0.0625,0.133333,0.085106,32
Norovirus,rare_freq,FreqThresh(p=95),FreqThresh,0.10318,0.125,0.133333,0.129032,16
Norovirus,rare_freq,"SWAN(w=10,k=1.0)",SWAN,0.167475,0.089888,0.533333,0.153846,89
Norovirus,rare_freq,"SWAN(w=10,k=1.5)",SWAN,0.165366,0.097222,0.466667,0.16092,72
Norovirus,rare_freq,"SWAN(w=10,k=2.0)",SWAN,0.209062,0.132075,0.466667,0.205882,53
Norovirus,rare_freq,"SWAN(w=20,k=1.0)",SWAN,0.161228,0.086022,0.533333,0.148148,93
Norovirus,rare_freq,"SWAN(w=20,k=1.5)",SWAN,0.188514,0.103896,0.533333,0.173913,77
Norovirus,rare_freq,"SWAN(w=20,k=2.0)",SWAN,0.177394,0.106061,0.466667,0.17284,66
Norovirus,rare_freq,"SWAN(w=50,k=1.0)",SWAN,0.181071,0.098765,0.533333,0.166667,81
Norovirus,rare_freq,"SWAN(w=50,k=1.5)",SWAN,0.188514,0.103896,0.533333,0.173913,77
Norovirus,rare_freq,"SWAN(w=50,k=2.0)",SWAN,0.192422,0.106667,0.533333,0.177778,75
Norovirus,rare_freq,MutClust-Orig(g=10),MutClust-Orig,0.0,0.0,0.0,0.0,0
Norovirus,homoplasy,Wavelet(t=1.0),Wavelet,0.222758,0.108696,0.666667,0.186916,92
Norovirus,homoplasy,Wavelet(t=1.5),Wavelet,0.240843,0.145455,0.533333,0.228571,55
Norovirus,homoplasy,Wavelet(t=2.0),Wavelet,0.177045,0.16,0.266667,0.2,25
Norovirus,homoplasy,KDE(p=75),KDE,0.241644,0.097015,0.866667,0.174497,134
Norovirus,homoplasy,KDE(p=80),KDE,0.253179,0.111111,0.8,0.195122,108
Norovirus,homoplasy,KDE(p=85),KDE,0.307403,0.148148,0.8,0.25,81
Norovirus,homoplasy,SlidingTest(p=0.01),SlidingTest,0.31335,0.132075,0.933333,0.231405,106
Norovirus,homoplasy,SlidingTest(p=0.05),SlidingTest,0.292055,0.118644,0.933333,0.210526,118
Norovirus,homoplasy,GradPeak(p=0.2),GradPeak,0.279394,0.428571,0.2,0.272727,7
Norovirus,homoplasy,GradPeak(p=0.5),GradPeak,-0.007336,0.0,0.0,0.0,1
Norovirus,homoplasy,LocalContrast(z=1.0),LocalContrast,0.229444,0.123288,0.6,0.204545,73
Norovirus,homoplasy,LocalContrast(z=1.5),LocalContrast,0.21484,0.137255,0.466667,0.212121,51
Norovirus,homoplasy,LocalContrast(z=2.0),LocalContrast,0.160991,0.119048,0.333333,0.175439,42
Norovirus,homoplasy,"CUSUM(d=0.3,h=3.0)",CUSUM,0.503754,0.45,0.6,0.514286,20
Norovirus,homoplasy,"CUSUM(d=0.5,h=4.0)",CUSUM,0.414442,0.461538,0.4,0.428571,13
Norovirus,homoplasy,"CUSUM(d=0.5,h=5.0)",CUSUM,0.394606,0.5,0.333333,0.4,10
Norovirus,homoplasy,AdaptiveKnee,AdaptiveKnee,0.293716,0.119658,0.933333,0.212121,117
Norovirus,homoplasy,ScoreDBSCAN(ep=8),ScoreDBSCAN,-0.077348,0.013158,0.2,0.024691,228
Norovirus,homoplasy,ScoreDBSCAN(ep=15),ScoreDBSCAN,-0.141953,0.011268,0.266667,0.021622,355
Norovirus,homoplasy,Spectral(z=1.5),Spectral,0.339226,0.225,0.6,0.327273,40
Norovirus,homoplasy,Spectral(z=2.0),Spectral,0.374681,0.296296,0.533333,0.380952,27
Norovirus,homoplasy,Bayes(prior=0.1),Bayes,0.175146,0.5,0.066667,0.117647,2
Norovirus,homoplasy,Bayes(prior=0.15),Bayes,0.510229,0.416667,0.666667,0.512821,24
Norovirus,homoplasy,AdaptWin(s=90),AdaptWin,0.429806,0.222222,0.933333,0.358974,63
Norovirus,homoplasy,AdaptWin(s=85),AdaptWin,0.266378,0.103704,0.933333,0.186667,135
Norovirus,homoplasy,FreqThresh(p=80),FreqThresh,0.35231,0.159091,0.933333,0.271845,88
Norovirus,homoplasy,FreqThresh(p=85),FreqThresh,0.387447,0.2,0.866667,0.325,65
Norovirus,homoplasy,FreqThresh(p=90),FreqThresh,0.484974,0.295455,0.866667,0.440678,44
Norovirus,homoplasy,FreqThresh(p=95),FreqThresh,0.478053,0.409091,0.6,0.486486,22
Norovirus,homoplasy,"SWAN(w=10,k=1.0)",SWAN,0.321185,0.137255,0.933333,0.239316,102
Norovirus,homoplasy,"SWAN(w=10,k=1.5)",SWAN,0.336404,0.158537,0.866667,0.268041,82
Norovirus,homoplasy,"SWAN(w=10,k=2.0)",SWAN,0.3644,0.180556,0.866667,0.298851,72
Norovirus,homoplasy,"SWAN(w=20,k=1.0)",SWAN,0.311454,0.130841,0.933333,0.229508,107
Norovirus,homoplasy,"SWAN(w=20,k=1.5)",SWAN,0.335959,0.147368,0.933333,0.254545,95
Norovirus,homoplasy,"SWAN(w=20,k=2.0)",SWAN,0.367828,0.170732,0.933333,0.28866,82
Norovirus,homoplasy,"SWAN(w=50,k=1.0)",SWAN,0.292055,0.118644,0.933333,0.210526,118
Norovirus,homoplasy,"SWAN(w=50,k=1.5)",SWAN,0.321185,0.137255,0.933333,0.239316,102
Norovirus,homoplasy,"SWAN(w=50,k=2.0)",SWAN,0.32321,0.138614,0.933333,0.241379,101
Norovirus,homoplasy,MutClust-Orig(g=10),MutClust-Orig,0.139946,0.047022,1.0,0.08982,319
Norovirus,esm2_llr,Wavelet(t=1.0),Wavelet,-0.083253,0.0,0.0,0.0,104
Norovirus,esm2_llr,Wavelet(t=1.5),Wavelet,-0.057377,0.0,0.0,0.0,55
Norovirus,esm2_llr,Wavelet(t=2.0),Wavelet,-0.041315,0.0,0.0,0.0,30
Norovirus,esm2_llr,KDE(p=75),KDE,0.163273,0.074627,0.666667,0.134228,134
Norovirus,esm2_llr,KDE(p=80),KDE,0.112173,0.064815,0.466667,0.113821,108
Norovirus,esm2_llr,KDE(p=85),KDE,0.023157,0.037037,0.2,0.0625,81
Norovirus,esm2_llr,SlidingTest(p=0.01),SlidingTest,0.062335,0.046154,0.4,0.082759,130
Norovirus,esm2_llr,SlidingTest(p=0.05),SlidingTest,0.124338,0.051282,0.8,0.096386,234
Norovirus,esm2_llr,GradPeak(p=0.2),GradPeak,0.093953,0.111111,0.133333,0.121212,18
Norovirus,esm2_llr,GradPeak(p=0.5),GradPeak,-0.014713,0.0,0.0,0.0,4
Norovirus,esm2_llr,LocalContrast(z=1.0),LocalContrast,0.071273,0.058824,0.266667,0.096386,68
Norovirus,esm2_llr,LocalContrast(z=1.5),LocalContrast,0.030212,0.044444,0.133333,0.066667,45
Norovirus,esm2_llr,LocalContrast(z=2.0),LocalContrast,0.006419,0.032258,0.066667,0.043478,31
Norovirus,esm2_llr,"CUSUM(d=0.3,h=3.0)",CUSUM,0.024039,0.047619,0.066667,0.055556,21
Norovirus,esm2_llr,"CUSUM(d=0.5,h=4.0)",CUSUM,-0.020886,0.0,0.0,0.0,8
Norovirus,esm2_llr,"CUSUM(d=0.5,h=5.0)",CUSUM,-0.019519,0.0,0.0,0.0,7
Norovirus,esm2_llr,AdaptiveKnee,AdaptiveKnee,0.037906,0.05,0.133333,0.072727,40
Norovirus,esm2_llr,ScoreDBSCAN(ep=8),ScoreDBSCAN,-0.063969,0.021164,0.533333,0.040712,378
Norovirus,esm2_llr,ScoreDBSCAN(ep=15),ScoreDBSCAN,0.003981,0.028169,0.933333,0.054688,497
Norovirus,esm2_llr,Spectral(z=1.5),Spectral,0.011002,0.035714,0.066667,0.046512,28
Norovirus,esm2_llr,Spectral(z=2.0),Spectral,0.031161,0.055556,0.066667,0.060606,18
Norovirus,esm2_llr,Bayes(prior=0.1),Bayes,-0.010384,0.0,0.0,0.0,2
Norovirus,esm2_llr,Bayes(prior=0.15),Bayes,0.043137,0.071429,0.066667,0.068966,14
Norovirus,esm2_llr,AdaptWin(s=90),AdaptWin,0.150822,0.064327,0.733333,0.11828,171
Norovirus,esm2_llr,AdaptWin(s=85),AdaptWin,0.143914,0.051282,0.933333,0.097222,273
Norovirus,esm2_llr,FreqThresh(p=80),FreqThresh,0.083972,0.055556,0.4,0.097561,108
Norovirus,esm2_llr,FreqThresh(p=85),FreqThresh,0.086323,0.061728,0.333333,0.104167,81
Norovirus,esm2_llr,FreqThresh(p=90),FreqThresh,0.055952,0.055556,0.2,0.086957,54
Norovirus,esm2_llr,FreqThresh(p=95),FreqThresh,0.012641,0.037037,0.066667,0.047619,27
Norovirus,esm2_llr,"SWAN(w=10,k=1.0)",SWAN,0.173595,0.061135,0.933333,0.114754,229
Norovirus,esm2_llr,"SWAN(w=10,k=1.5)",SWAN,0.12404,0.054187,0.733333,0.100917,203
Norovirus,esm2_llr,"SWAN(w=10,k=2.0)",SWAN,0.063159,0.044025,0.466667,0.08046,159
Norovirus,esm2_llr,"SWAN(w=20,k=1.0)",SWAN,0.173595,0.061135,0.933333,0.114754,229
Norovirus,esm2_llr,"SWAN(w=20,k=1.5)",SWAN,0.173595,0.061135,0.933333,0.114754,229
Norovirus,esm2_llr,"SWAN(w=20,k=2.0)",SWAN,0.175819,0.061947,0.933333,0.116183,226
Norovirus,esm2_llr,"SWAN(w=50,k=1.0)",SWAN,0.173595,0.061135,0.933333,0.114754,229
Norovirus,esm2_llr,"SWAN(w=50,k=1.5)",SWAN,0.173595,0.061135,0.933333,0.114754,229
Norovirus,esm2_llr,"SWAN(w=50,k=2.0)",SWAN,0.173595,0.061135,0.933333,0.114754,229
Norovirus,esm2_llr,MutClust-Orig(g=10),MutClust-Orig,0.048833,0.030303,1.0,0.058824,495
Norovirus,plddt_inv,Wavelet(t=1.0),Wavelet,-0.064132,0.0,0.0,0.0,67
Norovirus,plddt_inv,Wavelet(t=1.5),Wavelet,-0.053822,0.0,0.0,0.0,49
Norovirus,plddt_inv,Wavelet(t=2.0),Wavelet,-0.044848,0.0,0.0,0.0,35
Norovirus,plddt_inv,KDE(p=75),KDE,-0.097964,0.0,0.0,0.0,134
Norovirus,plddt_inv,KDE(p=80),KDE,-0.085235,0.0,0.0,0.0,108
Norovirus,plddt_inv,KDE(p=85),KDE,-0.071592,0.0,0.0,0.0,81
Norovirus,plddt_inv,SlidingTest(p=0.01),SlidingTest,-0.067908,0.0,0.0,0.0,74
Norovirus,plddt_inv,SlidingTest(p=0.05),SlidingTest,-0.069497,0.0,0.0,0.0,77
Norovirus,plddt_inv,GradPeak(p=0.2),GradPeak,-0.044848,0.0,0.0,0.0,35
Norovirus,plddt_inv,GradPeak(p=0.5),GradPeak,-0.04204,0.0,0.0,0.0,31
Norovirus,plddt_inv,LocalContrast(z=1.0),LocalContrast,-0.01647,0.021978,0.133333,0.037736,91
Norovirus,plddt_inv,LocalContrast(z=1.5),LocalContrast,0.013723,0.034483,0.133333,0.054795,58
Norovirus,plddt_inv,LocalContrast(z=2.0),LocalContrast,-0.034264,0.0,0.0,0.0,21
Norovirus,plddt_inv,"CUSUM(d=0.3,h=3.0)",CUSUM,-0.042755,0.0,0.0,0.0,32
Norovirus,plddt_inv,"CUSUM(d=0.5,h=4.0)",CUSUM,-0.037531,0.0,0.0,0.0,25
Norovirus,plddt_inv,"CUSUM(d=0.5,h=5.0)",CUSUM,-0.033405,0.0,0.0,0.0,20
Norovirus,plddt_inv,AdaptiveKnee,AdaptiveKnee,-0.063995,0.008333,0.066667,0.014815,120
Norovirus,plddt_inv,ScoreDBSCAN(ep=8),ScoreDBSCAN,0.026115,0.031073,0.733333,0.059621,354
Norovirus,plddt_inv,ScoreDBSCAN(ep=15),ScoreDBSCAN,0.056207,0.031056,1.0,0.060241,483
Norovirus,plddt_inv,Spectral(z=1.5),Spectral,-0.037531,0.0,0.0,0.0,25
Norovirus,plddt_inv,Spectral(z=2.0),Spectral,-0.026751,0.0,0.0,0.0,13
Norovirus,plddt_inv,Bayes(prior=0.1),Bayes,0.0,0.0,0.0,0.0,0
Norovirus,plddt_inv,Bayes(prior=0.15),Bayes,-0.046871,0.0,0.0,0.0,38
Norovirus,plddt_inv,AdaptWin(s=90),AdaptWin,-0.07469,0.0,0.0,0.0,87
Norovirus,plddt_inv,AdaptWin(s=85),AdaptWin,-0.086715,0.0,0.0,0.0,111
Norovirus,plddt_inv,FreqThresh(p=80),FreqThresh,-0.056441,0.009346,0.066667,0.016393,107
Norovirus,plddt_inv,FreqThresh(p=85),FreqThresh,-0.071592,0.0,0.0,0.0,81
Norovirus,plddt_inv,FreqThresh(p=90),FreqThresh,-0.056794,0.0,0.0,0.0,54
Norovirus,plddt_inv,FreqThresh(p=95),FreqThresh,-0.03908,0.0,0.0,0.0,27
Norovirus,plddt_inv,"SWAN(w=10,k=1.0)",SWAN,-0.085235,0.0,0.0,0.0,108
Norovirus,plddt_inv,"SWAN(w=10,k=1.5)",SWAN,-0.082259,0.0,0.0,0.0,102
Norovirus,plddt_inv,"SWAN(w=10,k=2.0)",SWAN,-0.082259,0.0,0.0,0.0,102
Norovirus,plddt_inv,"SWAN(w=20,k=1.0)",SWAN,-0.077744,0.0,0.0,0.0,93
Norovirus,plddt_inv,"SWAN(w=20,k=1.5)",SWAN,-0.073147,0.0,0.0,0.0,84
Norovirus,plddt_inv,"SWAN(w=20,k=2.0)",SWAN,-0.067908,0.0,0.0,0.0,74
Norovirus,plddt_inv,"SWAN(w=50,k=1.0)",SWAN,-0.082756,0.0,0.0,0.0,103
Norovirus,plddt_inv,"SWAN(w=50,k=1.5)",SWAN,-0.073147,0.0,0.0,0.0,84
Norovirus,plddt_inv,"SWAN(w=50,k=2.0)",SWAN,-0.073147,0.0,0.0,0.0,84
Norovirus,plddt_inv,MutClust-Orig(g=10),MutClust-Orig,0.007336,0.028037,1.0,0.054545,535
Norovirus,sasa,Wavelet(t=1.0),Wavelet,-0.066302,0.0,0.0,0.0,71
Norovirus,sasa,Wavelet(t=1.5),Wavelet,-0.053215,0.0,0.0,0.0,48
Norovirus,sasa,Wavelet(t=2.0),Wavelet,-0.043461,0.0,0.0,0.0,33
Norovirus,sasa,KDE(p=75),KDE,0.267768,0.104478,0.933333,0.187919,134
Norovirus,sasa,KDE(p=80),KDE,0.253179,0.111111,0.8,0.195122,108
Norovirus,sasa,KDE(p=85),KDE,0.244237,0.123457,0.666667,0.208333,81
Norovirus,sasa,SlidingTest(p=0.01),SlidingTest,0.193545,0.073446,0.866667,0.135417,177
Norovirus,sasa,SlidingTest(p=0.05),SlidingTest,0.224381,0.076923,1.0,0.142857,195
Norovirus,sasa,GradPeak(p=0.2),GradPeak,0.036708,0.0625,0.066667,0.064516,16
Norovirus,sasa,GradPeak(p=0.5),GradPeak,-0.01273,0.0,0.0,0.0,3
Norovirus,sasa,LocalContrast(z=1.0),LocalContrast,0.015483,0.033708,0.2,0.057692,89
Norovirus,sasa,LocalContrast(z=1.5),LocalContrast,-0.050742,0.0,0.0,0.0,44
Norovirus,sasa,LocalContrast(z=2.0),LocalContrast,-0.029764,0.0,0.0,0.0,16
Norovirus,sasa,"CUSUM(d=0.3,h=3.0)",CUSUM,0.0036,0.030303,0.066667,0.041667,33
Norovirus,sasa,"CUSUM(d=0.5,h=4.0)",CUSUM,0.039795,0.066667,0.066667,0.066667,15
Norovirus,sasa,"CUSUM(d=0.5,h=5.0)",CUSUM,0.060205,0.1,0.066667,0.08,10
Norovirus,sasa,AdaptiveKnee,AdaptiveKnee,0.108017,0.068182,0.4,0.116505,88
Norovirus,sasa,ScoreDBSCAN(ep=8),ScoreDBSCAN,0.088377,0.057692,0.4,0.10084,104
Norovirus,sasa,ScoreDBSCAN(ep=15),ScoreDBSCAN,0.078542,0.039216,0.8,0.074766,306
Norovirus,sasa,Spectral(z=1.5),Spectral,-0.050742,0.0,0.0,0.0,44
Norovirus,sasa,Spectral(z=2.0),Spectral,-0.032528,0.0,0.0,0.0,19
Norovirus,sasa,Bayes(prior=0.1),Bayes,0.0,0.0,0.0,0.0,0
Norovirus,sasa,Bayes(prior=0.15),Bayes,0.0,0.0,0.0,0.0,0
Norovirus,sasa,AdaptWin(s=90),AdaptWin,0.211806,0.076503,0.933333,0.141414,183
Norovirus,sasa,AdaptWin(s=85),AdaptWin,0.18915,0.062762,1.0,0.11811,239
Norovirus,sasa,FreqThresh(p=80),FreqThresh,0.09533,0.061224,0.4,0.106195,98
Norovirus,sasa,FreqThresh(p=85),FreqThresh,0.09605,0.067568,0.333333,0.11236,74
Norovirus,sasa,FreqThresh(p=90),FreqThresh,0.063927,0.061224,0.2,0.09375,49
Norovirus,sasa,FreqThresh(p=95),FreqThresh,-0.037531,0.0,0.0,0.0,25
Norovirus,sasa,"SWAN(w=10,k=1.0)",SWAN,0.189862,0.067308,0.933333,0.125561,208
Norovirus,sasa,"SWAN(w=10,k=1.5)",SWAN,0.190681,0.067633,0.933333,0.126126,207
Norovirus,sasa,"SWAN(w=10,k=2.0)",SWAN,0.206236,0.074074,0.933333,0.137255,189
Norovirus,sasa,"SWAN(w=20,k=1.0)",SWAN,0.194842,0.069307,0.933333,0.129032,202
Norovirus,sasa,"SWAN(w=20,k=1.5)",SWAN,0.204425,0.073298,0.933333,0.135922,191
Norovirus,sasa,"SWAN(w=20,k=2.0)",SWAN,0.206236,0.074074,0.933333,0.137255,189
Norovirus,sasa,"SWAN(w=50,k=1.0)",SWAN,0.187431,0.066351,0.933333,0.123894,211
Norovirus,sasa,"SWAN(w=50,k=1.5)",SWAN,0.196539,0.07,0.933333,0.130233,200
Norovirus,sasa,"SWAN(w=50,k=2.0)",SWAN,0.197395,0.070352,0.933333,0.130841,199
Norovirus,sasa,MutClust-Orig(g=10),MutClust-Orig,0.052604,0.030675,1.0,0.059524,489
Norovirus,grantham,Wavelet(t=1.0),Wavelet,-0.035116,0.013514,0.066667,0.022472,74
Norovirus,grantham,Wavelet(t=1.5),Wavelet,-0.046204,0.0,0.0,0.0,37
Norovirus,grantham,Wavelet(t=2.0),Wavelet,-0.03163,0.0,0.0,0.0,18
Norovirus,grantham,KDE(p=75),KDE,0.293892,0.11194,1.0,0.201342,134
Norovirus,grantham,KDE(p=80),KDE,0.337782,0.138889,1.0,0.243902,108
Norovirus,grantham,KDE(p=85),KDE,0.244237,0.123457,0.666667,0.208333,81
Norovirus,grantham,SlidingTest(p=0.01),SlidingTest,0.214355,0.178571,0.333333,0.232558,28
Norovirus,grantham,SlidingTest(p=0.05),SlidingTest,0.1909,0.116667,0.466667,0.186667,60
Norovirus,grantham,GradPeak(p=0.2),GradPeak,0.005019,0.029703,0.2,0.051724,101
Norovirus,grantham,GradPeak(p=0.5),GradPeak,0.006689,0.030303,0.2,0.052632,99
Norovirus,grantham,LocalContrast(z=1.0),LocalContrast,-0.050377,0.010309,0.066667,0.017857,97
Norovirus,grantham,LocalContrast(z=1.5),LocalContrast,-0.050742,0.0,0.0,0.0,44
Norovirus,grantham,LocalContrast(z=2.0),LocalContrast,-0.034264,0.0,0.0,0.0,21
Norovirus,grantham,"CUSUM(d=0.3,h=3.0)",CUSUM,0.031161,0.055556,0.066667,0.060606,18
Norovirus,grantham,"CUSUM(d=0.5,h=4.0)",CUSUM,-0.01273,0.0,0.0,0.0,3
Norovirus,grantham,"CUSUM(d=0.5,h=5.0)",CUSUM,-0.007336,0.0,0.0,0.0,1
Norovirus,grantham,AdaptiveKnee,AdaptiveKnee,-0.047872,0.010753,0.066667,0.018519,93
Norovirus,grantham,ScoreDBSCAN(ep=8),ScoreDBSCAN,0.152582,0.111111,0.333333,0.166667,45
Norovirus,grantham,ScoreDBSCAN(ep=15),ScoreDBSCAN,0.122235,0.056818,0.666667,0.104712,176
Norovirus,grantham,Spectral(z=1.5),Spectral,-0.04553,0.0,0.0,0.0,36
Norovirus,grantham,Spectral(z=2.0),Spectral,-0.035104,0.0,0.0,0.0,22
Norovirus,grantham,Bayes(prior=0.1),Bayes,0.0,0.0,0.0,0.0,0
Norovirus,grantham,Bayes(prior=0.15),Bayes,-0.023396,0.0,0.0,0.0,10
Norovirus,grantham,AdaptWin(s=90),AdaptWin,-0.032193,0.014286,0.066667,0.023529,70
Norovirus,grantham,AdaptWin(s=85),AdaptWin,-0.059967,0.00885,0.066667,0.015625,113
Norovirus,grantham,FreqThresh(p=80),FreqThresh,-0.028381,0.015385,0.066667,0.025,65
Norovirus,grantham,FreqThresh(p=85),FreqThresh,-0.014572,0.020408,0.066667,0.03125,49
Norovirus,grantham,FreqThresh(p=90),FreqThresh,-0.000337,0.027778,0.066667,0.039216,36
Norovirus,grantham,FreqThresh(p=95),FreqThresh,-0.030709,0.0,0.0,0.0,17
Norovirus,grantham,"SWAN(w=10,k=1.0)",SWAN,0.114495,0.057325,0.6,0.104651,157
Norovirus,grantham,"SWAN(w=10,k=1.5)",SWAN,0.045448,0.042017,0.333333,0.074627,119
Norovirus,grantham,"SWAN(w=10,k=2.0)",SWAN,0.053585,0.04878,0.266667,0.082474,82
Norovirus,grantham,"SWAN(w=20,k=1.0)",SWAN,0.098966,0.051429,0.6,0.094737,175
Norovirus,grantham,"SWAN(w=20,k=1.5)",SWAN,0.136082,0.066667,0.6,0.12,135
Norovirus,grantham,"SWAN(w=20,k=2.0)",SWAN,0.09775,0.0625,0.4,0.108108,96
Norovirus,grantham,"SWAN(w=50,k=1.0)",SWAN,0.113589,0.056962,0.6,0.104046,158
Norovirus,grantham,"SWAN(w=50,k=1.5)",SWAN,0.14151,0.069231,0.6,0.124138,130
Norovirus,grantham,"SWAN(w=50,k=2.0)",SWAN,0.1606,0.078947,0.6,0.139535,114
Norovirus,grantham,MutClust-Orig(g=10),MutClust-Orig,0.069034,0.037267,0.8,0.071217,322
Norovirus,dnds_proxy,Wavelet(t=1.0),Wavelet,0.203211,0.104651,0.6,0.178218,86
Norovirus,dnds_proxy,Wavelet(t=1.5),Wavelet,0.284853,0.169811,0.6,0.264706,53
Norovirus,dnds_proxy,Wavelet(t=2.0),Wavelet,0.359444,0.275862,0.533333,0.363636,29
Norovirus,dnds_proxy,KDE(p=75),KDE,0.293892,0.11194,1.0,0.201342,134
Norovirus,dnds_proxy,KDE(p=80),KDE,0.28138,0.12037,0.866667,0.211382,108
Norovirus,dnds_proxy,KDE(p=85),KDE,0.27582,0.135802,0.733333,0.229167,81
Norovirus,dnds_proxy,SlidingTest(p=0.01),SlidingTest,0.2752,0.147059,0.666667,0.240964,68
Norovirus,dnds_proxy,SlidingTest(p=0.05),SlidingTest,0.342756,0.152174,0.933333,0.261682,92
Norovirus,dnds_proxy,GradPeak(p=0.2),GradPeak,0.100474,0.09375,0.2,0.12766,32
Norovirus,dnds_proxy,GradPeak(p=0.5),GradPeak,0.131527,0.130435,0.2,0.157895,23
Norovirus,dnds_proxy,LocalContrast(z=1.0),LocalContrast,0.05155,0.052632,0.2,0.083333,57
Norovirus,dnds_proxy,LocalContrast(z=1.5),LocalContrast,0.028782,0.043478,0.133333,0.065574,46
Norovirus,dnds_proxy,LocalContrast(z=2.0),LocalContrast,-0.048185,0.0,0.0,0.0,40
Norovirus,dnds_proxy,"CUSUM(d=0.3,h=3.0)",CUSUM,0.150999,0.157895,0.2,0.176471,19
Norovirus,dnds_proxy,"CUSUM(d=0.5,h=4.0)",CUSUM,0.055225,0.090909,0.066667,0.076923,11
Norovirus,dnds_proxy,"CUSUM(d=0.5,h=5.0)",CUSUM,0.072405,0.125,0.066667,0.086957,8
Norovirus,dnds_proxy,AdaptiveKnee,AdaptiveKnee,0.244237,0.123457,0.666667,0.208333,81
Norovirus,dnds_proxy,ScoreDBSCAN(ep=8),ScoreDBSCAN,-0.066707,0.016129,0.266667,0.030418,248
Norovirus,dnds_proxy,ScoreDBSCAN(ep=15),ScoreDBSCAN,-0.015114,0.025547,0.466667,0.048443,274
Norovirus,dnds_proxy,Spectral(z=1.5),Spectral,0.144782,0.121212,0.266667,0.166667,33
Norovirus,dnds_proxy,Spectral(z=2.0),Spectral,0.123401,0.12,0.2,0.15,25
Norovirus,dnds_proxy,Bayes(prior=0.1),Bayes,0.082341,0.095238,0.133333,0.111111,21
Norovirus,dnds_proxy,Bayes(prior=0.15),Bayes,0.253134,0.175,0.466667,0.254545,40
Norovirus,dnds_proxy,AdaptWin(s=90),AdaptWin,0.366319,0.232558,0.666667,0.344828,43
Norovirus,dnds_proxy,AdaptWin(s=85),AdaptWin,0.319026,0.185185,0.666667,0.289855,54
Norovirus,dnds_proxy,FreqThresh(p=80),FreqThresh,0.28349,0.153846,0.666667,0.25,65
Norovirus,dnds_proxy,FreqThresh(p=85),FreqThresh,0.260177,0.163265,0.533333,0.25,49
Norovirus,dnds_proxy,FreqThresh(p=90),FreqThresh,0.238904,0.181818,0.4,0.25,33
Norovirus,dnds_proxy,FreqThresh(p=95),FreqThresh,0.09839,0.117647,0.133333,0.125,17
Norovirus,dnds_proxy,"SWAN(w=10,k=1.0)",SWAN,0.347338,0.212766,0.666667,0.322581,47
Norovirus,dnds_proxy,"SWAN(w=10,k=1.5)",SWAN,0.347338,0.212766,0.666667,0.322581,47
Norovirus,dnds_proxy,"SWAN(w=10,k=2.0)",SWAN,0.38797,0.25641,0.666667,0.37037,39
Norovirus,dnds_proxy,"SWAN(w=20,k=1.0)",SWAN,0.338676,0.204082,0.666667,0.3125,49
Norovirus,dnds_proxy,"SWAN(w=20,k=1.5)",SWAN,0.356532,0.222222,0.666667,0.333333,45
Norovirus,dnds_proxy,"SWAN(w=20,k=2.0)",SWAN,0.361347,0.227273,0.666667,0.338983,44
Norovirus,dnds_proxy,"SWAN(w=50,k=1.0)",SWAN,0.319026,0.185185,0.666667,0.289855,54
Norovirus,dnds_proxy,"SWAN(w=50,k=1.5)",SWAN,0.330495,0.196078,0.666667,0.30303,51
Norovirus,dnds_proxy,"SWAN(w=50,k=2.0)",SWAN,0.347338,0.212766,0.666667,0.322581,47
Norovirus,dnds_proxy,MutClust-Orig(g=10),MutClust-Orig,0.069034,0.037267,0.8,0.071217,322
Norovirus,semantic_change,Wavelet(t=1.0),Wavelet,-0.058532,0.0,0.0,0.0,57
Norovirus,semantic_change,Wavelet(t=1.5),Wavelet,-0.042755,0.0,0.0,0.0,32
Norovirus,semantic_change,Wavelet(t=2.0),Wavelet,-0.033405,0.0,0.0,0.0,20
Norovirus,semantic_change,KDE(p=75),KDE,0.293892,0.11194,1.0,0.201342,134
Norovirus,semantic_change,KDE(p=80),KDE,0.337782,0.138889,1.0,0.243902,108
Norovirus,semantic_change,KDE(p=85),KDE,0.244237,0.123457,0.666667,0.208333,81
Norovirus,semantic_change,SlidingTest(p=0.01),SlidingTest,0.199747,0.139535,0.4,0.206897,43
Norovirus,semantic_change,SlidingTest(p=0.05),SlidingTest,0.178578,0.089109,0.6,0.155172,101
Norovirus,semantic_change,GradPeak(p=0.2),GradPeak,0.0,0.0,0.0,0.0,0
Norovirus,semantic_change,GradPeak(p=0.5),GradPeak,0.0,0.0,0.0,0.0,0
Norovirus,semantic_change,LocalContrast(z=1.0),LocalContrast,-0.040687,0.012195,0.066667,0.020619,82
Norovirus,semantic_change,LocalContrast(z=1.5),LocalContrast,-0.030709,0.0,0.0,0.0,17
Norovirus,semantic_change,LocalContrast(z=2.0),LocalContrast,-0.019519,0.0,0.0,0.0,7
Norovirus,semantic_change,"CUSUM(d=0.3,h=3.0)",CUSUM,0.036708,0.0625,0.066667,0.064516,16
Norovirus,semantic_change,"CUSUM(d=0.5,h=4.0)",CUSUM,0.101206,0.2,0.066667,0.1,5
Norovirus,semantic_change,"CUSUM(d=0.5,h=5.0)",CUSUM,-0.010384,0.0,0.0,0.0,2
Norovirus,semantic_change,AdaptiveKnee,AdaptiveKnee,-0.002796,0.026316,0.066667,0.037736,38
Norovirus,semantic_change,ScoreDBSCAN(ep=8),ScoreDBSCAN,0.046212,0.040268,0.4,0.073171,149
Norovirus,semantic_change,ScoreDBSCAN(ep=15),ScoreDBSCAN,0.031407,0.033088,0.6,0.062718,272
Norovirus,semantic_change,Spectral(z=1.5),Spectral,0.046727,0.057143,0.133333,0.08,35
Norovirus,semantic_change,Spectral(z=2.0),Spectral,0.03384,0.058824,0.066667,0.0625,17
Norovirus,semantic_change,Bayes(prior=0.1),Bayes,0.0,0.0,0.0,0.0,0
Norovirus,semantic_change,Bayes(prior=0.15),Bayes,-0.007336,0.0,0.0,0.0,1
Norovirus,semantic_change,AdaptWin(s=90),AdaptWin,0.041742,0.043011,0.266667,0.074074,93
Norovirus,semantic_change,AdaptWin(s=85),AdaptWin,0.068809,0.04878,0.4,0.086957,123
Norovirus,semantic_change,FreqThresh(p=80),FreqThresh,0.040923,0.046154,0.2,0.075,65
Norovirus,semantic_change,FreqThresh(p=85),FreqThresh,0.063927,0.061224,0.2,0.09375,49
Norovirus,semantic_change,FreqThresh(p=90),FreqThresh,0.0036,0.030303,0.066667,0.041667,33
Norovirus,semantic_change,FreqThresh(p=95),FreqThresh,0.03384,0.058824,0.066667,0.0625,17
Norovirus,semantic_change,"SWAN(w=10,k=1.0)",SWAN,0.165873,0.066298,0.8,0.122449,181
Norovirus,semantic_change,"SWAN(w=10,k=1.5)",SWAN,0.208119,0.085714,0.8,0.154839,140
Norovirus,semantic_change,"SWAN(w=10,k=2.0)",SWAN,0.218849,0.098214,0.733333,0.173228,112
Norovirus,semantic_change,"SWAN(w=20,k=1.0)",SWAN,0.163214,0.065217,0.8,0.120603,184
Norovirus,semantic_change,"SWAN(w=20,k=1.5)",SWAN,0.186982,0.075472,0.8,0.137931,159
Norovirus,semantic_change,"SWAN(w=20,k=2.0)",SWAN,0.209326,0.086331,0.8,0.155844,139
Norovirus,semantic_change,"SWAN(w=50,k=1.0)",SWAN,0.13809,0.055814,0.8,0.104348,215
Norovirus,semantic_change,"SWAN(w=50,k=1.5)",SWAN,0.151381,0.060606,0.8,0.112676,198
Norovirus,semantic_change,"SWAN(w=50,k=2.0)",SWAN,0.162338,0.064865,0.8,0.12,185
Norovirus,semantic_change,MutClust-Orig(g=10),MutClust-Orig,0.0,0.0,0.0,0.0,0
Norovirus,EVEscape_composite,Wavelet(t=1.0),Wavelet,0.22457,0.10989,0.666667,0.188679,91
Norovirus,EVEscape_composite,Wavelet(t=1.5),Wavelet,0.220927,0.142857,0.466667,0.21875,49
Norovirus,EVEscape_composite,Wavelet(t=2.0),Wavelet,0.093953,0.111111,0.133333,0.121212,18
Norovirus,EVEscape_composite,KDE(p=75),KDE,0.293892,0.11194,1.0,0.201342,134
Norovirus,EVEscape_composite,KDE(p=80),KDE,0.28138,0.12037,0.866667,0.211382,108
Norovirus,EVEscape_composite,KDE(p=85),KDE,0.307403,0.148148,0.8,0.25,81
Norovirus,EVEscape_composite,SlidingTest(p=0.01),SlidingTest,0.267187,0.12,0.8,0.208696,100
Norovirus,EVEscape_composite,SlidingTest(p=0.05),SlidingTest,0.227704,0.089655,0.866667,0.1625,145
Norovirus,EVEscape_composite,GradPeak(p=0.2),GradPeak,0.0,0.0,0.0,0.0,0
Norovirus,EVEscape_composite,GradPeak(p=0.5),GradPeak,0.0,0.0,0.0,0.0,0
Norovirus,EVEscape_composite,LocalContrast(z=1.0),LocalContrast,0.004275,0.029851,0.133333,0.04878,67
Norovirus,EVEscape_composite,LocalContrast(z=1.5),LocalContrast,0.033175,0.046512,0.133333,0.068966,43
Norovirus,EVEscape_composite,LocalContrast(z=2.0),LocalContrast,-0.042755,0.0,0.0,0.0,32
Norovirus,EVEscape_composite,"CUSUM(d=0.3,h=3.0)",CUSUM,0.236746,0.208333,0.333333,0.25641,24
Norovirus,EVEscape_composite,"CUSUM(d=0.5,h=4.0)",CUSUM,0.046781,0.076923,0.066667,0.071429,13
Norovirus,EVEscape_composite,"CUSUM(d=0.5,h=5.0)",CUSUM,0.13501,0.181818,0.133333,0.153846,11
Norovirus,EVEscape_composite,AdaptiveKnee,AdaptiveKnee,0.170728,0.091954,0.533333,0.156863,87
Norovirus,EVEscape_composite,ScoreDBSCAN(ep=8),ScoreDBSCAN,-0.039437,0.016129,0.133333,0.028777,124
Norovirus,EVEscape_composite,ScoreDBSCAN(ep=15),ScoreDBSCAN,0.00709,0.029289,0.466667,0.055118,239
Norovirus,EVEscape_composite,Spectral(z=1.5),Spectral,0.074818,0.069767,0.2,0.103448,43
Norovirus,EVEscape_composite,Spectral(z=2.0),Spectral,0.116081,0.111111,0.2,0.142857,27
Norovirus,EVEscape_composite,Bayes(prior=0.1),Bayes,-0.007336,0.0,0.0,0.0,1
Norovirus,EVEscape_composite,Bayes(prior=0.15),Bayes,0.149938,0.108696,0.333333,0.163934,46
Norovirus,EVEscape_composite,AdaptWin(s=90),AdaptWin,0.190323,0.130435,0.4,0.196721,46
Norovirus,EVEscape_composite,AdaptWin(s=85),AdaptWin,0.159814,0.093333,0.466667,0.155556,75
Norovirus,EVEscape_composite,FreqThresh(p=80),FreqThresh,0.226777,0.133333,0.533333,0.213333,60
Norovirus,EVEscape_composite,FreqThresh(p=85),FreqThresh,0.152582,0.111111,0.333333,0.166667,45
Norovirus,EVEscape_composite,FreqThresh(p=90),FreqThresh,0.204741,0.166667,0.333333,0.222222,30
Norovirus,EVEscape_composite,FreqThresh(p=95),FreqThresh,0.108381,0.133333,0.133333,0.133333,15
Norovirus,EVEscape_composite,"SWAN(w=10,k=1.0)",SWAN,0.206009,0.090909,0.733333,0.161765,121
Norovirus,EVEscape_composite,"SWAN(w=10,k=1.5)",SWAN,0.243443,0.113402,0.733333,0.196429,97
Norovirus,EVEscape_composite,"SWAN(w=10,k=2.0)",SWAN,0.247092,0.115789,0.733333,0.2,95
Norovirus,EVEscape_composite,"SWAN(w=20,k=1.0)",SWAN,0.195546,0.085271,0.733333,0.152778,129
Norovirus,EVEscape_composite,"SWAN(w=20,k=1.5)",SWAN,0.200675,0.088,0.733333,0.157143,125
Norovirus,EVEscape_composite,"SWAN(w=20,k=2.0)",SWAN,0.212989,0.094828,0.733333,0.167939,116
Norovirus,EVEscape_composite,"SWAN(w=50,k=1.0)",SWAN,0.195546,0.085271,0.733333,0.152778,129
Norovirus,EVEscape_composite,"SWAN(w=50,k=1.5)",SWAN,0.195546,0.085271,0.733333,0.152778,129
Norovirus,EVEscape_composite,"SWAN(w=50,k=2.0)",SWAN,0.198086,0.086614,0.733333,0.15493,127
Norovirus,EVEscape_composite,MutClust-Orig(g=10),MutClust-Orig,0.0,0.0,0.0,0.0,0
Norovirus,EqualWeight,Wavelet(t=1.0),Wavelet,0.05748,0.056604,0.2,0.088235,53
Norovirus,EqualWeight,Wavelet(t=1.5),Wavelet,-0.04553,0.0,0.0,0.0,36
Norovirus,EqualWeight,Wavelet(t=2.0),Wavelet,-0.04204,0.0,0.0,0.0,31
Norovirus,EqualWeight,KDE(p=75),KDE,0.293892,0.11194,1.0,0.201342,134
Norovirus,EqualWeight,KDE(p=80),KDE,0.28138,0.12037,0.866667,0.211382,108
Norovirus,EqualWeight,KDE(p=85),KDE,0.244237,0.123457,0.666667,0.208333,81
Norovirus,EqualWeight,SlidingTest(p=0.01),SlidingTest,0.246672,0.107143,0.8,0.188976,112
Norovirus,EqualWeight,SlidingTest(p=0.05),SlidingTest,0.241644,0.097015,0.866667,0.174497,134
Norovirus,EqualWeight,GradPeak(p=0.2),GradPeak,0.116723,0.25,0.066667,0.105263,4
Norovirus,EqualWeight,GradPeak(p=0.5),GradPeak,0.0,0.0,0.0,0.0,0
Norovirus,EqualWeight,LocalContrast(z=1.0),LocalContrast,0.079927,0.05814,0.333333,0.09901,86
Norovirus,EqualWeight,LocalContrast(z=1.5),LocalContrast,0.118898,0.095238,0.266667,0.140351,42
Norovirus,EqualWeight,LocalContrast(z=2.0),LocalContrast,-0.032528,0.0,0.0,0.0,19
Norovirus,EqualWeight,"CUSUM(d=0.3,h=3.0)",CUSUM,0.224957,0.192308,0.333333,0.243902,26
Norovirus,EqualWeight,"CUSUM(d=0.5,h=4.0)",CUSUM,0.176967,0.2,0.2,0.2,15
Norovirus,EqualWeight,"CUSUM(d=0.5,h=5.0)",CUSUM,0.203708,0.25,0.2,0.222222,12
Norovirus,EqualWeight,AdaptiveKnee,AdaptiveKnee,0.230164,0.113636,0.666667,0.194175,88
Norovirus,EqualWeight,ScoreDBSCAN(ep=8),ScoreDBSCAN,-0.111673,0.0,0.0,0.0,162
Norovirus,EqualWeight,ScoreDBSCAN(ep=15),ScoreDBSCAN,-0.117906,0.01978,0.6,0.038298,455
Norovirus,EqualWeight,Spectral(z=1.5),Spectral,0.072884,0.068182,0.2,0.101695,44
Norovirus,EqualWeight,Spectral(z=2.0),Spectral,0.11965,0.115385,0.2,0.146341,26
Norovirus,EqualWeight,Bayes(prior=0.1),Bayes,0.0,0.0,0.0,0.0,0
Norovirus,EqualWeight,Bayes(prior=0.15),Bayes,-0.007336,0.0,0.0,0.0,1
Norovirus,EqualWeight,AdaptWin(s=90),AdaptWin,0.204562,0.083916,0.8,0.151899,143
Norovirus,EqualWeight,AdaptWin(s=85),AdaptWin,0.205727,0.069124,1.0,0.12931,217
Norovirus,EqualWeight,FreqThresh(p=80),FreqThresh,0.224978,0.101852,0.733333,0.178862,108
Norovirus,EqualWeight,FreqThresh(p=85),FreqThresh,0.244237,0.123457,0.666667,0.208333,81
Norovirus,EqualWeight,FreqThresh(p=90),FreqThresh,0.281444,0.166667,0.6,0.26087,54
Norovirus,EqualWeight,FreqThresh(p=95),FreqThresh,0.219521,0.185185,0.333333,0.238095,27
Norovirus,EqualWeight,"SWAN(w=10,k=1.0)",SWAN,0.230138,0.090909,0.866667,0.164557,143
Norovirus,EqualWeight,"SWAN(w=10,k=1.5)",SWAN,0.245699,0.099237,0.866667,0.178082,131
Norovirus,EqualWeight,"SWAN(w=10,k=2.0)",SWAN,0.263194,0.109244,0.866667,0.19403,119
Norovirus,EqualWeight,"SWAN(w=20,k=1.0)",SWAN,0.204392,0.078313,0.866667,0.143646,166
Norovirus,EqualWeight,"SWAN(w=20,k=1.5)",SWAN,0.241644,0.097015,0.866667,0.174497,134
Norovirus,EqualWeight,"SWAN(w=20,k=2.0)",SWAN,0.252727,0.103175,0.866667,0.184397,126
Norovirus,EqualWeight,"SWAN(w=50,k=1.0)",SWAN,0.215018,0.083333,0.866667,0.152047,156
Norovirus,EqualWeight,"SWAN(w=50,k=1.5)",SWAN,0.215018,0.083333,0.866667,0.152047,156
Norovirus,EqualWeight,"SWAN(w=50,k=2.0)",SWAN,0.218367,0.084967,0.866667,0.154762,153
Norovirus,EqualWeight,MutClust-Orig(g=10),MutClust-Orig,0.016465,0.028249,1.0,0.054945,531
Norovirus,tranception,Wavelet(t=1.0),Wavelet,-0.086222,0.0,0.0,0.0,110
Norovirus,tranception,Wavelet(t=1.5),Wavelet,-0.069497,0.0,0.0,0.0,77
Norovirus,tranception,Wavelet(t=2.0),Wavelet,-0.044159,0.0,0.0,0.0,34
Norovirus,tranception,KDE(p=75),KDE,0.215521,0.089552,0.8,0.161074,134
Norovirus,tranception,KDE(p=80),KDE,0.224978,0.101852,0.733333,0.178862,108
Norovirus,tranception,KDE(p=85),KDE,0.181071,0.098765,0.533333,0.166667,81
Norovirus,tranception,SlidingTest(p=0.01),SlidingTest,0.163461,0.053957,1.0,0.102389,278
Norovirus,tranception,SlidingTest(p=0.05),SlidingTest,0.150495,0.05,1.0,0.095238,300
Norovirus,tranception,GradPeak(p=0.2),GradPeak,-0.01261,0.021277,0.066667,0.032258,47
Norovirus,tranception,GradPeak(p=0.5),GradPeak,0.01796,0.041667,0.066667,0.051282,24
Norovirus,tranception,LocalContrast(z=1.0),LocalContrast,0.058293,0.051282,0.266667,0.086022,78
Norovirus,tranception,LocalContrast(z=1.5),LocalContrast,0.020821,0.038462,0.133333,0.059701,52
Norovirus,tranception,LocalContrast(z=2.0),LocalContrast,0.007896,0.033333,0.066667,0.044444,30
Norovirus,tranception,"CUSUM(d=0.3,h=3.0)",CUSUM,0.085354,0.078947,0.2,0.113208,38
Norovirus,tranception,"CUSUM(d=0.5,h=4.0)",CUSUM,0.036708,0.0625,0.066667,0.064516,16
Norovirus,tranception,"CUSUM(d=0.5,h=5.0)",CUSUM,0.046781,0.076923,0.066667,0.071429,13
Norovirus,tranception,AdaptiveKnee,AdaptiveKnee,0.08997,0.071429,0.266667,0.112676,56
Norovirus,tranception,ScoreDBSCAN(ep=8),ScoreDBSCAN,-0.001818,0.027668,0.466667,0.052239,253
Norovirus,tranception,ScoreDBSCAN(ep=15),ScoreDBSCAN,0.023907,0.029885,0.866667,0.057778,435
Norovirus,tranception,Spectral(z=1.5),Spectral,-0.01261,0.021277,0.066667,0.032258,47
Norovirus,tranception,Spectral(z=2.0),Spectral,-0.039836,0.0,0.0,0.0,28
Norovirus,tranception,Bayes(prior=0.1),Bayes,0.0,0.0,0.0,0.0,0
Norovirus,tranception,Bayes(prior=0.15),Bayes,0.0,0.0,0.0,0.0,0
Norovirus,tranception,AdaptWin(s=90),AdaptWin,0.148229,0.049342,1.0,0.094044,304
Norovirus,tranception,AdaptWin(s=85),AdaptWin,0.143221,0.047923,1.0,0.091463,313
Norovirus,tranception,FreqThresh(p=80),FreqThresh,0.083972,0.055556,0.4,0.097561,108
Norovirus,tranception,FreqThresh(p=85),FreqThresh,0.117906,0.074074,0.4,0.125,81
Norovirus,tranception,FreqThresh(p=90),FreqThresh,0.093534,0.074074,0.266667,0.115942,54
Norovirus,tranception,FreqThresh(p=95),FreqThresh,0.012641,0.037037,0.066667,0.047619,27
Norovirus,tranception,"SWAN(w=10,k=1.0)",SWAN,0.152212,0.050505,1.0,0.096154,297
Norovirus,tranception,"SWAN(w=10,k=1.5)",SWAN,0.153943,0.05102,1.0,0.097087,294
Norovirus,tranception,"SWAN(w=10,k=2.0)",SWAN,0.159834,0.052817,1.0,0.100334,284
Norovirus,tranception,"SWAN(w=20,k=1.0)",SWAN,0.152212,0.050505,1.0,0.096154,297
Norovirus,tranception,"SWAN(w=20,k=1.5)",SWAN,0.152212,0.050505,1.0,0.096154,297
Norovirus,tranception,"SWAN(w=20,k=2.0)",SWAN,0.152212,0.050505,1.0,0.096154,297
Norovirus,tranception,"SWAN(w=50,k=1.0)",SWAN,0.152212,0.050505,1.0,0.096154,297
Norovirus,tranception,"SWAN(w=50,k=1.5)",SWAN,0.152212,0.050505,1.0,0.096154,297
Norovirus,tranception,"SWAN(w=50,k=2.0)",SWAN,0.152212,0.050505,1.0,0.096154,297
Norovirus,tranception,MutClust-Orig(g=10),MutClust-Orig,0.0,0.027985,1.0,0.054446,536
Norovirus,stability,Wavelet(t=1.0),Wavelet,-0.077744,0.0,0.0,0.0,93
Norovirus,stability,Wavelet(t=1.5),Wavelet,-0.052604,0.0,0.0,0.0,47
Norovirus,stability,Wavelet(t=2.0),Wavelet,-0.034264,0.0,0.0,0.0,21
Norovirus,stability,KDE(p=75),KDE,-0.019593,0.022388,0.2,0.040268,134
Norovirus,stability,KDE(p=80),KDE,-0.000631,0.027778,0.2,0.04878,108
Norovirus,stability,KDE(p=85),KDE,-0.008426,0.024691,0.133333,0.041667,81
Norovirus,stability,SlidingTest(p=0.01),SlidingTest,-0.01273,0.0,0.0,0.0,3
Norovirus,stability,SlidingTest(p=0.05),SlidingTest,-0.028791,0.0,0.0,0.0,15
Norovirus,stability,GradPeak(p=0.2),GradPeak,-0.004114,0.026316,0.133333,0.043956,76
Norovirus,stability,GradPeak(p=0.5),GradPeak,-0.007382,0.02381,0.066667,0.035088,42
Norovirus,stability,LocalContrast(z=1.0),LocalContrast,0.00937,0.032258,0.133333,0.051948,62
Norovirus,stability,LocalContrast(z=1.5),LocalContrast,-0.04204,0.0,0.0,0.0,31
Norovirus,stability,LocalContrast(z=2.0),LocalContrast,-0.033405,0.0,0.0,0.0,20
Norovirus,stability,"CUSUM(d=0.3,h=3.0)",CUSUM,-0.023396,0.0,0.0,0.0,10
Norovirus,stability,"CUSUM(d=0.5,h=4.0)",CUSUM,-0.010384,0.0,0.0,0.0,2
Norovirus,stability,"CUSUM(d=0.5,h=5.0)",CUSUM,0.0,0.0,0.0,0.0,0
Norovirus,stability,AdaptiveKnee,AdaptiveKnee,0.015006,0.03252,0.266667,0.057971,123
Norovirus,stability,ScoreDBSCAN(ep=8),ScoreDBSCAN,-0.028791,0.0,0.0,0.0,15
Norovirus,stability,ScoreDBSCAN(ep=15),ScoreDBSCAN,-0.009533,0.022727,0.066667,0.033898,44
Norovirus,stability,Spectral(z=1.5),Spectral,0.055952,0.055556,0.2,0.086957,54
Norovirus,stability,Spectral(z=2.0),Spectral,0.009422,0.034483,0.066667,0.045455,29
Norovirus,stability,Bayes(prior=0.1),Bayes,-0.028141,0.018692,0.133333,0.032787,107
Norovirus,stability,Bayes(prior=0.15),Bayes,0.04851,0.037915,0.533333,0.070796,211
Norovirus,stability,AdaptWin(s=90),AdaptWin,-0.026751,0.0,0.0,0.0,13
Norovirus,stability,AdaptWin(s=85),AdaptWin,-0.042755,0.0,0.0,0.0,32
Norovirus,stability,FreqThresh(p=80),FreqThresh,-0.037531,0.0,0.0,0.0,25
Norovirus,stability,FreqThresh(p=85),FreqThresh,-0.037531,0.0,0.0,0.0,25
Norovirus,stability,FreqThresh(p=90),FreqThresh,-0.026751,0.0,0.0,0.0,13
Norovirus,stability,FreqThresh(p=95),FreqThresh,-0.026751,0.0,0.0,0.0,13
Norovirus,stability,"SWAN(w=10,k=1.0)",SWAN,-0.020358,0.023121,0.266667,0.042553,173
Norovirus,stability,"SWAN(w=10,k=1.5)",SWAN,-0.022461,0.020202,0.133333,0.035088,99
Norovirus,stability,"SWAN(w=10,k=2.0)",SWAN,-0.046871,0.0,0.0,0.0,38
Norovirus,stability,"SWAN(w=20,k=1.0)",SWAN,-0.061828,0.012422,0.133333,0.022727,161
Norovirus,stability,"SWAN(w=20,k=1.5)",SWAN,-0.056207,0.0,0.0,0.0,53
Norovirus,stability,"SWAN(w=20,k=2.0)",SWAN,-0.034264,0.0,0.0,0.0,21
Norovirus,stability,"SWAN(w=50,k=1.0)",SWAN,-0.079011,0.010471,0.133333,0.019417,191
Norovirus,stability,"SWAN(w=50,k=1.5)",SWAN,-0.077238,0.0,0.0,0.0,92
Norovirus,stability,"SWAN(w=50,k=2.0)",SWAN,0.0,0.0,0.0,0.0,0
Norovirus,stability,MutClust-Orig(g=10),MutClust-Orig,0.028314,0.039474,0.2,0.065934,76
Norovirus,stability_structural,Wavelet(t=1.0),Wavelet,-0.077238,0.0,0.0,0.0,92
Norovirus,stability_structural,Wavelet(t=1.5),Wavelet,-0.057956,0.0,0.0,0.0,56
Norovirus,stability_structural,Wavelet(t=2.0),Wavelet,-0.044159,0.0,0.0,0.0,34
Norovirus,stability_structural,KDE(p=75),KDE,-0.097964,0.0,0.0,0.0,134
Norovirus,stability_structural,KDE(p=80),KDE,-0.085235,0.0,0.0,0.0,108
Norovirus,stability_structural,KDE(p=85),KDE,-0.071592,0.0,0.0,0.0,81
Norovirus,stability_structural,SlidingTest(p=0.01),SlidingTest,-0.016465,0.0,0.0,0.0,5
Norovirus,stability_structural,SlidingTest(p=0.05),SlidingTest,-0.026751,0.0,0.0,0.0,13
Norovirus,stability_structural,GradPeak(p=0.2),GradPeak,0.0,0.0,0.0,0.0,0
Norovirus,stability_structural,GradPeak(p=0.5),GradPeak,0.0,0.0,0.0,0.0,0
Norovirus,stability_structural,LocalContrast(z=1.0),LocalContrast,0.011513,0.033333,0.133333,0.053333,60
Norovirus,stability_structural,LocalContrast(z=1.5),LocalContrast,-0.041315,0.0,0.0,0.0,30
Norovirus,stability_structural,LocalContrast(z=2.0),LocalContrast,-0.032528,0.0,0.0,0.0,19
Norovirus,stability_structural,"CUSUM(d=0.3,h=3.0)",CUSUM,-0.019519,0.0,0.0,0.0,7
Norovirus,stability_structural,"CUSUM(d=0.5,h=4.0)",CUSUM,-0.01273,0.0,0.0,0.0,3
Norovirus,stability_structural,"CUSUM(d=0.5,h=5.0)",CUSUM,-0.010384,0.0,0.0,0.0,2
Norovirus,stability_structural,AdaptiveKnee,AdaptiveKnee,-0.052604,0.0,0.0,0.0,47
Norovirus,stability_structural,ScoreDBSCAN(ep=8),ScoreDBSCAN,-0.018054,0.0,0.0,0.0,6
Norovirus,stability_structural,ScoreDBSCAN(ep=15),ScoreDBSCAN,-0.015529,0.02,0.066667,0.030769,50
Norovirus,stability_structural,Spectral(z=1.5),Spectral,-0.051989,0.0,0.0,0.0,46
Norovirus,stability_structural,Spectral(z=2.0),Spectral,-0.042755,0.0,0.0,0.0,32
Norovirus,stability_structural,Bayes(prior=0.1),Bayes,-0.014129,0.022727,0.133333,0.038835,88
Norovirus,stability_structural,Bayes(prior=0.15),Bayes,-0.03274,0.019481,0.2,0.035503,154
Norovirus,stability_structural,AdaptWin(s=90),AdaptWin,-0.027788,0.0,0.0,0.0,14
Norovirus,stability_structural,AdaptWin(s=85),AdaptWin,-0.037531,0.0,0.0,0.0,25
Norovirus,stability_structural,FreqThresh(p=80),FreqThresh,-0.037531,0.0,0.0,0.0,25
Norovirus,stability_structural,FreqThresh(p=85),FreqThresh,-0.033405,0.0,0.0,0.0,20
Norovirus,stability_structural,FreqThresh(p=90),FreqThresh,-0.026751,0.0,0.0,0.0,13
Norovirus,stability_structural,FreqThresh(p=95),FreqThresh,-0.019519,0.0,0.0,0.0,7
Norovirus,stability_structural,"SWAN(w=10,k=1.0)",SWAN,-0.093575,0.0,0.0,0.0,125
Norovirus,stability_structural,"SWAN(w=10,k=1.5)",SWAN,-0.074177,0.0,0.0,0.0,86
Norovirus,stability_structural,"SWAN(w=10,k=2.0)",SWAN,-0.047531,0.0,0.0,0.0,39
Norovirus,stability_structural,"SWAN(w=20,k=1.0)",SWAN,-0.08375,0.0,0.0,0.0,105
Norovirus,stability_structural,"SWAN(w=20,k=1.5)",SWAN,-0.064678,0.0,0.0,0.0,68
Norovirus,stability_structural,"SWAN(w=20,k=2.0)",SWAN,-0.037531,0.0,0.0,0.0,25
Norovirus,stability_structural,"SWAN(w=50,k=1.0)",SWAN,-0.071608,0.011236,0.133333,0.020725,178
Norovirus,stability_structural,"SWAN(w=50,k=1.5)",SWAN,-0.07469,0.0,0.0,0.0,87
Norovirus,stability_structural,"SWAN(w=50,k=2.0)",SWAN,0.0,0.0,0.0,0.0,0
Norovirus,stability_structural,MutClust-Orig(g=10),MutClust-Orig,0.0,0.0,0.0,0.0,0
Norovirus,freq_with_indel,Wavelet(t=1.0),Wavelet,0.17239,0.093023,0.533333,0.158416,86
Norovirus,freq_with_indel,Wavelet(t=1.5),Wavelet,0.327119,0.235294,0.533333,0.326531,34
Norovirus,freq_with_indel,Wavelet(t=2.0),Wavelet,0.330264,0.269231,0.466667,0.341463,26
Norovirus,freq_with_indel,KDE(p=75),KDE,0.137149,0.067164,0.6,0.120805,134
Norovirus,freq_with_indel,KDE(p=80),KDE,0.112173,0.064815,0.466667,0.113821,108
Norovirus,freq_with_indel,KDE(p=85),KDE,0.086323,0.061728,0.333333,0.104167,81
Norovirus,freq_with_indel,SlidingTest(p=0.01),SlidingTest,0.137453,0.062893,0.666667,0.114943,159
Norovirus,freq_with_indel,SlidingTest(p=0.05),SlidingTest,0.120223,0.052885,0.733333,0.098655,208
Norovirus,freq_with_indel,GradPeak(p=0.2),GradPeak,0.290524,0.666667,0.133333,0.222222,3
Norovirus,freq_with_indel,GradPeak(p=0.5),GradPeak,0.0,0.0,0.0,0.0,0
Norovirus,freq_with_indel,LocalContrast(z=1.0),LocalContrast,0.081672,0.065574,0.266667,0.105263,61
Norovirus,freq_with_indel,LocalContrast(z=1.5),LocalContrast,0.028782,0.043478,0.133333,0.065574,46
Norovirus,freq_with_indel,LocalContrast(z=2.0),LocalContrast,-0.000337,0.027778,0.066667,0.039216,36
Norovirus,freq_with_indel,"CUSUM(d=0.3,h=3.0)",CUSUM,0.123401,0.12,0.2,0.15,25
Norovirus,freq_with_indel,"CUSUM(d=0.5,h=4.0)",CUSUM,0.203708,0.25,0.2,0.222222,12
Norovirus,freq_with_indel,"CUSUM(d=0.5,h=5.0)",CUSUM,-0.023396,0.0,0.0,0.0,10
Norovirus,freq_with_indel,AdaptiveKnee,AdaptiveKnee,0.254188,0.142857,0.6,0.230769,63
Norovirus,freq_with_indel,ScoreDBSCAN(ep=8),ScoreDBSCAN,-0.21736,0.009456,0.266667,0.018265,423
Norovirus,freq_with_indel,ScoreDBSCAN(ep=15),ScoreDBSCAN,-0.214633,0.013158,0.4,0.025478,456
Norovirus,freq_with_indel,Spectral(z=1.5),Spectral,0.173505,0.131579,0.333333,0.188679,38
Norovirus,freq_with_indel,Spectral(z=2.0),Spectral,0.127353,0.125,0.2,0.153846,24
Norovirus,freq_with_indel,Bayes(prior=0.1),Bayes,-0.007336,0.0,0.0,0.0,1
Norovirus,freq_with_indel,Bayes(prior=0.15),Bayes,0.172303,0.153846,0.266667,0.195122,26
Norovirus,freq_with_indel,AdaptWin(s=90),AdaptWin,0.130997,0.060241,0.666667,0.110497,166
Norovirus,freq_with_indel,AdaptWin(s=85),AdaptWin,0.115566,0.054348,0.666667,0.100503,184
Norovirus,freq_with_indel,FreqThresh(p=80),FreqThresh,0.168575,0.083333,0.6,0.146341,108
Norovirus,freq_with_indel,FreqThresh(p=85),FreqThresh,0.197874,0.101124,0.6,0.173077,89
Norovirus,freq_with_indel,FreqThresh(p=90),FreqThresh,0.281444,0.166667,0.6,0.26087,54
Norovirus,freq_with_indel,FreqThresh(p=95),FreqThresh,0.265193,0.214286,0.4,0.27907,28
Norovirus,freq_with_indel,"SWAN(w=10,k=1.0)",SWAN,0.150822,0.064327,0.733333,0.11828,171
Norovirus,freq_with_indel,"SWAN(w=10,k=1.5)",SWAN,0.152661,0.065089,0.733333,0.119565,169
Norovirus,freq_with_indel,"SWAN(w=10,k=2.0)",SWAN,0.218849,0.098214,0.733333,0.173228,112
Norovirus,freq_with_indel,"SWAN(w=20,k=1.0)",SWAN,0.146323,0.0625,0.733333,0.115183,176
Norovirus,freq_with_indel,"SWAN(w=20,k=1.5)",SWAN,0.147212,0.062857,0.733333,0.115789,175
Norovirus,freq_with_indel,"SWAN(w=20,k=2.0)",SWAN,0.149912,0.063953,0.733333,0.117647,172
Norovirus,freq_with_indel,"SWAN(w=50,k=1.0)",SWAN,0.147212,0.062857,0.733333,0.115789,175
Norovirus,freq_with_indel,"SWAN(w=50,k=1.5)",SWAN,0.147212,0.062857,0.733333,0.115789,175
Norovirus,freq_with_indel,"SWAN(w=50,k=2.0)",SWAN,0.147212,0.062857,0.733333,0.115789,175
Norovirus,freq_with_indel,MutClust-Orig(g=10),MutClust-Orig,0.096989,0.037129,1.0,0.071599,404
Norovirus,entropy_with_indel,Wavelet(t=1.0),Wavelet,0.177098,0.088235,0.6,0.153846,102
Norovirus,entropy_with_indel,Wavelet(t=1.5),Wavelet,0.20628,0.12963,0.466667,0.202899,54
Norovirus,entropy_with_indel,Wavelet(t=2.0),Wavelet,0.191843,0.151515,0.333333,0.208333,33
Norovirus,entropy_with_indel,KDE(p=75),KDE,0.111026,0.059701,0.533333,0.107383,134
Norovirus,entropy_with_indel,KDE(p=80),KDE,0.083972,0.055556,0.4,0.097561,108
Norovirus,entropy_with_indel,KDE(p=85),KDE,0.023157,0.037037,0.2,0.0625,81
Norovirus,entropy_with_indel,SlidingTest(p=0.01),SlidingTest,0.106043,0.05102,0.666667,0.094787,196
Norovirus,entropy_with_indel,SlidingTest(p=0.05),SlidingTest,0.141891,0.057143,0.8,0.106667,210
Norovirus,entropy_with_indel,GradPeak(p=0.2),GradPeak,0.205332,0.2,0.266667,0.228571,20
Norovirus,entropy_with_indel,GradPeak(p=0.5),GradPeak,0.412024,0.666667,0.266667,0.380952,6
Norovirus,entropy_with_indel,LocalContrast(z=1.0),LocalContrast,0.167281,0.098592,0.466667,0.162791,71
Norovirus,entropy_with_indel,LocalContrast(z=1.5),LocalContrast,0.059039,0.057692,0.2,0.089552,52
Norovirus,entropy_with_indel,LocalContrast(z=2.0),LocalContrast,0.002251,0.029412,0.066667,0.040816,34
Norovirus,entropy_with_indel,"CUSUM(d=0.3,h=3.0)",CUSUM,0.14148,0.117647,0.266667,0.163265,34
Norovirus,entropy_with_indel,"CUSUM(d=0.5,h=4.0)",CUSUM,0.145648,0.15,0.2,0.171429,20
Norovirus,entropy_with_indel,"CUSUM(d=0.5,h=5.0)",CUSUM,0.169652,0.1875,0.2,0.193548,16
Norovirus,entropy_with_indel,AdaptiveKnee,AdaptiveKnee,0.262655,0.15,0.6,0.24,60
Norovirus,entropy_with_indel,ScoreDBSCAN(ep=8),ScoreDBSCAN,-0.173526,0.010309,0.266667,0.019851,388
Norovirus,entropy_with_indel,ScoreDBSCAN(ep=15),ScoreDBSCAN,-0.112141,0.019956,0.6,0.038627,451
Norovirus,entropy_with_indel,Spectral(z=1.5),Spectral,0.123997,0.1,0.266667,0.145455,40
Norovirus,entropy_with_indel,Spectral(z=2.0),Spectral,0.148217,0.125,0.266667,0.170213,32
Norovirus,entropy_with_indel,Bayes(prior=0.1),Bayes,0.0,0.0,0.0,0.0,0
Norovirus,entropy_with_indel,Bayes(prior=0.15),Bayes,0.346139,0.291667,0.466667,0.358974,24
Norovirus,entropy_with_indel,AdaptWin(s=90),AdaptWin,0.128315,0.059172,0.666667,0.108696,169
Norovirus,entropy_with_indel,AdaptWin(s=85),AdaptWin,0.123089,0.057143,0.666667,0.105263,175
Norovirus,entropy_with_indel,FreqThresh(p=80),FreqThresh,0.169956,0.084112,0.6,0.147541,107
Norovirus,entropy_with_indel,FreqThresh(p=85),FreqThresh,0.214633,0.1125,0.6,0.189474,80
Norovirus,entropy_with_indel,FreqThresh(p=90),FreqThresh,0.281444,0.166667,0.6,0.26087,54
Norovirus,entropy_with_indel,FreqThresh(p=95),FreqThresh,0.322961,0.259259,0.466667,0.333333,27
Norovirus,entropy_with_indel,"SWAN(w=10,k=1.0)",SWAN,0.146323,0.0625,0.733333,0.115183,176
Norovirus,entropy_with_indel,"SWAN(w=10,k=1.5)",SWAN,0.146323,0.0625,0.733333,0.115183,176
Norovirus,entropy_with_indel,"SWAN(w=10,k=2.0)",SWAN,0.146323,0.0625,0.733333,0.115183,176
Norovirus,entropy_with_indel,"SWAN(w=20,k=1.0)",SWAN,0.141953,0.060773,0.733333,0.112245,181
Norovirus,entropy_with_indel,"SWAN(w=20,k=1.5)",SWAN,0.142817,0.061111,0.733333,0.112821,180
Norovirus,entropy_with_indel,"SWAN(w=20,k=2.0)",SWAN,0.14456,0.061798,0.733333,0.11399,178
Norovirus,entropy_with_indel,"SWAN(w=50,k=1.0)",SWAN,0.142817,0.061111,0.733333,0.112821,180
Norovirus,entropy_with_indel,"SWAN(w=50,k=1.5)",SWAN,0.142817,0.061111,0.733333,0.112821,180
Norovirus,entropy_with_indel,"SWAN(w=50,k=2.0)",SWAN,0.142817,0.061111,0.733333,0.112821,180
Norovirus,entropy_with_indel,MutClust-Orig(g=10),MutClust-Orig,0.058532,0.031315,1.0,0.060729,479
Norovirus,fubar,Wavelet(t=1.0),Wavelet,0.119398,0.075,0.4,0.126316,80
Norovirus,fubar,Wavelet(t=1.5),Wavelet,0.05748,0.056604,0.2,0.088235,53
Norovirus,fubar,Wavelet(t=2.0),Wavelet,-0.001582,0.027027,0.066667,0.038462,37
Norovirus,fubar,KDE(p=75),KDE,0.215521,0.089552,0.8,0.161074,134
Norovirus,fubar,KDE(p=80),KDE,0.196777,0.092593,0.666667,0.162602,108
Norovirus,fubar,KDE(p=85),KDE,0.212654,0.111111,0.6,0.1875,81
Norovirus,fubar,SlidingTest(p=0.01),SlidingTest,0.043446,0.047619,0.2,0.076923,63
Norovirus,fubar,SlidingTest(p=0.05),SlidingTest,0.017342,0.034483,0.2,0.058824,87
Norovirus,fubar,GradPeak(p=0.2),GradPeak,-0.014713,0.0,0.0,0.0,4
Norovirus,fubar,GradPeak(p=0.5),GradPeak,0.0,0.0,0.0,0.0,0
Norovirus,fubar,LocalContrast(z=1.0),LocalContrast,-0.015529,0.02,0.066667,0.030769,50
Norovirus,fubar,LocalContrast(z=1.5),LocalContrast,-0.006273,0.02439,0.066667,0.035714,41
Norovirus,fubar,LocalContrast(z=2.0),LocalContrast,-0.001582,0.027027,0.066667,0.038462,37
Norovirus,fubar,"CUSUM(d=0.3,h=3.0)",CUSUM,0.036708,0.0625,0.066667,0.064516,16
Norovirus,fubar,"CUSUM(d=0.5,h=4.0)",CUSUM,0.050784,0.083333,0.066667,0.074074,12
Norovirus,fubar,"CUSUM(d=0.5,h=5.0)",CUSUM,0.065865,0.111111,0.066667,0.083333,9
Norovirus,fubar,AdaptiveKnee,AdaptiveKnee,-0.003224,0.026667,0.133333,0.044444,75
Norovirus,fubar,ScoreDBSCAN(ep=8),ScoreDBSCAN,-0.007289,0.027542,0.866667,0.053388,472
Norovirus,fubar,ScoreDBSCAN(ep=15),ScoreDBSCAN,0.008468,0.028398,0.933333,0.055118,493
Norovirus,fubar,Spectral(z=1.5),Spectral,0.044855,0.055556,0.133333,0.078431,36
Norovirus,fubar,Spectral(z=2.0),Spectral,0.014342,0.038462,0.066667,0.04878,26
Norovirus,fubar,Bayes(prior=0.1),Bayes,0.028648,0.052632,0.066667,0.058824,19
Norovirus,fubar,Bayes(prior=0.15),Bayes,-0.013599,0.020833,0.066667,0.031746,48
Norovirus,fubar,AdaptWin(s=90),AdaptWin,0.010433,0.032787,0.133333,0.052632,61
Norovirus,fubar,AdaptWin(s=85),AdaptWin,0.014567,0.033333,0.2,0.057143,90
Norovirus,fubar,FreqThresh(p=80),FreqThresh,0.000158,0.028037,0.2,0.04918,107
Norovirus,fubar,FreqThresh(p=85),FreqThresh,-0.008426,0.024691,0.133333,0.041667,81
Norovirus,fubar,FreqThresh(p=90),FreqThresh,-0.019212,0.018519,0.066667,0.028986,54
Norovirus,fubar,FreqThresh(p=95),FreqThresh,0.012641,0.037037,0.066667,0.047619,27
Norovirus,fubar,"SWAN(w=10,k=1.0)",SWAN,-0.01261,0.021277,0.066667,0.032258,47
Norovirus,fubar,"SWAN(w=10,k=1.5)",SWAN,-0.011603,0.021739,0.066667,0.032787,46
Norovirus,fubar,"SWAN(w=10,k=2.0)",SWAN,-0.010578,0.022222,0.066667,0.033333,45
Norovirus,fubar,"SWAN(w=20,k=1.0)",SWAN,0.014856,0.035088,0.133333,0.055556,57
Norovirus,fubar,"SWAN(w=20,k=1.5)",SWAN,0.01837,0.037037,0.133333,0.057971,54
Norovirus,fubar,"SWAN(w=20,k=2.0)",SWAN,0.019584,0.037736,0.133333,0.058824,53
Norovirus,fubar,"SWAN(w=50,k=1.0)",SWAN,0.011513,0.033333,0.133333,0.053333,60
Norovirus,fubar,"SWAN(w=50,k=1.5)",SWAN,-0.007382,0.02381,0.066667,0.035088,42
Norovirus,fubar,"SWAN(w=50,k=2.0)",SWAN,-0.006273,0.02439,0.066667,0.035714,41
Norovirus,fubar,MutClust-Orig(g=10),MutClust-Orig,-0.00055,0.027888,0.466667,0.052632,251
HIV-1,freq,Wavelet(t=1.0),Wavelet,0.054499,0.074468,0.304348,0.119658,94
HIV-1,freq,Wavelet(t=1.5),Wavelet,0.210618,0.21875,0.304348,0.254545,32
HIV-1,freq,Wavelet(t=2.0),Wavelet,0.252078,0.28,0.304348,0.291667,25
HIV-1,freq,KDE(p=75),KDE,0.098299,0.088496,0.434783,0.147059,113
HIV-1,freq,KDE(p=80),KDE,0.035318,0.066667,0.26087,0.106195,90
HIV-1,freq,KDE(p=85),KDE,-0.041572,0.029412,0.086957,0.043956,68
HIV-1,freq,SlidingTest(p=0.01),SlidingTest,0.15355,0.106557,0.565217,0.17931,122
HIV-1,freq,SlidingTest(p=0.05),SlidingTest,0.12962,0.084656,0.695652,0.150943,189
HIV-1,freq,GradPeak(p=0.2),GradPeak,-0.029174,0.0,0.0,0.0,7
HIV-1,freq,GradPeak(p=0.5),GradPeak,0.0,0.0,0.0,0.0,0
HIV-1,freq,LocalContrast(z=1.0),LocalContrast,-0.029044,0.034483,0.086957,0.049383,58
HIV-1,freq,LocalContrast(z=1.5),LocalContrast,-0.06635,0.0,0.0,0.0,34
HIV-1,freq,LocalContrast(z=2.0),LocalContrast,-0.043097,0.0,0.0,0.0,15
HIV-1,freq,"CUSUM(d=0.3,h=3.0)",CUSUM,-0.012237,0.04,0.043478,0.041667,25
HIV-1,freq,"CUSUM(d=0.5,h=4.0)",CUSUM,0.028606,0.090909,0.043478,0.058824,11
HIV-1,freq,"CUSUM(d=0.5,h=5.0)",CUSUM,0.045139,0.125,0.043478,0.064516,8
HIV-1,freq,AdaptiveKnee,AdaptiveKnee,0.087114,0.065292,0.826087,0.121019,291
HIV-1,freq,ScoreDBSCAN(ep=8),ScoreDBSCAN,-0.034907,0.044776,0.521739,0.082474,268
HIV-1,freq,ScoreDBSCAN(ep=15),ScoreDBSCAN,-0.029677,0.047753,0.73913,0.08971,356
HIV-1,freq,Spectral(z=1.5),Spectral,-0.024953,0.03125,0.043478,0.036364,32
HIV-1,freq,Spectral(z=2.0),Spectral,-0.047374,0.0,0.0,0.0,18
HIV-1,freq,Bayes(prior=0.1),Bayes,0.0,0.0,0.0,0.0,0
HIV-1,freq,Bayes(prior=0.15),Bayes,0.0,0.0,0.0,0.0,0
HIV-1,freq,AdaptWin(s=90),AdaptWin,0.160773,0.087963,0.826087,0.158996,216
HIV-1,freq,AdaptWin(s=85),AdaptWin,0.123961,0.068323,0.956522,0.127536,322
HIV-1,freq,FreqThresh(p=80),FreqThresh,0.134379,0.10989,0.434783,0.175439,91
HIV-1,freq,FreqThresh(p=85),FreqThresh,0.127472,0.117647,0.347826,0.175824,68
HIV-1,freq,FreqThresh(p=90),FreqThresh,0.088233,0.108696,0.217391,0.144928,46
HIV-1,freq,FreqThresh(p=95),FreqThresh,0.053571,0.09375,0.130435,0.109091,32
HIV-1,freq,"SWAN(w=10,k=1.0)",SWAN,0.121994,0.076923,0.782609,0.140078,234
HIV-1,freq,"SWAN(w=10,k=1.5)",SWAN,0.11733,0.08,0.695652,0.143498,200
HIV-1,freq,"SWAN(w=10,k=2.0)",SWAN,0.161081,0.102041,0.652174,0.176471,147
HIV-1,freq,"SWAN(w=20,k=1.0)",SWAN,0.106154,0.070111,0.826087,0.129252,271
HIV-1,freq,"SWAN(w=20,k=1.5)",SWAN,0.115718,0.072797,0.826087,0.133803,261
HIV-1,freq,"SWAN(w=20,k=2.0)",SWAN,0.157945,0.09,0.782609,0.161435,200
HIV-1,freq,"SWAN(w=50,k=1.0)",SWAN,0.094736,0.067138,0.826087,0.124183,283
HIV-1,freq,"SWAN(w=50,k=1.5)",SWAN,0.094736,0.067138,0.826087,0.124183,283
HIV-1,freq,"SWAN(w=50,k=2.0)",SWAN,0.111883,0.071698,0.826087,0.131944,265
HIV-1,freq,MutClust-Orig(g=10),MutClust-Orig,0.02698,0.051802,1.0,0.098501,444
HIV-1,entropy,Wavelet(t=1.0),Wavelet,0.047257,0.070707,0.304348,0.114754,99
HIV-1,entropy,Wavelet(t=1.5),Wavelet,0.148626,0.145833,0.304348,0.197183,48
HIV-1,entropy,Wavelet(t=2.0),Wavelet,0.274948,0.318182,0.304348,0.311111,22
HIV-1,entropy,KDE(p=75),KDE,0.051761,0.070796,0.347826,0.117647,113
HIV-1,entropy,KDE(p=80),KDE,0.060544,0.077778,0.304348,0.123894,90
HIV-1,entropy,KDE(p=85),KDE,0.04295,0.073529,0.217391,0.10989,68
HIV-1,entropy,SlidingTest(p=0.01),SlidingTest,0.190026,0.10828,0.73913,0.188889,157
HIV-1,entropy,SlidingTest(p=0.05),SlidingTest,0.153467,0.082305,0.869565,0.150376,243
HIV-1,entropy,GradPeak(p=0.2),GradPeak,-0.059782,0.0,0.0,0.0,28
HIV-1,entropy,GradPeak(p=0.5),GradPeak,-0.034988,0.0,0.0,0.0,10
HIV-1,entropy,LocalContrast(z=1.0),LocalContrast,-0.034221,0.032258,0.086957,0.047059,62
HIV-1,entropy,LocalContrast(z=1.5),LocalContrast,-0.018009,0.035714,0.043478,0.039216,28
HIV-1,entropy,LocalContrast(z=2.0),LocalContrast,-0.045987,0.0,0.0,0.0,17
HIV-1,entropy,"CUSUM(d=0.3,h=3.0)",CUSUM,0.029024,0.076923,0.086957,0.081633,26
HIV-1,entropy,"CUSUM(d=0.5,h=4.0)",CUSUM,0.101923,0.2,0.086957,0.121212,10
HIV-1,entropy,"CUSUM(d=0.5,h=5.0)",CUSUM,0.045139,0.125,0.043478,0.064516,8
HIV-1,entropy,AdaptiveKnee,AdaptiveKnee,0.102673,0.06734,0.869565,0.125,297
HIV-1,entropy,ScoreDBSCAN(ep=8),ScoreDBSCAN,-0.02527,0.046332,0.521739,0.085106,259
HIV-1,entropy,ScoreDBSCAN(ep=15),ScoreDBSCAN,-0.011755,0.05,0.826087,0.094293,380
HIV-1,entropy,Spectral(z=1.5),Spectral,0.018878,0.066667,0.086957,0.075472,30
HIV-1,entropy,Spectral(z=2.0),Spectral,-0.001088,0.05,0.043478,0.046512,20
HIV-1,entropy,Bayes(prior=0.1),Bayes,0.0,0.0,0.0,0.0,0
HIV-1,entropy,Bayes(prior=0.15),Bayes,0.0,0.0,0.0,0.0,0
HIV-1,entropy,AdaptWin(s=90),AdaptWin,0.126514,0.068966,0.956522,0.128655,319
HIV-1,entropy,AdaptWin(s=85),AdaptWin,0.146328,0.071429,1.0,0.133333,322
HIV-1,entropy,FreqThresh(p=80),FreqThresh,0.163426,0.123596,0.478261,0.196429,89
HIV-1,entropy,FreqThresh(p=85),FreqThresh,0.101354,0.104478,0.304348,0.155556,67
HIV-1,entropy,FreqThresh(p=90),FreqThresh,0.090816,0.111111,0.217391,0.147059,45
HIV-1,entropy,FreqThresh(p=95),FreqThresh,-0.008044,0.043478,0.043478,0.043478,23
HIV-1,entropy,"SWAN(w=10,k=1.0)",SWAN,0.1073,0.068493,0.869565,0.126984,292
HIV-1,entropy,"SWAN(w=10,k=1.5)",SWAN,0.089428,0.067416,0.782609,0.124138,267
HIV-1,entropy,"SWAN(w=10,k=2.0)",SWAN,0.187317,0.106918,0.73913,0.186813,159
HIV-1,entropy,"SWAN(w=20,k=1.0)",SWAN,0.101747,0.067114,0.869565,0.124611,298
HIV-1,entropy,"SWAN(w=20,k=1.5)",SWAN,0.10545,0.068027,0.869565,0.126183,294
HIV-1,entropy,"SWAN(w=20,k=2.0)",SWAN,0.139957,0.077821,0.869565,0.142857,257
HIV-1,entropy,"SWAN(w=50,k=1.0)",SWAN,0.10082,0.06689,0.869565,0.124224,299
HIV-1,entropy,"SWAN(w=50,k=1.5)",SWAN,0.10082,0.06689,0.869565,0.124224,299
HIV-1,entropy,"SWAN(w=50,k=2.0)",SWAN,0.10082,0.06689,0.869565,0.124224,299
HIV-1,entropy,MutClust-Orig(g=10),MutClust-Orig,0.024601,0.051685,1.0,0.098291,445
HIV-1,rare_freq,Wavelet(t=1.0),Wavelet,-0.058049,0.017544,0.043478,0.025,57
HIV-1,rare_freq,Wavelet(t=1.5),Wavelet,-0.06635,0.0,0.0,0.0,34
HIV-1,rare_freq,Wavelet(t=2.0),Wavelet,-0.062028,0.0,0.0,0.0,30
HIV-1,rare_freq,KDE(p=75),KDE,0.051761,0.070796,0.347826,0.117647,113
HIV-1,rare_freq,KDE(p=80),KDE,0.060544,0.077778,0.304348,0.123894,90
HIV-1,rare_freq,KDE(p=85),KDE,0.099298,0.102941,0.304348,0.153846,68
HIV-1,rare_freq,SlidingTest(p=0.01),SlidingTest,-0.008456,0.045455,0.086957,0.059701,44
HIV-1,rare_freq,SlidingTest(p=0.05),SlidingTest,0.073128,0.081633,0.347826,0.132231,98
HIV-1,rare_freq,GradPeak(p=0.2),GradPeak,0.0,0.0,0.0,0.0,0
HIV-1,rare_freq,GradPeak(p=0.5),GradPeak,0.0,0.0,0.0,0.0,0
HIV-1,rare_freq,LocalContrast(z=1.0),LocalContrast,0.031589,0.066667,0.217391,0.102041,75
HIV-1,rare_freq,LocalContrast(z=1.5),LocalContrast,0.033882,0.075,0.130435,0.095238,40
HIV-1,rare_freq,LocalContrast(z=2.0),LocalContrast,-0.041588,0.0,0.0,0.0,14
HIV-1,rare_freq,"CUSUM(d=0.3,h=3.0)",CUSUM,0.013117,0.066667,0.043478,0.052632,15
HIV-1,rare_freq,"CUSUM(d=0.5,h=4.0)",CUSUM,-0.029174,0.0,0.0,0.0,7
HIV-1,rare_freq,"CUSUM(d=0.5,h=5.0)",CUSUM,-0.021979,0.0,0.0,0.0,4
HIV-1,rare_freq,AdaptiveKnee,AdaptiveKnee,0.059328,0.084746,0.217391,0.121951,59
HIV-1,rare_freq,ScoreDBSCAN(ep=8),ScoreDBSCAN,0.071597,0.059322,0.913043,0.111406,354
HIV-1,rare_freq,ScoreDBSCAN(ep=15),ScoreDBSCAN,0.086219,0.060274,0.956522,0.113402,365
HIV-1,rare_freq,Spectral(z=1.5),Spectral,0.090816,0.111111,0.217391,0.147059,45
HIV-1,rare_freq,Spectral(z=2.0),Spectral,0.037776,0.086957,0.086957,0.086957,23
HIV-1,rare_freq,Bayes(prior=0.1),Bayes,0.0,0.0,0.0,0.0,0
HIV-1,rare_freq,Bayes(prior=0.15),Bayes,0.0,0.0,0.0,0.0,0
HIV-1,rare_freq,AdaptWin(s=90),AdaptWin,0.06366,0.079545,0.304348,0.126126,88
HIV-1,rare_freq,AdaptWin(s=85),AdaptWin,0.110998,0.075556,0.73913,0.137097,225
HIV-1,rare_freq,FreqThresh(p=80),FreqThresh,0.048101,0.064706,0.478261,0.11399,170
HIV-1,rare_freq,FreqThresh(p=85),FreqThresh,0.059328,0.084746,0.217391,0.121951,59
HIV-1,rare_freq,FreqThresh(p=90),FreqThresh,0.07393,0.096154,0.217391,0.133333,52
HIV-1,rare_freq,FreqThresh(p=95),FreqThresh,0.044332,0.095238,0.086957,0.090909,21
HIV-1,rare_freq,"SWAN(w=10,k=1.0)",SWAN,0.023465,0.059829,0.304348,0.1,117
HIV-1,rare_freq,"SWAN(w=10,k=1.5)",SWAN,0.06846,0.082353,0.304348,0.12963,85
HIV-1,rare_freq,"SWAN(w=10,k=2.0)",SWAN,0.060373,0.081081,0.26087,0.123711,74
HIV-1,rare_freq,"SWAN(w=20,k=1.0)",SWAN,0.102481,0.087302,0.478261,0.147651,126
HIV-1,rare_freq,"SWAN(w=20,k=1.5)",SWAN,0.065705,0.07767,0.347826,0.126984,103
HIV-1,rare_freq,"SWAN(w=20,k=2.0)",SWAN,0.076833,0.0875,0.304348,0.135922,80
HIV-1,rare_freq,"SWAN(w=50,k=1.0)",SWAN,0.079993,0.076923,0.478261,0.13253,143
HIV-1,rare_freq,"SWAN(w=50,k=1.5)",SWAN,0.121568,0.097345,0.478261,0.161765,113
HIV-1,rare_freq,"SWAN(w=50,k=2.0)",SWAN,0.131102,0.102804,0.478261,0.169231,107
HIV-1,rare_freq,MutClust-Orig(g=10),MutClust-Orig,0.0,0.0,0.0,0.0,0
HIV-1,homoplasy,Wavelet(t=1.0),Wavelet,0.13778,0.118421,0.391304,0.181818,76
HIV-1,homoplasy,Wavelet(t=1.5),Wavelet,0.063307,0.087719,0.217391,0.125,57
HIV-1,homoplasy,Wavelet(t=2.0),Wavelet,-0.059782,0.0,0.0,0.0,28
HIV-1,homoplasy,KDE(p=75),KDE,-0.041316,0.035398,0.173913,0.058824,113
HIV-1,homoplasy,KDE(p=80),KDE,-0.015136,0.044444,0.173913,0.070796,90
HIV-1,homoplasy,KDE(p=85),KDE,0.014776,0.058824,0.173913,0.087912,68
HIV-1,homoplasy,SlidingTest(p=0.01),SlidingTest,0.130134,0.094203,0.565217,0.161491,138
HIV-1,homoplasy,SlidingTest(p=0.05),SlidingTest,0.122734,0.0875,0.608696,0.153005,160
HIV-1,homoplasy,GradPeak(p=0.2),GradPeak,0.203342,1.0,0.043478,0.083333,1
HIV-1,homoplasy,GradPeak(p=0.5),GradPeak,0.203342,1.0,0.043478,0.083333,1
HIV-1,homoplasy,LocalContrast(z=1.0),LocalContrast,-0.055796,0.018182,0.043478,0.025641,55
HIV-1,homoplasy,LocalContrast(z=1.5),LocalContrast,-0.058636,0.0,0.0,0.0,27
HIV-1,homoplasy,LocalContrast(z=2.0),LocalContrast,-0.043097,0.0,0.0,0.0,15
HIV-1,homoplasy,"CUSUM(d=0.3,h=3.0)",CUSUM,0.043146,0.083333,0.130435,0.101695,36
HIV-1,homoplasy,"CUSUM(d=0.5,h=4.0)",CUSUM,0.092173,0.142857,0.130435,0.136364,21
HIV-1,homoplasy,"CUSUM(d=0.5,h=5.0)",CUSUM,0.00412,0.055556,0.043478,0.04878,18
HIV-1,homoplasy,AdaptiveKnee,AdaptiveKnee,0.077872,0.081081,0.391304,0.134328,111
HIV-1,homoplasy,ScoreDBSCAN(ep=8),ScoreDBSCAN,0.050746,0.057927,0.826087,0.108262,328
HIV-1,homoplasy,ScoreDBSCAN(ep=15),ScoreDBSCAN,0.016341,0.052369,0.913043,0.099057,401
HIV-1,homoplasy,Spectral(z=1.5),Spectral,-0.059782,0.0,0.0,0.0,28
HIV-1,homoplasy,Spectral(z=2.0),Spectral,-0.051349,0.0,0.0,0.0,21
HIV-1,homoplasy,Bayes(prior=0.1),Bayes,0.0,0.0,0.0,0.0,0
HIV-1,homoplasy,Bayes(prior=0.15),Bayes,0.0,0.0,0.0,0.0,0
HIV-1,homoplasy,AdaptWin(s=90),AdaptWin,0.094324,0.076087,0.608696,0.135266,184
HIV-1,homoplasy,AdaptWin(s=85),AdaptWin,0.192936,0.097561,0.869565,0.175439,205
HIV-1,homoplasy,FreqThresh(p=80),FreqThresh,0.035318,0.066667,0.26087,0.106195,90
HIV-1,homoplasy,FreqThresh(p=85),FreqThresh,0.013256,0.057971,0.173913,0.086957,69
HIV-1,homoplasy,FreqThresh(p=90),FreqThresh,0.021614,0.065217,0.130435,0.086957,46
HIV-1,homoplasy,FreqThresh(p=95),FreqThresh,-0.010179,0.041667,0.043478,0.042553,24
HIV-1,homoplasy,"SWAN(w=10,k=1.0)",SWAN,0.093198,0.075676,0.608696,0.134615,185
HIV-1,homoplasy,"SWAN(w=10,k=1.5)",SWAN,0.120248,0.08642,0.608696,0.151351,162
HIV-1,homoplasy,"SWAN(w=10,k=2.0)",SWAN,0.132944,0.092105,0.608696,0.16,152
HIV-1,homoplasy,"SWAN(w=20,k=1.0)",SWAN,0.130762,0.085106,0.695652,0.151659,188
HIV-1,homoplasy,"SWAN(w=20,k=1.5)",SWAN,0.092076,0.075269,0.608696,0.133971,186
HIV-1,homoplasy,"SWAN(w=20,k=2.0)",SWAN,0.097726,0.077348,0.608696,0.137255,181
HIV-1,homoplasy,"SWAN(w=50,k=1.0)",SWAN,0.128483,0.084211,0.695652,0.150235,190
HIV-1,homoplasy,"SWAN(w=50,k=1.5)",SWAN,0.128483,0.084211,0.695652,0.150235,190
HIV-1,homoplasy,"SWAN(w=50,k=2.0)",SWAN,0.128483,0.084211,0.695652,0.150235,190
HIV-1,homoplasy,MutClust-Orig(g=10),MutClust-Orig,0.021979,0.05157,1.0,0.098081,446
HIV-1,esm2_llr,Wavelet(t=1.0),Wavelet,-0.105449,0.0,0.0,0.0,77
HIV-1,esm2_llr,Wavelet(t=1.5),Wavelet,-0.079259,0.0,0.0,0.0,47
HIV-1,esm2_llr,Wavelet(t=2.0),Wavelet,-0.04003,0.0,0.0,0.0,13
HIV-1,esm2_llr,KDE(p=75),KDE,-0.064585,0.026549,0.130435,0.044118,113
HIV-1,esm2_llr,KDE(p=80),KDE,-0.116043,0.0,0.0,0.0,90
HIV-1,esm2_llr,KDE(p=85),KDE,-0.09792,0.0,0.0,0.0,68
HIV-1,esm2_llr,SlidingTest(p=0.01),SlidingTest,-0.010953,0.0,0.0,0.0,1
HIV-1,esm2_llr,SlidingTest(p=0.05),SlidingTest,-0.071493,0.0,0.0,0.0,39
HIV-1,esm2_llr,GradPeak(p=0.2),GradPeak,0.021278,0.068966,0.086957,0.076923,29
HIV-1,esm2_llr,GradPeak(p=0.5),GradPeak,0.033467,0.1,0.043478,0.060606,10
HIV-1,esm2_llr,LocalContrast(z=1.0),LocalContrast,-0.086603,0.0,0.0,0.0,55
HIV-1,esm2_llr,LocalContrast(z=1.5),LocalContrast,-0.072492,0.0,0.0,0.0,40
HIV-1,esm2_llr,LocalContrast(z=2.0),LocalContrast,-0.064215,0.0,0.0,0.0,32
HIV-1,esm2_llr,"CUSUM(d=0.3,h=3.0)",CUSUM,-0.04003,0.0,0.0,0.0,13
HIV-1,esm2_llr,"CUSUM(d=0.5,h=4.0)",CUSUM,-0.02698,0.0,0.0,0.0,6
HIV-1,esm2_llr,"CUSUM(d=0.5,h=5.0)",CUSUM,-0.015507,0.0,0.0,0.0,2
HIV-1,esm2_llr,AdaptiveKnee,AdaptiveKnee,-0.069467,0.0,0.0,0.0,37
HIV-1,esm2_llr,ScoreDBSCAN(ep=8),ScoreDBSCAN,0.096229,0.062147,0.956522,0.116711,354
HIV-1,esm2_llr,ScoreDBSCAN(ep=15),ScoreDBSCAN,0.045005,0.054455,0.956522,0.103044,404
HIV-1,esm2_llr,Spectral(z=1.5),Spectral,-0.057472,0.0,0.0,0.0,26
HIV-1,esm2_llr,Spectral(z=2.0),Spectral,-0.041588,0.0,0.0,0.0,14
HIV-1,esm2_llr,Bayes(prior=0.1),Bayes,-0.015507,0.0,0.0,0.0,2
HIV-1,esm2_llr,Bayes(prior=0.15),Bayes,-0.045987,0.0,0.0,0.0,17
HIV-1,esm2_llr,AdaptWin(s=90),AdaptWin,-0.104622,0.0,0.0,0.0,76
HIV-1,esm2_llr,AdaptWin(s=85),AdaptWin,-0.1689,0.005556,0.043478,0.009852,180
HIV-1,esm2_llr,FreqThresh(p=80),FreqThresh,-0.090816,0.011111,0.043478,0.017699,90
HIV-1,esm2_llr,FreqThresh(p=85),FreqThresh,-0.069746,0.014706,0.043478,0.021978,68
HIV-1,esm2_llr,FreqThresh(p=90),FreqThresh,-0.077362,0.0,0.0,0.0,45
HIV-1,esm2_llr,FreqThresh(p=95),FreqThresh,-0.053864,0.0,0.0,0.0,23
HIV-1,esm2_llr,"SWAN(w=10,k=1.0)",SWAN,-0.103304,0.009615,0.043478,0.015748,104
HIV-1,esm2_llr,"SWAN(w=10,k=1.5)",SWAN,-0.081129,0.0,0.0,0.0,49
HIV-1,esm2_llr,"SWAN(w=10,k=2.0)",SWAN,-0.055087,0.0,0.0,0.0,24
HIV-1,esm2_llr,"SWAN(w=20,k=1.0)",SWAN,-0.125649,0.0,0.0,0.0,102
HIV-1,esm2_llr,"SWAN(w=20,k=1.5)",SWAN,-0.099611,0.0,0.0,0.0,70
HIV-1,esm2_llr,"SWAN(w=20,k=2.0)",SWAN,-0.08389,0.0,0.0,0.0,52
HIV-1,esm2_llr,"SWAN(w=50,k=1.0)",SWAN,-0.122459,0.0,0.0,0.0,98
HIV-1,esm2_llr,"SWAN(w=50,k=1.5)",SWAN,-0.116043,0.0,0.0,0.0,90
HIV-1,esm2_llr,"SWAN(w=50,k=2.0)",SWAN,-0.102961,0.0,0.0,0.0,74
HIV-1,esm2_llr,MutClust-Orig(g=10),MutClust-Orig,0.0,0.051111,1.0,0.097252,450
HIV-1,plddt_inv,Wavelet(t=1.0),Wavelet,-0.074464,0.0,0.0,0.0,42
HIV-1,plddt_inv,Wavelet(t=1.5),Wavelet,-0.069467,0.0,0.0,0.0,37
HIV-1,plddt_inv,Wavelet(t=2.0),Wavelet,-0.064215,0.0,0.0,0.0,32
HIV-1,plddt_inv,KDE(p=75),KDE,0.098299,0.088496,0.434783,0.147059,113
HIV-1,plddt_inv,KDE(p=80),KDE,0.085771,0.088889,0.347826,0.141593,90
HIV-1,plddt_inv,KDE(p=85),KDE,0.099298,0.102941,0.304348,0.153846,68
HIV-1,plddt_inv,SlidingTest(p=0.01),SlidingTest,0.104105,0.082278,0.565217,0.143646,158
HIV-1,plddt_inv,SlidingTest(p=0.05),SlidingTest,0.096588,0.076923,0.608696,0.136585,182
HIV-1,plddt_inv,GradPeak(p=0.2),GradPeak,0.000239,0.051282,0.086957,0.064516,39
HIV-1,plddt_inv,GradPeak(p=0.5),GradPeak,0.023764,0.071429,0.086957,0.078431,28
HIV-1,plddt_inv,LocalContrast(z=1.0),LocalContrast,0.031185,0.068966,0.173913,0.098765,58
HIV-1,plddt_inv,LocalContrast(z=1.5),LocalContrast,-0.052619,0.0,0.0,0.0,22
HIV-1,plddt_inv,LocalContrast(z=2.0),LocalContrast,-0.024601,0.0,0.0,0.0,5
HIV-1,plddt_inv,"CUSUM(d=0.3,h=3.0)",CUSUM,-0.024953,0.03125,0.043478,0.036364,32
HIV-1,plddt_inv,"CUSUM(d=0.5,h=4.0)",CUSUM,-0.043097,0.0,0.0,0.0,15
HIV-1,plddt_inv,"CUSUM(d=0.5,h=5.0)",CUSUM,0.028606,0.090909,0.043478,0.058824,11
HIV-1,plddt_inv,AdaptiveKnee,AdaptiveKnee,-0.016557,0.050119,0.913043,0.095023,419
HIV-1,plddt_inv,ScoreDBSCAN(ep=8),ScoreDBSCAN,0.009343,0.05283,0.608696,0.097222,265
HIV-1,plddt_inv,ScoreDBSCAN(ep=15),ScoreDBSCAN,0.101291,0.060847,1.0,0.114713,378
HIV-1,plddt_inv,Spectral(z=1.5),Spectral,-0.06635,0.0,0.0,0.0,34
HIV-1,plddt_inv,Spectral(z=2.0),Spectral,-0.044562,0.0,0.0,0.0,16
HIV-1,plddt_inv,Bayes(prior=0.1),Bayes,0.0,0.0,0.0,0.0,0
HIV-1,plddt_inv,Bayes(prior=0.15),Bayes,0.0,0.0,0.0,0.0,0
HIV-1,plddt_inv,AdaptWin(s=90),AdaptWin,0.137411,0.074468,0.913043,0.137705,282
HIV-1,plddt_inv,AdaptWin(s=85),AdaptWin,0.076716,0.058667,0.956522,0.110553,375
HIV-1,plddt_inv,FreqThresh(p=80),FreqThresh,0.058595,0.074074,0.347826,0.122137,108
HIV-1,plddt_inv,FreqThresh(p=85),FreqThresh,0.058595,0.074074,0.347826,0.122137,108
HIV-1,plddt_inv,FreqThresh(p=90),FreqThresh,0.024332,0.064516,0.173913,0.094118,62
HIV-1,plddt_inv,FreqThresh(p=95),FreqThresh,-0.06635,0.0,0.0,0.0,34
HIV-1,plddt_inv,"SWAN(w=10,k=1.0)",SWAN,0.14421,0.081897,0.826087,0.14902,232
HIV-1,plddt_inv,"SWAN(w=10,k=1.5)",SWAN,0.152394,0.084821,0.826087,0.153846,224
HIV-1,plddt_inv,"SWAN(w=10,k=2.0)",SWAN,0.171572,0.092233,0.826087,0.165939,206
HIV-1,plddt_inv,"SWAN(w=20,k=1.0)",SWAN,0.094957,0.072398,0.695652,0.131148,221
HIV-1,plddt_inv,"SWAN(w=20,k=1.5)",SWAN,0.094957,0.072398,0.695652,0.131148,221
HIV-1,plddt_inv,"SWAN(w=20,k=2.0)",SWAN,0.095998,0.072727,0.695652,0.131687,220
HIV-1,plddt_inv,"SWAN(w=50,k=1.0)",SWAN,0.101231,0.074419,0.695652,0.134454,215
HIV-1,plddt_inv,"SWAN(w=50,k=1.5)",SWAN,0.109735,0.077295,0.695652,0.13913,207
HIV-1,plddt_inv,"SWAN(w=50,k=2.0)",SWAN,0.111889,0.078049,0.695652,0.140351,205
HIV-1,plddt_inv,MutClust-Orig(g=10),MutClust-Orig,0.010953,0.051225,1.0,0.097458,449
HIV-1,sasa,Wavelet(t=1.0),Wavelet,-0.025067,0.038961,0.130435,0.06,77
HIV-1,sasa,Wavelet(t=1.5),Wavelet,0.014309,0.0625,0.086957,0.072727,32
HIV-1,sasa,Wavelet(t=2.0),Wavelet,-0.047374,0.0,0.0,0.0,18
HIV-1,sasa,KDE(p=75),KDE,0.098299,0.088496,0.434783,0.147059,113
HIV-1,sasa,KDE(p=80),KDE,0.010091,0.055556,0.217391,0.088496,90
HIV-1,sasa,KDE(p=85),KDE,-0.013398,0.044118,0.130435,0.065934,68
HIV-1,sasa,SlidingTest(p=0.01),SlidingTest,-0.106274,0.0,0.0,0.0,78
HIV-1,sasa,SlidingTest(p=0.05),SlidingTest,-0.062579,0.027027,0.130435,0.044776,111
HIV-1,sasa,GradPeak(p=0.2),GradPeak,0.016532,0.071429,0.043478,0.054054,14
HIV-1,sasa,GradPeak(p=0.5),GradPeak,-0.024601,0.0,0.0,0.0,5
HIV-1,sasa,LocalContrast(z=1.0),LocalContrast,-0.023821,0.039474,0.130435,0.060606,76
HIV-1,sasa,LocalContrast(z=1.5),LocalContrast,-0.02658,0.030303,0.043478,0.035714,33
HIV-1,sasa,LocalContrast(z=2.0),LocalContrast,-0.029174,0.0,0.0,0.0,7
HIV-1,sasa,"CUSUM(d=0.3,h=3.0)",CUSUM,-0.005823,0.045455,0.043478,0.044444,22
HIV-1,sasa,"CUSUM(d=0.5,h=4.0)",CUSUM,-0.034988,0.0,0.0,0.0,10
HIV-1,sasa,"CUSUM(d=0.5,h=5.0)",CUSUM,-0.029174,0.0,0.0,0.0,7
HIV-1,sasa,AdaptiveKnee,AdaptiveKnee,0.022683,0.063492,0.173913,0.093023,63
HIV-1,sasa,ScoreDBSCAN(ep=8),ScoreDBSCAN,-0.021429,0.043103,0.217391,0.071942,116
HIV-1,sasa,ScoreDBSCAN(ep=15),ScoreDBSCAN,0.03037,0.054755,0.826087,0.102703,347
HIV-1,sasa,Spectral(z=1.5),Spectral,-0.038416,0.02439,0.043478,0.03125,41
HIV-1,sasa,Spectral(z=2.0),Spectral,-0.043097,0.0,0.0,0.0,15
HIV-1,sasa,Bayes(prior=0.1),Bayes,0.0,0.0,0.0,0.0,0
HIV-1,sasa,Bayes(prior=0.15),Bayes,0.0,0.0,0.0,0.0,0
HIV-1,sasa,AdaptWin(s=90),AdaptWin,0.033145,0.061644,0.391304,0.106509,146
HIV-1,sasa,AdaptWin(s=85),AdaptWin,0.105462,0.075829,0.695652,0.136752,211
HIV-1,sasa,FreqThresh(p=80),FreqThresh,0.011428,0.05618,0.217391,0.089286,89
HIV-1,sasa,FreqThresh(p=85),FreqThresh,0.016315,0.059701,0.173913,0.088889,67
HIV-1,sasa,FreqThresh(p=90),FreqThresh,-0.010091,0.044444,0.086957,0.058824,45
HIV-1,sasa,FreqThresh(p=95),FreqThresh,-0.008044,0.043478,0.043478,0.043478,23
HIV-1,sasa,"SWAN(w=10,k=1.0)",SWAN,0.018938,0.055838,0.478261,0.1,197
HIV-1,sasa,"SWAN(w=10,k=1.5)",SWAN,0.051126,0.067114,0.434783,0.116279,149
HIV-1,sasa,"SWAN(w=10,k=2.0)",SWAN,0.027223,0.061404,0.304348,0.10219,114
HIV-1,sasa,"SWAN(w=20,k=1.0)",SWAN,0.004854,0.052356,0.434783,0.093458,191
HIV-1,sasa,"SWAN(w=20,k=1.5)",SWAN,-0.028981,0.042683,0.304348,0.074866,164
HIV-1,sasa,"SWAN(w=20,k=2.0)",SWAN,-0.076558,0.027027,0.173913,0.046784,148
HIV-1,sasa,"SWAN(w=50,k=1.0)",SWAN,0.027705,0.057692,0.521739,0.103896,208
HIV-1,sasa,"SWAN(w=50,k=1.5)",SWAN,0.027705,0.057692,0.521739,0.103896,208
HIV-1,sasa,"SWAN(w=50,k=2.0)",SWAN,-0.015561,0.04712,0.391304,0.084112,191
HIV-1,sasa,MutClust-Orig(g=10),MutClust-Orig,0.033155,0.052154,1.0,0.099138,441
HIV-1,grantham,Wavelet(t=1.0),Wavelet,-0.025067,0.038961,0.130435,0.06,77
HIV-1,grantham,Wavelet(t=1.5),Wavelet,-0.076404,0.0,0.0,0.0,44
HIV-1,grantham,Wavelet(t=2.0),Wavelet,-0.065289,0.0,0.0,0.0,33
HIV-1,grantham,KDE(p=75),KDE,-0.134392,0.0,0.0,0.0,113
HIV-1,grantham,KDE(p=80),KDE,-0.116043,0.0,0.0,0.0,90
HIV-1,grantham,KDE(p=85),KDE,-0.09792,0.0,0.0,0.0,68
HIV-1,grantham,SlidingTest(p=0.01),SlidingTest,-0.043097,0.0,0.0,0.0,15
HIV-1,grantham,SlidingTest(p=0.05),SlidingTest,0.100609,0.111111,0.26087,0.155844,54
HIV-1,grantham,GradPeak(p=0.2),GradPeak,-0.062579,0.027027,0.130435,0.044776,111
HIV-1,grantham,GradPeak(p=0.5),GradPeak,-0.05954,0.027778,0.130435,0.045802,108
HIV-1,grantham,LocalContrast(z=1.0),LocalContrast,0.013256,0.057971,0.173913,0.086957,69
HIV-1,grantham,LocalContrast(z=1.5),LocalContrast,0.048193,0.088235,0.130435,0.105263,34
HIV-1,grantham,LocalContrast(z=2.0),LocalContrast,0.051628,0.105263,0.086957,0.095238,19
HIV-1,grantham,"CUSUM(d=0.3,h=3.0)",CUSUM,-0.033155,0.0,0.0,0.0,9
HIV-1,grantham,"CUSUM(d=0.5,h=4.0)",CUSUM,-0.015507,0.0,0.0,0.0,2
HIV-1,grantham,"CUSUM(d=0.5,h=5.0)",CUSUM,-0.010953,0.0,0.0,0.0,1
HIV-1,grantham,AdaptiveKnee,AdaptiveKnee,-0.042755,0.028986,0.086957,0.043478,69
HIV-1,grantham,ScoreDBSCAN(ep=8),ScoreDBSCAN,0.012953,0.054878,0.391304,0.096257,164
HIV-1,grantham,ScoreDBSCAN(ep=15),ScoreDBSCAN,0.087146,0.06044,0.956522,0.113695,364
HIV-1,grantham,Spectral(z=1.5),Spectral,-0.043726,0.022222,0.043478,0.029412,45
HIV-1,grantham,Spectral(z=2.0),Spectral,-0.056289,0.0,0.0,0.0,25
HIV-1,grantham,Bayes(prior=0.1),Bayes,0.0,0.0,0.0,0.0,0
HIV-1,grantham,Bayes(prior=0.15),Bayes,0.0,0.0,0.0,0.0,0
HIV-1,grantham,AdaptWin(s=90),AdaptWin,0.104525,0.067797,0.869565,0.125786,295
HIV-1,grantham,AdaptWin(s=85),AdaptWin,0.069746,0.057592,0.956522,0.108642,382
HIV-1,grantham,FreqThresh(p=80),FreqThresh,-0.013905,0.044944,0.173913,0.071429,89
HIV-1,grantham,FreqThresh(p=85),FreqThresh,-0.040378,0.029851,0.086957,0.044444,67
HIV-1,grantham,FreqThresh(p=90),FreqThresh,-0.010091,0.044444,0.086957,0.058824,45
HIV-1,grantham,FreqThresh(p=95),FreqThresh,-0.053864,0.0,0.0,0.0,23
HIV-1,grantham,"SWAN(w=10,k=1.0)",SWAN,0.056249,0.070866,0.391304,0.12,127
HIV-1,grantham,"SWAN(w=10,k=1.5)",SWAN,0.052045,0.075949,0.26087,0.117647,79
HIV-1,grantham,"SWAN(w=10,k=2.0)",SWAN,0.05739,0.083333,0.217391,0.120482,60
HIV-1,grantham,"SWAN(w=20,k=1.0)",SWAN,0.096969,0.084615,0.478261,0.143791,130
HIV-1,grantham,"SWAN(w=20,k=1.5)",SWAN,0.098299,0.088496,0.434783,0.147059,113
HIV-1,grantham,"SWAN(w=20,k=2.0)",SWAN,0.039597,0.071429,0.217391,0.107527,70
HIV-1,grantham,"SWAN(w=50,k=1.0)",SWAN,0.061824,0.06962,0.478261,0.121547,158
HIV-1,grantham,"SWAN(w=50,k=1.5)",SWAN,-0.074539,0.020202,0.086957,0.032787,99
HIV-1,grantham,"SWAN(w=50,k=2.0)",SWAN,-0.052959,0.025641,0.086957,0.039604,78
HIV-1,grantham,MutClust-Orig(g=10),MutClust-Orig,0.02698,0.051802,1.0,0.098501,444
HIV-1,dnds_proxy,Wavelet(t=1.0),Wavelet,0.053024,0.073684,0.304348,0.118644,95
HIV-1,dnds_proxy,Wavelet(t=1.5),Wavelet,0.210618,0.21875,0.304348,0.254545,32
HIV-1,dnds_proxy,Wavelet(t=2.0),Wavelet,0.266877,0.304348,0.304348,0.304348,23
HIV-1,dnds_proxy,KDE(p=75),KDE,0.028492,0.061947,0.304348,0.102941,113
HIV-1,dnds_proxy,KDE(p=80),KDE,0.010091,0.055556,0.217391,0.088496,90
HIV-1,dnds_proxy,KDE(p=85),KDE,-0.041572,0.029412,0.086957,0.043956,68
HIV-1,dnds_proxy,SlidingTest(p=0.01),SlidingTest,0.157575,0.119565,0.478261,0.191304,92
HIV-1,dnds_proxy,SlidingTest(p=0.05),SlidingTest,0.071584,0.069892,0.565217,0.124402,186
HIV-1,dnds_proxy,GradPeak(p=0.2),GradPeak,0.040733,0.081081,0.130435,0.1,37
HIV-1,dnds_proxy,GradPeak(p=0.5),GradPeak,0.064421,0.125,0.086957,0.102564,16
HIV-1,dnds_proxy,LocalContrast(z=1.0),LocalContrast,-0.069746,0.014706,0.043478,0.021978,68
HIV-1,dnds_proxy,LocalContrast(z=1.5),LocalContrast,-0.075437,0.0,0.0,0.0,43
HIV-1,dnds_proxy,LocalContrast(z=2.0),LocalContrast,-0.047374,0.0,0.0,0.0,18
HIV-1,dnds_proxy,"CUSUM(d=0.3,h=3.0)",CUSUM,0.096842,0.15,0.130435,0.139535,20
HIV-1,dnds_proxy,"CUSUM(d=0.5,h=4.0)",CUSUM,0.052368,0.142857,0.043478,0.066667,7
HIV-1,dnds_proxy,"CUSUM(d=0.5,h=5.0)",CUSUM,-0.024601,0.0,0.0,0.0,5
HIV-1,dnds_proxy,AdaptiveKnee,AdaptiveKnee,0.004854,0.053191,0.217391,0.08547,94
HIV-1,dnds_proxy,ScoreDBSCAN(ep=8),ScoreDBSCAN,-0.000679,0.05098,0.565217,0.093525,255
HIV-1,dnds_proxy,ScoreDBSCAN(ep=15),ScoreDBSCAN,-0.005928,0.050532,0.826087,0.095238,376
HIV-1,dnds_proxy,Spectral(z=1.5),Spectral,-0.071493,0.0,0.0,0.0,39
HIV-1,dnds_proxy,Spectral(z=2.0),Spectral,-0.051349,0.0,0.0,0.0,21
HIV-1,dnds_proxy,Bayes(prior=0.1),Bayes,0.0,0.0,0.0,0.0,0
HIV-1,dnds_proxy,Bayes(prior=0.15),Bayes,0.0,0.0,0.0,0.0,0
HIV-1,dnds_proxy,AdaptWin(s=90),AdaptWin,0.115718,0.072797,0.826087,0.133803,261
HIV-1,dnds_proxy,AdaptWin(s=85),AdaptWin,0.127365,0.069182,0.956522,0.129032,318
HIV-1,dnds_proxy,FreqThresh(p=80),FreqThresh,0.004854,0.053191,0.217391,0.08547,94
HIV-1,dnds_proxy,FreqThresh(p=85),FreqThresh,-0.041572,0.029412,0.086957,0.043956,68
HIV-1,dnds_proxy,FreqThresh(p=90),FreqThresh,-0.02771,0.035088,0.086957,0.05,57
HIV-1,dnds_proxy,FreqThresh(p=95),FreqThresh,-0.012237,0.04,0.043478,0.041667,25
HIV-1,dnds_proxy,"SWAN(w=10,k=1.0)",SWAN,0.114103,0.076577,0.73913,0.138776,222
HIV-1,dnds_proxy,"SWAN(w=10,k=1.5)",SWAN,0.100015,0.078212,0.608696,0.138614,179
HIV-1,dnds_proxy,"SWAN(w=10,k=2.0)",SWAN,0.168107,0.115044,0.565217,0.191176,113
HIV-1,dnds_proxy,"SWAN(w=20,k=1.0)",SWAN,0.096744,0.07113,0.73913,0.129771,239
HIV-1,dnds_proxy,"SWAN(w=20,k=1.5)",SWAN,0.117229,0.077626,0.73913,0.140496,219
HIV-1,dnds_proxy,"SWAN(w=20,k=2.0)",SWAN,0.103599,0.07732,0.652174,0.138249,194
HIV-1,dnds_proxy,"SWAN(w=50,k=1.0)",SWAN,0.095738,0.070833,0.73913,0.129278,240
HIV-1,dnds_proxy,"SWAN(w=50,k=1.5)",SWAN,0.095738,0.070833,0.73913,0.129278,240
HIV-1,dnds_proxy,"SWAN(w=50,k=2.0)",SWAN,0.095738,0.070833,0.73913,0.129278,240
HIV-1,dnds_proxy,MutClust-Orig(g=10),MutClust-Orig,0.02698,0.051802,1.0,0.098501,444
HIV-1,semantic_change,Wavelet(t=1.0),Wavelet,0.003112,0.052632,0.173913,0.080808,76
HIV-1,semantic_change,Wavelet(t=1.5),Wavelet,0.023545,0.066667,0.130435,0.088235,45
HIV-1,semantic_change,Wavelet(t=2.0),Wavelet,-0.023286,0.032258,0.043478,0.037037,31
HIV-1,semantic_change,KDE(p=75),KDE,0.121568,0.097345,0.478261,0.161765,113
HIV-1,semantic_change,KDE(p=80),KDE,0.136225,0.111111,0.434783,0.176991,90
HIV-1,semantic_change,KDE(p=85),KDE,0.04295,0.073529,0.217391,0.10989,68
HIV-1,semantic_change,SlidingTest(p=0.01),SlidingTest,0.105093,0.101266,0.347826,0.156863,79
HIV-1,semantic_change,SlidingTest(p=0.05),SlidingTest,0.118501,0.095652,0.478261,0.15942,115
HIV-1,semantic_change,GradPeak(p=0.2),GradPeak,0.0,0.0,0.0,0.0,0
HIV-1,semantic_change,GradPeak(p=0.5),GradPeak,0.0,0.0,0.0,0.0,0
HIV-1,semantic_change,LocalContrast(z=1.0),LocalContrast,0.040417,0.075472,0.173913,0.105263,53
HIV-1,semantic_change,LocalContrast(z=1.5),LocalContrast,0.016557,0.064516,0.086957,0.074074,31
HIV-1,semantic_change,LocalContrast(z=2.0),LocalContrast,0.037776,0.086957,0.086957,0.086957,23
HIV-1,semantic_change,"CUSUM(d=0.3,h=3.0)",CUSUM,0.101807,0.157895,0.130435,0.142857,19
HIV-1,semantic_change,"CUSUM(d=0.5,h=4.0)",CUSUM,0.170378,0.3,0.130435,0.181818,10
HIV-1,semantic_change,"CUSUM(d=0.5,h=5.0)",CUSUM,0.133911,0.285714,0.086957,0.133333,7
HIV-1,semantic_change,AdaptiveKnee,AdaptiveKnee,0.116758,0.116667,0.304348,0.168675,60
HIV-1,semantic_change,ScoreDBSCAN(ep=8),ScoreDBSCAN,0.018511,0.054348,0.652174,0.100334,276
HIV-1,semantic_change,ScoreDBSCAN(ep=15),ScoreDBSCAN,-0.050559,0.047264,0.826087,0.089412,402
HIV-1,semantic_change,Spectral(z=1.5),Spectral,-0.024953,0.03125,0.043478,0.036364,32
HIV-1,semantic_change,Spectral(z=2.0),Spectral,-0.014224,0.038462,0.043478,0.040816,26
HIV-1,semantic_change,Bayes(prior=0.1),Bayes,0.0,0.0,0.0,0.0,0
HIV-1,semantic_change,Bayes(prior=0.15),Bayes,0.0,0.0,0.0,0.0,0
HIV-1,semantic_change,AdaptWin(s=90),AdaptWin,0.117653,0.064246,1.0,0.120735,358
HIV-1,semantic_change,AdaptWin(s=85),AdaptWin,0.094503,0.059585,1.0,0.112469,386
HIV-1,semantic_change,FreqThresh(p=80),FreqThresh,0.062094,0.078652,0.304348,0.125,89
HIV-1,semantic_change,FreqThresh(p=85),FreqThresh,0.101354,0.104478,0.304348,0.155556,67
HIV-1,semantic_change,FreqThresh(p=90),FreqThresh,0.124452,0.133333,0.26087,0.176471,45
HIV-1,semantic_change,FreqThresh(p=95),FreqThresh,0.129417,0.173913,0.173913,0.173913,23
HIV-1,semantic_change,"SWAN(w=10,k=1.0)",SWAN,0.058322,0.06993,0.434783,0.120482,143
HIV-1,semantic_change,"SWAN(w=10,k=1.5)",SWAN,0.085183,0.084906,0.391304,0.139535,106
HIV-1,semantic_change,"SWAN(w=10,k=2.0)",SWAN,0.10583,0.096774,0.391304,0.155172,93
HIV-1,semantic_change,"SWAN(w=20,k=1.0)",SWAN,0.08904,0.078431,0.521739,0.136364,153
HIV-1,semantic_change,"SWAN(w=20,k=1.5)",SWAN,0.104276,0.085106,0.521739,0.146341,141
HIV-1,semantic_change,"SWAN(w=20,k=2.0)",SWAN,0.108963,0.09434,0.434783,0.155039,106
HIV-1,semantic_change,"SWAN(w=50,k=1.0)",SWAN,0.072363,0.071856,0.521739,0.126316,167
HIV-1,semantic_change,"SWAN(w=50,k=1.5)",SWAN,0.074685,0.072727,0.521739,0.12766,165
HIV-1,semantic_change,"SWAN(w=50,k=2.0)",SWAN,0.075853,0.073171,0.521739,0.128342,164
HIV-1,semantic_change,MutClust-Orig(g=10),MutClust-Orig,0.081598,0.068376,0.695652,0.124514,234
HIV-1,EVEscape_composite,Wavelet(t=1.0),Wavelet,0.018301,0.059524,0.217391,0.093458,84
HIV-1,EVEscape_composite,Wavelet(t=1.5),Wavelet,0.01427,0.06,0.130435,0.082192,50
HIV-1,EVEscape_composite,Wavelet(t=2.0),Wavelet,-0.041588,0.0,0.0,0.0,14
HIV-1,EVEscape_composite,KDE(p=75),KDE,-0.041316,0.035398,0.173913,0.058824,113
HIV-1,EVEscape_composite,KDE(p=80),KDE,-0.06559,0.022222,0.086957,0.035398,90
HIV-1,EVEscape_composite,KDE(p=85),KDE,-0.09792,0.0,0.0,0.0,68
HIV-1,EVEscape_composite,SlidingTest(p=0.01),SlidingTest,-0.074464,0.0,0.0,0.0,42
HIV-1,EVEscape_composite,SlidingTest(p=0.05),SlidingTest,-0.099611,0.0,0.0,0.0,70
HIV-1,EVEscape_composite,GradPeak(p=0.2),GradPeak,0.0,0.0,0.0,0.0,0
HIV-1,EVEscape_composite,GradPeak(p=0.5),GradPeak,0.0,0.0,0.0,0.0,0
HIV-1,EVEscape_composite,LocalContrast(z=1.0),LocalContrast,-0.082055,0.0,0.0,0.0,50
HIV-1,EVEscape_composite,LocalContrast(z=1.5),LocalContrast,-0.071493,0.0,0.0,0.0,39
HIV-1,EVEscape_composite,LocalContrast(z=2.0),LocalContrast,-0.062028,0.0,0.0,0.0,30
HIV-1,EVEscape_composite,"CUSUM(d=0.3,h=3.0)",CUSUM,-0.047374,0.0,0.0,0.0,18
HIV-1,EVEscape_composite,"CUSUM(d=0.5,h=4.0)",CUSUM,-0.033155,0.0,0.0,0.0,9
HIV-1,EVEscape_composite,"CUSUM(d=0.5,h=5.0)",CUSUM,-0.02698,0.0,0.0,0.0,6
HIV-1,EVEscape_composite,AdaptiveKnee,AdaptiveKnee,-0.103792,0.0,0.0,0.0,75
HIV-1,EVEscape_composite,ScoreDBSCAN(ep=8),ScoreDBSCAN,0.082331,0.064189,0.826087,0.119122,296
HIV-1,EVEscape_composite,ScoreDBSCAN(ep=15),ScoreDBSCAN,0.074755,0.058355,0.956522,0.11,377
HIV-1,EVEscape_composite,Spectral(z=1.5),Spectral,-0.062028,0.0,0.0,0.0,30
HIV-1,EVEscape_composite,Spectral(z=2.0),Spectral,-0.045987,0.0,0.0,0.0,17
HIV-1,EVEscape_composite,Bayes(prior=0.1),Bayes,-0.015507,0.0,0.0,0.0,2
HIV-1,EVEscape_composite,Bayes(prior=0.15),Bayes,-0.063128,0.0,0.0,0.0,31
HIV-1,EVEscape_composite,AdaptWin(s=90),AdaptWin,-0.091905,0.0,0.0,0.0,61
HIV-1,EVEscape_composite,AdaptWin(s=85),AdaptWin,-0.127241,0.0,0.0,0.0,104
HIV-1,EVEscape_composite,FreqThresh(p=80),FreqThresh,-0.114429,0.0,0.0,0.0,88
HIV-1,EVEscape_composite,FreqThresh(p=85),FreqThresh,-0.096218,0.0,0.0,0.0,66
HIV-1,EVEscape_composite,FreqThresh(p=90),FreqThresh,-0.076404,0.0,0.0,0.0,44
HIV-1,EVEscape_composite,FreqThresh(p=95),FreqThresh,-0.052619,0.0,0.0,0.0,22
HIV-1,EVEscape_composite,"SWAN(w=10,k=1.0)",SWAN,-0.115237,0.0,0.0,0.0,89
HIV-1,EVEscape_composite,"SWAN(w=10,k=1.5)",SWAN,-0.105449,0.0,0.0,0.0,77
HIV-1,EVEscape_composite,"SWAN(w=10,k=2.0)",SWAN,-0.08389,0.0,0.0,0.0,52
HIV-1,EVEscape_composite,"SWAN(w=20,k=1.0)",SWAN,-0.131216,0.0,0.0,0.0,109
HIV-1,EVEscape_composite,"SWAN(w=20,k=1.5)",SWAN,-0.107097,0.0,0.0,0.0,79
HIV-1,EVEscape_composite,"SWAN(w=20,k=2.0)",SWAN,-0.102127,0.0,0.0,0.0,73
HIV-1,EVEscape_composite,"SWAN(w=50,k=1.0)",SWAN,-0.137569,0.0,0.0,0.0,117
HIV-1,EVEscape_composite,"SWAN(w=50,k=1.5)",SWAN,-0.13201,0.0,0.0,0.0,110
HIV-1,EVEscape_composite,"SWAN(w=50,k=2.0)",SWAN,-0.105449,0.0,0.0,0.0,77
HIV-1,EVEscape_composite,MutClust-Orig(g=10),MutClust-Orig,0.143703,0.153846,0.26087,0.193548,39
HIV-1,EqualWeight,Wavelet(t=1.0),Wavelet,0.127648,0.111111,0.391304,0.173077,81
HIV-1,EqualWeight,Wavelet(t=1.5),Wavelet,0.105494,0.115385,0.26087,0.16,52
HIV-1,EqualWeight,Wavelet(t=2.0),Wavelet,-0.053864,0.0,0.0,0.0,23
HIV-1,EqualWeight,KDE(p=75),KDE,0.051761,0.070796,0.347826,0.117647,113
HIV-1,EqualWeight,KDE(p=80),KDE,-0.015136,0.044444,0.173913,0.070796,90
HIV-1,EqualWeight,KDE(p=85),KDE,-0.013398,0.044118,0.130435,0.065934,68
HIV-1,EqualWeight,SlidingTest(p=0.01),SlidingTest,0.206678,0.122137,0.695652,0.207792,131
HIV-1,EqualWeight,SlidingTest(p=0.05),SlidingTest,0.196381,0.107143,0.782609,0.188482,168
HIV-1,EqualWeight,GradPeak(p=0.2),GradPeak,-0.015507,0.0,0.0,0.0,2
HIV-1,EqualWeight,GradPeak(p=0.5),GradPeak,0.0,0.0,0.0,0.0,0
HIV-1,EqualWeight,LocalContrast(z=1.0),LocalContrast,-0.062427,0.016393,0.043478,0.02381,61
HIV-1,EqualWeight,LocalContrast(z=1.5),LocalContrast,-0.063128,0.0,0.0,0.0,31
HIV-1,EqualWeight,LocalContrast(z=2.0),LocalContrast,-0.034988,0.0,0.0,0.0,10
HIV-1,EqualWeight,"CUSUM(d=0.3,h=3.0)",CUSUM,0.153812,0.185185,0.217391,0.2,27
HIV-1,EqualWeight,"CUSUM(d=0.5,h=4.0)",CUSUM,0.069331,0.133333,0.086957,0.105263,15
HIV-1,EqualWeight,"CUSUM(d=0.5,h=5.0)",CUSUM,0.024218,0.083333,0.043478,0.057143,12
HIV-1,EqualWeight,AdaptiveKnee,AdaptiveKnee,0.083596,0.130435,0.130435,0.130435,23
HIV-1,EqualWeight,ScoreDBSCAN(ep=8),ScoreDBSCAN,0.077751,0.064516,0.782609,0.119205,279
HIV-1,EqualWeight,ScoreDBSCAN(ep=15),ScoreDBSCAN,0.056289,0.054118,1.0,0.102679,425
HIV-1,EqualWeight,Spectral(z=1.5),Spectral,-0.070484,0.0,0.0,0.0,38
HIV-1,EqualWeight,Spectral(z=2.0),Spectral,-0.043097,0.0,0.0,0.0,15
HIV-1,EqualWeight,Bayes(prior=0.1),Bayes,0.0,0.0,0.0,0.0,0
HIV-1,EqualWeight,Bayes(prior=0.15),Bayes,0.0,0.0,0.0,0.0,0
HIV-1,EqualWeight,AdaptWin(s=90),AdaptWin,0.139953,0.069697,1.0,0.130312,330
HIV-1,EqualWeight,AdaptWin(s=85),AdaptWin,0.133598,0.068047,1.0,0.127424,338
HIV-1,EqualWeight,FreqThresh(p=80),FreqThresh,0.161452,0.122222,0.478261,0.19469,90
HIV-1,EqualWeight,FreqThresh(p=85),FreqThresh,0.127472,0.117647,0.347826,0.175824,68
HIV-1,EqualWeight,FreqThresh(p=90),FreqThresh,0.158088,0.155556,0.304348,0.205882,45
HIV-1,EqualWeight,FreqThresh(p=95),FreqThresh,0.083596,0.130435,0.130435,0.130435,23
HIV-1,EqualWeight,"SWAN(w=10,k=1.0)",SWAN,0.142696,0.084112,0.782609,0.151899,214
HIV-1,EqualWeight,"SWAN(w=10,k=1.5)",SWAN,0.188697,0.103448,0.782609,0.182741,174
HIV-1,EqualWeight,"SWAN(w=10,k=2.0)",SWAN,0.218287,0.118421,0.782609,0.205714,152
HIV-1,EqualWeight,"SWAN(w=20,k=1.0)",SWAN,0.126053,0.078261,0.782609,0.142292,230
HIV-1,EqualWeight,"SWAN(w=20,k=1.5)",SWAN,0.143762,0.084507,0.782609,0.152542,213
HIV-1,EqualWeight,"SWAN(w=20,k=2.0)",SWAN,0.17883,0.098901,0.782609,0.17561,182
HIV-1,EqualWeight,"SWAN(w=50,k=1.0)",SWAN,0.124019,0.077586,0.782609,0.141176,232
HIV-1,EqualWeight,"SWAN(w=50,k=1.5)",SWAN,0.129121,0.079295,0.782609,0.144,227
HIV-1,EqualWeight,"SWAN(w=50,k=2.0)",SWAN,0.134286,0.081081,0.782609,0.146939,222
HIV-1,EqualWeight,MutClust-Orig(g=10),MutClust-Orig,0.0,0.051111,1.0,0.097252,450
HIV-1,tranception,Wavelet(t=1.0),Wavelet,-0.085704,0.0,0.0,0.0,54
HIV-1,tranception,Wavelet(t=1.5),Wavelet,-0.076404,0.0,0.0,0.0,44
HIV-1,tranception,Wavelet(t=2.0),Wavelet,-0.0674,0.0,0.0,0.0,35
HIV-1,tranception,KDE(p=75),KDE,-0.134392,0.0,0.0,0.0,113
HIV-1,tranception,KDE(p=80),KDE,-0.116043,0.0,0.0,0.0,90
HIV-1,tranception,KDE(p=85),KDE,-0.09792,0.0,0.0,0.0,68
HIV-1,tranception,SlidingTest(p=0.01),SlidingTest,-0.033155,0.0,0.0,0.0,9
HIV-1,tranception,SlidingTest(p=0.05),SlidingTest,-0.028109,0.039604,0.173913,0.064516,101
HIV-1,tranception,GradPeak(p=0.2),GradPeak,-0.013271,0.042553,0.086957,0.057143,47
HIV-1,tranception,GradPeak(p=0.5),GradPeak,-0.060913,0.0,0.0,0.0,29
HIV-1,tranception,LocalContrast(z=1.0),LocalContrast,-0.074755,0.013699,0.043478,0.020833,73
HIV-1,tranception,LocalContrast(z=1.5),LocalContrast,-0.028169,0.029412,0.043478,0.035088,34
HIV-1,tranception,LocalContrast(z=2.0),LocalContrast,-0.045987,0.0,0.0,0.0,17
HIV-1,tranception,"CUSUM(d=0.3,h=3.0)",CUSUM,-0.031224,0.0,0.0,0.0,8
HIV-1,tranception,"CUSUM(d=0.5,h=4.0)",CUSUM,-0.010953,0.0,0.0,0.0,1
HIV-1,tranception,"CUSUM(d=0.5,h=5.0)",CUSUM,0.0,0.0,0.0,0.0,0
HIV-1,tranception,AdaptiveKnee,AdaptiveKnee,-0.070484,0.0,0.0,0.0,38
HIV-1,tranception,ScoreDBSCAN(ep=8),ScoreDBSCAN,-0.05834,0.037559,0.347826,0.067797,213
HIV-1,tranception,ScoreDBSCAN(ep=15),ScoreDBSCAN,-0.016053,0.049875,0.869565,0.09434,401
HIV-1,tranception,Spectral(z=1.5),Spectral,-0.055087,0.0,0.0,0.0,24
HIV-1,tranception,Spectral(z=2.0),Spectral,-0.043097,0.0,0.0,0.0,15
HIV-1,tranception,Bayes(prior=0.1),Bayes,0.0,0.0,0.0,0.0,0
HIV-1,tranception,Bayes(prior=0.15),Bayes,0.0,0.0,0.0,0.0,0
HIV-1,tranception,AdaptWin(s=90),AdaptWin,0.03343,0.055728,0.782609,0.104046,323
HIV-1,tranception,AdaptWin(s=85),AdaptWin,0.006302,0.051771,0.826087,0.097436,367
HIV-1,tranception,FreqThresh(p=80),FreqThresh,-0.040363,0.033333,0.130435,0.053097,90
HIV-1,tranception,FreqThresh(p=85),FreqThresh,-0.069746,0.014706,0.043478,0.021978,68
HIV-1,tranception,FreqThresh(p=90),FreqThresh,-0.043726,0.022222,0.043478,0.029412,45
HIV-1,tranception,FreqThresh(p=95),FreqThresh,-0.053864,0.0,0.0,0.0,23
HIV-1,tranception,"SWAN(w=10,k=1.0)",SWAN,-0.033101,0.041667,0.304348,0.073298,168
HIV-1,tranception,"SWAN(w=10,k=1.5)",SWAN,-0.081137,0.023077,0.130435,0.039216,130
HIV-1,tranception,"SWAN(w=10,k=2.0)",SWAN,0.002097,0.052632,0.086957,0.065574,38
HIV-1,tranception,"SWAN(w=20,k=1.0)",SWAN,-0.046325,0.038674,0.304348,0.068627,181
HIV-1,tranception,"SWAN(w=20,k=1.5)",SWAN,-0.067971,0.031056,0.217391,0.054348,161
HIV-1,tranception,"SWAN(w=20,k=2.0)",SWAN,-0.037663,0.038168,0.217391,0.064935,131
HIV-1,tranception,"SWAN(w=50,k=1.0)",SWAN,-0.008648,0.04902,0.434783,0.088106,204
HIV-1,tranception,"SWAN(w=50,k=1.5)",SWAN,-0.014528,0.047368,0.391304,0.084507,190
HIV-1,tranception,"SWAN(w=50,k=2.0)",SWAN,-0.10545,0.019231,0.130435,0.03352,156
HIV-1,tranception,MutClust-Orig(g=10),MutClust-Orig,0.0,0.051111,1.0,0.097252,450
HIV-1,stability,Wavelet(t=1.0),Wavelet,0.022683,0.063492,0.173913,0.093023,63
HIV-1,stability,Wavelet(t=1.5),Wavelet,0.002097,0.052632,0.086957,0.065574,38
HIV-1,stability,Wavelet(t=2.0),Wavelet,-0.051349,0.0,0.0,0.0,21
HIV-1,stability,KDE(p=75),KDE,0.07503,0.079646,0.391304,0.132353,113
HIV-1,stability,KDE(p=80),KDE,0.110998,0.1,0.391304,0.159292,90
HIV-1,stability,KDE(p=85),KDE,0.127472,0.117647,0.347826,0.175824,68
HIV-1,stability,SlidingTest(p=0.01),SlidingTest,0.145807,0.2,0.173913,0.186047,20
HIV-1,stability,SlidingTest(p=0.05),SlidingTest,0.099298,0.102941,0.304348,0.153846,68
HIV-1,stability,GradPeak(p=0.2),GradPeak,-0.034221,0.032258,0.086957,0.047059,62
HIV-1,stability,GradPeak(p=0.5),GradPeak,0.005951,0.055556,0.086957,0.067797,36
HIV-1,stability,LocalContrast(z=1.0),LocalContrast,0.024047,0.0625,0.217391,0.097087,80
HIV-1,stability,LocalContrast(z=1.5),LocalContrast,0.077466,0.108108,0.173913,0.133333,37
HIV-1,stability,LocalContrast(z=2.0),LocalContrast,0.121501,0.25,0.086957,0.129032,8
HIV-1,stability,"CUSUM(d=0.3,h=3.0)",CUSUM,-0.036738,0.0,0.0,0.0,11
HIV-1,stability,"CUSUM(d=0.5,h=4.0)",CUSUM,0.203342,1.0,0.043478,0.083333,1
HIV-1,stability,"CUSUM(d=0.5,h=5.0)",CUSUM,0.203342,1.0,0.043478,0.083333,1
HIV-1,stability,AdaptiveKnee,AdaptiveKnee,0.082055,0.0575,1.0,0.108747,400
HIV-1,stability,ScoreDBSCAN(ep=8),ScoreDBSCAN,0.15009,0.114583,0.478261,0.184874,96
HIV-1,stability,ScoreDBSCAN(ep=15),ScoreDBSCAN,0.043291,0.058824,0.695652,0.108475,272
HIV-1,stability,Spectral(z=1.5),Spectral,-0.039776,0.02381,0.043478,0.030769,42
HIV-1,stability,Spectral(z=2.0),Spectral,-0.008044,0.043478,0.043478,0.043478,23
HIV-1,stability,Bayes(prior=0.1),Bayes,0.0,0.0,0.0,0.0,0
HIV-1,stability,Bayes(prior=0.15),Bayes,0.0,0.0,0.0,0.0,0
HIV-1,stability,AdaptWin(s=90),AdaptWin,0.052045,0.075949,0.26087,0.117647,79
HIV-1,stability,AdaptWin(s=85),AdaptWin,0.069535,0.074627,0.434783,0.127389,134
HIV-1,stability,FreqThresh(p=80),FreqThresh,0.085741,0.093333,0.304348,0.142857,75
HIV-1,stability,FreqThresh(p=85),FreqThresh,0.095921,0.107143,0.26087,0.151899,56
HIV-1,stability,FreqThresh(p=90),FreqThresh,0.038387,0.078947,0.130435,0.098361,38
HIV-1,stability,FreqThresh(p=95),FreqThresh,-0.051349,0.0,0.0,0.0,21
HIV-1,stability,"SWAN(w=10,k=1.0)",SWAN,0.049941,0.068182,0.391304,0.116129,132
HIV-1,stability,"SWAN(w=10,k=1.5)",SWAN,0.051563,0.072917,0.304348,0.117647,96
HIV-1,stability,"SWAN(w=10,k=2.0)",SWAN,0.09528,0.1,0.304348,0.150538,70
HIV-1,stability,"SWAN(w=20,k=1.0)",SWAN,0.082965,0.075949,0.521739,0.132597,158
HIV-1,stability,"SWAN(w=20,k=1.5)",SWAN,0.039013,0.06383,0.391304,0.109756,141
HIV-1,stability,"SWAN(w=20,k=2.0)",SWAN,0.065242,0.08046,0.304348,0.127273,87
HIV-1,stability,"SWAN(w=50,k=1.0)",SWAN,0.044122,0.064516,0.434783,0.11236,155
HIV-1,stability,"SWAN(w=50,k=1.5)",SWAN,0.005615,0.05303,0.304348,0.090323,132
HIV-1,stability,"SWAN(w=50,k=2.0)",SWAN,0.028492,0.061947,0.304348,0.102941,113
HIV-1,stability,MutClust-Orig(g=10),MutClust-Orig,0.105449,0.061662,1.0,0.116162,373
HIV-1,stability_structural,Wavelet(t=1.0),Wavelet,-0.016086,0.042857,0.130435,0.064516,70
HIV-1,stability_structural,Wavelet(t=1.5),Wavelet,-0.073482,0.0,0.0,0.0,41
HIV-1,stability_structural,Wavelet(t=2.0),Wavelet,-0.058636,0.0,0.0,0.0,27
HIV-1,stability_structural,KDE(p=75),KDE,0.07503,0.079646,0.391304,0.132353,113
HIV-1,stability_structural,KDE(p=80),KDE,0.110998,0.1,0.391304,0.159292,90
HIV-1,stability_structural,KDE(p=85),KDE,0.099298,0.102941,0.304348,0.153846,68
HIV-1,stability_structural,SlidingTest(p=0.01),SlidingTest,0.043146,0.083333,0.130435,0.101695,36
HIV-1,stability_structural,SlidingTest(p=0.05),SlidingTest,-0.003923,0.049505,0.217391,0.080645,101
HIV-1,stability_structural,GradPeak(p=0.2),GradPeak,0.0,0.0,0.0,0.0,0
HIV-1,stability_structural,GradPeak(p=0.5),GradPeak,0.0,0.0,0.0,0.0,0
HIV-1,stability_structural,LocalContrast(z=1.0),LocalContrast,0.027013,0.064103,0.217391,0.09901,78
HIV-1,stability_structural,LocalContrast(z=1.5),LocalContrast,0.071971,0.102564,0.173913,0.129032,39
HIV-1,stability_structural,LocalContrast(z=2.0),LocalContrast,0.140706,0.230769,0.130435,0.166667,13
HIV-1,stability_structural,"CUSUM(d=0.3,h=3.0)",CUSUM,0.074652,0.142857,0.086957,0.108108,14
HIV-1,stability_structural,"CUSUM(d=0.5,h=4.0)",CUSUM,-0.021979,0.0,0.0,0.0,4
HIV-1,stability_structural,"CUSUM(d=0.5,h=5.0)",CUSUM,-0.015507,0.0,0.0,0.0,2
HIV-1,stability_structural,AdaptiveKnee,AdaptiveKnee,0.077362,0.05679,1.0,0.107477,405
HIV-1,stability_structural,ScoreDBSCAN(ep=8),ScoreDBSCAN,0.120019,0.105882,0.391304,0.166667,85
HIV-1,stability_structural,ScoreDBSCAN(ep=15),ScoreDBSCAN,0.085537,0.066421,0.782609,0.122449,271
HIV-1,stability_structural,Spectral(z=1.5),Spectral,-0.037034,0.025,0.043478,0.031746,40
HIV-1,stability_structural,Spectral(z=2.0),Spectral,-0.051349,0.0,0.0,0.0,21
HIV-1,stability_structural,Bayes(prior=0.1),Bayes,0.0,0.0,0.0,0.0,0
HIV-1,stability_structural,Bayes(prior=0.15),Bayes,-0.019013,0.0,0.0,0.0,3
HIV-1,stability_structural,AdaptWin(s=90),AdaptWin,-0.039172,0.030303,0.086957,0.044944,66
HIV-1,stability_structural,AdaptWin(s=85),AdaptWin,0.033654,0.06422,0.304348,0.106061,109
HIV-1,stability_structural,FreqThresh(p=80),FreqThresh,0.028521,0.064935,0.217391,0.1,77
HIV-1,stability_structural,FreqThresh(p=85),FreqThresh,0.063307,0.087719,0.217391,0.125,57
HIV-1,stability_structural,FreqThresh(p=90),FreqThresh,-0.001576,0.05,0.086957,0.063492,40
HIV-1,stability_structural,FreqThresh(p=95),FreqThresh,-0.005823,0.045455,0.043478,0.044444,22
HIV-1,stability_structural,"SWAN(w=10,k=1.0)",SWAN,0.017258,0.056738,0.347826,0.097561,141
HIV-1,stability_structural,"SWAN(w=10,k=1.5)",SWAN,0.010102,0.055046,0.26087,0.090909,109
HIV-1,stability_structural,"SWAN(w=10,k=2.0)",SWAN,-0.018717,0.041667,0.130435,0.063158,72
HIV-1,stability_structural,"SWAN(w=20,k=1.0)",SWAN,0.003834,0.052288,0.347826,0.090909,153
HIV-1,stability_structural,"SWAN(w=20,k=1.5)",SWAN,0.011591,0.054795,0.347826,0.094675,146
HIV-1,stability_structural,"SWAN(w=20,k=2.0)",SWAN,0.022228,0.059322,0.304348,0.099291,118
HIV-1,stability_structural,"SWAN(w=50,k=1.0)",SWAN,0.013844,0.055556,0.347826,0.095808,144
HIV-1,stability_structural,"SWAN(w=50,k=1.5)",SWAN,0.014978,0.055944,0.347826,0.096386,143
HIV-1,stability_structural,"SWAN(w=50,k=2.0)",SWAN,0.013845,0.056604,0.26087,0.093023,106
HIV-1,stability_structural,MutClust-Orig(g=10),MutClust-Orig,0.0,0.0,0.0,0.0,0
HIV-1,freq_with_indel,Wavelet(t=1.0),Wavelet,0.040321,0.067308,0.304348,0.110236,104
HIV-1,freq_with_indel,Wavelet(t=1.5),Wavelet,0.063307,0.087719,0.217391,0.125,57
HIV-1,freq_with_indel,Wavelet(t=2.0),Wavelet,-0.044562,0.0,0.0,0.0,16
HIV-1,freq_with_indel,KDE(p=75),KDE,0.07503,0.079646,0.391304,0.132353,113
HIV-1,freq_with_indel,KDE(p=80),KDE,0.060544,0.077778,0.304348,0.123894,90
HIV-1,freq_with_indel,KDE(p=85),KDE,0.04295,0.073529,0.217391,0.10989,68
HIV-1,freq_with_indel,SlidingTest(p=0.01),SlidingTest,0.123044,0.072727,0.869565,0.134228,275
HIV-1,freq_with_indel,SlidingTest(p=0.05),SlidingTest,0.11148,0.067524,0.913043,0.125749,311
HIV-1,freq_with_indel,GradPeak(p=0.2),GradPeak,-0.019013,0.0,0.0,0.0,3
HIV-1,freq_with_indel,GradPeak(p=0.5),GradPeak,0.0,0.0,0.0,0.0,0
HIV-1,freq_with_indel,LocalContrast(z=1.0),LocalContrast,0.042366,0.076923,0.173913,0.106667,52
HIV-1,freq_with_indel,LocalContrast(z=1.5),LocalContrast,-0.051349,0.0,0.0,0.0,21
HIV-1,freq_with_indel,LocalContrast(z=2.0),LocalContrast,-0.034988,0.0,0.0,0.0,10
HIV-1,freq_with_indel,"CUSUM(d=0.3,h=3.0)",CUSUM,-0.021575,0.033333,0.043478,0.037736,30
HIV-1,freq_with_indel,"CUSUM(d=0.5,h=4.0)",CUSUM,0.045139,0.125,0.043478,0.064516,8
HIV-1,freq_with_indel,"CUSUM(d=0.5,h=5.0)",CUSUM,-0.02698,0.0,0.0,0.0,6
HIV-1,freq_with_indel,AdaptiveKnee,AdaptiveKnee,0.066988,0.062069,0.782609,0.115016,290
HIV-1,freq_with_indel,ScoreDBSCAN(ep=8),ScoreDBSCAN,-0.014978,0.04886,0.652174,0.090909,307
HIV-1,freq_with_indel,ScoreDBSCAN(ep=15),ScoreDBSCAN,-0.078487,0.045,0.782609,0.085106,400
HIV-1,freq_with_indel,Spectral(z=1.5),Spectral,-0.060913,0.0,0.0,0.0,29
HIV-1,freq_with_indel,Spectral(z=2.0),Spectral,-0.055087,0.0,0.0,0.0,24
HIV-1,freq_with_indel,Bayes(prior=0.1),Bayes,0.0,0.0,0.0,0.0,0
HIV-1,freq_with_indel,Bayes(prior=0.15),Bayes,0.0,0.0,0.0,0.0,0
HIV-1,freq_with_indel,AdaptWin(s=90),AdaptWin,0.147127,0.071651,1.0,0.133721,321
HIV-1,freq_with_indel,AdaptWin(s=85),AdaptWin,0.147127,0.071651,1.0,0.133721,321
HIV-1,freq_with_indel,FreqThresh(p=80),FreqThresh,0.060544,0.077778,0.304348,0.123894,90
HIV-1,freq_with_indel,FreqThresh(p=85),FreqThresh,0.069268,0.086957,0.26087,0.130435,69
HIV-1,freq_with_indel,FreqThresh(p=90),FreqThresh,0.021614,0.065217,0.130435,0.086957,46
HIV-1,freq_with_indel,FreqThresh(p=95),FreqThresh,0.031816,0.08,0.086957,0.083333,25
HIV-1,freq_with_indel,"SWAN(w=10,k=1.0)",SWAN,0.151133,0.072785,1.0,0.135693,316
HIV-1,freq_with_indel,"SWAN(w=10,k=1.5)",SWAN,0.133319,0.07074,0.956522,0.131737,311
HIV-1,freq_with_indel,"SWAN(w=10,k=2.0)",SWAN,0.098761,0.07173,0.73913,0.130769,237
HIV-1,freq_with_indel,"SWAN(w=20,k=1.0)",SWAN,0.15033,0.072555,1.0,0.135294,317
HIV-1,freq_with_indel,"SWAN(w=20,k=1.5)",SWAN,0.15033,0.072555,1.0,0.135294,317
HIV-1,freq_with_indel,"SWAN(w=20,k=2.0)",SWAN,0.15033,0.072555,1.0,0.135294,317
HIV-1,freq_with_indel,"SWAN(w=50,k=1.0)",SWAN,0.15033,0.072555,1.0,0.135294,317
HIV-1,freq_with_indel,"SWAN(w=50,k=1.5)",SWAN,0.15033,0.072555,1.0,0.135294,317
HIV-1,freq_with_indel,"SWAN(w=50,k=2.0)",SWAN,0.15033,0.072555,1.0,0.135294,317
HIV-1,freq_with_indel,MutClust-Orig(g=10),MutClust-Orig,0.019013,0.051454,1.0,0.097872,447
HIV-1,entropy_with_indel,Wavelet(t=1.0),Wavelet,0.043061,0.068627,0.304348,0.112,102
HIV-1,entropy_with_indel,Wavelet(t=1.5),Wavelet,0.080841,0.102041,0.217391,0.138889,49
HIV-1,entropy_with_indel,Wavelet(t=2.0),Wavelet,-0.048729,0.0,0.0,0.0,19
HIV-1,entropy_with_indel,KDE(p=75),KDE,0.098299,0.088496,0.434783,0.147059,113
HIV-1,entropy_with_indel,KDE(p=80),KDE,0.136225,0.111111,0.434783,0.176991,90
HIV-1,entropy_with_indel,KDE(p=85),KDE,0.071124,0.088235,0.26087,0.131868,68
HIV-1,entropy_with_indel,SlidingTest(p=0.01),SlidingTest,0.111981,0.07377,0.782609,0.134831,244
HIV-1,entropy_with_indel,SlidingTest(p=0.05),SlidingTest,0.113268,0.067961,0.913043,0.126506,309
HIV-1,entropy_with_indel,GradPeak(p=0.2),GradPeak,-0.041588,0.0,0.0,0.0,14
HIV-1,entropy_with_indel,GradPeak(p=0.5),GradPeak,-0.031224,0.0,0.0,0.0,8
HIV-1,entropy_with_indel,LocalContrast(z=1.0),LocalContrast,-0.021294,0.040541,0.130435,0.061856,74
HIV-1,entropy_with_indel,LocalContrast(z=1.5),LocalContrast,0.026344,0.074074,0.086957,0.08,27
HIV-1,entropy_with_indel,LocalContrast(z=2.0),LocalContrast,-0.034988,0.0,0.0,0.0,10
HIV-1,entropy_with_indel,"CUSUM(d=0.3,h=3.0)",CUSUM,0.096242,0.129032,0.173913,0.148148,31
HIV-1,entropy_with_indel,"CUSUM(d=0.5,h=4.0)",CUSUM,0.038921,0.111111,0.043478,0.0625,9
HIV-1,entropy_with_indel,"CUSUM(d=0.5,h=5.0)",CUSUM,-0.029174,0.0,0.0,0.0,7
HIV-1,entropy_with_indel,AdaptiveKnee,AdaptiveKnee,0.116839,0.068852,0.913043,0.128049,305
HIV-1,entropy_with_indel,ScoreDBSCAN(ep=8),ScoreDBSCAN,0.039757,0.056782,0.782609,0.105882,317
HIV-1,entropy_with_indel,ScoreDBSCAN(ep=15),ScoreDBSCAN,0.032733,0.053269,0.956522,0.100917,413
HIV-1,entropy_with_indel,Spectral(z=1.5),Spectral,-0.062028,0.0,0.0,0.0,30
HIV-1,entropy_with_indel,Spectral(z=2.0),Spectral,-0.053864,0.0,0.0,0.0,23
HIV-1,entropy_with_indel,Bayes(prior=0.1),Bayes,0.0,0.0,0.0,0.0,0
HIV-1,entropy_with_indel,Bayes(prior=0.15),Bayes,0.0,0.0,0.0,0.0,0
HIV-1,entropy_with_indel,AdaptWin(s=90),AdaptWin,0.147927,0.071875,1.0,0.134111,320
HIV-1,entropy_with_indel,AdaptWin(s=85),AdaptWin,0.147927,0.071875,1.0,0.134111,320
HIV-1,entropy_with_indel,FreqThresh(p=80),FreqThresh,0.035318,0.066667,0.26087,0.106195,90
HIV-1,entropy_with_indel,FreqThresh(p=85),FreqThresh,0.04295,0.073529,0.217391,0.10989,68
HIV-1,entropy_with_indel,FreqThresh(p=90),FreqThresh,0.090816,0.111111,0.217391,0.147059,45
HIV-1,entropy_with_indel,FreqThresh(p=95),FreqThresh,-0.008044,0.043478,0.043478,0.043478,23
HIV-1,entropy_with_indel,"SWAN(w=10,k=1.0)",SWAN,0.129917,0.069841,0.956522,0.130178,315
HIV-1,entropy_with_indel,"SWAN(w=10,k=1.5)",SWAN,0.132468,0.070513,0.956522,0.131343,312
HIV-1,entropy_with_indel,"SWAN(w=10,k=2.0)",SWAN,0.155511,0.085973,0.826087,0.155738,221
HIV-1,entropy_with_indel,"SWAN(w=20,k=1.0)",SWAN,0.148727,0.0721,1.0,0.134503,319
HIV-1,entropy_with_indel,"SWAN(w=20,k=1.5)",SWAN,0.148727,0.0721,1.0,0.134503,319
HIV-1,entropy_with_indel,"SWAN(w=20,k=2.0)",SWAN,0.129917,0.069841,0.956522,0.130178,315
HIV-1,entropy_with_indel,"SWAN(w=50,k=1.0)",SWAN,0.148727,0.0721,1.0,0.134503,319
HIV-1,entropy_with_indel,"SWAN(w=50,k=1.5)",SWAN,0.148727,0.0721,1.0,0.134503,319
HIV-1,entropy_with_indel,"SWAN(w=50,k=2.0)",SWAN,0.148727,0.0721,1.0,0.134503,319
HIV-1,entropy_with_indel,MutClust-Orig(g=10),MutClust-Orig,0.0,0.051111,1.0,0.097252,450
HIV-1,fubar,Wavelet(t=1.0),Wavelet,-0.030362,0.033898,0.086957,0.04878,59
HIV-1,fubar,Wavelet(t=1.5),Wavelet,-0.074464,0.0,0.0,0.0,42
HIV-1,fubar,Wavelet(t=2.0),Wavelet,-0.062028,0.0,0.0,0.0,30
HIV-1,fubar,KDE(p=75),KDE,0.07503,0.079646,0.391304,0.132353,113
HIV-1,fubar,KDE(p=80),KDE,0.110998,0.1,0.391304,0.159292,90
HIV-1,fubar,KDE(p=85),KDE,0.155646,0.132353,0.391304,0.197802,68
HIV-1,fubar,SlidingTest(p=0.01),SlidingTest,-0.023286,0.032258,0.043478,0.037037,31
HIV-1,fubar,SlidingTest(p=0.05),SlidingTest,-0.016086,0.042857,0.130435,0.064516,70
HIV-1,fubar,GradPeak(p=0.2),GradPeak,-0.041588,0.0,0.0,0.0,14
HIV-1,fubar,GradPeak(p=0.5),GradPeak,-0.015507,0.0,0.0,0.0,2
HIV-1,fubar,LocalContrast(z=1.0),LocalContrast,-0.051861,0.025974,0.086957,0.04,77
HIV-1,fubar,LocalContrast(z=1.5),LocalContrast,-0.076404,0.0,0.0,0.0,44
HIV-1,fubar,LocalContrast(z=2.0),LocalContrast,-0.050053,0.0,0.0,0.0,20
HIV-1,fubar,"CUSUM(d=0.3,h=3.0)",CUSUM,-0.044562,0.0,0.0,0.0,16
HIV-1,fubar,"CUSUM(d=0.5,h=4.0)",CUSUM,-0.02698,0.0,0.0,0.0,6
HIV-1,fubar,"CUSUM(d=0.5,h=5.0)",CUSUM,-0.02698,0.0,0.0,0.0,6
HIV-1,fubar,AdaptiveKnee,AdaptiveKnee,0.017667,0.058252,0.26087,0.095238,103
HIV-1,fubar,ScoreDBSCAN(ep=8),ScoreDBSCAN,-0.015862,0.047393,0.434783,0.08547,211
HIV-1,fubar,ScoreDBSCAN(ep=15),ScoreDBSCAN,-0.064259,0.043353,0.652174,0.081301,346
HIV-1,fubar,Spectral(z=1.5),Spectral,-0.031244,0.027778,0.043478,0.033898,36
HIV-1,fubar,Spectral(z=2.0),Spectral,-0.056289,0.0,0.0,0.0,25
HIV-1,fubar,Bayes(prior=0.1),Bayes,0.0,0.0,0.0,0.0,0
HIV-1,fubar,Bayes(prior=0.15),Bayes,-0.033155,0.0,0.0,0.0,9
HIV-1,fubar,AdaptWin(s=90),AdaptWin,0.085771,0.088889,0.347826,0.141593,90
HIV-1,fubar,AdaptWin(s=85),AdaptWin,0.085417,0.072917,0.608696,0.130233,192
HIV-1,fubar,FreqThresh(p=80),FreqThresh,-0.015136,0.044444,0.173913,0.070796,90
HIV-1,fubar,FreqThresh(p=85),FreqThresh,-0.041572,0.029412,0.086957,0.043956,68
HIV-1,fubar,FreqThresh(p=90),FreqThresh,-0.043726,0.022222,0.043478,0.029412,45
HIV-1,fubar,FreqThresh(p=95),FreqThresh,-0.053864,0.0,0.0,0.0,23
HIV-1,fubar,"SWAN(w=10,k=1.0)",SWAN,0.065705,0.07767,0.347826,0.126984,103
HIV-1,fubar,"SWAN(w=10,k=1.5)",SWAN,0.112818,0.106667,0.347826,0.163265,75
HIV-1,fubar,"SWAN(w=10,k=2.0)",SWAN,0.002629,0.052632,0.130435,0.075,57
HIV-1,fubar,"SWAN(w=20,k=1.0)",SWAN,0.087664,0.080292,0.478261,0.1375,137
HIV-1,fubar,"SWAN(w=20,k=1.5)",SWAN,0.137761,0.106796,0.478261,0.174603,103
HIV-1,fubar,"SWAN(w=20,k=2.0)",SWAN,0.06846,0.082353,0.304348,0.12963,85
HIV-1,fubar,"SWAN(w=50,k=1.0)",SWAN,0.009075,0.054264,0.304348,0.092105,129
HIV-1,fubar,"SWAN(w=50,k=1.5)",SWAN,0.012585,0.055556,0.304348,0.09396,126
HIV-1,fubar,"SWAN(w=50,k=2.0)",SWAN,0.034968,0.064815,0.304348,0.10687,108
HIV-1,fubar,MutClust-Orig(g=10),MutClust-Orig,0.010953,0.051225,1.0,0.097458,449
Dengue,freq,Wavelet(t=1.0),Wavelet,0.066262,0.079545,0.291667,0.125,88
Dengue,freq,Wavelet(t=1.5),Wavelet,0.031848,0.071429,0.125,0.090909,42
Dengue,freq,Wavelet(t=2.0),Wavelet,0.017838,0.071429,0.041667,0.052632,14
Dengue,freq,KDE(p=75),KDE,-0.04415,0.03252,0.166667,0.054422,123
Dengue,freq,KDE(p=80),KDE,-0.018912,0.040816,0.166667,0.065574,98
Dengue,freq,KDE(p=85),KDE,0.009916,0.054054,0.166667,0.081633,74
Dengue,freq,SlidingTest(p=0.01),SlidingTest,0.081951,0.102041,0.208333,0.136986,49
Dengue,freq,SlidingTest(p=0.05),SlidingTest,0.153568,0.123457,0.416667,0.190476,81
Dengue,freq,GradPeak(p=0.2),GradPeak,0.147576,0.25,0.125,0.166667,12
Dengue,freq,GradPeak(p=0.5),GradPeak,0.0,0.0,0.0,0.0,0
Dengue,freq,LocalContrast(z=1.0),LocalContrast,0.016201,0.055556,0.25,0.090909,108
Dengue,freq,LocalContrast(z=1.5),LocalContrast,-0.012608,0.040816,0.083333,0.054795,49
Dengue,freq,LocalContrast(z=2.0),LocalContrast,0.052378,0.105263,0.083333,0.093023,19
Dengue,freq,"CUSUM(d=0.3,h=3.0)",CUSUM,0.096555,0.15,0.125,0.136364,20
Dengue,freq,"CUSUM(d=0.5,h=4.0)",CUSUM,-0.02732,0.0,0.0,0.0,7
Dengue,freq,"CUSUM(d=0.5,h=5.0)",CUSUM,-0.020588,0.0,0.0,0.0,4
Dengue,freq,AdaptiveKnee,AdaptiveKnee,0.051025,0.063953,0.458333,0.112245,172
Dengue,freq,ScoreDBSCAN(ep=8),ScoreDBSCAN,0.013358,0.051793,0.541667,0.094545,251
Dengue,freq,ScoreDBSCAN(ep=15),ScoreDBSCAN,0.014124,0.051282,0.666667,0.095238,312
Dengue,freq,Spectral(z=1.5),Spectral,0.071116,0.092593,0.208333,0.128205,54
Dengue,freq,Spectral(z=2.0),Spectral,0.030648,0.076923,0.083333,0.08,26
Dengue,freq,Bayes(prior=0.1),Bayes,0.0,0.0,0.0,0.0,0
Dengue,freq,Bayes(prior=0.15),Bayes,-0.031043,0.0,0.0,0.0,9
Dengue,freq,AdaptWin(s=90),AdaptWin,0.040243,0.067416,0.25,0.106195,89
Dengue,freq,AdaptWin(s=85),AdaptWin,0.039012,0.064815,0.291667,0.106061,108
Dengue,freq,FreqThresh(p=80),FreqThresh,0.057903,0.077922,0.25,0.118812,77
Dengue,freq,FreqThresh(p=85),FreqThresh,0.06908,0.090909,0.208333,0.126582,55
Dengue,freq,FreqThresh(p=90),FreqThresh,0.06802,0.097561,0.166667,0.123077,41
Dengue,freq,FreqThresh(p=95),FreqThresh,0.101357,0.157895,0.125,0.139535,19
Dengue,freq,"SWAN(w=10,k=1.0)",SWAN,0.038403,0.062992,0.333333,0.10596,127
Dengue,freq,"SWAN(w=10,k=1.5)",SWAN,0.074207,0.080808,0.333333,0.130081,99
Dengue,freq,"SWAN(w=10,k=2.0)",SWAN,0.064386,0.082192,0.25,0.123711,73
Dengue,freq,"SWAN(w=20,k=1.0)",SWAN,0.063152,0.074766,0.333333,0.122137,107
Dengue,freq,"SWAN(w=20,k=1.5)",SWAN,0.061832,0.076923,0.291667,0.121739,91
Dengue,freq,"SWAN(w=20,k=2.0)",SWAN,0.09277,0.097222,0.291667,0.145833,72
Dengue,freq,"SWAN(w=50,k=1.0)",SWAN,0.145757,0.117647,0.416667,0.183486,85
Dengue,freq,"SWAN(w=50,k=1.5)",SWAN,0.147671,0.119048,0.416667,0.185185,84
Dengue,freq,"SWAN(w=50,k=2.0)",SWAN,0.111734,0.105263,0.333333,0.16,76
Dengue,freq,MutClust-Orig(g=10),MutClust-Orig,0.036983,0.053977,0.791667,0.101064,352
Dengue,entropy,Wavelet(t=1.0),Wavelet,0.038873,0.066667,0.25,0.105263,90
Dengue,entropy,Wavelet(t=1.5),Wavelet,-0.065801,0.0,0.0,0.0,38
Dengue,entropy,Wavelet(t=2.0),Wavelet,-0.029237,0.0,0.0,0.0,8
Dengue,entropy,KDE(p=75),KDE,0.108505,0.089431,0.458333,0.14966,123
Dengue,entropy,KDE(p=80),KDE,-0.018912,0.040816,0.166667,0.065574,98
Dengue,entropy,KDE(p=85),KDE,0.009916,0.054054,0.166667,0.081633,74
Dengue,entropy,SlidingTest(p=0.01),SlidingTest,0.124288,0.133333,0.25,0.173913,45
Dengue,entropy,SlidingTest(p=0.05),SlidingTest,0.146186,0.125,0.375,0.1875,72
Dengue,entropy,GradPeak(p=0.2),GradPeak,0.086877,0.117647,0.166667,0.137931,34
Dengue,entropy,GradPeak(p=0.5),GradPeak,0.150336,0.210526,0.166667,0.186047,19
Dengue,entropy,LocalContrast(z=1.0),LocalContrast,0.019753,0.057143,0.25,0.093023,105
Dengue,entropy,LocalContrast(z=1.5),LocalContrast,0.063294,0.093023,0.166667,0.119403,43
Dengue,entropy,LocalContrast(z=2.0),LocalContrast,0.01151,0.0625,0.041667,0.05,16
Dengue,entropy,"CUSUM(d=0.3,h=3.0)",CUSUM,0.045354,0.095238,0.083333,0.088889,21
Dengue,entropy,"CUSUM(d=0.5,h=4.0)",CUSUM,-0.023042,0.0,0.0,0.0,5
Dengue,entropy,"CUSUM(d=0.5,h=5.0)",CUSUM,-0.014528,0.0,0.0,0.0,2
Dengue,entropy,AdaptiveKnee,AdaptiveKnee,0.050875,0.060606,0.583333,0.109804,231
Dengue,entropy,ScoreDBSCAN(ep=8),ScoreDBSCAN,0.007721,0.05102,0.416667,0.090909,196
Dengue,entropy,ScoreDBSCAN(ep=15),ScoreDBSCAN,-0.013648,0.046429,0.541667,0.085526,280
Dengue,entropy,Spectral(z=1.5),Spectral,0.11347,0.122449,0.25,0.164384,49
Dengue,entropy,Spectral(z=2.0),Spectral,0.0763,0.12,0.125,0.122449,25
Dengue,entropy,Bayes(prior=0.1),Bayes,0.0,0.0,0.0,0.0,0
Dengue,entropy,Bayes(prior=0.15),Bayes,-0.023042,0.0,0.0,0.0,5
Dengue,entropy,AdaptWin(s=90),AdaptWin,0.030488,0.064103,0.208333,0.098039,78
Dengue,entropy,AdaptWin(s=85),AdaptWin,0.039012,0.064815,0.291667,0.106061,108
Dengue,entropy,FreqThresh(p=80),FreqThresh,0.062732,0.081081,0.25,0.122449,74
Dengue,entropy,FreqThresh(p=85),FreqThresh,0.039125,0.072727,0.166667,0.101266,55
Dengue,entropy,FreqThresh(p=90),FreqThresh,0.00672,0.054054,0.083333,0.065574,37
Dengue,entropy,FreqThresh(p=95),FreqThresh,0.052378,0.105263,0.083333,0.093023,19
Dengue,entropy,"SWAN(w=10,k=1.0)",SWAN,0.070504,0.073529,0.416667,0.125,136
Dengue,entropy,"SWAN(w=10,k=1.5)",SWAN,0.098835,0.087719,0.416667,0.144928,114
Dengue,entropy,"SWAN(w=10,k=2.0)",SWAN,0.037829,0.068493,0.208333,0.103093,73
Dengue,entropy,"SWAN(w=20,k=1.0)",SWAN,0.06866,0.075,0.375,0.125,120
Dengue,entropy,"SWAN(w=20,k=1.5)",SWAN,0.056136,0.073684,0.291667,0.117647,95
Dengue,entropy,"SWAN(w=20,k=2.0)",SWAN,0.102339,0.104478,0.291667,0.153846,67
Dengue,entropy,"SWAN(w=50,k=1.0)",SWAN,0.097933,0.083969,0.458333,0.141935,131
Dengue,entropy,"SWAN(w=50,k=1.5)",SWAN,0.136553,0.111111,0.416667,0.175439,90
Dengue,entropy,"SWAN(w=50,k=2.0)",SWAN,0.142005,0.114943,0.416667,0.18018,87
Dengue,entropy,MutClust-Orig(g=10),MutClust-Orig,0.023347,0.051913,0.791667,0.097436,366
Dengue,rare_freq,Wavelet(t=1.0),Wavelet,-0.02905,0.035294,0.125,0.055046,85
Dengue,rare_freq,Wavelet(t=1.5),Wavelet,0.042508,0.081081,0.125,0.098361,37
Dengue,rare_freq,Wavelet(t=2.0),Wavelet,-0.031043,0.0,0.0,0.0,9
Dengue,rare_freq,KDE(p=75),KDE,-0.000534,0.04878,0.25,0.081633,123
Dengue,rare_freq,KDE(p=80),KDE,0.004728,0.05102,0.208333,0.081967,98
Dengue,rare_freq,KDE(p=85),KDE,-0.016492,0.040541,0.125,0.061224,74
Dengue,rare_freq,SlidingTest(p=0.01),SlidingTest,-0.013362,0.037037,0.041667,0.039216,27
Dengue,rare_freq,SlidingTest(p=0.05),SlidingTest,0.090369,0.101695,0.25,0.144578,59
Dengue,rare_freq,GradPeak(p=0.2),GradPeak,0.0,0.0,0.0,0.0,0
Dengue,rare_freq,GradPeak(p=0.5),GradPeak,0.0,0.0,0.0,0.0,0
Dengue,rare_freq,LocalContrast(z=1.0),LocalContrast,0.015441,0.057143,0.166667,0.085106,70
Dengue,rare_freq,LocalContrast(z=1.5),LocalContrast,-0.014025,0.04,0.083333,0.054054,50
Dengue,rare_freq,LocalContrast(z=2.0),LocalContrast,-0.015131,0.035714,0.041667,0.038462,28
Dengue,rare_freq,"CUSUM(d=0.3,h=3.0)",CUSUM,0.003399,0.052632,0.041667,0.046512,19
Dengue,rare_freq,"CUSUM(d=0.5,h=4.0)",CUSUM,-0.031043,0.0,0.0,0.0,9
Dengue,rare_freq,"CUSUM(d=0.5,h=5.0)",CUSUM,-0.020588,0.0,0.0,0.0,4
Dengue,rare_freq,AdaptiveKnee,AdaptiveKnee,0.043026,0.068966,0.25,0.108108,87
Dengue,rare_freq,ScoreDBSCAN(ep=8),ScoreDBSCAN,0.008674,0.051282,0.416667,0.091324,195
Dengue,rare_freq,ScoreDBSCAN(ep=15),ScoreDBSCAN,-0.014743,0.045455,0.416667,0.081967,220
Dengue,rare_freq,Spectral(z=1.5),Spectral,0.07301,0.102564,0.166667,0.126984,39
Dengue,rare_freq,Spectral(z=2.0),Spectral,-0.005657,0.043478,0.041667,0.042553,23
Dengue,rare_freq,Bayes(prior=0.1),Bayes,0.0,0.0,0.0,0.0,0
Dengue,rare_freq,Bayes(prior=0.15),Bayes,0.004906,0.052632,0.083333,0.064516,38
Dengue,rare_freq,AdaptWin(s=90),AdaptWin,0.004906,0.052632,0.083333,0.064516,38
Dengue,rare_freq,AdaptWin(s=85),AdaptWin,0.040898,0.070423,0.208333,0.105263,71
Dengue,rare_freq,FreqThresh(p=80),FreqThresh,0.084285,0.096774,0.25,0.139535,62
Dengue,rare_freq,FreqThresh(p=85),FreqThresh,0.054522,0.085106,0.166667,0.112676,47
Dengue,rare_freq,FreqThresh(p=90),FreqThresh,-0.023254,0.030303,0.041667,0.035088,33
Dengue,rare_freq,FreqThresh(p=95),FreqThresh,0.00595,0.055556,0.041667,0.047619,18
Dengue,rare_freq,"SWAN(w=10,k=1.0)",SWAN,0.066262,0.079545,0.291667,0.125,88
Dengue,rare_freq,"SWAN(w=10,k=1.5)",SWAN,0.094625,0.098592,0.291667,0.147368,71
Dengue,rare_freq,"SWAN(w=10,k=2.0)",SWAN,0.121745,0.12069,0.291667,0.170732,58
Dengue,rare_freq,"SWAN(w=20,k=1.0)",SWAN,0.090896,0.090909,0.333333,0.142857,88
Dengue,rare_freq,"SWAN(w=20,k=1.5)",SWAN,0.094625,0.098592,0.291667,0.147368,71
Dengue,rare_freq,"SWAN(w=20,k=2.0)",SWAN,0.105015,0.125,0.208333,0.15625,40
Dengue,rare_freq,"SWAN(w=50,k=1.0)",SWAN,0.077101,0.082474,0.333333,0.132231,97
Dengue,rare_freq,"SWAN(w=50,k=1.5)",SWAN,0.094154,0.093023,0.333333,0.145455,86
Dengue,rare_freq,"SWAN(w=50,k=2.0)",SWAN,0.143561,0.131148,0.333333,0.188235,61
Dengue,rare_freq,MutClust-Orig(g=10),MutClust-Orig,0.0,0.0,0.0,0.0,0
Dengue,homoplasy,Wavelet(t=1.0),Wavelet,-0.083965,0.0,0.0,0.0,59
Dengue,homoplasy,Wavelet(t=1.5),Wavelet,-0.064858,0.0,0.0,0.0,37
Dengue,homoplasy,Wavelet(t=2.0),Wavelet,-0.059987,0.0,0.0,0.0,32
Dengue,homoplasy,KDE(p=75),KDE,0.217544,0.130081,0.666667,0.217687,123
Dengue,homoplasy,KDE(p=80),KDE,0.217485,0.142857,0.583333,0.229508,98
Dengue,homoplasy,KDE(p=85),KDE,0.247588,0.175676,0.541667,0.265306,74
Dengue,homoplasy,SlidingTest(p=0.01),SlidingTest,0.01391,0.057692,0.125,0.078947,52
Dengue,homoplasy,SlidingTest(p=0.05),SlidingTest,0.136553,0.111111,0.416667,0.175439,90
Dengue,homoplasy,GradPeak(p=0.2),GradPeak,0.052364,0.142857,0.041667,0.064516,7
Dengue,homoplasy,GradPeak(p=0.5),GradPeak,0.0,0.0,0.0,0.0,0
Dengue,homoplasy,LocalContrast(z=1.0),LocalContrast,0.111734,0.105263,0.333333,0.16,76
Dengue,homoplasy,LocalContrast(z=1.5),LocalContrast,0.130134,0.139535,0.25,0.179104,43
Dengue,homoplasy,LocalContrast(z=2.0),LocalContrast,0.087785,0.136364,0.125,0.130435,22
Dengue,homoplasy,"CUSUM(d=0.3,h=3.0)",CUSUM,0.185416,0.238095,0.208333,0.222222,21
Dengue,homoplasy,"CUSUM(d=0.5,h=4.0)",CUSUM,0.1098,0.222222,0.083333,0.121212,9
Dengue,homoplasy,"CUSUM(d=0.5,h=5.0)",CUSUM,0.060713,0.166667,0.041667,0.066667,6
Dengue,homoplasy,AdaptiveKnee,AdaptiveKnee,0.234233,0.155556,0.583333,0.245614,90
Dengue,homoplasy,ScoreDBSCAN(ep=8),ScoreDBSCAN,-0.134249,0.026316,0.333333,0.04878,304
Dengue,homoplasy,ScoreDBSCAN(ep=15),ScoreDBSCAN,-0.137855,0.036232,0.625,0.068493,414
Dengue,homoplasy,Spectral(z=1.5),Spectral,0.110968,0.131579,0.208333,0.16129,38
Dengue,homoplasy,Spectral(z=2.0),Spectral,0.048765,0.1,0.083333,0.090909,20
Dengue,homoplasy,Bayes(prior=0.1),Bayes,0.0,0.0,0.0,0.0,0
Dengue,homoplasy,Bayes(prior=0.15),Bayes,0.0,0.0,0.0,0.0,0
Dengue,homoplasy,AdaptWin(s=90),AdaptWin,0.164531,0.08658,0.833333,0.156863,231
Dengue,homoplasy,AdaptWin(s=85),AdaptWin,0.073047,0.054054,1.0,0.102564,444
Dengue,homoplasy,FreqThresh(p=80),FreqThresh,0.239438,0.132353,0.75,0.225,136
Dengue,homoplasy,FreqThresh(p=85),FreqThresh,0.234233,0.155556,0.583333,0.245614,90
Dengue,homoplasy,FreqThresh(p=90),FreqThresh,0.217896,0.169231,0.458333,0.247191,65
Dengue,homoplasy,FreqThresh(p=95),FreqThresh,0.16965,0.1875,0.25,0.214286,32
Dengue,homoplasy,"SWAN(w=10,k=1.0)",SWAN,0.261214,0.153153,0.708333,0.251852,111
Dengue,homoplasy,"SWAN(w=10,k=1.5)",SWAN,0.221514,0.145833,0.583333,0.233333,96
Dengue,homoplasy,"SWAN(w=10,k=2.0)",SWAN,0.200028,0.144578,0.5,0.224299,83
Dengue,homoplasy,"SWAN(w=20,k=1.0)",SWAN,0.234279,0.134921,0.708333,0.226667,126
Dengue,homoplasy,"SWAN(w=20,k=1.5)",SWAN,0.19173,0.125,0.583333,0.205882,112
Dengue,homoplasy,"SWAN(w=20,k=2.0)",SWAN,0.175729,0.126316,0.5,0.201681,95
Dengue,homoplasy,"SWAN(w=50,k=1.0)",SWAN,0.195323,0.111842,0.708333,0.193182,152
Dengue,homoplasy,"SWAN(w=50,k=1.5)",SWAN,0.239352,0.138211,0.708333,0.231293,123
Dengue,homoplasy,"SWAN(w=50,k=2.0)",SWAN,0.255492,0.149123,0.708333,0.246377,114
Dengue,homoplasy,MutClust-Orig(g=10),MutClust-Orig,0.010263,0.04908,1.0,0.093567,489
Dengue,esm2_llr,Wavelet(t=1.0),Wavelet,-0.071113,0.013158,0.041667,0.02,76
Dengue,esm2_llr,Wavelet(t=1.5),Wavelet,-0.046814,0.0,0.0,0.0,20
Dengue,esm2_llr,Wavelet(t=2.0),Wavelet,-0.037465,0.0,0.0,0.0,13
Dengue,esm2_llr,KDE(p=75),KDE,-0.04415,0.03252,0.166667,0.054422,123
Dengue,esm2_llr,KDE(p=80),KDE,-0.018912,0.040816,0.166667,0.065574,98
Dengue,esm2_llr,KDE(p=85),KDE,-0.016492,0.040541,0.125,0.061224,74
Dengue,esm2_llr,SlidingTest(p=0.01),SlidingTest,0.052205,0.090909,0.125,0.105263,33
Dengue,esm2_llr,SlidingTest(p=0.05),SlidingTest,0.024281,0.0625,0.166667,0.090909,64
Dengue,esm2_llr,GradPeak(p=0.2),GradPeak,-0.009647,0.04,0.041667,0.040816,25
Dengue,esm2_llr,GradPeak(p=0.5),GradPeak,0.02522,0.083333,0.041667,0.055556,12
Dengue,esm2_llr,LocalContrast(z=1.0),LocalContrast,0.071236,0.086957,0.25,0.129032,69
Dengue,esm2_llr,LocalContrast(z=1.5),LocalContrast,0.084264,0.104167,0.208333,0.138889,48
Dengue,esm2_llr,LocalContrast(z=2.0),LocalContrast,0.012454,0.058824,0.083333,0.068966,34
Dengue,esm2_llr,"CUSUM(d=0.3,h=3.0)",CUSUM,0.124346,0.2,0.125,0.153846,15
Dengue,esm2_llr,"CUSUM(d=0.5,h=4.0)",CUSUM,0.034121,0.1,0.041667,0.058824,10
Dengue,esm2_llr,"CUSUM(d=0.5,h=5.0)",CUSUM,-0.02732,0.0,0.0,0.0,7
Dengue,esm2_llr,AdaptiveKnee,AdaptiveKnee,0.092473,0.103448,0.25,0.146341,58
Dengue,esm2_llr,ScoreDBSCAN(ep=8),ScoreDBSCAN,-0.012504,0.046823,0.583333,0.086687,299
Dengue,esm2_llr,ScoreDBSCAN(ep=15),ScoreDBSCAN,0.025854,0.051044,0.916667,0.096703,431
Dengue,esm2_llr,Spectral(z=1.5),Spectral,-0.059987,0.0,0.0,0.0,32
Dengue,esm2_llr,Spectral(z=2.0),Spectral,-0.049204,0.0,0.0,0.0,22
Dengue,esm2_llr,Bayes(prior=0.1),Bayes,0.0,0.0,0.0,0.0,0
Dengue,esm2_llr,Bayes(prior=0.15),Bayes,-0.043024,0.0,0.0,0.0,17
Dengue,esm2_llr,AdaptWin(s=90),AdaptWin,0.054786,0.075949,0.25,0.116505,79
Dengue,esm2_llr,AdaptWin(s=85),AdaptWin,-0.023797,0.041096,0.25,0.070588,146
Dengue,esm2_llr,FreqThresh(p=80),FreqThresh,0.052007,0.071429,0.291667,0.114754,98
Dengue,esm2_llr,FreqThresh(p=85),FreqThresh,0.062732,0.081081,0.25,0.122449,74
Dengue,esm2_llr,FreqThresh(p=90),FreqThresh,0.11347,0.122449,0.25,0.164384,49
Dengue,esm2_llr,FreqThresh(p=95),FreqThresh,-0.009647,0.04,0.041667,0.040816,25
Dengue,esm2_llr,"SWAN(w=10,k=1.0)",SWAN,0.030923,0.0625,0.25,0.1,96
Dengue,esm2_llr,"SWAN(w=10,k=1.5)",SWAN,0.008576,0.053333,0.166667,0.080808,75
Dengue,esm2_llr,"SWAN(w=10,k=2.0)",SWAN,-0.014025,0.04,0.083333,0.054054,50
Dengue,esm2_llr,"SWAN(w=20,k=1.0)",SWAN,-0.063458,0.021053,0.083333,0.033613,95
Dengue,esm2_llr,"SWAN(w=20,k=1.5)",SWAN,-0.039692,0.028169,0.083333,0.042105,71
Dengue,esm2_llr,"SWAN(w=20,k=2.0)",SWAN,-0.016792,0.038462,0.083333,0.052632,52
Dengue,esm2_llr,"SWAN(w=50,k=1.0)",SWAN,-0.066191,0.020408,0.083333,0.032787,98
Dengue,esm2_llr,"SWAN(w=50,k=1.5)",SWAN,-0.040771,0.027778,0.083333,0.041667,72
Dengue,esm2_llr,"SWAN(w=50,k=2.0)",SWAN,-0.036395,0.029412,0.083333,0.043478,68
Dengue,esm2_llr,MutClust-Orig(g=10),MutClust-Orig,0.0,0.04898,1.0,0.093385,490
Dengue,plddt_inv,Wavelet(t=1.0),Wavelet,-0.10618,0.0,0.0,0.0,88
Dengue,plddt_inv,Wavelet(t=1.5),Wavelet,-0.084772,0.0,0.0,0.0,60
Dengue,plddt_inv,Wavelet(t=2.0),Wavelet,-0.048022,0.0,0.0,0.0,21
Dengue,plddt_inv,KDE(p=75),KDE,-0.065957,0.02439,0.125,0.040816,123
Dengue,plddt_inv,KDE(p=80),KDE,-0.042551,0.030612,0.125,0.04918,98
Dengue,plddt_inv,KDE(p=85),KDE,-0.016492,0.040541,0.125,0.061224,74
Dengue,plddt_inv,SlidingTest(p=0.01),SlidingTest,-0.137089,0.0,0.0,0.0,131
Dengue,plddt_inv,SlidingTest(p=0.05),SlidingTest,-0.125647,0.006944,0.041667,0.011905,144
Dengue,plddt_inv,GradPeak(p=0.2),GradPeak,0.086877,0.117647,0.166667,0.137931,34
Dengue,plddt_inv,GradPeak(p=0.5),GradPeak,0.089935,0.121212,0.166667,0.140351,33
Dengue,plddt_inv,LocalContrast(z=1.0),LocalContrast,-0.020043,0.038961,0.125,0.059406,77
Dengue,plddt_inv,LocalContrast(z=1.5),LocalContrast,-0.00769,0.041667,0.041667,0.041667,24
Dengue,plddt_inv,LocalContrast(z=2.0),LocalContrast,-0.023042,0.0,0.0,0.0,5
Dengue,plddt_inv,"CUSUM(d=0.3,h=3.0)",CUSUM,-0.065801,0.0,0.0,0.0,38
Dengue,plddt_inv,"CUSUM(d=0.5,h=4.0)",CUSUM,-0.048022,0.0,0.0,0.0,21
Dengue,plddt_inv,"CUSUM(d=0.5,h=5.0)",CUSUM,-0.041695,0.0,0.0,0.0,16
Dengue,plddt_inv,AdaptiveKnee,AdaptiveKnee,-0.154134,0.009756,0.083333,0.017467,205
Dengue,plddt_inv,ScoreDBSCAN(ep=8),ScoreDBSCAN,-0.001598,0.048387,0.25,0.081081,124
Dengue,plddt_inv,ScoreDBSCAN(ep=15),ScoreDBSCAN,0.055046,0.055409,0.875,0.104218,379
Dengue,plddt_inv,Spectral(z=1.5),Spectral,-0.003547,0.046512,0.083333,0.059701,43
Dengue,plddt_inv,Spectral(z=2.0),Spectral,-0.055869,0.0,0.0,0.0,28
Dengue,plddt_inv,Bayes(prior=0.1),Bayes,0.0,0.0,0.0,0.0,0
Dengue,plddt_inv,Bayes(prior=0.15),Bayes,0.0,0.0,0.0,0.0,0
Dengue,plddt_inv,AdaptWin(s=90),AdaptWin,-0.0975,0.024272,0.208333,0.043478,206
Dengue,plddt_inv,AdaptWin(s=85),AdaptWin,-0.128694,0.020747,0.208333,0.037736,241
Dengue,plddt_inv,FreqThresh(p=80),FreqThresh,-0.117797,0.0,0.0,0.0,104
Dengue,plddt_inv,FreqThresh(p=85),FreqThresh,-0.098744,0.0,0.0,0.0,78
Dengue,plddt_inv,FreqThresh(p=90),FreqThresh,-0.079033,0.0,0.0,0.0,53
Dengue,plddt_inv,FreqThresh(p=95),FreqThresh,-0.053721,0.0,0.0,0.0,26
Dengue,plddt_inv,"SWAN(w=10,k=1.0)",SWAN,-0.134965,0.014634,0.125,0.026201,205
Dengue,plddt_inv,"SWAN(w=10,k=1.5)",SWAN,-0.126555,0.015385,0.125,0.027397,195
Dengue,plddt_inv,"SWAN(w=10,k=2.0)",SWAN,-0.144237,0.010363,0.083333,0.018433,193
Dengue,plddt_inv,"SWAN(w=20,k=1.0)",SWAN,-0.087656,0.023256,0.166667,0.040816,172
Dengue,plddt_inv,"SWAN(w=20,k=1.5)",SWAN,-0.087656,0.023256,0.166667,0.040816,172
Dengue,plddt_inv,"SWAN(w=20,k=2.0)",SWAN,-0.086803,0.023392,0.166667,0.041026,171
Dengue,plddt_inv,"SWAN(w=50,k=1.0)",SWAN,-0.126555,0.015385,0.125,0.027397,195
Dengue,plddt_inv,"SWAN(w=50,k=1.5)",SWAN,-0.129683,0.011429,0.083333,0.020101,175
Dengue,plddt_inv,"SWAN(w=50,k=2.0)",SWAN,-0.147091,0.005814,0.041667,0.010204,172
Dengue,plddt_inv,MutClust-Orig(g=10),MutClust-Orig,0.017812,0.049281,1.0,0.093933,487
Dengue,sasa,Wavelet(t=1.0),Wavelet,-0.037499,0.032258,0.125,0.051282,93
Dengue,sasa,Wavelet(t=1.5),Wavelet,0.042508,0.081081,0.125,0.098361,37
Dengue,sasa,Wavelet(t=2.0),Wavelet,-0.035957,0.0,0.0,0.0,12
Dengue,sasa,KDE(p=75),KDE,0.173928,0.113821,0.583333,0.190476,123
Dengue,sasa,KDE(p=80),KDE,0.217485,0.142857,0.583333,0.229508,98
Dengue,sasa,KDE(p=85),KDE,0.168364,0.135135,0.416667,0.204082,74
Dengue,sasa,SlidingTest(p=0.01),SlidingTest,0.003137,0.051282,0.083333,0.063492,39
Dengue,sasa,SlidingTest(p=0.05),SlidingTest,-0.023495,0.0375,0.125,0.057692,80
Dengue,sasa,GradPeak(p=0.2),GradPeak,-0.001334,0.047619,0.041667,0.044444,21
Dengue,sasa,GradPeak(p=0.5),GradPeak,-0.023042,0.0,0.0,0.0,5
Dengue,sasa,LocalContrast(z=1.0),LocalContrast,-0.007642,0.045455,0.166667,0.071429,88
Dengue,sasa,LocalContrast(z=1.5),LocalContrast,-0.067661,0.0,0.0,0.0,40
Dengue,sasa,LocalContrast(z=2.0),LocalContrast,-0.048022,0.0,0.0,0.0,21
Dengue,sasa,"CUSUM(d=0.3,h=3.0)",CUSUM,-0.048022,0.0,0.0,0.0,21
Dengue,sasa,"CUSUM(d=0.5,h=4.0)",CUSUM,-0.029237,0.0,0.0,0.0,8
Dengue,sasa,"CUSUM(d=0.5,h=5.0)",CUSUM,-0.023042,0.0,0.0,0.0,5
Dengue,sasa,AdaptiveKnee,AdaptiveKnee,-0.040751,0.035211,0.208333,0.060241,142
Dengue,sasa,ScoreDBSCAN(ep=8),ScoreDBSCAN,0.066262,0.079545,0.291667,0.125,88
Dengue,sasa,ScoreDBSCAN(ep=15),ScoreDBSCAN,0.062783,0.060714,0.708333,0.111842,280
Dengue,sasa,Spectral(z=1.5),Spectral,-0.042976,0.020833,0.041667,0.027778,48
Dengue,sasa,Spectral(z=2.0),Spectral,-0.049204,0.0,0.0,0.0,22
Dengue,sasa,Bayes(prior=0.1),Bayes,0.0,0.0,0.0,0.0,0
Dengue,sasa,Bayes(prior=0.15),Bayes,0.0,0.0,0.0,0.0,0
Dengue,sasa,AdaptWin(s=90),AdaptWin,-0.016725,0.041667,0.166667,0.066667,96
Dengue,sasa,AdaptWin(s=85),AdaptWin,-0.036983,0.036232,0.208333,0.061728,138
Dengue,sasa,FreqThresh(p=80),FreqThresh,-0.031209,0.034483,0.125,0.054054,87
Dengue,sasa,FreqThresh(p=85),FreqThresh,-0.00512,0.046154,0.125,0.067416,65
Dengue,sasa,FreqThresh(p=90),FreqThresh,-0.038205,0.022727,0.041667,0.029412,44
Dengue,sasa,FreqThresh(p=95),FreqThresh,-0.049204,0.0,0.0,0.0,22
Dengue,sasa,"SWAN(w=10,k=1.0)",SWAN,-0.033306,0.038462,0.25,0.066667,156
Dengue,sasa,"SWAN(w=10,k=1.5)",SWAN,-0.036983,0.036232,0.208333,0.061728,138
Dengue,sasa,"SWAN(w=10,k=2.0)",SWAN,-0.021068,0.04,0.166667,0.064516,100
Dengue,sasa,"SWAN(w=20,k=1.0)",SWAN,0.006508,0.050847,0.375,0.089552,177
Dengue,sasa,"SWAN(w=20,k=1.5)",SWAN,0.009311,0.051948,0.333333,0.089888,154
Dengue,sasa,"SWAN(w=20,k=2.0)",SWAN,0.014453,0.055556,0.208333,0.087719,90
Dengue,sasa,"SWAN(w=50,k=1.0)",SWAN,-0.009707,0.046392,0.375,0.082569,194
Dengue,sasa,"SWAN(w=50,k=1.5)",SWAN,-0.006125,0.04698,0.291667,0.080925,149
Dengue,sasa,"SWAN(w=50,k=2.0)",SWAN,-0.058921,0.015873,0.041667,0.022989,63
Dengue,sasa,MutClust-Orig(g=10),MutClust-Orig,-0.027398,0.046729,0.833333,0.088496,428
Dengue,grantham,Wavelet(t=1.0),Wavelet,0.062732,0.081081,0.25,0.122449,74
Dengue,grantham,Wavelet(t=1.5),Wavelet,-0.014025,0.04,0.083333,0.054054,50
Dengue,grantham,Wavelet(t=2.0),Wavelet,-0.048022,0.0,0.0,0.0,21
Dengue,grantham,KDE(p=75),KDE,0.173928,0.113821,0.583333,0.190476,123
Dengue,grantham,KDE(p=80),KDE,0.052007,0.071429,0.291667,0.114754,98
Dengue,grantham,KDE(p=85),KDE,-0.069307,0.013514,0.041667,0.020408,74
Dengue,grantham,SlidingTest(p=0.01),SlidingTest,0.080213,0.153846,0.083333,0.108108,13
Dengue,grantham,SlidingTest(p=0.05),SlidingTest,0.028993,0.065574,0.166667,0.094118,61
Dengue,grantham,GradPeak(p=0.2),GradPeak,0.011581,0.053571,0.25,0.088235,112
Dengue,grantham,GradPeak(p=0.5),GradPeak,0.011581,0.053571,0.25,0.088235,112
Dengue,grantham,LocalContrast(z=1.0),LocalContrast,0.023563,0.060241,0.208333,0.093458,83
Dengue,grantham,LocalContrast(z=1.5),LocalContrast,0.00672,0.054054,0.083333,0.065574,37
Dengue,grantham,LocalContrast(z=2.0),LocalContrast,0.000975,0.05,0.041667,0.045455,20
Dengue,grantham,"CUSUM(d=0.3,h=3.0)",CUSUM,0.074597,0.142857,0.083333,0.105263,14
Dengue,grantham,"CUSUM(d=0.5,h=4.0)",CUSUM,-0.025268,0.0,0.0,0.0,6
Dengue,grantham,"CUSUM(d=0.5,h=5.0)",CUSUM,-0.017812,0.0,0.0,0.0,3
Dengue,grantham,AdaptiveKnee,AdaptiveKnee,0.052007,0.071429,0.291667,0.114754,98
Dengue,grantham,ScoreDBSCAN(ep=8),ScoreDBSCAN,0.000831,0.049383,0.166667,0.07619,81
Dengue,grantham,ScoreDBSCAN(ep=15),ScoreDBSCAN,0.067932,0.064378,0.625,0.116732,233
Dengue,grantham,Spectral(z=1.5),Spectral,-0.00193,0.047619,0.083333,0.060606,42
Dengue,grantham,Spectral(z=2.0),Spectral,-0.052621,0.0,0.0,0.0,25
Dengue,grantham,Bayes(prior=0.1),Bayes,0.0,0.0,0.0,0.0,0
Dengue,grantham,Bayes(prior=0.15),Bayes,-0.023042,0.0,0.0,0.0,5
Dengue,grantham,AdaptWin(s=90),AdaptWin,0.054786,0.075949,0.25,0.116505,79
Dengue,grantham,AdaptWin(s=85),AdaptWin,0.129884,0.093525,0.541667,0.159509,139
Dengue,grantham,FreqThresh(p=80),FreqThresh,0.062732,0.081081,0.25,0.122449,74
Dengue,grantham,FreqThresh(p=85),FreqThresh,-0.020785,0.036364,0.083333,0.050633,55
Dengue,grantham,FreqThresh(p=90),FreqThresh,-0.030448,0.026316,0.041667,0.032258,38
Dengue,grantham,FreqThresh(p=95),FreqThresh,0.003399,0.052632,0.041667,0.046512,19
Dengue,grantham,"SWAN(w=10,k=1.0)",SWAN,0.09412,0.08209,0.458333,0.139241,134
Dengue,grantham,"SWAN(w=10,k=1.5)",SWAN,0.045868,0.070588,0.25,0.110092,85
Dengue,grantham,"SWAN(w=10,k=2.0)",SWAN,0.074817,0.089552,0.25,0.131868,67
Dengue,grantham,"SWAN(w=20,k=1.0)",SWAN,0.120927,0.089041,0.541667,0.152941,146
Dengue,grantham,"SWAN(w=20,k=1.5)",SWAN,0.077791,0.079646,0.375,0.131387,113
Dengue,grantham,"SWAN(w=20,k=2.0)",SWAN,0.087364,0.093333,0.291667,0.141414,75
Dengue,grantham,"SWAN(w=50,k=1.0)",SWAN,0.146693,0.107143,0.5,0.176471,112
Dengue,grantham,"SWAN(w=50,k=1.5)",SWAN,0.159706,0.115385,0.5,0.1875,104
Dengue,grantham,"SWAN(w=50,k=2.0)",SWAN,0.193584,0.139535,0.5,0.218182,86
Dengue,grantham,MutClust-Orig(g=10),MutClust-Orig,0.024348,0.052055,0.791667,0.097686,365
Dengue,dnds_proxy,Wavelet(t=1.0),Wavelet,-0.022355,0.037975,0.125,0.058252,79
Dengue,dnds_proxy,Wavelet(t=1.5),Wavelet,-0.072167,0.0,0.0,0.0,45
Dengue,dnds_proxy,Wavelet(t=2.0),Wavelet,-0.037465,0.0,0.0,0.0,13
Dengue,dnds_proxy,KDE(p=75),KDE,0.021274,0.056911,0.291667,0.095238,123
Dengue,dnds_proxy,KDE(p=80),KDE,-0.018912,0.040816,0.166667,0.065574,98
Dengue,dnds_proxy,KDE(p=85),KDE,-0.016492,0.040541,0.125,0.061224,74
Dengue,dnds_proxy,SlidingTest(p=0.01),SlidingTest,0.045354,0.095238,0.083333,0.088889,21
Dengue,dnds_proxy,SlidingTest(p=0.05),SlidingTest,0.109868,0.103896,0.333333,0.158416,77
Dengue,dnds_proxy,GradPeak(p=0.2),GradPeak,0.028993,0.065574,0.166667,0.094118,61
Dengue,dnds_proxy,GradPeak(p=0.5),GradPeak,0.07301,0.102564,0.166667,0.126984,39
Dengue,dnds_proxy,LocalContrast(z=1.0),LocalContrast,0.040243,0.067416,0.25,0.106195,89
Dengue,dnds_proxy,LocalContrast(z=1.5),LocalContrast,0.015546,0.058824,0.125,0.08,51
Dengue,dnds_proxy,LocalContrast(z=2.0),LocalContrast,0.036123,0.083333,0.083333,0.083333,24
Dengue,dnds_proxy,"CUSUM(d=0.3,h=3.0)",CUSUM,0.048765,0.1,0.083333,0.090909,20
Dengue,dnds_proxy,"CUSUM(d=0.5,h=4.0)",CUSUM,-0.02732,0.0,0.0,0.0,7
Dengue,dnds_proxy,"CUSUM(d=0.5,h=5.0)",CUSUM,-0.020588,0.0,0.0,0.0,4
Dengue,dnds_proxy,AdaptiveKnee,AdaptiveKnee,0.050875,0.060606,0.583333,0.109804,231
Dengue,dnds_proxy,ScoreDBSCAN(ep=8),ScoreDBSCAN,-0.064317,0.029762,0.208333,0.052083,168
Dengue,dnds_proxy,ScoreDBSCAN(ep=15),ScoreDBSCAN,0.014283,0.052,0.541667,0.094891,250
Dengue,dnds_proxy,Spectral(z=1.5),Spectral,0.056638,0.086957,0.166667,0.114286,46
Dengue,dnds_proxy,Spectral(z=2.0),Spectral,0.03905,0.086957,0.083333,0.085106,23
Dengue,dnds_proxy,Bayes(prior=0.1),Bayes,0.0,0.0,0.0,0.0,0
Dengue,dnds_proxy,Bayes(prior=0.15),Bayes,-0.018514,0.033333,0.041667,0.037037,30
Dengue,dnds_proxy,AdaptWin(s=90),AdaptWin,0.033371,0.065789,0.208333,0.1,76
Dengue,dnds_proxy,AdaptWin(s=85),AdaptWin,-0.002171,0.048077,0.208333,0.078125,104
Dengue,dnds_proxy,FreqThresh(p=80),FreqThresh,0.064386,0.082192,0.25,0.123711,73
Dengue,dnds_proxy,FreqThresh(p=85),FreqThresh,-0.020785,0.036364,0.083333,0.050633,55
Dengue,dnds_proxy,FreqThresh(p=90),FreqThresh,0.00672,0.054054,0.083333,0.065574,37
Dengue,dnds_proxy,FreqThresh(p=95),FreqThresh,-0.003541,0.045455,0.041667,0.043478,22
Dengue,dnds_proxy,"SWAN(w=10,k=1.0)",SWAN,0.069967,0.078431,0.333333,0.126984,102
Dengue,dnds_proxy,"SWAN(w=10,k=1.5)",SWAN,0.053256,0.075,0.25,0.115385,80
Dengue,dnds_proxy,"SWAN(w=10,k=2.0)",SWAN,0.066062,0.083333,0.25,0.125,72
Dengue,dnds_proxy,"SWAN(w=20,k=1.0)",SWAN,0.0592,0.072727,0.333333,0.119403,110
Dengue,dnds_proxy,"SWAN(w=20,k=1.5)",SWAN,0.075581,0.085366,0.291667,0.132075,82
Dengue,dnds_proxy,"SWAN(w=20,k=2.0)",SWAN,0.094625,0.098592,0.291667,0.147368,71
Dengue,dnds_proxy,"SWAN(w=50,k=1.0)",SWAN,0.113456,0.096154,0.416667,0.15625,104
Dengue,dnds_proxy,"SWAN(w=50,k=1.5)",SWAN,0.118118,0.09901,0.416667,0.16,101
Dengue,dnds_proxy,"SWAN(w=50,k=2.0)",SWAN,0.121488,0.112676,0.333333,0.168421,71
Dengue,dnds_proxy,MutClust-Orig(g=10),MutClust-Orig,0.024348,0.052055,0.791667,0.097686,365
Dengue,semantic_change,Wavelet(t=1.0),Wavelet,-0.078195,0.0,0.0,0.0,52
Dengue,semantic_change,Wavelet(t=1.5),Wavelet,-0.071281,0.0,0.0,0.0,44
Dengue,semantic_change,Wavelet(t=2.0),Wavelet,-0.062942,0.0,0.0,0.0,35
Dengue,semantic_change,KDE(p=75),KDE,-0.022342,0.04065,0.208333,0.068027,123
Dengue,semantic_change,KDE(p=80),KDE,0.004728,0.05102,0.208333,0.081967,98
Dengue,semantic_change,KDE(p=85),KDE,-0.016492,0.040541,0.125,0.061224,74
Dengue,semantic_change,SlidingTest(p=0.01),SlidingTest,-0.011166,0.041667,0.083333,0.055556,48
Dengue,semantic_change,SlidingTest(p=0.05),SlidingTest,-0.014507,0.042553,0.166667,0.067797,94
Dengue,semantic_change,GradPeak(p=0.2),GradPeak,0.0,0.0,0.0,0.0,0
Dengue,semantic_change,GradPeak(p=0.5),GradPeak,0.0,0.0,0.0,0.0,0
Dengue,semantic_change,LocalContrast(z=1.0),LocalContrast,0.025828,0.063492,0.166667,0.091954,63
Dengue,semantic_change,LocalContrast(z=1.5),LocalContrast,-0.04558,0.0,0.0,0.0,19
Dengue,semantic_change,LocalContrast(z=2.0),LocalContrast,-0.023042,0.0,0.0,0.0,5
Dengue,semantic_change,"CUSUM(d=0.3,h=3.0)",CUSUM,-0.040328,0.0,0.0,0.0,15
Dengue,semantic_change,"CUSUM(d=0.5,h=4.0)",CUSUM,-0.020588,0.0,0.0,0.0,4
Dengue,semantic_change,"CUSUM(d=0.5,h=5.0)",CUSUM,-0.017812,0.0,0.0,0.0,3
Dengue,semantic_change,AdaptiveKnee,AdaptiveKnee,-0.001045,0.048387,0.125,0.069767,62
Dengue,semantic_change,ScoreDBSCAN(ep=8),ScoreDBSCAN,-0.019296,0.041667,0.208333,0.069444,120
Dengue,semantic_change,ScoreDBSCAN(ep=15),ScoreDBSCAN,0.005941,0.05,0.625,0.092593,300
Dengue,semantic_change,Spectral(z=1.5),Spectral,-0.038205,0.022727,0.041667,0.029412,44
Dengue,semantic_change,Spectral(z=2.0),Spectral,-0.043024,0.0,0.0,0.0,17
Dengue,semantic_change,Bayes(prior=0.1),Bayes,0.0,0.0,0.0,0.0,0
Dengue,semantic_change,Bayes(prior=0.15),Bayes,0.0,0.0,0.0,0.0,0
Dengue,semantic_change,AdaptWin(s=90),AdaptWin,-0.018271,0.042017,0.208333,0.06993,119
Dengue,semantic_change,AdaptWin(s=85),AdaptWin,0.046324,0.061224,0.5,0.109091,196
Dengue,semantic_change,FreqThresh(p=80),FreqThresh,-0.015283,0.041096,0.125,0.061856,73
Dengue,semantic_change,FreqThresh(p=85),FreqThresh,0.00917,0.054545,0.125,0.075949,55
Dengue,semantic_change,FreqThresh(p=90),FreqThresh,-0.064858,0.0,0.0,0.0,37
Dengue,semantic_change,FreqThresh(p=95),FreqThresh,-0.04558,0.0,0.0,0.0,19
Dengue,semantic_change,"SWAN(w=10,k=1.0)",SWAN,-0.009368,0.046243,0.333333,0.081218,173
Dengue,semantic_change,"SWAN(w=10,k=1.5)",SWAN,0.015467,0.054054,0.333333,0.093023,148
Dengue,semantic_change,"SWAN(w=10,k=2.0)",SWAN,-0.004406,0.04717,0.208333,0.076923,106
Dengue,semantic_change,"SWAN(w=20,k=1.0)",SWAN,-0.047126,0.035088,0.25,0.061538,171
Dengue,semantic_change,"SWAN(w=20,k=1.5)",SWAN,-0.04165,0.036364,0.25,0.063492,165
Dengue,semantic_change,"SWAN(w=20,k=2.0)",SWAN,-0.009918,0.045455,0.25,0.076923,132
Dengue,semantic_change,"SWAN(w=50,k=1.0)",SWAN,-0.081003,0.028708,0.25,0.051502,209
Dengue,semantic_change,"SWAN(w=50,k=1.5)",SWAN,-0.04165,0.036364,0.25,0.063492,165
Dengue,semantic_change,"SWAN(w=50,k=2.0)",SWAN,-0.027635,0.04,0.25,0.068966,150
Dengue,semantic_change,MutClust-Orig(g=10),MutClust-Orig,0.004906,0.052632,0.083333,0.064516,38
Dengue,EVEscape_composite,Wavelet(t=1.0),Wavelet,0.059492,0.078947,0.25,0.12,76
Dengue,EVEscape_composite,Wavelet(t=1.5),Wavelet,0.020644,0.0625,0.125,0.083333,48
Dengue,EVEscape_composite,Wavelet(t=2.0),Wavelet,0.060317,0.117647,0.083333,0.097561,17
Dengue,EVEscape_composite,KDE(p=75),KDE,-0.04415,0.03252,0.166667,0.054422,123
Dengue,EVEscape_composite,KDE(p=80),KDE,-0.018912,0.040816,0.166667,0.065574,98
Dengue,EVEscape_composite,KDE(p=85),KDE,-0.016492,0.040541,0.125,0.061224,74
Dengue,EVEscape_composite,SlidingTest(p=0.01),SlidingTest,0.038073,0.076923,0.125,0.095238,39
Dengue,EVEscape_composite,SlidingTest(p=0.05),SlidingTest,0.115548,0.108108,0.333333,0.163265,74
Dengue,EVEscape_composite,GradPeak(p=0.2),GradPeak,0.0,0.0,0.0,0.0,0
Dengue,EVEscape_composite,GradPeak(p=0.5),GradPeak,0.0,0.0,0.0,0.0,0
Dengue,EVEscape_composite,LocalContrast(z=1.0),LocalContrast,-0.042976,0.020833,0.041667,0.027778,48
Dengue,EVEscape_composite,LocalContrast(z=1.5),LocalContrast,-0.023254,0.030303,0.041667,0.035088,33
Dengue,EVEscape_composite,LocalContrast(z=2.0),LocalContrast,-0.009647,0.04,0.041667,0.040816,25
Dengue,EVEscape_composite,"CUSUM(d=0.3,h=3.0)",CUSUM,0.017838,0.071429,0.041667,0.052632,14
Dengue,EVEscape_composite,"CUSUM(d=0.5,h=4.0)",CUSUM,0.100998,0.2,0.083333,0.117647,10
Dengue,EVEscape_composite,"CUSUM(d=0.5,h=5.0)",CUSUM,0.052364,0.142857,0.041667,0.064516,7
Dengue,EVEscape_composite,AdaptiveKnee,AdaptiveKnee,0.088304,0.1,0.25,0.142857,60
Dengue,EVEscape_composite,ScoreDBSCAN(ep=8),ScoreDBSCAN,-0.013818,0.045662,0.416667,0.082305,219
Dengue,EVEscape_composite,ScoreDBSCAN(ep=15),ScoreDBSCAN,-0.031802,0.043011,0.5,0.079208,279
Dengue,EVEscape_composite,Spectral(z=1.5),Spectral,0.033326,0.08,0.083333,0.081633,25
Dengue,EVEscape_composite,Spectral(z=2.0),Spectral,0.003399,0.052632,0.041667,0.046512,19
Dengue,EVEscape_composite,Bayes(prior=0.1),Bayes,0.034121,0.1,0.041667,0.058824,10
Dengue,EVEscape_composite,Bayes(prior=0.15),Bayes,0.023226,0.068966,0.083333,0.075472,29
Dengue,EVEscape_composite,AdaptWin(s=90),AdaptWin,0.106014,0.115385,0.25,0.157895,52
Dengue,EVEscape_composite,AdaptWin(s=85),AdaptWin,0.085613,0.092105,0.291667,0.14,76
Dengue,EVEscape_composite,FreqThresh(p=80),FreqThresh,0.106388,0.107692,0.291667,0.157303,65
Dengue,EVEscape_composite,FreqThresh(p=85),FreqThresh,0.11347,0.122449,0.25,0.164384,49
Dengue,EVEscape_composite,FreqThresh(p=90),FreqThresh,0.052205,0.090909,0.125,0.105263,33
Dengue,EVEscape_composite,FreqThresh(p=95),FreqThresh,0.008647,0.058824,0.041667,0.04878,17
Dengue,EVEscape_composite,"SWAN(w=10,k=1.0)",SWAN,0.09277,0.097222,0.291667,0.145833,72
Dengue,EVEscape_composite,"SWAN(w=10,k=1.5)",SWAN,0.112728,0.112903,0.291667,0.162791,62
Dengue,EVEscape_composite,"SWAN(w=10,k=2.0)",SWAN,0.136715,0.134615,0.291667,0.184211,52
Dengue,EVEscape_composite,"SWAN(w=20,k=1.0)",SWAN,0.122581,0.107143,0.375,0.166667,84
Dengue,EVEscape_composite,"SWAN(w=20,k=1.5)",SWAN,0.125607,0.115942,0.333333,0.172043,69
Dengue,EVEscape_composite,"SWAN(w=20,k=2.0)",SWAN,0.094618,0.105263,0.25,0.148148,57
Dengue,EVEscape_composite,"SWAN(w=50,k=1.0)",SWAN,0.102656,0.098765,0.333333,0.152381,81
Dengue,EVEscape_composite,"SWAN(w=50,k=1.5)",SWAN,0.121488,0.112676,0.333333,0.168421,71
Dengue,EVEscape_composite,"SWAN(w=50,k=2.0)",SWAN,0.121488,0.112676,0.333333,0.168421,71
Dengue,EVEscape_composite,MutClust-Orig(g=10),MutClust-Orig,0.143444,0.172414,0.208333,0.188679,29
Dengue,EqualWeight,Wavelet(t=1.0),Wavelet,-0.093419,0.0,0.0,0.0,71
Dengue,EqualWeight,Wavelet(t=1.5),Wavelet,-0.079033,0.0,0.0,0.0,53
Dengue,EqualWeight,Wavelet(t=2.0),Wavelet,-0.061968,0.0,0.0,0.0,34
Dengue,EqualWeight,KDE(p=75),KDE,0.021274,0.056911,0.291667,0.095238,123
Dengue,EqualWeight,KDE(p=80),KDE,0.004728,0.05102,0.208333,0.081967,98
Dengue,EqualWeight,KDE(p=85),KDE,-0.016492,0.040541,0.125,0.061224,74
Dengue,EqualWeight,SlidingTest(p=0.01),SlidingTest,0.06908,0.090909,0.208333,0.126582,55
Dengue,EqualWeight,SlidingTest(p=0.05),SlidingTest,0.098421,0.101449,0.291667,0.150538,69
Dengue,EqualWeight,GradPeak(p=0.2),GradPeak,0.119994,0.25,0.083333,0.125,8
Dengue,EqualWeight,GradPeak(p=0.5),GradPeak,0.0,0.0,0.0,0.0,0
Dengue,EqualWeight,LocalContrast(z=1.0),LocalContrast,-0.004077,0.047059,0.166667,0.073394,85
Dengue,EqualWeight,LocalContrast(z=1.5),LocalContrast,-0.063905,0.0,0.0,0.0,36
Dengue,EqualWeight,LocalContrast(z=2.0),LocalContrast,-0.037465,0.0,0.0,0.0,13
Dengue,EqualWeight,"CUSUM(d=0.3,h=3.0)",CUSUM,0.092041,0.142857,0.125,0.133333,21
Dengue,EqualWeight,"CUSUM(d=0.5,h=4.0)",CUSUM,-0.029237,0.0,0.0,0.0,8
Dengue,EqualWeight,"CUSUM(d=0.5,h=5.0)",CUSUM,-0.025268,0.0,0.0,0.0,6
Dengue,EqualWeight,AdaptiveKnee,AdaptiveKnee,0.003137,0.051282,0.083333,0.063492,39
Dengue,EqualWeight,ScoreDBSCAN(ep=8),ScoreDBSCAN,0.036106,0.062016,0.333333,0.104575,129
Dengue,EqualWeight,ScoreDBSCAN(ep=15),ScoreDBSCAN,0.027323,0.052486,0.791667,0.098446,362
Dengue,EqualWeight,Spectral(z=1.5),Spectral,0.052454,0.083333,0.166667,0.111111,48
Dengue,EqualWeight,Spectral(z=2.0),Spectral,0.052378,0.105263,0.083333,0.093023,19
Dengue,EqualWeight,Bayes(prior=0.1),Bayes,0.0,0.0,0.0,0.0,0
Dengue,EqualWeight,Bayes(prior=0.15),Bayes,0.0,0.0,0.0,0.0,0
Dengue,EqualWeight,AdaptWin(s=90),AdaptWin,0.124716,0.090909,0.541667,0.155689,143
Dengue,EqualWeight,AdaptWin(s=85),AdaptWin,0.136357,0.081448,0.75,0.146939,221
Dengue,EqualWeight,FreqThresh(p=80),FreqThresh,0.052007,0.071429,0.291667,0.114754,98
Dengue,EqualWeight,FreqThresh(p=85),FreqThresh,0.062732,0.081081,0.25,0.122449,74
Dengue,EqualWeight,FreqThresh(p=90),FreqThresh,0.081951,0.102041,0.208333,0.136986,49
Dengue,EqualWeight,FreqThresh(p=95),FreqThresh,-0.009647,0.04,0.041667,0.040816,25
Dengue,EqualWeight,"SWAN(w=10,k=1.0)",SWAN,0.086716,0.078571,0.458333,0.134146,140
Dengue,EqualWeight,"SWAN(w=10,k=1.5)",SWAN,0.108928,0.093458,0.416667,0.152672,107
Dengue,EqualWeight,"SWAN(w=10,k=2.0)",SWAN,0.044051,0.072464,0.208333,0.107527,69
Dengue,EqualWeight,"SWAN(w=20,k=1.0)",SWAN,0.089322,0.082645,0.416667,0.137931,121
Dengue,EqualWeight,"SWAN(w=20,k=1.5)",SWAN,0.103084,0.09009,0.416667,0.148148,111
Dengue,EqualWeight,"SWAN(w=20,k=2.0)",SWAN,0.159721,0.128205,0.416667,0.196078,78
Dengue,EqualWeight,"SWAN(w=50,k=1.0)",SWAN,0.108783,0.083333,0.541667,0.144444,156
Dengue,EqualWeight,"SWAN(w=50,k=1.5)",SWAN,0.131739,0.098361,0.5,0.164384,122
Dengue,EqualWeight,"SWAN(w=50,k=2.0)",SWAN,0.139051,0.102564,0.5,0.170213,117
Dengue,EqualWeight,MutClust-Orig(g=10),MutClust-Orig,0.0,0.04898,1.0,0.093385,490
Dengue,tranception,Wavelet(t=1.0),Wavelet,-0.078136,0.011905,0.041667,0.018519,84
Dengue,tranception,Wavelet(t=1.5),Wavelet,-0.033126,0.025,0.041667,0.03125,40
Dengue,tranception,Wavelet(t=2.0),Wavelet,-0.05692,0.0,0.0,0.0,29
Dengue,tranception,KDE(p=75),KDE,-0.065957,0.02439,0.125,0.040816,123
Dengue,tranception,KDE(p=80),KDE,-0.042551,0.030612,0.125,0.04918,98
Dengue,tranception,KDE(p=85),KDE,-0.069307,0.013514,0.041667,0.020408,74
Dengue,tranception,SlidingTest(p=0.01),SlidingTest,0.033871,0.073171,0.125,0.092308,41
Dengue,tranception,SlidingTest(p=0.05),SlidingTest,-0.043544,0.030303,0.125,0.04878,99
Dengue,tranception,GradPeak(p=0.2),GradPeak,-0.020785,0.036364,0.083333,0.050633,55
Dengue,tranception,GradPeak(p=0.5),GradPeak,0.014476,0.060606,0.083333,0.070175,33
Dengue,tranception,LocalContrast(z=1.0),LocalContrast,0.078839,0.0875,0.291667,0.134615,80
Dengue,tranception,LocalContrast(z=1.5),LocalContrast,0.04026,0.078947,0.125,0.096774,38
Dengue,tranception,LocalContrast(z=2.0),LocalContrast,-0.044318,0.0,0.0,0.0,18
Dengue,tranception,"CUSUM(d=0.3,h=3.0)",CUSUM,0.052378,0.105263,0.083333,0.093023,19
Dengue,tranception,"CUSUM(d=0.5,h=4.0)",CUSUM,-0.017812,0.0,0.0,0.0,3
Dengue,tranception,"CUSUM(d=0.5,h=5.0)",CUSUM,-0.017812,0.0,0.0,0.0,3
Dengue,tranception,AdaptiveKnee,AdaptiveKnee,0.079689,0.1,0.208333,0.135135,50
Dengue,tranception,ScoreDBSCAN(ep=8),ScoreDBSCAN,-0.108101,0.013514,0.083333,0.023256,148
Dengue,tranception,ScoreDBSCAN(ep=15),ScoreDBSCAN,-0.069935,0.040431,0.625,0.075949,371
Dengue,tranception,Spectral(z=1.5),Spectral,0.031848,0.071429,0.125,0.090909,42
Dengue,tranception,Spectral(z=2.0),Spectral,0.048765,0.1,0.083333,0.090909,20
Dengue,tranception,Bayes(prior=0.1),Bayes,0.0,0.0,0.0,0.0,0
Dengue,tranception,Bayes(prior=0.15),Bayes,0.0,0.0,0.0,0.0,0
Dengue,tranception,AdaptWin(s=90),AdaptWin,0.035832,0.058824,0.458333,0.104265,187
Dengue,tranception,AdaptWin(s=85),AdaptWin,0.019951,0.052632,0.625,0.097087,285
Dengue,tranception,FreqThresh(p=80),FreqThresh,0.075647,0.081633,0.333333,0.131148,98
Dengue,tranception,FreqThresh(p=85),FreqThresh,0.062732,0.081081,0.25,0.122449,74
Dengue,tranception,FreqThresh(p=90),FreqThresh,0.050431,0.081633,0.166667,0.109589,49
Dengue,tranception,FreqThresh(p=95),FreqThresh,0.033326,0.08,0.083333,0.081633,25
Dengue,tranception,"SWAN(w=10,k=1.0)",SWAN,-0.007827,0.046875,0.375,0.083333,192
Dengue,tranception,"SWAN(w=10,k=1.5)",SWAN,0.013379,0.052941,0.375,0.092784,170
Dengue,tranception,"SWAN(w=10,k=2.0)",SWAN,9.5e-05,0.04902,0.208333,0.079365,102
Dengue,tranception,"SWAN(w=20,k=1.0)",SWAN,-0.036381,0.039604,0.333333,0.070796,202
Dengue,tranception,"SWAN(w=20,k=1.5)",SWAN,-0.054506,0.031847,0.208333,0.055249,157
Dengue,tranception,"SWAN(w=20,k=2.0)",SWAN,-0.054113,0.027273,0.125,0.044776,110
Dengue,tranception,"SWAN(w=50,k=1.0)",SWAN,-0.075729,0.027624,0.208333,0.04878,181
Dengue,tranception,"SWAN(w=50,k=1.5)",SWAN,-0.075729,0.027624,0.208333,0.04878,181
Dengue,tranception,"SWAN(w=50,k=2.0)",SWAN,-0.069602,0.028736,0.208333,0.050505,174
Dengue,tranception,MutClust-Orig(g=10),MutClust-Orig,0.0,0.04898,1.0,0.093385,490
Dengue,stability,Wavelet(t=1.0),Wavelet,0.034839,0.066667,0.208333,0.10101,75
Dengue,stability,Wavelet(t=1.5),Wavelet,0.061021,0.090909,0.166667,0.117647,44
Dengue,stability,Wavelet(t=2.0),Wavelet,0.128464,0.173913,0.166667,0.170213,23
Dengue,stability,KDE(p=75),KDE,0.021274,0.056911,0.291667,0.095238,123
Dengue,stability,KDE(p=80),KDE,0.052007,0.071429,0.291667,0.114754,98
Dengue,stability,KDE(p=85),KDE,0.08914,0.094595,0.291667,0.142857,74
Dengue,stability,SlidingTest(p=0.01),SlidingTest,0.1098,0.222222,0.083333,0.121212,9
Dengue,stability,SlidingTest(p=0.05),SlidingTest,0.052454,0.083333,0.166667,0.111111,48
Dengue,stability,GradPeak(p=0.2),GradPeak,0.00725,0.052632,0.166667,0.08,76
Dengue,stability,GradPeak(p=0.5),GradPeak,-0.00513,0.045455,0.083333,0.058824,44
Dengue,stability,LocalContrast(z=1.0),LocalContrast,0.054786,0.075949,0.25,0.116505,79
Dengue,stability,LocalContrast(z=1.5),LocalContrast,0.00858,0.055556,0.083333,0.066667,36
Dengue,stability,LocalContrast(z=2.0),LocalContrast,0.00595,0.055556,0.041667,0.047619,18
Dengue,stability,"CUSUM(d=0.3,h=3.0)",CUSUM,0.029441,0.090909,0.041667,0.057143,11
Dengue,stability,"CUSUM(d=0.5,h=4.0)",CUSUM,-0.017812,0.0,0.0,0.0,3
Dengue,stability,"CUSUM(d=0.5,h=5.0)",CUSUM,-0.010263,0.0,0.0,0.0,1
Dengue,stability,AdaptiveKnee,AdaptiveKnee,0.018309,0.058824,0.166667,0.086957,68
Dengue,stability,ScoreDBSCAN(ep=8),ScoreDBSCAN,0.01049,0.057143,0.083333,0.067797,35
Dengue,stability,ScoreDBSCAN(ep=15),ScoreDBSCAN,0.039354,0.069444,0.208333,0.104167,72
Dengue,stability,Spectral(z=1.5),Spectral,-0.01542,0.039216,0.083333,0.053333,51
Dengue,stability,Spectral(z=2.0),Spectral,0.030648,0.076923,0.083333,0.08,26
Dengue,stability,Bayes(prior=0.1),Bayes,-0.013978,0.044586,0.291667,0.077348,157
Dengue,stability,Bayes(prior=0.15),Bayes,0.031002,0.054945,0.625,0.10101,273
Dengue,stability,AdaptWin(s=90),AdaptWin,-0.003541,0.045455,0.041667,0.043478,22
Dengue,stability,AdaptWin(s=85),AdaptWin,0.000351,0.04918,0.125,0.070588,61
Dengue,stability,FreqThresh(p=80),FreqThresh,-0.009699,0.042553,0.083333,0.056338,47
Dengue,stability,FreqThresh(p=85),FreqThresh,-0.009699,0.042553,0.083333,0.056338,47
Dengue,stability,FreqThresh(p=90),FreqThresh,0.01151,0.0625,0.041667,0.05,16
Dengue,stability,FreqThresh(p=95),FreqThresh,0.017838,0.071429,0.041667,0.052632,14
Dengue,stability,"SWAN(w=10,k=1.0)",SWAN,0.082829,0.074534,0.5,0.12973,161
Dengue,stability,"SWAN(w=10,k=1.5)",SWAN,0.022165,0.058252,0.25,0.094488,103
Dengue,stability,"SWAN(w=10,k=2.0)",SWAN,0.108443,0.117647,0.25,0.16,51
Dengue,stability,"SWAN(w=20,k=1.0)",SWAN,0.020266,0.054645,0.416667,0.096618,183
Dengue,stability,"SWAN(w=20,k=1.5)",SWAN,0.062315,0.06993,0.416667,0.11976,143
Dengue,stability,"SWAN(w=20,k=2.0)",SWAN,0.067771,0.08046,0.291667,0.126126,87
Dengue,stability,"SWAN(w=50,k=1.0)",SWAN,0.030997,0.056034,0.541667,0.101563,232
Dengue,stability,"SWAN(w=50,k=1.5)",SWAN,-0.017941,0.042857,0.25,0.073171,140
Dengue,stability,"SWAN(w=50,k=2.0)",SWAN,0.003137,0.051282,0.083333,0.063492,39
Dengue,stability,MutClust-Orig(g=10),MutClust-Orig,0.114037,0.092437,0.458333,0.153846,119
Dengue,stability_structural,Wavelet(t=1.0),Wavelet,0.016866,0.057971,0.166667,0.086022,69
Dengue,stability_structural,Wavelet(t=1.5),Wavelet,0.063294,0.093023,0.166667,0.119403,43
Dengue,stability_structural,Wavelet(t=2.0),Wavelet,0.066344,0.107143,0.125,0.115385,28
Dengue,stability_structural,KDE(p=75),KDE,0.064889,0.073171,0.375,0.122449,123
Dengue,stability_structural,KDE(p=80),KDE,0.028368,0.061224,0.25,0.098361,98
Dengue,stability_structural,KDE(p=85),KDE,-0.042899,0.027027,0.083333,0.040816,74
Dengue,stability_structural,SlidingTest(p=0.01),SlidingTest,0.071047,0.2,0.041667,0.068966,5
Dengue,stability_structural,SlidingTest(p=0.05),SlidingTest,0.083923,0.114286,0.166667,0.135593,35
Dengue,stability_structural,GradPeak(p=0.2),GradPeak,0.0,0.0,0.0,0.0,0
Dengue,stability_structural,GradPeak(p=0.5),GradPeak,0.0,0.0,0.0,0.0,0
Dengue,stability_structural,LocalContrast(z=1.0),LocalContrast,0.061101,0.08,0.25,0.121212,75
Dengue,stability_structural,LocalContrast(z=1.5),LocalContrast,0.00858,0.055556,0.083333,0.066667,36
Dengue,stability_structural,LocalContrast(z=2.0),LocalContrast,0.017838,0.071429,0.041667,0.052632,14
Dengue,stability_structural,"CUSUM(d=0.3,h=3.0)",CUSUM,0.157103,0.272727,0.125,0.171429,11
Dengue,stability_structural,"CUSUM(d=0.5,h=4.0)",CUSUM,0.103408,0.333333,0.041667,0.074074,3
Dengue,stability_structural,"CUSUM(d=0.5,h=5.0)",CUSUM,-0.014528,0.0,0.0,0.0,2
Dengue,stability_structural,AdaptiveKnee,AdaptiveKnee,0.037363,0.071429,0.166667,0.1,56
Dengue,stability_structural,ScoreDBSCAN(ep=8),ScoreDBSCAN,0.00595,0.055556,0.041667,0.047619,18
Dengue,stability_structural,ScoreDBSCAN(ep=15),ScoreDBSCAN,0.054522,0.085106,0.166667,0.112676,47
Dengue,stability_structural,Spectral(z=1.5),Spectral,-0.00193,0.047619,0.083333,0.060606,42
Dengue,stability_structural,Spectral(z=2.0),Spectral,0.030648,0.076923,0.083333,0.08,26
Dengue,stability_structural,Bayes(prior=0.1),Bayes,-0.002114,0.048276,0.291667,0.08284,145
Dengue,stability_structural,Bayes(prior=0.15),Bayes,0.042004,0.057471,0.625,0.105263,261
Dengue,stability_structural,AdaptWin(s=90),AdaptWin,0.092041,0.142857,0.125,0.133333,21
Dengue,stability_structural,AdaptWin(s=85),AdaptWin,0.124089,0.147059,0.208333,0.172414,34
Dengue,stability_structural,FreqThresh(p=80),FreqThresh,0.057551,0.096774,0.125,0.109091,31
Dengue,stability_structural,FreqThresh(p=85),FreqThresh,0.03905,0.086957,0.083333,0.085106,23
Dengue,stability_structural,FreqThresh(p=90),FreqThresh,0.064714,0.125,0.083333,0.1,16
Dengue,stability_structural,FreqThresh(p=95),FreqThresh,0.045378,0.125,0.041667,0.0625,8
Dengue,stability_structural,"SWAN(w=10,k=1.0)",SWAN,0.0795,0.073171,0.5,0.12766,164
Dengue,stability_structural,"SWAN(w=10,k=1.5)",SWAN,0.050657,0.070707,0.291667,0.113821,99
Dengue,stability_structural,"SWAN(w=10,k=2.0)",SWAN,0.142882,0.153846,0.25,0.190476,39
Dengue,stability_structural,"SWAN(w=20,k=1.0)",SWAN,0.019288,0.054348,0.416667,0.096154,184
Dengue,stability_structural,"SWAN(w=20,k=1.5)",SWAN,0.075339,0.075758,0.416667,0.128205,132
Dengue,stability_structural,"SWAN(w=20,k=2.0)",SWAN,0.100912,0.097561,0.333333,0.150943,82
Dengue,stability_structural,"SWAN(w=50,k=1.0)",SWAN,0.038506,0.058036,0.541667,0.104839,224
Dengue,stability_structural,"SWAN(w=50,k=1.5)",SWAN,-0.007751,0.044776,0.125,0.065934,67
Dengue,stability_structural,"SWAN(w=50,k=2.0)",SWAN,0.00141,0.05,0.083333,0.0625,40
Dengue,stability_structural,MutClust-Orig(g=10),MutClust-Orig,0.0,0.0,0.0,0.0,0
Dengue,freq_with_indel,Wavelet(t=1.0),Wavelet,-0.021205,0.038462,0.125,0.058824,78
Dengue,freq_with_indel,Wavelet(t=1.5),Wavelet,-0.066735,0.0,0.0,0.0,39
Dengue,freq_with_indel,Wavelet(t=2.0),Wavelet,-0.053721,0.0,0.0,0.0,26
Dengue,freq_with_indel,KDE(p=75),KDE,0.173928,0.113821,0.583333,0.190476,123
Dengue,freq_with_indel,KDE(p=80),KDE,0.193845,0.132653,0.541667,0.213115,98
Dengue,freq_with_indel,KDE(p=85),KDE,0.115548,0.108108,0.333333,0.163265,74
Dengue,freq_with_indel,SlidingTest(p=0.01),SlidingTest,0.094096,0.113636,0.208333,0.147059,44
Dengue,freq_with_indel,SlidingTest(p=0.05),SlidingTest,0.15764,0.126582,0.416667,0.194175,79
Dengue,freq_with_indel,GradPeak(p=0.2),GradPeak,0.139053,0.230769,0.125,0.162162,13
Dengue,freq_with_indel,GradPeak(p=0.5),GradPeak,0.0,0.0,0.0,0.0,0
Dengue,freq_with_indel,LocalContrast(z=1.0),LocalContrast,0.010445,0.053097,0.25,0.087591,113
Dengue,freq_with_indel,LocalContrast(z=1.5),LocalContrast,-0.006682,0.044444,0.083333,0.057971,45
Dengue,freq_with_indel,LocalContrast(z=2.0),LocalContrast,0.060317,0.117647,0.083333,0.097561,17
Dengue,freq_with_indel,"CUSUM(d=0.3,h=3.0)",CUSUM,0.096555,0.15,0.125,0.136364,20
Dengue,freq_with_indel,"CUSUM(d=0.5,h=4.0)",CUSUM,-0.02732,0.0,0.0,0.0,7
Dengue,freq_with_indel,"CUSUM(d=0.5,h=5.0)",CUSUM,-0.017812,0.0,0.0,0.0,3
Dengue,freq_with_indel,AdaptiveKnee,AdaptiveKnee,0.057327,0.066265,0.458333,0.115789,166
Dengue,freq_with_indel,ScoreDBSCAN(ep=8),ScoreDBSCAN,-0.049387,0.042373,0.625,0.079365,354
Dengue,freq_with_indel,ScoreDBSCAN(ep=15),ScoreDBSCAN,-0.048772,0.044226,0.75,0.083527,407
Dengue,freq_with_indel,Spectral(z=1.5),Spectral,0.056638,0.086957,0.166667,0.114286,46
Dengue,freq_with_indel,Spectral(z=2.0),Spectral,0.045354,0.095238,0.083333,0.088889,21
Dengue,freq_with_indel,Bayes(prior=0.1),Bayes,0.0,0.0,0.0,0.0,0
Dengue,freq_with_indel,Bayes(prior=0.15),Bayes,0.0,0.0,0.0,0.0,0
Dengue,freq_with_indel,AdaptWin(s=90),AdaptWin,0.049318,0.07,0.291667,0.112903,100
Dengue,freq_with_indel,AdaptWin(s=85),AdaptWin,0.120927,0.089041,0.541667,0.152941,146
Dengue,freq_with_indel,FreqThresh(p=80),FreqThresh,0.052007,0.071429,0.291667,0.114754,98
Dengue,freq_with_indel,FreqThresh(p=85),FreqThresh,0.062732,0.081081,0.25,0.122449,74
Dengue,freq_with_indel,FreqThresh(p=90),FreqThresh,0.01391,0.057692,0.125,0.078947,52
Dengue,freq_with_indel,FreqThresh(p=95),FreqThresh,0.025607,0.071429,0.083333,0.076923,28
Dengue,freq_with_indel,"SWAN(w=10,k=1.0)",SWAN,0.079137,0.080357,0.375,0.132353,112
Dengue,freq_with_indel,"SWAN(w=10,k=1.5)",SWAN,0.077101,0.082474,0.333333,0.132231,97
Dengue,freq_with_indel,"SWAN(w=10,k=2.0)",SWAN,0.066062,0.083333,0.25,0.125,72
Dengue,freq_with_indel,"SWAN(w=20,k=1.0)",SWAN,0.061824,0.074074,0.333333,0.121212,108
Dengue,freq_with_indel,"SWAN(w=20,k=1.5)",SWAN,0.07857,0.083333,0.333333,0.133333,96
Dengue,freq_with_indel,"SWAN(w=20,k=2.0)",SWAN,0.104347,0.106061,0.291667,0.155556,66
Dengue,freq_with_indel,"SWAN(w=50,k=1.0)",SWAN,0.070504,0.073529,0.416667,0.125,136
Dengue,freq_with_indel,"SWAN(w=50,k=1.5)",SWAN,0.085399,0.080645,0.416667,0.135135,124
Dengue,freq_with_indel,"SWAN(w=50,k=2.0)",SWAN,0.145757,0.117647,0.416667,0.183486,85
Dengue,freq_with_indel,MutClust-Orig(g=10),MutClust-Orig,0.014528,0.04918,1.0,0.09375,488
Dengue,entropy_with_indel,Wavelet(t=1.0),Wavelet,-0.083154,0.0,0.0,0.0,58
Dengue,entropy_with_indel,Wavelet(t=1.5),Wavelet,-0.064858,0.0,0.0,0.0,37
Dengue,entropy_with_indel,Wavelet(t=2.0),Wavelet,-0.058978,0.0,0.0,0.0,31
Dengue,entropy_with_indel,KDE(p=75),KDE,0.239352,0.138211,0.708333,0.231293,123
Dengue,entropy_with_indel,KDE(p=80),KDE,0.264764,0.163265,0.666667,0.262295,98
Dengue,entropy_with_indel,KDE(p=85),KDE,0.273996,0.189189,0.583333,0.285714,74
Dengue,entropy_with_indel,SlidingTest(p=0.01),SlidingTest,0.044611,0.076923,0.166667,0.105263,52
Dengue,entropy_with_indel,SlidingTest(p=0.05),SlidingTest,0.090896,0.090909,0.333333,0.142857,88
Dengue,entropy_with_indel,GradPeak(p=0.2),GradPeak,0.124089,0.147059,0.208333,0.172414,34
Dengue,entropy_with_indel,GradPeak(p=0.5),GradPeak,0.101357,0.157895,0.125,0.139535,19
Dengue,entropy_with_indel,LocalContrast(z=1.0),LocalContrast,0.052007,0.071429,0.291667,0.114754,98
Dengue,entropy_with_indel,LocalContrast(z=1.5),LocalContrast,-0.006682,0.044444,0.083333,0.057971,45
Dengue,entropy_with_indel,LocalContrast(z=2.0),LocalContrast,0.060317,0.117647,0.083333,0.097561,17
Dengue,entropy_with_indel,"CUSUM(d=0.3,h=3.0)",CUSUM,0.056218,0.111111,0.083333,0.095238,18
Dengue,entropy_with_indel,"CUSUM(d=0.5,h=4.0)",CUSUM,-0.02732,0.0,0.0,0.0,7
Dengue,entropy_with_indel,"CUSUM(d=0.5,h=5.0)",CUSUM,-0.020588,0.0,0.0,0.0,4
Dengue,entropy_with_indel,AdaptiveKnee,AdaptiveKnee,0.036106,0.062016,0.333333,0.104575,129
Dengue,entropy_with_indel,ScoreDBSCAN(ep=8),ScoreDBSCAN,-0.073733,0.036424,0.458333,0.067485,302
Dengue,entropy_with_indel,ScoreDBSCAN(ep=15),ScoreDBSCAN,0.001042,0.049096,0.791667,0.092457,387
Dengue,entropy_with_indel,Spectral(z=1.5),Spectral,0.058803,0.088889,0.166667,0.115942,45
Dengue,entropy_with_indel,Spectral(z=2.0),Spectral,0.083757,0.130435,0.125,0.12766,23
Dengue,entropy_with_indel,Bayes(prior=0.1),Bayes,0.0,0.0,0.0,0.0,0
Dengue,entropy_with_indel,Bayes(prior=0.15),Bayes,0.0,0.0,0.0,0.0,0
Dengue,entropy_with_indel,AdaptWin(s=90),AdaptWin,0.125674,0.099099,0.458333,0.162963,111
Dengue,entropy_with_indel,AdaptWin(s=85),AdaptWin,0.078227,0.06079,0.833333,0.113314,329
Dengue,entropy_with_indel,FreqThresh(p=80),FreqThresh,0.075647,0.081633,0.333333,0.131148,98
Dengue,entropy_with_indel,FreqThresh(p=85),FreqThresh,0.08914,0.094595,0.291667,0.142857,74
Dengue,entropy_with_indel,FreqThresh(p=90),FreqThresh,0.081951,0.102041,0.208333,0.136986,49
Dengue,entropy_with_indel,FreqThresh(p=95),FreqThresh,0.0763,0.12,0.125,0.122449,25
Dengue,entropy_with_indel,"SWAN(w=10,k=1.0)",SWAN,0.116646,0.090226,0.5,0.152866,133
Dengue,entropy_with_indel,"SWAN(w=10,k=1.5)",SWAN,0.112638,0.091667,0.458333,0.152778,120
Dengue,entropy_with_indel,"SWAN(w=10,k=2.0)",SWAN,0.097491,0.095238,0.333333,0.148148,84
Dengue,entropy_with_indel,"SWAN(w=20,k=1.0)",SWAN,0.091947,0.078431,0.5,0.135593,153
Dengue,entropy_with_indel,"SWAN(w=20,k=1.5)",SWAN,0.076567,0.076336,0.416667,0.129032,131
Dengue,entropy_with_indel,"SWAN(w=20,k=2.0)",SWAN,0.100832,0.092784,0.375,0.14876,97
Dengue,entropy_with_indel,"SWAN(w=50,k=1.0)",SWAN,0.072975,0.070588,0.5,0.123711,170
Dengue,entropy_with_indel,"SWAN(w=50,k=1.5)",SWAN,0.080604,0.07362,0.5,0.128342,163
Dengue,entropy_with_indel,"SWAN(w=50,k=2.0)",SWAN,0.090787,0.077922,0.5,0.134831,154
Dengue,entropy_with_indel,MutClust-Orig(g=10),MutClust-Orig,0.0,0.04898,1.0,0.093385,490
Dengue,fubar,Wavelet(t=1.0),Wavelet,0.108928,0.093458,0.416667,0.152672,107
Dengue,fubar,Wavelet(t=1.5),Wavelet,0.119425,0.118644,0.291667,0.168675,59
Dengue,fubar,Wavelet(t=2.0),Wavelet,-0.03892,0.0,0.0,0.0,14
Dengue,fubar,KDE(p=75),KDE,-0.022342,0.04065,0.208333,0.068027,123
Dengue,fubar,KDE(p=80),KDE,-0.018912,0.040816,0.166667,0.065574,98
Dengue,fubar,KDE(p=85),KDE,0.009916,0.054054,0.166667,0.081633,74
Dengue,fubar,SlidingTest(p=0.01),SlidingTest,-0.050364,0.0,0.0,0.0,23
Dengue,fubar,SlidingTest(p=0.05),SlidingTest,-0.115403,0.026217,0.291667,0.04811,267
Dengue,fubar,GradPeak(p=0.2),GradPeak,-0.010263,0.0,0.0,0.0,1
Dengue,fubar,GradPeak(p=0.5),GradPeak,0.0,0.0,0.0,0.0,0
Dengue,fubar,LocalContrast(z=1.0),LocalContrast,0.00466,0.051724,0.125,0.073171,58
Dengue,fubar,LocalContrast(z=1.5),LocalContrast,0.014476,0.060606,0.083333,0.070175,33
Dengue,fubar,LocalContrast(z=2.0),LocalContrast,0.008647,0.058824,0.041667,0.04878,17
Dengue,fubar,"CUSUM(d=0.3,h=3.0)",CUSUM,-0.051502,0.0,0.0,0.0,24
Dengue,fubar,"CUSUM(d=0.5,h=4.0)",CUSUM,-0.023042,0.0,0.0,0.0,5
Dengue,fubar,"CUSUM(d=0.5,h=5.0)",CUSUM,-0.017812,0.0,0.0,0.0,3
Dengue,fubar,AdaptiveKnee,AdaptiveKnee,-0.011536,0.038462,0.041667,0.04,26
Dengue,fubar,ScoreDBSCAN(ep=8),ScoreDBSCAN,-0.00917,0.048276,0.875,0.091503,435
Dengue,fubar,ScoreDBSCAN(ep=15),ScoreDBSCAN,-0.06037,0.045652,0.875,0.086777,460
Dengue,fubar,Spectral(z=1.5),Spectral,-0.023254,0.030303,0.041667,0.035088,33
Dengue,fubar,Spectral(z=2.0),Spectral,-0.052621,0.0,0.0,0.0,25
Dengue,fubar,Bayes(prior=0.1),Bayes,0.0,0.0,0.0,0.0,0
Dengue,fubar,Bayes(prior=0.15),Bayes,-0.031043,0.0,0.0,0.0,9
Dengue,fubar,AdaptWin(s=90),AdaptWin,-0.113216,0.028169,0.333333,0.051948,284
Dengue,fubar,AdaptWin(s=85),AdaptWin,-0.11525,0.027972,0.333333,0.051613,286
Dengue,fubar,FreqThresh(p=80),FreqThresh,-0.068615,0.02381,0.125,0.04,126
Dengue,fubar,FreqThresh(p=85),FreqThresh,-0.054991,0.023256,0.083333,0.036364,86
Dengue,fubar,FreqThresh(p=90),FreqThresh,-0.04967,0.018519,0.041667,0.025641,54
Dengue,fubar,FreqThresh(p=95),FreqThresh,-0.009647,0.04,0.041667,0.040816,25
Dengue,fubar,"SWAN(w=10,k=1.0)",SWAN,-0.114432,0.026316,0.291667,0.048276,266
Dengue,fubar,"SWAN(w=10,k=1.5)",SWAN,-0.112497,0.026515,0.291667,0.048611,264
Dengue,fubar,"SWAN(w=10,k=2.0)",SWAN,-0.03892,0.0,0.0,0.0,14
Dengue,fubar,"SWAN(w=20,k=1.0)",SWAN,-0.118334,0.025926,0.291667,0.047619,270
Dengue,fubar,"SWAN(w=20,k=1.5)",SWAN,-0.118334,0.025926,0.291667,0.047619,270
Dengue,fubar,"SWAN(w=20,k=2.0)",SWAN,-0.117354,0.026022,0.291667,0.047782,269
Dengue,fubar,"SWAN(w=50,k=1.0)",SWAN,-0.100297,0.02952,0.333333,0.054237,271
Dengue,fubar,"SWAN(w=50,k=1.5)",SWAN,-0.100297,0.02952,0.333333,0.054237,271
Dengue,fubar,"SWAN(w=50,k=2.0)",SWAN,-0.100297,0.02952,0.333333,0.054237,271
Dengue,fubar,MutClust-Orig(g=10),MutClust-Orig,-0.118743,0.040632,0.75,0.077088,443
RSV,freq,Wavelet(t=1.0),Wavelet,-0.085925,0.0,0.0,0.0,90
RSV,freq,Wavelet(t=1.5),Wavelet,-0.06143,0.0,0.0,0.0,50
RSV,freq,Wavelet(t=2.0),Wavelet,-0.040582,0.0,0.0,0.0,23
RSV,freq,KDE(p=75),KDE,-0.045215,0.021739,0.15,0.037975,138
RSV,freq,KDE(p=80),KDE,-0.097129,0.0,0.0,0.0,110
RSV,freq,KDE(p=85),KDE,-0.081895,0.0,0.0,0.0,83
RSV,freq,SlidingTest(p=0.01),SlidingTest,-0.063436,0.0,0.0,0.0,53
RSV,freq,SlidingTest(p=0.05),SlidingTest,-0.072964,0.0,0.0,0.0,68
RSV,freq,GradPeak(p=0.2),GradPeak,-0.016627,0.0,0.0,0.0,4
RSV,freq,GradPeak(p=0.5),GradPeak,0.0,0.0,0.0,0.0,0
RSV,freq,LocalContrast(z=1.0),LocalContrast,-0.040203,0.015625,0.05,0.02381,64
RSV,freq,LocalContrast(z=1.5),LocalContrast,-0.029575,0.019231,0.05,0.027778,52
RSV,freq,LocalContrast(z=2.0),LocalContrast,-0.010852,0.028571,0.05,0.036364,35
RSV,freq,"CUSUM(d=0.3,h=3.0)",CUSUM,-0.035732,0.0,0.0,0.0,18
RSV,freq,"CUSUM(d=0.5,h=4.0)",CUSUM,-0.030225,0.0,0.0,0.0,13
RSV,freq,"CUSUM(d=0.5,h=5.0)",CUSUM,-0.025055,0.0,0.0,0.0,9
RSV,freq,AdaptiveKnee,AdaptiveKnee,-0.045822,0.014085,0.05,0.021978,71
RSV,freq,ScoreDBSCAN(ep=8),ScoreDBSCAN,-0.11479,0.022843,0.45,0.043478,394
RSV,freq,ScoreDBSCAN(ep=15),ScoreDBSCAN,-0.141002,0.021531,0.45,0.041096,418
RSV,freq,Spectral(z=1.5),Spectral,-0.062772,0.0,0.0,0.0,52
RSV,freq,Spectral(z=2.0),Spectral,-0.054403,0.0,0.0,0.0,40
RSV,freq,Bayes(prior=0.1),Bayes,-0.060751,0.0,0.0,0.0,49
RSV,freq,Bayes(prior=0.15),Bayes,-0.064752,0.0,0.0,0.0,55
RSV,freq,AdaptWin(s=90),AdaptWin,-0.057988,0.0,0.0,0.0,45
RSV,freq,AdaptWin(s=85),AdaptWin,-0.054044,0.012195,0.05,0.019608,82
RSV,freq,FreqThresh(p=80),FreqThresh,-0.05967,0.011111,0.05,0.018182,90
RSV,freq,FreqThresh(p=85),FreqThresh,-0.043456,0.014706,0.05,0.022727,68
RSV,freq,FreqThresh(p=90),FreqThresh,-0.057988,0.0,0.0,0.0,45
RSV,freq,FreqThresh(p=95),FreqThresh,-0.040582,0.0,0.0,0.0,23
RSV,freq,"SWAN(w=10,k=1.0)",SWAN,-0.055856,0.0,0.0,0.0,42
RSV,freq,"SWAN(w=10,k=1.5)",SWAN,-0.055856,0.0,0.0,0.0,42
RSV,freq,"SWAN(w=10,k=2.0)",SWAN,-0.049078,0.0,0.0,0.0,33
RSV,freq,"SWAN(w=20,k=1.0)",SWAN,-0.052922,0.0,0.0,0.0,38
RSV,freq,"SWAN(w=20,k=1.5)",SWAN,-0.05217,0.0,0.0,0.0,37
RSV,freq,"SWAN(w=20,k=2.0)",SWAN,-0.048282,0.0,0.0,0.0,32
RSV,freq,"SWAN(w=50,k=1.0)",SWAN,-0.057988,0.0,0.0,0.0,45
RSV,freq,"SWAN(w=50,k=1.5)",SWAN,-0.053666,0.0,0.0,0.0,39
RSV,freq,"SWAN(w=50,k=2.0)",SWAN,-0.044991,0.0,0.0,0.0,28
RSV,freq,MutClust-Orig(g=10),MutClust-Orig,-0.184022,0.015075,0.3,0.028708,398
RSV,entropy,Wavelet(t=1.0),Wavelet,-0.085354,0.0,0.0,0.0,89
RSV,entropy,Wavelet(t=1.5),Wavelet,-0.062772,0.0,0.0,0.0,52
RSV,entropy,Wavelet(t=2.0),Wavelet,-0.040582,0.0,0.0,0.0,23
RSV,entropy,KDE(p=75),KDE,-0.022811,0.028986,0.2,0.050633,138
RSV,entropy,KDE(p=80),KDE,-0.097129,0.0,0.0,0.0,110
RSV,entropy,KDE(p=85),KDE,-0.081895,0.0,0.0,0.0,83
RSV,entropy,SlidingTest(p=0.01),SlidingTest,-0.069869,0.0,0.0,0.0,63
RSV,entropy,SlidingTest(p=0.05),SlidingTest,-0.074789,0.0,0.0,0.0,71
RSV,entropy,GradPeak(p=0.2),GradPeak,-0.043271,0.0,0.0,0.0,26
RSV,entropy,GradPeak(p=0.5),GradPeak,-0.016627,0.0,0.0,0.0,4
RSV,entropy,LocalContrast(z=1.0),LocalContrast,-0.041028,0.015385,0.05,0.023529,65
RSV,entropy,LocalContrast(z=1.5),LocalContrast,-0.027643,0.02,0.05,0.028571,50
RSV,entropy,LocalContrast(z=2.0),LocalContrast,-0.00818,0.030303,0.05,0.037736,33
RSV,entropy,"CUSUM(d=0.3,h=3.0)",CUSUM,-0.038704,0.0,0.0,0.0,21
RSV,entropy,"CUSUM(d=0.5,h=4.0)",CUSUM,-0.032527,0.0,0.0,0.0,15
RSV,entropy,"CUSUM(d=0.5,h=5.0)",CUSUM,-0.026435,0.0,0.0,0.0,10
RSV,entropy,AdaptiveKnee,AdaptiveKnee,-0.046597,0.013889,0.05,0.021739,72
RSV,entropy,ScoreDBSCAN(ep=8),ScoreDBSCAN,-0.089575,0.024523,0.45,0.046512,367
RSV,entropy,ScoreDBSCAN(ep=15),ScoreDBSCAN,-0.125177,0.022277,0.45,0.042453,404
RSV,entropy,Spectral(z=1.5),Spectral,-0.064752,0.0,0.0,0.0,55
RSV,entropy,Spectral(z=2.0),Spectral,-0.055133,0.0,0.0,0.0,41
RSV,entropy,Bayes(prior=0.1),Bayes,-0.022056,0.0,0.0,0.0,7
RSV,entropy,Bayes(prior=0.15),Bayes,-0.066697,0.0,0.0,0.0,58
RSV,entropy,AdaptWin(s=90),AdaptWin,-0.05938,0.0,0.0,0.0,47
RSV,entropy,AdaptWin(s=85),AdaptWin,-0.056889,0.011628,0.05,0.018868,86
RSV,entropy,FreqThresh(p=80),FreqThresh,-0.05967,0.011111,0.05,0.018182,90
RSV,entropy,FreqThresh(p=85),FreqThresh,-0.043456,0.014706,0.05,0.022727,68
RSV,entropy,FreqThresh(p=90),FreqThresh,-0.057988,0.0,0.0,0.0,45
RSV,entropy,FreqThresh(p=95),FreqThresh,-0.040582,0.0,0.0,0.0,23
RSV,entropy,"SWAN(w=10,k=1.0)",SWAN,-0.063436,0.0,0.0,0.0,53
RSV,entropy,"SWAN(w=10,k=1.5)",SWAN,-0.05938,0.0,0.0,0.0,47
RSV,entropy,"SWAN(w=10,k=2.0)",SWAN,-0.054403,0.0,0.0,0.0,40
RSV,entropy,"SWAN(w=20,k=1.0)",SWAN,-0.060068,0.0,0.0,0.0,48
RSV,entropy,"SWAN(w=20,k=1.5)",SWAN,-0.055856,0.0,0.0,0.0,42
RSV,entropy,"SWAN(w=20,k=2.0)",SWAN,-0.055856,0.0,0.0,0.0,42
RSV,entropy,"SWAN(w=50,k=1.0)",SWAN,-0.066053,0.0,0.0,0.0,57
RSV,entropy,"SWAN(w=50,k=1.5)",SWAN,-0.060751,0.0,0.0,0.0,49
RSV,entropy,"SWAN(w=50,k=2.0)",SWAN,-0.05217,0.0,0.0,0.0,37
RSV,entropy,MutClust-Orig(g=10),MutClust-Orig,-0.218539,0.015909,0.35,0.030435,440
RSV,rare_freq,Wavelet(t=1.0),Wavelet,-0.083054,0.0,0.0,0.0,85
RSV,rare_freq,Wavelet(t=1.5),Wavelet,-0.060068,0.0,0.0,0.0,48
RSV,rare_freq,Wavelet(t=2.0),Wavelet,-0.050642,0.0,0.0,0.0,35
RSV,rare_freq,KDE(p=75),KDE,-0.045215,0.021739,0.15,0.037975,138
RSV,rare_freq,KDE(p=80),KDE,-0.097129,0.0,0.0,0.0,110
RSV,rare_freq,KDE(p=85),KDE,-0.081895,0.0,0.0,0.0,83
RSV,rare_freq,SlidingTest(p=0.01),SlidingTest,-0.069241,0.0,0.0,0.0,62
RSV,rare_freq,SlidingTest(p=0.05),SlidingTest,-0.083054,0.0,0.0,0.0,85
RSV,rare_freq,GradPeak(p=0.2),GradPeak,0.0,0.0,0.0,0.0,0
RSV,rare_freq,GradPeak(p=0.5),GradPeak,0.0,0.0,0.0,0.0,0
RSV,rare_freq,LocalContrast(z=1.0),LocalContrast,-0.081313,0.0,0.0,0.0,82
RSV,rare_freq,LocalContrast(z=1.5),LocalContrast,-0.064752,0.0,0.0,0.0,55
RSV,rare_freq,LocalContrast(z=2.0),LocalContrast,-0.046659,0.0,0.0,0.0,30
RSV,rare_freq,"CUSUM(d=0.3,h=3.0)",CUSUM,-0.043271,0.0,0.0,0.0,26
RSV,rare_freq,"CUSUM(d=0.5,h=4.0)",CUSUM,-0.032527,0.0,0.0,0.0,15
RSV,rare_freq,"CUSUM(d=0.5,h=5.0)",CUSUM,-0.029012,0.0,0.0,0.0,12
RSV,rare_freq,AdaptiveKnee,AdaptiveKnee,-0.077785,0.0,0.0,0.0,76
RSV,rare_freq,ScoreDBSCAN(ep=8),ScoreDBSCAN,-0.018719,0.032847,0.45,0.061224,274
RSV,rare_freq,ScoreDBSCAN(ep=15),ScoreDBSCAN,-0.087555,0.025773,0.5,0.04902,388
RSV,rare_freq,Spectral(z=1.5),Spectral,-0.047476,0.0,0.0,0.0,31
RSV,rare_freq,Spectral(z=2.0),Spectral,-0.038704,0.0,0.0,0.0,21
RSV,rare_freq,Bayes(prior=0.1),Bayes,-0.014386,0.0,0.0,0.0,3
RSV,rare_freq,Bayes(prior=0.15),Bayes,-0.050642,0.0,0.0,0.0,35
RSV,rare_freq,AdaptWin(s=90),AdaptWin,-0.071734,0.0,0.0,0.0,66
RSV,rare_freq,AdaptWin(s=85),AdaptWin,-0.089891,0.0,0.0,0.0,97
RSV,rare_freq,FreqThresh(p=80),FreqThresh,-0.085925,0.0,0.0,0.0,90
RSV,rare_freq,FreqThresh(p=85),FreqThresh,-0.07235,0.0,0.0,0.0,67
RSV,rare_freq,FreqThresh(p=90),FreqThresh,-0.057988,0.0,0.0,0.0,45
RSV,rare_freq,FreqThresh(p=95),FreqThresh,-0.040582,0.0,0.0,0.0,23
RSV,rare_freq,"SWAN(w=10,k=1.0)",SWAN,-0.091014,0.0,0.0,0.0,99
RSV,rare_freq,"SWAN(w=10,k=1.5)",SWAN,-0.084781,0.0,0.0,0.0,88
RSV,rare_freq,"SWAN(w=10,k=2.0)",SWAN,-0.071734,0.0,0.0,0.0,66
RSV,rare_freq,"SWAN(w=20,k=1.0)",SWAN,-0.093249,0.0,0.0,0.0,103
RSV,rare_freq,"SWAN(w=20,k=1.5)",SWAN,-0.091574,0.0,0.0,0.0,100
RSV,rare_freq,"SWAN(w=20,k=2.0)",SWAN,-0.076593,0.0,0.0,0.0,74
RSV,rare_freq,"SWAN(w=50,k=1.0)",SWAN,-0.09768,0.0,0.0,0.0,111
RSV,rare_freq,"SWAN(w=50,k=1.5)",SWAN,-0.09547,0.0,0.0,0.0,107
RSV,rare_freq,"SWAN(w=50,k=2.0)",SWAN,-0.094361,0.0,0.0,0.0,105
RSV,rare_freq,MutClust-Orig(g=10),MutClust-Orig,0.0,0.0,0.0,0.0,0
RSV,homoplasy,Wavelet(t=1.0),Wavelet,-0.081895,0.0,0.0,0.0,83
RSV,homoplasy,Wavelet(t=1.5),Wavelet,-0.063436,0.0,0.0,0.0,53
RSV,homoplasy,Wavelet(t=2.0),Wavelet,-0.046659,0.0,0.0,0.0,30
RSV,homoplasy,KDE(p=75),KDE,0.0444,0.050725,0.35,0.088608,138
RSV,homoplasy,KDE(p=80),KDE,0.024282,0.045455,0.25,0.076923,110
RSV,homoplasy,KDE(p=85),KDE,-0.054761,0.012048,0.05,0.019417,83
RSV,homoplasy,SlidingTest(p=0.01),SlidingTest,-0.069241,0.0,0.0,0.0,62
RSV,homoplasy,SlidingTest(p=0.05),SlidingTest,-0.078378,0.0,0.0,0.0,77
RSV,homoplasy,GradPeak(p=0.2),GradPeak,-0.014386,0.0,0.0,0.0,3
RSV,homoplasy,GradPeak(p=0.5),GradPeak,0.0,0.0,0.0,0.0,0
RSV,homoplasy,LocalContrast(z=1.0),LocalContrast,0.065725,0.067568,0.25,0.106383,74
RSV,homoplasy,LocalContrast(z=1.5),LocalContrast,0.0977,0.102564,0.2,0.135593,39
RSV,homoplasy,LocalContrast(z=2.0),LocalContrast,0.090727,0.111111,0.15,0.12766,27
RSV,homoplasy,"CUSUM(d=0.3,h=3.0)",CUSUM,-0.037736,0.0,0.0,0.0,20
RSV,homoplasy,"CUSUM(d=0.5,h=4.0)",CUSUM,-0.031395,0.0,0.0,0.0,14
RSV,homoplasy,"CUSUM(d=0.5,h=5.0)",CUSUM,-0.027751,0.0,0.0,0.0,11
RSV,homoplasy,AdaptiveKnee,AdaptiveKnee,0.000886,0.036697,0.2,0.062016,109
RSV,homoplasy,ScoreDBSCAN(ep=8),ScoreDBSCAN,-0.024621,0.033735,0.7,0.064368,415
RSV,homoplasy,ScoreDBSCAN(ep=15),ScoreDBSCAN,-0.058913,0.031847,0.75,0.0611,471
RSV,homoplasy,Spectral(z=1.5),Spectral,0.085925,0.090909,0.2,0.125,44
RSV,homoplasy,Spectral(z=2.0),Spectral,0.038883,0.066667,0.1,0.08,30
RSV,homoplasy,Bayes(prior=0.1),Bayes,0.0,0.0,0.0,0.0,0
RSV,homoplasy,Bayes(prior=0.15),Bayes,0.0,0.0,0.0,0.0,0
RSV,homoplasy,AdaptWin(s=90),AdaptWin,-0.222283,0.012165,0.25,0.023202,411
RSV,homoplasy,AdaptWin(s=85),AdaptWin,0.008291,0.03643,1.0,0.070299,549
RSV,homoplasy,FreqThresh(p=80),FreqThresh,-0.012979,0.032468,0.25,0.057471,154
RSV,homoplasy,FreqThresh(p=85),FreqThresh,0.000886,0.036697,0.2,0.062016,109
RSV,homoplasy,FreqThresh(p=90),FreqThresh,-0.033286,0.017857,0.05,0.026316,56
RSV,homoplasy,FreqThresh(p=95),FreqThresh,-0.000803,0.035714,0.05,0.041667,28
RSV,homoplasy,"SWAN(w=10,k=1.0)",SWAN,-0.081313,0.0,0.0,0.0,82
RSV,homoplasy,"SWAN(w=10,k=1.5)",SWAN,-0.071734,0.0,0.0,0.0,66
RSV,homoplasy,"SWAN(w=10,k=2.0)",SWAN,-0.06861,0.0,0.0,0.0,61
RSV,homoplasy,"SWAN(w=20,k=1.0)",SWAN,-0.088198,0.0,0.0,0.0,94
RSV,homoplasy,"SWAN(w=20,k=1.5)",SWAN,-0.074183,0.0,0.0,0.0,70
RSV,homoplasy,"SWAN(w=20,k=2.0)",SWAN,-0.070493,0.0,0.0,0.0,64
RSV,homoplasy,"SWAN(w=50,k=1.0)",SWAN,-0.033415,0.022222,0.1,0.036364,90
RSV,homoplasy,"SWAN(w=50,k=1.5)",SWAN,-0.020584,0.026667,0.1,0.042105,75
RSV,homoplasy,"SWAN(w=50,k=2.0)",SWAN,-0.020584,0.026667,0.1,0.042105,75
RSV,homoplasy,MutClust-Orig(g=10),MutClust-Orig,0.008291,0.03643,1.0,0.070299,549
RSV,esm2_llr,Wavelet(t=1.0),Wavelet,0.095108,0.076087,0.35,0.125,92
RSV,esm2_llr,Wavelet(t=1.5),Wavelet,0.15702,0.122807,0.35,0.181818,57
RSV,esm2_llr,Wavelet(t=2.0),Wavelet,0.196313,0.181818,0.3,0.226415,33
RSV,esm2_llr,KDE(p=75),KDE,0.089208,0.065217,0.45,0.113924,138
RSV,esm2_llr,KDE(p=80),KDE,0.097129,0.072727,0.4,0.123077,110
RSV,esm2_llr,KDE(p=85),KDE,0.026641,0.048193,0.2,0.07767,83
RSV,esm2_llr,SlidingTest(p=0.01),SlidingTest,0.022017,0.051282,0.1,0.067797,39
RSV,esm2_llr,SlidingTest(p=0.05),SlidingTest,-0.003404,0.034884,0.15,0.056604,86
RSV,esm2_llr,GradPeak(p=0.2),GradPeak,-0.039653,0.0,0.0,0.0,22
RSV,esm2_llr,GradPeak(p=0.5),GradPeak,-0.025055,0.0,0.0,0.0,9
RSV,esm2_llr,LocalContrast(z=1.0),LocalContrast,-0.073575,0.0,0.0,0.0,69
RSV,esm2_llr,LocalContrast(z=1.5),LocalContrast,-0.055856,0.0,0.0,0.0,42
RSV,esm2_llr,LocalContrast(z=2.0),LocalContrast,-0.045831,0.0,0.0,0.0,29
RSV,esm2_llr,"CUSUM(d=0.3,h=3.0)",CUSUM,-0.035732,0.0,0.0,0.0,18
RSV,esm2_llr,"CUSUM(d=0.5,h=4.0)",CUSUM,-0.022056,0.0,0.0,0.0,7
RSV,esm2_llr,"CUSUM(d=0.5,h=5.0)",CUSUM,-0.018606,0.0,0.0,0.0,5
RSV,esm2_llr,AdaptiveKnee,AdaptiveKnee,-0.065404,0.0,0.0,0.0,56
RSV,esm2_llr,ScoreDBSCAN(ep=8),ScoreDBSCAN,0.047918,0.044025,0.7,0.08284,318
RSV,esm2_llr,ScoreDBSCAN(ep=15),ScoreDBSCAN,0.040203,0.039095,0.95,0.075099,486
RSV,esm2_llr,Spectral(z=1.5),Spectral,-0.05141,0.0,0.0,0.0,36
RSV,esm2_llr,Spectral(z=2.0),Spectral,-0.043271,0.0,0.0,0.0,26
RSV,esm2_llr,Bayes(prior=0.1),Bayes,0.0,0.0,0.0,0.0,0
RSV,esm2_llr,Bayes(prior=0.15),Bayes,-0.031395,0.0,0.0,0.0,14
RSV,esm2_llr,AdaptWin(s=90),AdaptWin,-0.015169,0.030303,0.15,0.05042,99
RSV,esm2_llr,AdaptWin(s=85),AdaptWin,-0.052691,0.022222,0.2,0.04,180
RSV,esm2_llr,FreqThresh(p=80),FreqThresh,-0.024282,0.027273,0.15,0.046154,110
RSV,esm2_llr,FreqThresh(p=85),FreqThresh,-0.027627,0.024096,0.1,0.038835,83
RSV,esm2_llr,FreqThresh(p=90),FreqThresh,-0.064752,0.0,0.0,0.0,55
RSV,esm2_llr,FreqThresh(p=95),FreqThresh,-0.044991,0.0,0.0,0.0,28
RSV,esm2_llr,"SWAN(w=10,k=1.0)",SWAN,-0.035819,0.024,0.15,0.041379,125
RSV,esm2_llr,"SWAN(w=10,k=1.5)",SWAN,-0.063069,0.010526,0.05,0.017391,95
RSV,esm2_llr,"SWAN(w=10,k=2.0)",SWAN,-0.050386,0.012987,0.05,0.020619,77
RSV,esm2_llr,"SWAN(w=20,k=1.0)",SWAN,-0.042373,0.022388,0.15,0.038961,134
RSV,esm2_llr,"SWAN(w=20,k=1.5)",SWAN,-0.029003,0.025862,0.15,0.044118,116
RSV,esm2_llr,"SWAN(w=20,k=2.0)",SWAN,0.002505,0.0375,0.15,0.06,80
RSV,esm2_llr,"SWAN(w=50,k=1.0)",SWAN,-0.052164,0.02027,0.15,0.035714,148
RSV,esm2_llr,"SWAN(w=50,k=1.5)",SWAN,-0.026662,0.026549,0.15,0.045113,113
RSV,esm2_llr,"SWAN(w=50,k=2.0)",SWAN,-0.019392,0.028846,0.15,0.048387,104
RSV,esm2_llr,MutClust-Orig(g=10),MutClust-Orig,0.0,0.036364,1.0,0.070175,550
RSV,plddt_inv,Wavelet(t=1.0),Wavelet,0.027213,0.046729,0.25,0.07874,107
RSV,plddt_inv,Wavelet(t=1.5),Wavelet,-0.052922,0.0,0.0,0.0,38
RSV,plddt_inv,Wavelet(t=2.0),Wavelet,-0.030225,0.0,0.0,0.0,13
RSV,plddt_inv,KDE(p=75),KDE,0.134015,0.07971,0.55,0.139241,138
RSV,plddt_inv,KDE(p=80),KDE,0.169975,0.1,0.55,0.169231,110
RSV,plddt_inv,KDE(p=85),KDE,0.16231,0.108434,0.45,0.174757,83
RSV,plddt_inv,SlidingTest(p=0.01),SlidingTest,0.016406,0.040936,0.35,0.073298,171
RSV,plddt_inv,SlidingTest(p=0.05),SlidingTest,-0.001109,0.036082,0.35,0.065421,194
RSV,plddt_inv,GradPeak(p=0.2),GradPeak,0.068728,0.085714,0.15,0.109091,35
RSV,plddt_inv,GradPeak(p=0.5),GradPeak,0.08455,0.103448,0.15,0.122449,29
RSV,plddt_inv,LocalContrast(z=1.0),LocalContrast,-0.010941,0.030769,0.1,0.047059,65
RSV,plddt_inv,LocalContrast(z=1.5),LocalContrast,-0.04239,0.0,0.0,0.0,25
RSV,plddt_inv,LocalContrast(z=2.0),LocalContrast,-0.016627,0.0,0.0,0.0,4
RSV,plddt_inv,"CUSUM(d=0.3,h=3.0)",CUSUM,-0.019284,0.02381,0.05,0.032258,42
RSV,plddt_inv,"CUSUM(d=0.5,h=4.0)",CUSUM,0.00794,0.043478,0.05,0.046512,23
RSV,plddt_inv,"CUSUM(d=0.5,h=5.0)",CUSUM,0.016439,0.052632,0.05,0.051282,19
RSV,plddt_inv,AdaptiveKnee,AdaptiveKnee,-0.145558,0.02537,0.6,0.048682,473
RSV,plddt_inv,ScoreDBSCAN(ep=8),ScoreDBSCAN,0.056163,0.045752,0.7,0.08589,306
RSV,plddt_inv,ScoreDBSCAN(ep=15),ScoreDBSCAN,0.087064,0.043668,1.0,0.083682,458
RSV,plddt_inv,Spectral(z=1.5),Spectral,0.034703,0.0625,0.1,0.076923,32
RSV,plddt_inv,Spectral(z=2.0),Spectral,0.016439,0.052632,0.05,0.051282,19
RSV,plddt_inv,Bayes(prior=0.1),Bayes,0.0,0.0,0.0,0.0,0
RSV,plddt_inv,Bayes(prior=0.15),Bayes,0.0,0.0,0.0,0.0,0
RSV,plddt_inv,AdaptWin(s=90),AdaptWin,0.026507,0.041509,0.55,0.077193,265
RSV,plddt_inv,AdaptWin(s=85),AdaptWin,0.015191,0.039146,0.55,0.07309,281
RSV,plddt_inv,FreqThresh(p=80),FreqThresh,0.038483,0.05,0.3,0.085714,120
RSV,plddt_inv,FreqThresh(p=85),FreqThresh,0.053774,0.060241,0.25,0.097087,83
RSV,plddt_inv,FreqThresh(p=90),FreqThresh,0.026821,0.050847,0.15,0.075949,59
RSV,plddt_inv,FreqThresh(p=95),FreqThresh,0.02538,0.054054,0.1,0.070175,37
RSV,plddt_inv,"SWAN(w=10,k=1.0)",SWAN,0.01398,0.039474,0.45,0.072581,228
RSV,plddt_inv,"SWAN(w=10,k=1.5)",SWAN,0.016893,0.040179,0.45,0.07377,224
RSV,plddt_inv,"SWAN(w=10,k=2.0)",SWAN,-0.014864,0.032864,0.35,0.060086,213
RSV,plddt_inv,"SWAN(w=20,k=1.0)",SWAN,0.008925,0.038298,0.45,0.070588,235
RSV,plddt_inv,"SWAN(w=20,k=1.5)",SWAN,0.010364,0.038627,0.45,0.071146,233
RSV,plddt_inv,"SWAN(w=20,k=2.0)",SWAN,0.011085,0.038793,0.45,0.071429,232
RSV,plddt_inv,"SWAN(w=50,k=1.0)",SWAN,-0.002482,0.035857,0.45,0.066421,251
RSV,plddt_inv,"SWAN(w=50,k=1.5)",SWAN,-0.002482,0.035857,0.45,0.066421,251
RSV,plddt_inv,"SWAN(w=50,k=2.0)",SWAN,-0.002482,0.035857,0.45,0.066421,251
RSV,plddt_inv,MutClust-Orig(g=10),MutClust-Orig,0.020401,0.036765,1.0,0.070922,544
RSV,sasa,Wavelet(t=1.0),Wavelet,-0.056889,0.011628,0.05,0.018868,86
RSV,sasa,Wavelet(t=1.5),Wavelet,-0.062103,0.0,0.0,0.0,51
RSV,sasa,Wavelet(t=2.0),Wavelet,-0.041494,0.0,0.0,0.0,24
RSV,sasa,KDE(p=75),KDE,0.0444,0.050725,0.35,0.088608,138
RSV,sasa,KDE(p=80),KDE,0.072846,0.063636,0.35,0.107692,110
RSV,sasa,KDE(p=85),KDE,0.053774,0.060241,0.25,0.097087,83
RSV,sasa,SlidingTest(p=0.01),SlidingTest,-0.031793,0.022727,0.1,0.037037,88
RSV,sasa,SlidingTest(p=0.05),SlidingTest,-0.033579,0.02459,0.15,0.042254,122
RSV,sasa,GradPeak(p=0.2),GradPeak,0.024168,0.0625,0.05,0.055556,16
RSV,sasa,GradPeak(p=0.5),GradPeak,-0.020401,0.0,0.0,0.0,6
RSV,sasa,LocalContrast(z=1.0),LocalContrast,0.015012,0.042553,0.2,0.070175,94
RSV,sasa,LocalContrast(z=1.5),LocalContrast,-0.009533,0.029412,0.05,0.037037,34
RSV,sasa,LocalContrast(z=2.0),LocalContrast,-0.023601,0.0,0.0,0.0,8
RSV,sasa,"CUSUM(d=0.3,h=3.0)",CUSUM,0.043384,0.071429,0.1,0.083333,28
RSV,sasa,"CUSUM(d=0.5,h=4.0)",CUSUM,-0.032527,0.0,0.0,0.0,15
RSV,sasa,"CUSUM(d=0.5,h=5.0)",CUSUM,-0.026435,0.0,0.0,0.0,10
RSV,sasa,AdaptiveKnee,AdaptiveKnee,0.022365,0.044643,0.25,0.075758,112
RSV,sasa,ScoreDBSCAN(ep=8),ScoreDBSCAN,-0.010201,0.032787,0.2,0.056338,122
RSV,sasa,ScoreDBSCAN(ep=15),ScoreDBSCAN,-0.051132,0.028986,0.5,0.054795,345
RSV,sasa,Spectral(z=1.5),Spectral,0.061417,0.070175,0.2,0.103896,57
RSV,sasa,Spectral(z=2.0),Spectral,0.006051,0.041667,0.05,0.045455,24
RSV,sasa,Bayes(prior=0.1),Bayes,0.0,0.0,0.0,0.0,0
RSV,sasa,Bayes(prior=0.15),Bayes,0.0,0.0,0.0,0.0,0
RSV,sasa,AdaptWin(s=90),AdaptWin,-0.056957,0.016393,0.1,0.028169,122
RSV,sasa,AdaptWin(s=85),AdaptWin,-0.02484,0.029412,0.25,0.052632,170
RSV,sasa,FreqThresh(p=80),FreqThresh,-0.018559,0.029126,0.15,0.04878,103
RSV,sasa,FreqThresh(p=85),FreqThresh,-0.022394,0.025974,0.1,0.041237,77
RSV,sasa,FreqThresh(p=90),FreqThresh,0.003621,0.038462,0.1,0.055556,52
RSV,sasa,FreqThresh(p=95),FreqThresh,0.002496,0.038462,0.05,0.043478,26
RSV,sasa,"SWAN(w=10,k=1.0)",SWAN,0.007121,0.038251,0.35,0.068966,183
RSV,sasa,"SWAN(w=10,k=1.5)",SWAN,-0.040291,0.024691,0.2,0.043956,162
RSV,sasa,"SWAN(w=10,k=2.0)",SWAN,-0.025077,0.028369,0.2,0.049689,141
RSV,sasa,"SWAN(w=20,k=1.0)",SWAN,0.024605,0.042781,0.4,0.077295,187
RSV,sasa,"SWAN(w=20,k=1.5)",SWAN,0.036569,0.046512,0.4,0.083333,172
RSV,sasa,"SWAN(w=20,k=2.0)",SWAN,0.023632,0.04321,0.35,0.076923,162
RSV,sasa,"SWAN(w=50,k=1.0)",SWAN,0.028523,0.043956,0.4,0.079208,182
RSV,sasa,"SWAN(w=50,k=1.5)",SWAN,0.056425,0.053691,0.4,0.094675,149
RSV,sasa,"SWAN(w=50,k=2.0)",SWAN,0.05613,0.058252,0.3,0.097561,103
RSV,sasa,MutClust-Orig(g=10),MutClust-Orig,-0.022017,0.035225,0.9,0.067797,511
RSV,grantham,Wavelet(t=1.0),Wavelet,-0.08073,0.0,0.0,0.0,81
RSV,grantham,Wavelet(t=1.5),Wavelet,-0.067338,0.0,0.0,0.0,59
RSV,grantham,Wavelet(t=2.0),Wavelet,-0.056573,0.0,0.0,0.0,43
RSV,grantham,KDE(p=75),KDE,-0.112426,0.0,0.0,0.0,138
RSV,grantham,KDE(p=80),KDE,-0.097129,0.0,0.0,0.0,110
RSV,grantham,KDE(p=85),KDE,-0.081895,0.0,0.0,0.0,83
RSV,grantham,SlidingTest(p=0.01),SlidingTest,-0.031395,0.0,0.0,0.0,14
RSV,grantham,SlidingTest(p=0.05),SlidingTest,0.057803,0.075,0.15,0.1,40
RSV,grantham,GradPeak(p=0.2),GradPeak,-0.018194,0.030303,0.2,0.052632,132
RSV,grantham,GradPeak(p=0.5),GradPeak,-0.017412,0.030534,0.2,0.05298,131
RSV,grantham,LocalContrast(z=1.0),LocalContrast,-0.011679,0.031579,0.15,0.052174,95
RSV,grantham,LocalContrast(z=1.5),LocalContrast,-0.05938,0.0,0.0,0.0,47
RSV,grantham,LocalContrast(z=2.0),LocalContrast,-0.038704,0.0,0.0,0.0,21
RSV,grantham,"CUSUM(d=0.3,h=3.0)",CUSUM,-0.030225,0.0,0.0,0.0,13
RSV,grantham,"CUSUM(d=0.5,h=4.0)",CUSUM,-0.020401,0.0,0.0,0.0,6
RSV,grantham,"CUSUM(d=0.5,h=5.0)",CUSUM,-0.016627,0.0,0.0,0.0,4
RSV,grantham,AdaptiveKnee,AdaptiveKnee,-0.028474,0.02381,0.1,0.038462,84
RSV,grantham,ScoreDBSCAN(ep=8),ScoreDBSCAN,-0.03937,0.015873,0.05,0.024096,63
RSV,grantham,ScoreDBSCAN(ep=15),ScoreDBSCAN,-0.061139,0.026144,0.4,0.04908,306
RSV,grantham,Spectral(z=1.5),Spectral,-0.054403,0.0,0.0,0.0,40
RSV,grantham,Spectral(z=2.0),Spectral,-0.035732,0.0,0.0,0.0,18
RSV,grantham,Bayes(prior=0.1),Bayes,0.0,0.0,0.0,0.0,0
RSV,grantham,Bayes(prior=0.15),Bayes,-0.016627,0.0,0.0,0.0,4
RSV,grantham,AdaptWin(s=90),AdaptWin,-0.064406,0.010309,0.05,0.017094,97
RSV,grantham,AdaptWin(s=85),AdaptWin,0.021195,0.042424,0.35,0.075676,165
RSV,grantham,FreqThresh(p=80),FreqThresh,-0.034218,0.021978,0.1,0.036036,91
RSV,grantham,FreqThresh(p=85),FreqThresh,-0.013949,0.029412,0.1,0.045455,68
RSV,grantham,FreqThresh(p=90),FreqThresh,-0.057988,0.0,0.0,0.0,45
RSV,grantham,FreqThresh(p=95),FreqThresh,-0.040582,0.0,0.0,0.0,23
RSV,grantham,"SWAN(w=10,k=1.0)",SWAN,-0.053531,0.02,0.15,0.035294,150
RSV,grantham,"SWAN(w=10,k=1.5)",SWAN,-0.036593,0.021277,0.1,0.035088,94
RSV,grantham,"SWAN(w=10,k=2.0)",SWAN,-0.045822,0.014085,0.05,0.021978,71
RSV,grantham,"SWAN(w=20,k=1.0)",SWAN,-0.055568,0.019608,0.15,0.034682,153
RSV,grantham,"SWAN(w=20,k=1.5)",SWAN,-0.056889,0.011628,0.05,0.018868,86
RSV,grantham,"SWAN(w=20,k=2.0)",SWAN,-0.046597,0.013889,0.05,0.021739,72
RSV,grantham,"SWAN(w=50,k=1.0)",SWAN,-0.10715,0.005988,0.05,0.010695,167
RSV,grantham,"SWAN(w=50,k=1.5)",SWAN,-0.075393,0.0,0.0,0.0,72
RSV,grantham,"SWAN(w=50,k=2.0)",SWAN,-0.050642,0.0,0.0,0.0,35
RSV,grantham,MutClust-Orig(g=10),MutClust-Orig,-0.158724,0.022272,0.5,0.042644,449
RSV,dnds_proxy,Wavelet(t=1.0),Wavelet,-0.063069,0.010526,0.05,0.017391,95
RSV,dnds_proxy,Wavelet(t=1.5),Wavelet,-0.066697,0.0,0.0,0.0,58
RSV,dnds_proxy,Wavelet(t=2.0),Wavelet,-0.043271,0.0,0.0,0.0,26
RSV,dnds_proxy,KDE(p=75),KDE,-0.000407,0.036232,0.25,0.063291,138
RSV,dnds_proxy,KDE(p=80),KDE,-0.048564,0.018182,0.1,0.030769,110
RSV,dnds_proxy,KDE(p=85),KDE,-0.081895,0.0,0.0,0.0,83
RSV,dnds_proxy,SlidingTest(p=0.01),SlidingTest,-0.064096,0.0,0.0,0.0,54
RSV,dnds_proxy,SlidingTest(p=0.05),SlidingTest,-0.072964,0.0,0.0,0.0,68
RSV,dnds_proxy,GradPeak(p=0.2),GradPeak,-0.00679,0.03125,0.05,0.038462,32
RSV,dnds_proxy,GradPeak(p=0.5),GradPeak,-0.00536,0.032258,0.05,0.039216,31
RSV,dnds_proxy,LocalContrast(z=1.0),LocalContrast,-0.035074,0.017241,0.05,0.025641,58
RSV,dnds_proxy,LocalContrast(z=1.5),LocalContrast,-0.021481,0.022727,0.05,0.03125,44
RSV,dnds_proxy,LocalContrast(z=2.0),LocalContrast,-0.00679,0.03125,0.05,0.038462,32
RSV,dnds_proxy,"CUSUM(d=0.3,h=3.0)",CUSUM,-0.039653,0.0,0.0,0.0,22
RSV,dnds_proxy,"CUSUM(d=0.5,h=4.0)",CUSUM,-0.029012,0.0,0.0,0.0,12
RSV,dnds_proxy,"CUSUM(d=0.5,h=5.0)",CUSUM,-0.025055,0.0,0.0,0.0,9
RSV,dnds_proxy,AdaptiveKnee,AdaptiveKnee,-0.044252,0.014493,0.05,0.022472,69
RSV,dnds_proxy,ScoreDBSCAN(ep=8),ScoreDBSCAN,-0.105024,0.023438,0.45,0.044554,384
RSV,dnds_proxy,ScoreDBSCAN(ep=15),ScoreDBSCAN,-0.129532,0.022059,0.45,0.042056,408
RSV,dnds_proxy,Spectral(z=1.5),Spectral,-0.065404,0.0,0.0,0.0,56
RSV,dnds_proxy,Spectral(z=2.0),Spectral,-0.048282,0.0,0.0,0.0,32
RSV,dnds_proxy,Bayes(prior=0.1),Bayes,-0.046659,0.0,0.0,0.0,30
RSV,dnds_proxy,Bayes(prior=0.15),Bayes,-0.066053,0.0,0.0,0.0,57
RSV,dnds_proxy,AdaptWin(s=90),AdaptWin,-0.058687,0.0,0.0,0.0,46
RSV,dnds_proxy,AdaptWin(s=85),AdaptWin,-0.054761,0.012048,0.05,0.019417,83
RSV,dnds_proxy,FreqThresh(p=80),FreqThresh,-0.05967,0.011111,0.05,0.018182,90
RSV,dnds_proxy,FreqThresh(p=85),FreqThresh,-0.043456,0.014706,0.05,0.022727,68
RSV,dnds_proxy,FreqThresh(p=90),FreqThresh,-0.057988,0.0,0.0,0.0,45
RSV,dnds_proxy,FreqThresh(p=95),FreqThresh,-0.040582,0.0,0.0,0.0,23
RSV,dnds_proxy,"SWAN(w=10,k=1.0)",SWAN,-0.057988,0.0,0.0,0.0,45
RSV,dnds_proxy,"SWAN(w=10,k=1.5)",SWAN,-0.054403,0.0,0.0,0.0,40
RSV,dnds_proxy,"SWAN(w=10,k=2.0)",SWAN,-0.052922,0.0,0.0,0.0,38
RSV,dnds_proxy,"SWAN(w=20,k=1.0)",SWAN,-0.056573,0.0,0.0,0.0,43
RSV,dnds_proxy,"SWAN(w=20,k=1.5)",SWAN,-0.052922,0.0,0.0,0.0,38
RSV,dnds_proxy,"SWAN(w=20,k=2.0)",SWAN,-0.044991,0.0,0.0,0.0,28
RSV,dnds_proxy,"SWAN(w=50,k=1.0)",SWAN,-0.060068,0.0,0.0,0.0,48
RSV,dnds_proxy,"SWAN(w=50,k=1.5)",SWAN,-0.056573,0.0,0.0,0.0,43
RSV,dnds_proxy,"SWAN(w=50,k=2.0)",SWAN,-0.047476,0.0,0.0,0.0,31
RSV,dnds_proxy,MutClust-Orig(g=10),MutClust-Orig,-0.158724,0.022272,0.5,0.042644,449
RSV,semantic_change,Wavelet(t=1.0),Wavelet,-0.081895,0.0,0.0,0.0,83
RSV,semantic_change,Wavelet(t=1.5),Wavelet,-0.062772,0.0,0.0,0.0,52
RSV,semantic_change,Wavelet(t=2.0),Wavelet,-0.054403,0.0,0.0,0.0,40
RSV,semantic_change,KDE(p=75),KDE,0.0444,0.050725,0.35,0.088608,138
RSV,semantic_change,KDE(p=80),KDE,0.048564,0.054545,0.3,0.092308,110
RSV,semantic_change,KDE(p=85),KDE,-0.000493,0.036145,0.15,0.058252,83
RSV,semantic_change,SlidingTest(p=0.01),SlidingTest,-0.069241,0.0,0.0,0.0,62
RSV,semantic_change,SlidingTest(p=0.05),SlidingTest,-0.089891,0.0,0.0,0.0,97
RSV,semantic_change,GradPeak(p=0.2),GradPeak,0.0,0.0,0.0,0.0,0
RSV,semantic_change,GradPeak(p=0.5),GradPeak,0.0,0.0,0.0,0.0,0
RSV,semantic_change,LocalContrast(z=1.0),LocalContrast,-0.025654,0.020833,0.05,0.029412,48
RSV,semantic_change,LocalContrast(z=1.5),LocalContrast,0.033712,0.076923,0.05,0.060606,13
RSV,semantic_change,LocalContrast(z=2.0),LocalContrast,-0.014386,0.0,0.0,0.0,3
RSV,semantic_change,"CUSUM(d=0.3,h=3.0)",CUSUM,-0.036746,0.0,0.0,0.0,19
RSV,semantic_change,"CUSUM(d=0.5,h=4.0)",CUSUM,-0.020401,0.0,0.0,0.0,6
RSV,semantic_change,"CUSUM(d=0.5,h=5.0)",CUSUM,-0.020401,0.0,0.0,0.0,6
RSV,semantic_change,AdaptiveKnee,AdaptiveKnee,-0.029575,0.019231,0.05,0.027778,52
RSV,semantic_change,ScoreDBSCAN(ep=8),ScoreDBSCAN,-0.136941,0.004608,0.05,0.008439,217
RSV,semantic_change,ScoreDBSCAN(ep=15),ScoreDBSCAN,-0.136338,0.020305,0.4,0.038647,394
RSV,semantic_change,Spectral(z=1.5),Spectral,0.109724,0.102041,0.25,0.144928,49
RSV,semantic_change,Spectral(z=2.0),Spectral,0.053597,0.083333,0.1,0.090909,24
RSV,semantic_change,Bayes(prior=0.1),Bayes,0.0,0.0,0.0,0.0,0
RSV,semantic_change,Bayes(prior=0.15),Bayes,0.0,0.0,0.0,0.0,0
RSV,semantic_change,AdaptWin(s=90),AdaptWin,-0.016286,0.032558,0.35,0.059574,215
RSV,semantic_change,AdaptWin(s=85),AdaptWin,-0.017062,0.032787,0.4,0.060606,244
RSV,semantic_change,FreqThresh(p=80),FreqThresh,-0.05967,0.011111,0.05,0.018182,90
RSV,semantic_change,FreqThresh(p=85),FreqThresh,-0.043456,0.014706,0.05,0.022727,68
RSV,semantic_change,FreqThresh(p=90),FreqThresh,-0.022551,0.022222,0.05,0.030769,45
RSV,semantic_change,FreqThresh(p=95),FreqThresh,0.00794,0.043478,0.05,0.046512,23
RSV,semantic_change,"SWAN(w=10,k=1.0)",SWAN,-0.015575,0.03271,0.35,0.059829,214
RSV,semantic_change,"SWAN(w=10,k=1.5)",SWAN,-0.117868,0.0,0.0,0.0,148
RSV,semantic_change,"SWAN(w=10,k=2.0)",SWAN,-0.10753,0.0,0.0,0.0,129
RSV,semantic_change,"SWAN(w=20,k=1.0)",SWAN,-0.084988,0.015152,0.15,0.027523,198
RSV,semantic_change,"SWAN(w=20,k=1.5)",SWAN,-0.070143,0.017143,0.15,0.030769,175
RSV,semantic_change,"SWAN(w=20,k=2.0)",SWAN,-0.058319,0.016129,0.1,0.027778,124
RSV,semantic_change,"SWAN(w=50,k=1.0)",SWAN,-0.087272,0.011834,0.1,0.021164,169
RSV,semantic_change,"SWAN(w=50,k=1.5)",SWAN,-0.105389,0.006098,0.05,0.01087,164
RSV,semantic_change,"SWAN(w=50,k=2.0)",SWAN,-0.095375,0.006803,0.05,0.011976,147
RSV,semantic_change,MutClust-Orig(g=10),MutClust-Orig,-0.048282,0.0,0.0,0.0,32
RSV,EVEscape_composite,Wavelet(t=1.0),Wavelet,-0.016854,0.028169,0.1,0.043956,71
RSV,EVEscape_composite,Wavelet(t=1.5),Wavelet,-0.013395,0.027027,0.05,0.035088,37
RSV,EVEscape_composite,Wavelet(t=2.0),Wavelet,-0.003888,0.033333,0.05,0.04,30
RSV,EVEscape_composite,KDE(p=75),KDE,-0.022811,0.028986,0.2,0.050633,138
RSV,EVEscape_composite,KDE(p=80),KDE,0.0,0.036364,0.2,0.061538,110
RSV,EVEscape_composite,KDE(p=85),KDE,0.026641,0.048193,0.2,0.07767,83
RSV,EVEscape_composite,SlidingTest(p=0.01),SlidingTest,-0.057283,0.0,0.0,0.0,44
RSV,EVEscape_composite,SlidingTest(p=0.05),SlidingTest,-0.045822,0.014085,0.05,0.021978,71
RSV,EVEscape_composite,GradPeak(p=0.2),GradPeak,0.0,0.0,0.0,0.0,0
RSV,EVEscape_composite,GradPeak(p=0.5),GradPeak,0.0,0.0,0.0,0.0,0
RSV,EVEscape_composite,LocalContrast(z=1.0),LocalContrast,-0.041845,0.015152,0.05,0.023256,66
RSV,EVEscape_composite,LocalContrast(z=1.5),LocalContrast,-0.019284,0.02381,0.05,0.032258,42
RSV,EVEscape_composite,LocalContrast(z=2.0),LocalContrast,-0.012138,0.027778,0.05,0.035714,36
RSV,EVEscape_composite,"CUSUM(d=0.3,h=3.0)",CUSUM,-0.029012,0.0,0.0,0.0,12
RSV,EVEscape_composite,"CUSUM(d=0.5,h=4.0)",CUSUM,-0.022056,0.0,0.0,0.0,7
RSV,EVEscape_composite,"CUSUM(d=0.5,h=5.0)",CUSUM,-0.020401,0.0,0.0,0.0,6
RSV,EVEscape_composite,AdaptiveKnee,AdaptiveKnee,-0.033286,0.017857,0.05,0.026316,56
RSV,EVEscape_composite,ScoreDBSCAN(ep=8),ScoreDBSCAN,-0.038145,0.029197,0.4,0.054422,274
RSV,EVEscape_composite,ScoreDBSCAN(ep=15),ScoreDBSCAN,-0.091327,0.02439,0.45,0.046272,369
RSV,EVEscape_composite,Spectral(z=1.5),Spectral,0.038883,0.066667,0.1,0.08,30
RSV,EVEscape_composite,Spectral(z=2.0),Spectral,0.069623,0.105263,0.1,0.102564,19
RSV,EVEscape_composite,Bayes(prior=0.1),Bayes,-0.018606,0.0,0.0,0.0,5
RSV,EVEscape_composite,Bayes(prior=0.15),Bayes,-0.05217,0.0,0.0,0.0,37
RSV,EVEscape_composite,AdaptWin(s=90),AdaptWin,-0.064096,0.0,0.0,0.0,54
RSV,EVEscape_composite,AdaptWin(s=85),AdaptWin,-0.061719,0.010753,0.05,0.017699,93
RSV,EVEscape_composite,FreqThresh(p=80),FreqThresh,-0.055474,0.011905,0.05,0.019231,84
RSV,EVEscape_composite,FreqThresh(p=85),FreqThresh,-0.03937,0.015873,0.05,0.024096,63
RSV,EVEscape_composite,FreqThresh(p=90),FreqThresh,-0.055856,0.0,0.0,0.0,42
RSV,EVEscape_composite,FreqThresh(p=95),FreqThresh,-0.038704,0.0,0.0,0.0,21
RSV,EVEscape_composite,"SWAN(w=10,k=1.0)",SWAN,-0.08073,0.0,0.0,0.0,81
RSV,EVEscape_composite,"SWAN(w=10,k=1.5)",SWAN,-0.074789,0.0,0.0,0.0,71
RSV,EVEscape_composite,"SWAN(w=10,k=2.0)",SWAN,-0.062103,0.0,0.0,0.0,51
RSV,EVEscape_composite,"SWAN(w=20,k=1.0)",SWAN,-0.085925,0.0,0.0,0.0,90
RSV,EVEscape_composite,"SWAN(w=20,k=1.5)",SWAN,-0.07235,0.0,0.0,0.0,67
RSV,EVEscape_composite,"SWAN(w=20,k=2.0)",SWAN,-0.062772,0.0,0.0,0.0,52
RSV,EVEscape_composite,"SWAN(w=50,k=1.0)",SWAN,-0.087064,0.0,0.0,0.0,92
RSV,EVEscape_composite,"SWAN(w=50,k=1.5)",SWAN,-0.074183,0.0,0.0,0.0,70
RSV,EVEscape_composite,"SWAN(w=50,k=2.0)",SWAN,-0.041494,0.0,0.0,0.0,24
RSV,EVEscape_composite,MutClust-Orig(g=10),MutClust-Orig,-0.027751,0.0,0.0,0.0,11
RSV,EqualWeight,Wavelet(t=1.0),Wavelet,-0.078968,0.0,0.0,0.0,78
RSV,EqualWeight,Wavelet(t=1.5),Wavelet,-0.057988,0.0,0.0,0.0,45
RSV,EqualWeight,Wavelet(t=2.0),Wavelet,-0.044138,0.0,0.0,0.0,27
RSV,EqualWeight,KDE(p=75),KDE,0.0444,0.050725,0.35,0.088608,138
RSV,EqualWeight,KDE(p=80),KDE,0.024282,0.045455,0.25,0.076923,110
RSV,EqualWeight,KDE(p=85),KDE,-0.000493,0.036145,0.15,0.058252,83
RSV,EqualWeight,SlidingTest(p=0.01),SlidingTest,-0.072964,0.0,0.0,0.0,68
RSV,EqualWeight,SlidingTest(p=0.05),SlidingTest,-0.024169,0.025316,0.1,0.040404,79
RSV,EqualWeight,GradPeak(p=0.2),GradPeak,-0.014386,0.0,0.0,0.0,3
RSV,EqualWeight,GradPeak(p=0.5),GradPeak,0.0,0.0,0.0,0.0,0
RSV,EqualWeight,LocalContrast(z=1.0),LocalContrast,-0.022394,0.025974,0.1,0.041237,77
RSV,EqualWeight,LocalContrast(z=1.5),LocalContrast,-0.018153,0.02439,0.05,0.032787,41
RSV,EqualWeight,LocalContrast(z=2.0),LocalContrast,0.009913,0.045455,0.05,0.047619,22
RSV,EqualWeight,"CUSUM(d=0.3,h=3.0)",CUSUM,-0.044138,0.0,0.0,0.0,27
RSV,EqualWeight,"CUSUM(d=0.5,h=4.0)",CUSUM,-0.032527,0.0,0.0,0.0,15
RSV,EqualWeight,"CUSUM(d=0.5,h=5.0)",CUSUM,-0.027751,0.0,0.0,0.0,11
RSV,EqualWeight,AdaptiveKnee,AdaptiveKnee,-0.085354,0.0,0.0,0.0,89
RSV,EqualWeight,ScoreDBSCAN(ep=8),ScoreDBSCAN,-0.003592,0.035556,0.4,0.065306,225
RSV,EqualWeight,ScoreDBSCAN(ep=15),ScoreDBSCAN,0.055474,0.040773,0.95,0.078189,466
RSV,EqualWeight,Spectral(z=1.5),Spectral,-0.023602,0.021739,0.05,0.030303,46
RSV,EqualWeight,Spectral(z=2.0),Spectral,-0.049078,0.0,0.0,0.0,33
RSV,EqualWeight,Bayes(prior=0.1),Bayes,0.0,0.0,0.0,0.0,0
RSV,EqualWeight,Bayes(prior=0.15),Bayes,0.0,0.0,0.0,0.0,0
RSV,EqualWeight,AdaptWin(s=90),AdaptWin,-0.106462,0.01,0.1,0.018182,200
RSV,EqualWeight,AdaptWin(s=85),AdaptWin,-0.06986,0.028061,0.55,0.053398,392
RSV,EqualWeight,FreqThresh(p=80),FreqThresh,-0.097129,0.0,0.0,0.0,110
RSV,EqualWeight,FreqThresh(p=85),FreqThresh,-0.081895,0.0,0.0,0.0,83
RSV,EqualWeight,FreqThresh(p=90),FreqThresh,-0.064752,0.0,0.0,0.0,55
RSV,EqualWeight,FreqThresh(p=95),FreqThresh,-0.044991,0.0,0.0,0.0,28
RSV,EqualWeight,"SWAN(w=10,k=1.0)",SWAN,-0.063678,0.015152,0.1,0.026316,132
RSV,EqualWeight,"SWAN(w=10,k=1.5)",SWAN,-0.047123,0.018519,0.1,0.03125,108
RSV,EqualWeight,"SWAN(w=10,k=2.0)",SWAN,-0.051863,0.012658,0.05,0.020202,79
RSV,EqualWeight,"SWAN(w=20,k=1.0)",SWAN,-0.061015,0.015625,0.1,0.027027,128
RSV,EqualWeight,"SWAN(w=20,k=1.5)",SWAN,-0.047123,0.018519,0.1,0.03125,108
RSV,EqualWeight,"SWAN(w=20,k=2.0)",SWAN,-0.078968,0.0,0.0,0.0,78
RSV,EqualWeight,"SWAN(w=50,k=1.0)",SWAN,-0.04928,0.018018,0.1,0.030534,111
RSV,EqualWeight,"SWAN(w=50,k=1.5)",SWAN,-0.047123,0.018519,0.1,0.03125,108
RSV,EqualWeight,"SWAN(w=50,k=2.0)",SWAN,-0.046397,0.018692,0.1,0.031496,107
RSV,EqualWeight,MutClust-Orig(g=10),MutClust-Orig,0.0,0.036364,1.0,0.070175,550
RSV,tranception,Wavelet(t=1.0),Wavelet,0.097859,0.077778,0.35,0.127273,90
RSV,tranception,Wavelet(t=1.5),Wavelet,0.152367,0.118644,0.35,0.177215,59
RSV,tranception,Wavelet(t=2.0),Wavelet,0.095205,0.1,0.2,0.133333,40
RSV,tranception,KDE(p=75),KDE,0.066804,0.057971,0.4,0.101266,138
RSV,tranception,KDE(p=80),KDE,0.048564,0.054545,0.3,0.092308,110
RSV,tranception,KDE(p=85),KDE,-0.000493,0.036145,0.15,0.058252,83
RSV,tranception,SlidingTest(p=0.01),SlidingTest,0.036818,0.057692,0.15,0.083333,52
RSV,tranception,SlidingTest(p=0.05),SlidingTest,0.016778,0.042373,0.25,0.072464,118
RSV,tranception,GradPeak(p=0.2),GradPeak,0.022894,0.048387,0.15,0.073171,62
RSV,tranception,GradPeak(p=0.5),GradPeak,0.038883,0.066667,0.1,0.08,30
RSV,tranception,LocalContrast(z=1.0),LocalContrast,-0.030973,0.022989,0.1,0.037383,87
RSV,tranception,LocalContrast(z=1.5),LocalContrast,-0.054403,0.0,0.0,0.0,40
RSV,tranception,LocalContrast(z=2.0),LocalContrast,-0.034693,0.0,0.0,0.0,17
RSV,tranception,"CUSUM(d=0.3,h=3.0)",CUSUM,0.018859,0.055556,0.05,0.052632,18
RSV,tranception,"CUSUM(d=0.5,h=4.0)",CUSUM,-0.018606,0.0,0.0,0.0,5
RSV,tranception,"CUSUM(d=0.5,h=5.0)",CUSUM,-0.011736,0.0,0.0,0.0,2
RSV,tranception,AdaptiveKnee,AdaptiveKnee,-0.041028,0.015385,0.05,0.023529,65
RSV,tranception,ScoreDBSCAN(ep=8),ScoreDBSCAN,0.050147,0.051282,0.4,0.090909,156
RSV,tranception,ScoreDBSCAN(ep=15),ScoreDBSCAN,0.007582,0.037221,0.75,0.070922,403
RSV,tranception,Spectral(z=1.5),Spectral,0.010107,0.042553,0.1,0.059701,47
RSV,tranception,Spectral(z=2.0),Spectral,-0.000803,0.035714,0.05,0.041667,28
RSV,tranception,Bayes(prior=0.1),Bayes,0.0,0.0,0.0,0.0,0
RSV,tranception,Bayes(prior=0.15),Bayes,0.0,0.0,0.0,0.0,0
RSV,tranception,AdaptWin(s=90),AdaptWin,-0.027596,0.030888,0.4,0.057348,259
RSV,tranception,AdaptWin(s=85),AdaptWin,-0.100343,0.023747,0.45,0.045113,379
RSV,tranception,FreqThresh(p=80),FreqThresh,-0.048564,0.018182,0.1,0.030769,110
RSV,tranception,FreqThresh(p=85),FreqThresh,-0.054761,0.012048,0.05,0.019417,83
RSV,tranception,FreqThresh(p=90),FreqThresh,-0.032376,0.018182,0.05,0.026667,55
RSV,tranception,FreqThresh(p=95),FreqThresh,-0.044991,0.0,0.0,0.0,28
RSV,tranception,"SWAN(w=10,k=1.0)",SWAN,-0.077984,0.018349,0.2,0.033613,218
RSV,tranception,"SWAN(w=10,k=1.5)",SWAN,-0.04239,0.024242,0.2,0.043243,165
RSV,tranception,"SWAN(w=10,k=2.0)",SWAN,-0.048716,0.020979,0.15,0.03681,143
RSV,tranception,"SWAN(w=20,k=1.0)",SWAN,-0.097281,0.016194,0.2,0.029963,247
RSV,tranception,"SWAN(w=20,k=1.5)",SWAN,-0.056067,0.021622,0.2,0.039024,185
RSV,tranception,"SWAN(w=20,k=2.0)",SWAN,-0.02953,0.027211,0.2,0.047904,147
RSV,tranception,"SWAN(w=50,k=1.0)",SWAN,-0.089248,0.017021,0.2,0.031373,235
RSV,tranception,"SWAN(w=50,k=1.5)",SWAN,-0.065416,0.020101,0.2,0.03653,199
RSV,tranception,"SWAN(w=50,k=2.0)",SWAN,-0.045858,0.023529,0.2,0.042105,170
RSV,tranception,MutClust-Orig(g=10),MutClust-Orig,0.0,0.036364,1.0,0.070175,550
RSV,stability,Wavelet(t=1.0),Wavelet,0.04239,0.057143,0.2,0.088889,70
RSV,stability,Wavelet(t=1.5),Wavelet,0.077588,0.083333,0.2,0.117647,48
RSV,stability,Wavelet(t=2.0),Wavelet,0.104984,0.130435,0.15,0.139535,23
RSV,stability,KDE(p=75),KDE,-0.045215,0.021739,0.15,0.037975,138
RSV,stability,KDE(p=80),KDE,-0.097129,0.0,0.0,0.0,110
RSV,stability,KDE(p=85),KDE,-0.081895,0.0,0.0,0.0,83
RSV,stability,SlidingTest(p=0.01),SlidingTest,0.048264,0.076923,0.1,0.086957,26
RSV,stability,SlidingTest(p=0.05),SlidingTest,0.041081,0.056338,0.2,0.087912,71
RSV,stability,GradPeak(p=0.2),GradPeak,0.055035,0.060976,0.25,0.098039,82
RSV,stability,GradPeak(p=0.5),GradPeak,0.08376,0.088889,0.2,0.123077,45
RSV,stability,LocalContrast(z=1.0),LocalContrast,-0.054761,0.012048,0.05,0.019417,83
RSV,stability,LocalContrast(z=1.5),LocalContrast,-0.019284,0.02381,0.05,0.032258,42
RSV,stability,LocalContrast(z=2.0),LocalContrast,-0.025055,0.0,0.0,0.0,9
RSV,stability,"CUSUM(d=0.3,h=3.0)",CUSUM,0.041627,0.090909,0.05,0.064516,11
RSV,stability,"CUSUM(d=0.5,h=4.0)",CUSUM,-0.018606,0.0,0.0,0.0,5
RSV,stability,"CUSUM(d=0.5,h=5.0)",CUSUM,0.117487,0.333333,0.05,0.086957,3
RSV,stability,AdaptiveKnee,AdaptiveKnee,-0.024324,0.028571,0.2,0.05,140
RSV,stability,ScoreDBSCAN(ep=8),ScoreDBSCAN,0.033712,0.076923,0.05,0.060606,13
RSV,stability,ScoreDBSCAN(ep=15),ScoreDBSCAN,-0.020393,0.023256,0.05,0.031746,43
RSV,stability,Spectral(z=1.5),Spectral,-0.021481,0.022727,0.05,0.03125,44
RSV,stability,Spectral(z=2.0),Spectral,-0.00536,0.032258,0.05,0.039216,31
RSV,stability,Bayes(prior=0.1),Bayes,0.0,0.0,0.0,0.0,0
RSV,stability,Bayes(prior=0.15),Bayes,-0.06827,0.014388,0.1,0.025157,139
RSV,stability,AdaptWin(s=90),AdaptWin,0.006051,0.041667,0.05,0.045455,24
RSV,stability,AdaptWin(s=85),AdaptWin,0.050123,0.068182,0.15,0.09375,44
RSV,stability,FreqThresh(p=80),FreqThresh,-0.00818,0.030303,0.05,0.037736,33
RSV,stability,FreqThresh(p=85),FreqThresh,-0.00818,0.030303,0.05,0.037736,33
RSV,stability,FreqThresh(p=90),FreqThresh,0.024168,0.0625,0.05,0.055556,16
RSV,stability,FreqThresh(p=95),FreqThresh,0.057526,0.125,0.05,0.071429,8
RSV,stability,"SWAN(w=10,k=1.0)",SWAN,0.129532,0.077465,0.55,0.135802,142
RSV,stability,"SWAN(w=10,k=1.5)",SWAN,0.078634,0.066667,0.35,0.112,105
RSV,stability,"SWAN(w=10,k=2.0)",SWAN,0.017934,0.045455,0.15,0.069767,66
RSV,stability,"SWAN(w=20,k=1.0)",SWAN,0.07355,0.058442,0.45,0.103448,154
RSV,stability,"SWAN(w=20,k=1.5)",SWAN,0.098348,0.073394,0.4,0.124031,109
RSV,stability,"SWAN(w=20,k=2.0)",SWAN,0.103566,0.081395,0.35,0.132075,86
RSV,stability,"SWAN(w=50,k=1.0)",SWAN,0.050809,0.05,0.45,0.09,180
RSV,stability,"SWAN(w=50,k=1.5)",SWAN,-0.035819,0.024,0.15,0.041379,125
RSV,stability,"SWAN(w=50,k=2.0)",SWAN,0.00989,0.041096,0.15,0.064516,73
RSV,stability,MutClust-Orig(g=10),MutClust-Orig,-0.045822,0.014085,0.05,0.021978,71
RSV,stability_structural,Wavelet(t=1.0),Wavelet,-0.074789,0.0,0.0,0.0,71
RSV,stability_structural,Wavelet(t=1.5),Wavelet,-0.054403,0.0,0.0,0.0,40
RSV,stability_structural,Wavelet(t=2.0),Wavelet,-0.038704,0.0,0.0,0.0,21
RSV,stability_structural,KDE(p=75),KDE,0.066804,0.057971,0.4,0.101266,138
RSV,stability_structural,KDE(p=80),KDE,-0.024282,0.027273,0.15,0.046154,110
RSV,stability_structural,KDE(p=85),KDE,-0.081895,0.0,0.0,0.0,83
RSV,stability_structural,SlidingTest(p=0.01),SlidingTest,0.053597,0.083333,0.1,0.090909,24
RSV,stability_structural,SlidingTest(p=0.05),SlidingTest,0.052124,0.063492,0.2,0.096386,63
RSV,stability_structural,GradPeak(p=0.2),GradPeak,0.0,0.0,0.0,0.0,0
RSV,stability_structural,GradPeak(p=0.5),GradPeak,0.0,0.0,0.0,0.0,0
RSV,stability_structural,LocalContrast(z=1.0),LocalContrast,-0.026774,0.02439,0.1,0.039216,82
RSV,stability_structural,LocalContrast(z=1.5),LocalContrast,-0.019284,0.02381,0.05,0.032258,42
RSV,stability_structural,LocalContrast(z=2.0),LocalContrast,-0.022056,0.0,0.0,0.0,7
RSV,stability_structural,"CUSUM(d=0.3,h=3.0)",CUSUM,-0.025055,0.0,0.0,0.0,9
RSV,stability_structural,"CUSUM(d=0.5,h=4.0)",CUSUM,-0.014386,0.0,0.0,0.0,3
RSV,stability_structural,"CUSUM(d=0.5,h=5.0)",CUSUM,-0.008291,0.0,0.0,0.0,1
RSV,stability_structural,AdaptiveKnee,AdaptiveKnee,-0.030521,0.018868,0.05,0.027397,53
RSV,stability_structural,ScoreDBSCAN(ep=8),ScoreDBSCAN,-0.014386,0.0,0.0,0.0,3
RSV,stability_structural,ScoreDBSCAN(ep=15),ScoreDBSCAN,0.009913,0.045455,0.05,0.047619,22
RSV,stability_structural,Spectral(z=1.5),Spectral,-0.027643,0.02,0.05,0.028571,50
RSV,stability_structural,Spectral(z=2.0),Spectral,-0.043271,0.0,0.0,0.0,26
RSV,stability_structural,Bayes(prior=0.1),Bayes,-0.030225,0.0,0.0,0.0,13
RSV,stability_structural,Bayes(prior=0.15),Bayes,-0.042373,0.022388,0.15,0.038961,134
RSV,stability_structural,AdaptWin(s=90),AdaptWin,-0.034693,0.0,0.0,0.0,17
RSV,stability_structural,AdaptWin(s=85),AdaptWin,-0.000803,0.035714,0.05,0.041667,28
RSV,stability_structural,FreqThresh(p=80),FreqThresh,-0.003888,0.033333,0.05,0.04,30
RSV,stability_structural,FreqThresh(p=85),FreqThresh,0.006051,0.041667,0.05,0.045455,24
RSV,stability_structural,FreqThresh(p=90),FreqThresh,-0.032527,0.0,0.0,0.0,15
RSV,stability_structural,FreqThresh(p=95),FreqThresh,-0.023601,0.0,0.0,0.0,8
RSV,stability_structural,"SWAN(w=10,k=1.0)",SWAN,0.131757,0.078571,0.55,0.1375,140
RSV,stability_structural,"SWAN(w=10,k=1.5)",SWAN,0.05175,0.056075,0.3,0.094488,107
RSV,stability_structural,"SWAN(w=10,k=2.0)",SWAN,-0.035952,0.016949,0.05,0.025316,59
RSV,stability_structural,"SWAN(w=20,k=1.0)",SWAN,0.070775,0.057325,0.45,0.101695,157
RSV,stability_structural,"SWAN(w=20,k=1.5)",SWAN,0.098348,0.073394,0.4,0.124031,109
RSV,stability_structural,"SWAN(w=20,k=2.0)",SWAN,0.014395,0.043478,0.15,0.067416,69
RSV,stability_structural,"SWAN(w=50,k=1.0)",SWAN,0.043506,0.047619,0.45,0.086124,189
RSV,stability_structural,"SWAN(w=50,k=1.5)",SWAN,-0.034329,0.02439,0.15,0.041958,123
RSV,stability_structural,"SWAN(w=50,k=2.0)",SWAN,-0.05217,0.0,0.0,0.0,37
RSV,stability_structural,MutClust-Orig(g=10),MutClust-Orig,0.0,0.0,0.0,0.0,0
RSV,freq_with_indel,Wavelet(t=1.0),Wavelet,-0.083631,0.0,0.0,0.0,86
RSV,freq_with_indel,Wavelet(t=1.5),Wavelet,-0.052922,0.0,0.0,0.0,38
RSV,freq_with_indel,Wavelet(t=2.0),Wavelet,-0.04239,0.0,0.0,0.0,25
RSV,freq_with_indel,KDE(p=75),KDE,-0.000407,0.036232,0.25,0.063291,138
RSV,freq_with_indel,KDE(p=80),KDE,-0.048564,0.018182,0.1,0.030769,110
RSV,freq_with_indel,KDE(p=85),KDE,-0.081895,0.0,0.0,0.0,83
RSV,freq_with_indel,SlidingTest(p=0.01),SlidingTest,-0.063436,0.0,0.0,0.0,53
RSV,freq_with_indel,SlidingTest(p=0.05),SlidingTest,-0.072964,0.0,0.0,0.0,68
RSV,freq_with_indel,GradPeak(p=0.2),GradPeak,-0.016627,0.0,0.0,0.0,4
RSV,freq_with_indel,GradPeak(p=0.5),GradPeak,0.0,0.0,0.0,0.0,0
RSV,freq_with_indel,LocalContrast(z=1.0),LocalContrast,-0.037679,0.016393,0.05,0.024691,61
RSV,freq_with_indel,LocalContrast(z=1.5),LocalContrast,-0.019284,0.02381,0.05,0.032258,42
RSV,freq_with_indel,LocalContrast(z=2.0),LocalContrast,-0.000803,0.035714,0.05,0.041667,28
RSV,freq_with_indel,"CUSUM(d=0.3,h=3.0)",CUSUM,-0.035732,0.0,0.0,0.0,18
RSV,freq_with_indel,"CUSUM(d=0.5,h=4.0)",CUSUM,-0.030225,0.0,0.0,0.0,13
RSV,freq_with_indel,"CUSUM(d=0.5,h=5.0)",CUSUM,-0.025055,0.0,0.0,0.0,9
RSV,freq_with_indel,AdaptiveKnee,AdaptiveKnee,-0.044252,0.014493,0.05,0.022472,69
RSV,freq_with_indel,ScoreDBSCAN(ep=8),ScoreDBSCAN,0.030521,0.038229,0.95,0.073501,497
RSV,freq_with_indel,ScoreDBSCAN(ep=15),ScoreDBSCAN,0.002371,0.036468,0.95,0.07024,521
RSV,freq_with_indel,Spectral(z=1.5),Spectral,-0.062772,0.0,0.0,0.0,52
RSV,freq_with_indel,Spectral(z=2.0),Spectral,-0.054403,0.0,0.0,0.0,40
RSV,freq_with_indel,Bayes(prior=0.1),Bayes,0.0,0.0,0.0,0.0,0
RSV,freq_with_indel,Bayes(prior=0.15),Bayes,-0.064752,0.0,0.0,0.0,55
RSV,freq_with_indel,AdaptWin(s=90),AdaptWin,-0.066053,0.0,0.0,0.0,57
RSV,freq_with_indel,AdaptWin(s=85),AdaptWin,0.0,0.036364,1.0,0.070175,550
RSV,freq_with_indel,FreqThresh(p=80),FreqThresh,-0.072846,0.009091,0.05,0.015385,110
RSV,freq_with_indel,FreqThresh(p=85),FreqThresh,-0.054761,0.012048,0.05,0.019417,83
RSV,freq_with_indel,FreqThresh(p=90),FreqThresh,-0.064752,0.0,0.0,0.0,55
RSV,freq_with_indel,FreqThresh(p=95),FreqThresh,-0.044991,0.0,0.0,0.0,28
RSV,freq_with_indel,"SWAN(w=10,k=1.0)",SWAN,-0.057283,0.0,0.0,0.0,44
RSV,freq_with_indel,"SWAN(w=10,k=1.5)",SWAN,-0.052922,0.0,0.0,0.0,38
RSV,freq_with_indel,"SWAN(w=10,k=2.0)",SWAN,-0.049078,0.0,0.0,0.0,33
RSV,freq_with_indel,"SWAN(w=20,k=1.0)",SWAN,-0.052922,0.0,0.0,0.0,38
RSV,freq_with_indel,"SWAN(w=20,k=1.5)",SWAN,-0.052922,0.0,0.0,0.0,38
RSV,freq_with_indel,"SWAN(w=20,k=2.0)",SWAN,-0.048282,0.0,0.0,0.0,32
RSV,freq_with_indel,"SWAN(w=50,k=1.0)",SWAN,-0.058687,0.0,0.0,0.0,46
RSV,freq_with_indel,"SWAN(w=50,k=1.5)",SWAN,-0.053666,0.0,0.0,0.0,39
RSV,freq_with_indel,"SWAN(w=50,k=2.0)",SWAN,-0.044991,0.0,0.0,0.0,28
RSV,freq_with_indel,MutClust-Orig(g=10),MutClust-Orig,-0.16738,0.024793,0.6,0.047619,484
RSV,entropy_with_indel,Wavelet(t=1.0),Wavelet,-0.074183,0.0,0.0,0.0,70
RSV,entropy_with_indel,Wavelet(t=1.5),Wavelet,-0.049865,0.0,0.0,0.0,34
RSV,entropy_with_indel,Wavelet(t=2.0),Wavelet,-0.043271,0.0,0.0,0.0,26
RSV,entropy_with_indel,KDE(p=75),KDE,0.0444,0.050725,0.35,0.088608,138
RSV,entropy_with_indel,KDE(p=80),KDE,0.024282,0.045455,0.25,0.076923,110
RSV,entropy_with_indel,KDE(p=85),KDE,-0.027627,0.024096,0.1,0.038835,83
RSV,entropy_with_indel,SlidingTest(p=0.01),SlidingTest,-0.06861,0.0,0.0,0.0,61
RSV,entropy_with_indel,SlidingTest(p=0.05),SlidingTest,-0.076593,0.0,0.0,0.0,74
RSV,entropy_with_indel,GradPeak(p=0.2),GradPeak,-0.037736,0.0,0.0,0.0,20
RSV,entropy_with_indel,GradPeak(p=0.5),GradPeak,-0.016627,0.0,0.0,0.0,4
RSV,entropy_with_indel,LocalContrast(z=1.0),LocalContrast,-0.040203,0.015625,0.05,0.02381,64
RSV,entropy_with_indel,LocalContrast(z=1.5),LocalContrast,-0.019284,0.02381,0.05,0.032258,42
RSV,entropy_with_indel,LocalContrast(z=2.0),LocalContrast,-0.003888,0.033333,0.05,0.04,30
RSV,entropy_with_indel,"CUSUM(d=0.3,h=3.0)",CUSUM,-0.038704,0.0,0.0,0.0,21
RSV,entropy_with_indel,"CUSUM(d=0.5,h=4.0)",CUSUM,-0.030225,0.0,0.0,0.0,13
RSV,entropy_with_indel,"CUSUM(d=0.5,h=5.0)",CUSUM,-0.026435,0.0,0.0,0.0,10
RSV,entropy_with_indel,AdaptiveKnee,AdaptiveKnee,-0.053321,0.012346,0.05,0.019802,81
RSV,entropy_with_indel,ScoreDBSCAN(ep=8),ScoreDBSCAN,0.048887,0.04,0.95,0.076768,475
RSV,entropy_with_indel,ScoreDBSCAN(ep=15),ScoreDBSCAN,0.015825,0.037182,0.95,0.071563,511
RSV,entropy_with_indel,Spectral(z=1.5),Spectral,-0.066053,0.0,0.0,0.0,57
RSV,entropy_with_indel,Spectral(z=2.0),Spectral,-0.054403,0.0,0.0,0.0,40
RSV,entropy_with_indel,Bayes(prior=0.1),Bayes,0.0,0.0,0.0,0.0,0
RSV,entropy_with_indel,Bayes(prior=0.15),Bayes,-0.014386,0.0,0.0,0.0,3
RSV,entropy_with_indel,AdaptWin(s=90),AdaptWin,-0.06861,0.0,0.0,0.0,61
RSV,entropy_with_indel,AdaptWin(s=85),AdaptWin,0.0,0.036364,1.0,0.070175,550
RSV,entropy_with_indel,FreqThresh(p=80),FreqThresh,-0.072846,0.009091,0.05,0.015385,110
RSV,entropy_with_indel,FreqThresh(p=85),FreqThresh,-0.054761,0.012048,0.05,0.019417,83
RSV,entropy_with_indel,FreqThresh(p=90),FreqThresh,-0.064752,0.0,0.0,0.0,55
RSV,entropy_with_indel,FreqThresh(p=95),FreqThresh,-0.044991,0.0,0.0,0.0,28
RSV,entropy_with_indel,"SWAN(w=10,k=1.0)",SWAN,-0.064752,0.0,0.0,0.0,55
RSV,entropy_with_indel,"SWAN(w=10,k=1.5)",SWAN,-0.05938,0.0,0.0,0.0,47
RSV,entropy_with_indel,"SWAN(w=10,k=2.0)",SWAN,-0.057283,0.0,0.0,0.0,44
RSV,entropy_with_indel,"SWAN(w=20,k=1.0)",SWAN,-0.060068,0.0,0.0,0.0,48
RSV,entropy_with_indel,"SWAN(w=20,k=1.5)",SWAN,-0.05938,0.0,0.0,0.0,47
RSV,entropy_with_indel,"SWAN(w=20,k=2.0)",SWAN,-0.055133,0.0,0.0,0.0,41
RSV,entropy_with_indel,"SWAN(w=50,k=1.0)",SWAN,-0.066053,0.0,0.0,0.0,57
RSV,entropy_with_indel,"SWAN(w=50,k=1.5)",SWAN,-0.05938,0.0,0.0,0.0,47
RSV,entropy_with_indel,"SWAN(w=50,k=2.0)",SWAN,-0.05141,0.0,0.0,0.0,36
RSV,entropy_with_indel,MutClust-Orig(g=10),MutClust-Orig,0.0,0.036364,1.0,0.070175,550
RSV,fubar,Wavelet(t=1.0),Wavelet,-0.074789,0.0,0.0,0.0,71
RSV,fubar,Wavelet(t=1.5),Wavelet,-0.058687,0.0,0.0,0.0,46
RSV,fubar,Wavelet(t=2.0),Wavelet,-0.047476,0.0,0.0,0.0,31
RSV,fubar,KDE(p=75),KDE,0.021996,0.043478,0.3,0.075949,138
RSV,fubar,KDE(p=80),KDE,-0.024282,0.027273,0.15,0.046154,110
RSV,fubar,KDE(p=85),KDE,-0.081895,0.0,0.0,0.0,83
RSV,fubar,SlidingTest(p=0.01),SlidingTest,-0.052922,0.0,0.0,0.0,38
RSV,fubar,SlidingTest(p=0.05),SlidingTest,-0.05938,0.0,0.0,0.0,47
RSV,fubar,GradPeak(p=0.2),GradPeak,-0.014386,0.0,0.0,0.0,3
RSV,fubar,GradPeak(p=0.5),GradPeak,0.0,0.0,0.0,0.0,0
RSV,fubar,LocalContrast(z=1.0),LocalContrast,0.022894,0.048387,0.15,0.073171,62
RSV,fubar,LocalContrast(z=1.5),LocalContrast,0.036818,0.057692,0.15,0.083333,52
RSV,fubar,LocalContrast(z=2.0),LocalContrast,0.023676,0.052632,0.1,0.068966,38
RSV,fubar,"CUSUM(d=0.3,h=3.0)",CUSUM,-0.031395,0.0,0.0,0.0,14
RSV,fubar,"CUSUM(d=0.5,h=4.0)",CUSUM,-0.025055,0.0,0.0,0.0,9
RSV,fubar,"CUSUM(d=0.5,h=5.0)",CUSUM,-0.020401,0.0,0.0,0.0,6
RSV,fubar,AdaptiveKnee,AdaptiveKnee,0.050081,0.05814,0.25,0.09434,86
RSV,fubar,ScoreDBSCAN(ep=8),ScoreDBSCAN,-0.03457,0.032419,0.65,0.061758,401
RSV,fubar,ScoreDBSCAN(ep=15),ScoreDBSCAN,-0.068586,0.031381,0.75,0.060241,478
RSV,fubar,Spectral(z=1.5),Spectral,-0.05217,0.0,0.0,0.0,37
RSV,fubar,Spectral(z=2.0),Spectral,-0.043271,0.0,0.0,0.0,26
RSV,fubar,Bayes(prior=0.1),Bayes,-0.025055,0.0,0.0,0.0,9
RSV,fubar,Bayes(prior=0.15),Bayes,-0.015825,0.025641,0.05,0.033898,39
RSV,fubar,AdaptWin(s=90),AdaptWin,0.020377,0.046875,0.15,0.071429,64
RSV,fubar,AdaptWin(s=85),AdaptWin,0.031234,0.048544,0.25,0.081301,103
RSV,fubar,FreqThresh(p=80),FreqThresh,0.048564,0.054545,0.3,0.092308,110
RSV,fubar,FreqThresh(p=85),FreqThresh,0.053774,0.060241,0.25,0.097087,83
RSV,fubar,FreqThresh(p=90),FreqThresh,0.032376,0.054545,0.15,0.08,55
RSV,fubar,FreqThresh(p=95),FreqThresh,-0.044991,0.0,0.0,0.0,28
RSV,fubar,"SWAN(w=10,k=1.0)",SWAN,-0.013949,0.029412,0.1,0.045455,68
RSV,fubar,"SWAN(w=10,k=1.5)",SWAN,-0.029575,0.019231,0.05,0.027778,52
RSV,fubar,"SWAN(w=10,k=2.0)",SWAN,-0.05217,0.0,0.0,0.0,37
RSV,fubar,"SWAN(w=20,k=1.0)",SWAN,-0.043456,0.014706,0.05,0.022727,68
RSV,fubar,"SWAN(w=20,k=1.5)",SWAN,-0.054403,0.0,0.0,0.0,40
RSV,fubar,"SWAN(w=20,k=2.0)",SWAN,-0.048282,0.0,0.0,0.0,32
RSV,fubar,"SWAN(w=50,k=1.0)",SWAN,-0.005665,0.033333,0.1,0.05,60
RSV,fubar,"SWAN(w=50,k=1.5)",SWAN,-0.004565,0.033898,0.1,0.050633,59
RSV,fubar,"SWAN(w=50,k=2.0)",SWAN,-0.002318,0.035088,0.1,0.051948,57
RSV,fubar,MutClust-Orig(g=10),MutClust-Orig,0.055474,0.040773,0.95,0.078189,466
Influenza_B,freq,Wavelet(t=1.0),Wavelet,0.356786,0.163265,0.941176,0.278261,98
Influenza_B,freq,Wavelet(t=1.5),Wavelet,0.25779,0.181818,0.470588,0.262295,44
Influenza_B,freq,Wavelet(t=2.0),Wavelet,0.278058,0.26087,0.352941,0.3,23
Influenza_B,freq,KDE(p=75),KDE,0.306468,0.121429,1.0,0.216561,140
Influenza_B,freq,KDE(p=80),KDE,0.353879,0.151786,1.0,0.263566,112
Influenza_B,freq,KDE(p=85),KDE,0.392051,0.190476,0.941176,0.316832,84
Influenza_B,freq,SlidingTest(p=0.01),SlidingTest,0.276669,0.15493,0.647059,0.25,71
Influenza_B,freq,SlidingTest(p=0.05),SlidingTest,0.264178,0.144737,0.647059,0.236559,76
Influenza_B,freq,GradPeak(p=0.2),GradPeak,0.0,0.0,0.0,0.0,0
Influenza_B,freq,GradPeak(p=0.5),GradPeak,0.0,0.0,0.0,0.0,0
Influenza_B,freq,LocalContrast(z=1.0),LocalContrast,0.070251,0.064516,0.235294,0.101266,62
Influenza_B,freq,LocalContrast(z=1.5),LocalContrast,0.024271,0.044444,0.117647,0.064516,45
Influenza_B,freq,LocalContrast(z=2.0),LocalContrast,0.044119,0.060606,0.117647,0.08,33
Influenza_B,freq,"CUSUM(d=0.3,h=3.0)",CUSUM,0.274968,0.363636,0.235294,0.285714,11
Influenza_B,freq,"CUSUM(d=0.5,h=4.0)",CUSUM,0.290512,0.4,0.235294,0.296296,10
Influenza_B,freq,"CUSUM(d=0.5,h=5.0)",CUSUM,0.154119,0.25,0.117647,0.16,8
Influenza_B,freq,AdaptiveKnee,AdaptiveKnee,0.168118,0.166667,0.235294,0.195122,24
Influenza_B,freq,ScoreDBSCAN(ep=8),ScoreDBSCAN,-0.131723,0.023438,0.705882,0.045369,512
Influenza_B,freq,ScoreDBSCAN(ep=15),ScoreDBSCAN,-0.178519,0.024164,0.764706,0.046847,538
Influenza_B,freq,Spectral(z=1.5),Spectral,0.213743,0.2,0.294118,0.238095,25
Influenza_B,freq,Spectral(z=2.0),Spectral,0.254288,0.263158,0.294118,0.277778,19
Influenza_B,freq,Bayes(prior=0.1),Bayes,0.274968,0.363636,0.235294,0.285714,11
Influenza_B,freq,Bayes(prior=0.15),Bayes,0.219554,0.25,0.235294,0.242424,16
Influenza_B,freq,AdaptWin(s=90),AdaptWin,0.173577,0.074713,0.764706,0.136126,174
Influenza_B,freq,AdaptWin(s=85),AdaptWin,0.158115,0.068063,0.764706,0.125,191
Influenza_B,freq,FreqThresh(p=80),FreqThresh,0.196312,0.097345,0.647059,0.169231,113
Influenza_B,freq,FreqThresh(p=85),FreqThresh,0.155581,0.093023,0.470588,0.15534,86
Influenza_B,freq,FreqThresh(p=90),FreqThresh,0.181394,0.122807,0.411765,0.189189,57
Influenza_B,freq,FreqThresh(p=95),FreqThresh,0.198188,0.178571,0.294118,0.222222,28
Influenza_B,freq,"SWAN(w=10,k=1.0)",SWAN,0.309599,0.2,0.588235,0.298507,50
Influenza_B,freq,"SWAN(w=10,k=1.5)",SWAN,0.276719,0.183673,0.529412,0.272727,49
Influenza_B,freq,"SWAN(w=10,k=2.0)",SWAN,0.276719,0.183673,0.529412,0.272727,49
Influenza_B,freq,"SWAN(w=20,k=1.0)",SWAN,0.379999,0.220339,0.764706,0.342105,59
Influenza_B,freq,"SWAN(w=20,k=1.5)",SWAN,0.379999,0.220339,0.764706,0.342105,59
Influenza_B,freq,"SWAN(w=20,k=2.0)",SWAN,0.379999,0.220339,0.764706,0.342105,59
Influenza_B,freq,"SWAN(w=50,k=1.0)",SWAN,0.276557,0.134021,0.764706,0.22807,97
Influenza_B,freq,"SWAN(w=50,k=1.5)",SWAN,0.288835,0.142857,0.764706,0.240741,91
Influenza_B,freq,"SWAN(w=50,k=2.0)",SWAN,0.290987,0.144444,0.764706,0.242991,90
Influenza_B,freq,MutClust-Orig(g=10),MutClust-Orig,0.214776,0.108911,0.647059,0.186441,101
Influenza_B,entropy,Wavelet(t=1.0),Wavelet,0.336295,0.168675,0.823529,0.28,83
Influenza_B,entropy,Wavelet(t=1.5),Wavelet,0.246737,0.170213,0.470588,0.25,47
Influenza_B,entropy,Wavelet(t=2.0),Wavelet,0.230257,0.193548,0.352941,0.25,31
Influenza_B,entropy,KDE(p=75),KDE,0.306468,0.121429,1.0,0.216561,140
Influenza_B,entropy,KDE(p=80),KDE,0.275817,0.125,0.823529,0.217054,112
Influenza_B,entropy,KDE(p=85),KDE,0.333754,0.166667,0.823529,0.277228,84
Influenza_B,entropy,SlidingTest(p=0.01),SlidingTest,0.165716,0.1,0.470588,0.164948,80
Influenza_B,entropy,SlidingTest(p=0.05),SlidingTest,0.172677,0.083969,0.647059,0.148649,131
Influenza_B,entropy,GradPeak(p=0.2),GradPeak,0.108586,0.25,0.058824,0.095238,4
Influenza_B,entropy,GradPeak(p=0.5),GradPeak,0.239039,1.0,0.058824,0.111111,1
Influenza_B,entropy,LocalContrast(z=1.0),LocalContrast,0.064444,0.060606,0.235294,0.096386,66
Influenza_B,entropy,LocalContrast(z=1.5),LocalContrast,0.022879,0.043478,0.117647,0.063492,46
Influenza_B,entropy,LocalContrast(z=2.0),LocalContrast,0.044119,0.060606,0.117647,0.08,33
Influenza_B,entropy,"CUSUM(d=0.3,h=3.0)",CUSUM,0.211353,0.235294,0.235294,0.235294,17
Influenza_B,entropy,"CUSUM(d=0.5,h=4.0)",CUSUM,0.274968,0.363636,0.235294,0.285714,11
Influenza_B,entropy,"CUSUM(d=0.5,h=5.0)",CUSUM,0.329539,0.5,0.235294,0.32,8
Influenza_B,entropy,AdaptiveKnee,AdaptiveKnee,0.169305,0.142857,0.294118,0.192308,35
Influenza_B,entropy,ScoreDBSCAN(ep=8),ScoreDBSCAN,-0.087624,0.023605,0.647059,0.045549,466
Influenza_B,entropy,ScoreDBSCAN(ep=15),ScoreDBSCAN,-0.112582,0.025,0.764706,0.048417,520
Influenza_B,entropy,Spectral(z=1.5),Spectral,0.180644,0.15625,0.294118,0.204082,32
Influenza_B,entropy,Spectral(z=2.0),Spectral,0.173166,0.173913,0.235294,0.2,23
Influenza_B,entropy,Bayes(prior=0.1),Bayes,0.082682,0.166667,0.058824,0.086957,6
Influenza_B,entropy,Bayes(prior=0.15),Bayes,0.23833,0.285714,0.235294,0.258065,14
Influenza_B,entropy,AdaptWin(s=90),AdaptWin,0.175503,0.075581,0.764706,0.137566,172
Influenza_B,entropy,AdaptWin(s=85),AdaptWin,0.174796,0.071066,0.823529,0.130841,197
Influenza_B,entropy,FreqThresh(p=80),FreqThresh,0.169034,0.087719,0.588235,0.152672,114
Influenza_B,entropy,FreqThresh(p=85),FreqThresh,0.158861,0.095238,0.470588,0.158416,84
Influenza_B,entropy,FreqThresh(p=90),FreqThresh,0.183878,0.125,0.411765,0.191781,56
Influenza_B,entropy,FreqThresh(p=95),FreqThresh,0.198188,0.178571,0.294118,0.222222,28
Influenza_B,entropy,"SWAN(w=10,k=1.0)",SWAN,0.180427,0.077844,0.764706,0.141304,167
Influenza_B,entropy,"SWAN(w=10,k=1.5)",SWAN,0.251432,0.117117,0.764706,0.203125,111
Influenza_B,entropy,"SWAN(w=10,k=2.0)",SWAN,0.258626,0.130435,0.705882,0.220183,92
Influenza_B,entropy,"SWAN(w=20,k=1.0)",SWAN,0.169798,0.073034,0.764706,0.133333,178
Influenza_B,entropy,"SWAN(w=20,k=1.5)",SWAN,0.179429,0.077381,0.764706,0.140541,168
Influenza_B,entropy,"SWAN(w=20,k=2.0)",SWAN,0.220522,0.098485,0.764706,0.174497,132
Influenza_B,entropy,"SWAN(w=50,k=1.0)",SWAN,0.166109,0.071429,0.764706,0.130653,182
Influenza_B,entropy,"SWAN(w=50,k=1.5)",SWAN,0.166109,0.071429,0.764706,0.130653,182
Influenza_B,entropy,"SWAN(w=50,k=2.0)",SWAN,0.166109,0.071429,0.764706,0.130653,182
Influenza_B,entropy,MutClust-Orig(g=10),MutClust-Orig,0.120782,0.044503,1.0,0.085213,382
Influenza_B,rare_freq,Wavelet(t=1.0),Wavelet,0.084033,0.061856,0.352941,0.105263,97
Influenza_B,rare_freq,Wavelet(t=1.5),Wavelet,0.045102,0.053571,0.176471,0.082192,56
Influenza_B,rare_freq,Wavelet(t=2.0),Wavelet,-0.040593,0.0,0.0,0.0,28
Influenza_B,rare_freq,KDE(p=75),KDE,0.306468,0.121429,1.0,0.216561,140
Influenza_B,rare_freq,KDE(p=80),KDE,0.353879,0.151786,1.0,0.263566,112
Influenza_B,rare_freq,KDE(p=85),KDE,0.333754,0.166667,0.823529,0.277228,84
Influenza_B,rare_freq,SlidingTest(p=0.01),SlidingTest,0.290987,0.144444,0.764706,0.242991,90
Influenza_B,rare_freq,SlidingTest(p=0.05),SlidingTest,0.314996,0.142857,0.882353,0.245902,105
Influenza_B,rare_freq,GradPeak(p=0.2),GradPeak,0.0,0.0,0.0,0.0,0
Influenza_B,rare_freq,GradPeak(p=0.5),GradPeak,0.0,0.0,0.0,0.0,0
Influenza_B,rare_freq,LocalContrast(z=1.0),LocalContrast,-0.043171,0.012346,0.058824,0.020408,81
Influenza_B,rare_freq,LocalContrast(z=1.5),LocalContrast,-0.025141,0.017544,0.058824,0.027027,57
Influenza_B,rare_freq,LocalContrast(z=2.0),LocalContrast,-0.046378,0.0,0.0,0.0,36
Influenza_B,rare_freq,"CUSUM(d=0.3,h=3.0)",CUSUM,0.02433,0.052632,0.058824,0.055556,19
Influenza_B,rare_freq,"CUSUM(d=0.5,h=4.0)",CUSUM,0.045692,0.083333,0.058824,0.068966,12
Influenza_B,rare_freq,"CUSUM(d=0.5,h=5.0)",CUSUM,-0.022614,0.0,0.0,0.0,9
Influenza_B,rare_freq,AdaptiveKnee,AdaptiveKnee,0.106493,0.069307,0.411765,0.118644,101
Influenza_B,rare_freq,ScoreDBSCAN(ep=8),ScoreDBSCAN,-0.099843,0.015576,0.294118,0.029586,321
Influenza_B,rare_freq,ScoreDBSCAN(ep=15),ScoreDBSCAN,-0.036186,0.027149,0.705882,0.052288,442
Influenza_B,rare_freq,Spectral(z=1.5),Spectral,0.024271,0.044444,0.117647,0.064516,45
Influenza_B,rare_freq,Spectral(z=2.0),Spectral,0.01215,0.04,0.058824,0.047619,25
Influenza_B,rare_freq,Bayes(prior=0.1),Bayes,0.0,0.0,0.0,0.0,0
Influenza_B,rare_freq,Bayes(prior=0.15),Bayes,0.073774,0.142857,0.058824,0.083333,7
Influenza_B,rare_freq,AdaptWin(s=90),AdaptWin,0.145715,0.080357,0.529412,0.139535,112
Influenza_B,rare_freq,AdaptWin(s=85),AdaptWin,0.099843,0.050209,0.705882,0.09375,239
Influenza_B,rare_freq,FreqThresh(p=80),FreqThresh,0.090408,0.06087,0.411765,0.106061,115
Influenza_B,rare_freq,FreqThresh(p=85),FreqThresh,0.070187,0.058824,0.294118,0.098039,85
Influenza_B,rare_freq,FreqThresh(p=90),FreqThresh,0.079796,0.071429,0.235294,0.109589,56
Influenza_B,rare_freq,FreqThresh(p=95),FreqThresh,0.00562,0.034483,0.058824,0.043478,29
Influenza_B,rare_freq,"SWAN(w=10,k=1.0)",SWAN,0.188651,0.086957,0.705882,0.154839,138
Influenza_B,rare_freq,"SWAN(w=10,k=1.5)",SWAN,0.213404,0.10084,0.705882,0.176471,119
Influenza_B,rare_freq,"SWAN(w=10,k=2.0)",SWAN,0.241846,0.118812,0.705882,0.20339,101
Influenza_B,rare_freq,"SWAN(w=20,k=1.0)",SWAN,0.179416,0.082192,0.705882,0.147239,146
Influenza_B,rare_freq,"SWAN(w=20,k=1.5)",SWAN,0.203761,0.095238,0.705882,0.167832,126
Influenza_B,rare_freq,"SWAN(w=20,k=2.0)",SWAN,0.247216,0.122449,0.705882,0.208696,98
Influenza_B,rare_freq,"SWAN(w=50,k=1.0)",SWAN,0.191058,0.088235,0.705882,0.156863,136
Influenza_B,rare_freq,"SWAN(w=50,k=1.5)",SWAN,0.191058,0.088235,0.705882,0.156863,136
Influenza_B,rare_freq,"SWAN(w=50,k=2.0)",SWAN,0.197264,0.091603,0.705882,0.162162,131
Influenza_B,rare_freq,MutClust-Orig(g=10),MutClust-Orig,0.0,0.0,0.0,0.0,0
Influenza_B,homoplasy,Wavelet(t=1.0),Wavelet,-0.079469,0.0,0.0,0.0,94
Influenza_B,homoplasy,Wavelet(t=1.5),Wavelet,-0.06958,0.0,0.0,0.0,75
Influenza_B,homoplasy,Wavelet(t=2.0),Wavelet,-0.05898,0.0,0.0,0.0,56
Influenza_B,homoplasy,KDE(p=75),KDE,0.306468,0.121429,1.0,0.216561,140
Influenza_B,homoplasy,KDE(p=80),KDE,0.353879,0.151786,1.0,0.263566,112
Influenza_B,homoplasy,KDE(p=85),KDE,0.333754,0.166667,0.823529,0.277228,84
Influenza_B,homoplasy,SlidingTest(p=0.01),SlidingTest,0.297148,0.123077,0.941176,0.217687,130
Influenza_B,homoplasy,SlidingTest(p=0.05),SlidingTest,0.278547,0.10559,1.0,0.191011,161
Influenza_B,homoplasy,GradPeak(p=0.2),GradPeak,-0.007484,0.0,0.0,0.0,1
Influenza_B,homoplasy,GradPeak(p=0.5),GradPeak,0.0,0.0,0.0,0.0,0
Influenza_B,homoplasy,LocalContrast(z=1.0),LocalContrast,0.014071,0.036145,0.176471,0.06,83
Influenza_B,homoplasy,LocalContrast(z=1.5),LocalContrast,-0.01602,0.021277,0.058824,0.03125,47
Influenza_B,homoplasy,LocalContrast(z=2.0),LocalContrast,-0.038249,0.0,0.0,0.0,25
Influenza_B,homoplasy,"CUSUM(d=0.3,h=3.0)",CUSUM,0.116728,0.125,0.176471,0.146341,24
Influenza_B,homoplasy,"CUSUM(d=0.5,h=4.0)",CUSUM,0.038333,0.071429,0.058824,0.064516,14
Influenza_B,homoplasy,"CUSUM(d=0.5,h=5.0)",CUSUM,0.124961,0.181818,0.117647,0.142857,11
Influenza_B,homoplasy,AdaptiveKnee,AdaptiveKnee,0.206083,0.145833,0.411765,0.215385,48
Influenza_B,homoplasy,ScoreDBSCAN(ep=8),ScoreDBSCAN,-0.051764,0.024814,0.588235,0.047619,403
Influenza_B,homoplasy,ScoreDBSCAN(ep=15),ScoreDBSCAN,-0.190291,0.024074,0.764706,0.046679,540
Influenza_B,homoplasy,Spectral(z=1.5),Spectral,0.085768,0.088235,0.176471,0.117647,34
Influenza_B,homoplasy,Spectral(z=2.0),Spectral,0.116728,0.125,0.176471,0.146341,24
Influenza_B,homoplasy,Bayes(prior=0.1),Bayes,0.0,0.0,0.0,0.0,0
Influenza_B,homoplasy,Bayes(prior=0.15),Bayes,0.0,0.0,0.0,0.0,0
Influenza_B,homoplasy,AdaptWin(s=90),AdaptWin,0.073285,0.035565,1.0,0.068687,478
Influenza_B,homoplasy,AdaptWin(s=85),AdaptWin,0.007484,0.030411,1.0,0.059028,559
Influenza_B,homoplasy,FreqThresh(p=80),FreqThresh,0.160034,0.077465,0.647059,0.138365,142
Influenza_B,homoplasy,FreqThresh(p=85),FreqThresh,0.21812,0.111111,0.647059,0.189655,99
Influenza_B,homoplasy,FreqThresh(p=90),FreqThresh,0.169762,0.112903,0.411765,0.177215,62
Influenza_B,homoplasy,FreqThresh(p=95),FreqThresh,0.093712,0.096774,0.176471,0.125,31
Influenza_B,homoplasy,"SWAN(w=10,k=1.0)",SWAN,0.16558,0.075472,0.705882,0.136364,159
Influenza_B,homoplasy,"SWAN(w=10,k=1.5)",SWAN,0.179416,0.082192,0.705882,0.147239,146
Influenza_B,homoplasy,"SWAN(w=10,k=2.0)",SWAN,0.214839,0.101695,0.705882,0.177778,118
Influenza_B,homoplasy,"SWAN(w=20,k=1.0)",SWAN,0.162566,0.074074,0.705882,0.134078,162
Influenza_B,homoplasy,"SWAN(w=20,k=1.5)",SWAN,0.179416,0.082192,0.705882,0.147239,146
Influenza_B,homoplasy,"SWAN(w=20,k=2.0)",SWAN,0.182808,0.083916,0.705882,0.15,143
Influenza_B,homoplasy,"SWAN(w=50,k=1.0)",SWAN,0.159612,0.072727,0.705882,0.131868,165
Influenza_B,homoplasy,"SWAN(w=50,k=1.5)",SWAN,0.159612,0.072727,0.705882,0.131868,165
Influenza_B,homoplasy,"SWAN(w=50,k=2.0)",SWAN,0.181668,0.083333,0.705882,0.149068,144
Influenza_B,homoplasy,MutClust-Orig(g=10),MutClust-Orig,0.007484,0.030411,1.0,0.059028,559
Influenza_B,esm2_llr,Wavelet(t=1.0),Wavelet,-0.064674,0.0,0.0,0.0,66
Influenza_B,esm2_llr,Wavelet(t=1.5),Wavelet,-0.051669,0.0,0.0,0.0,44
Influenza_B,esm2_llr,Wavelet(t=2.0),Wavelet,-0.028333,0.0,0.0,0.0,14
Influenza_B,esm2_llr,KDE(p=75),KDE,0.306468,0.121429,1.0,0.216561,140
Influenza_B,esm2_llr,KDE(p=80),KDE,0.353879,0.151786,1.0,0.263566,112
Influenza_B,esm2_llr,KDE(p=85),KDE,0.333754,0.166667,0.823529,0.277228,84
Influenza_B,esm2_llr,SlidingTest(p=0.01),SlidingTest,0.0,0.0,0.0,0.0,0
Influenza_B,esm2_llr,SlidingTest(p=0.05),SlidingTest,-0.045686,0.0,0.0,0.0,35
Influenza_B,esm2_llr,GradPeak(p=0.2),GradPeak,-0.04135,0.0,0.0,0.0,29
Influenza_B,esm2_llr,GradPeak(p=0.5),GradPeak,-0.023859,0.0,0.0,0.0,10
Influenza_B,esm2_llr,LocalContrast(z=1.0),LocalContrast,-0.016835,0.023529,0.117647,0.039216,85
Influenza_B,esm2_llr,LocalContrast(z=1.5),LocalContrast,0.016344,0.039216,0.117647,0.058824,51
Influenza_B,esm2_llr,LocalContrast(z=2.0),LocalContrast,0.00562,0.034483,0.058824,0.043478,29
Influenza_B,esm2_llr,"CUSUM(d=0.3,h=3.0)",CUSUM,-0.027277,0.0,0.0,0.0,13
Influenza_B,esm2_llr,"CUSUM(d=0.5,h=4.0)",CUSUM,-0.012985,0.0,0.0,0.0,3
Influenza_B,esm2_llr,"CUSUM(d=0.5,h=5.0)",CUSUM,-0.012985,0.0,0.0,0.0,3
Influenza_B,esm2_llr,AdaptiveKnee,AdaptiveKnee,0.015827,0.043478,0.058824,0.05,23
Influenza_B,esm2_llr,ScoreDBSCAN(ep=8),ScoreDBSCAN,0.008845,0.03125,0.764706,0.060046,416
Influenza_B,esm2_llr,ScoreDBSCAN(ep=15),ScoreDBSCAN,0.001401,0.030418,0.941176,0.058932,526
Influenza_B,esm2_llr,Spectral(z=1.5),Spectral,-0.036619,0.0,0.0,0.0,23
Influenza_B,esm2_llr,Spectral(z=2.0),Spectral,-0.031308,0.0,0.0,0.0,17
Influenza_B,esm2_llr,Bayes(prior=0.1),Bayes,-0.007484,0.0,0.0,0.0,1
Influenza_B,esm2_llr,Bayes(prior=0.15),Bayes,-0.018414,0.0,0.0,0.0,6
Influenza_B,esm2_llr,AdaptWin(s=90),AdaptWin,0.002833,0.03125,0.235294,0.055172,128
Influenza_B,esm2_llr,AdaptWin(s=85),AdaptWin,0.134046,0.053191,0.882353,0.100334,282
Influenza_B,esm2_llr,FreqThresh(p=80),FreqThresh,-0.036429,0.017857,0.117647,0.031008,112
Influenza_B,esm2_llr,FreqThresh(p=85),FreqThresh,-0.016032,0.02381,0.117647,0.039604,84
Influenza_B,esm2_llr,FreqThresh(p=90),FreqThresh,-0.024286,0.017857,0.058824,0.027397,56
Influenza_B,esm2_llr,FreqThresh(p=95),FreqThresh,0.007163,0.035714,0.058824,0.044444,28
Influenza_B,esm2_llr,"SWAN(w=10,k=1.0)",SWAN,0.101979,0.0625,0.470588,0.110345,128
Influenza_B,esm2_llr,"SWAN(w=10,k=1.5)",SWAN,-0.042491,0.0125,0.058824,0.020619,80
Influenza_B,esm2_llr,"SWAN(w=10,k=2.0)",SWAN,-0.03578,0.0,0.0,0.0,22
Influenza_B,esm2_llr,"SWAN(w=20,k=1.0)",SWAN,0.057499,0.046667,0.411765,0.083832,150
Influenza_B,esm2_llr,"SWAN(w=20,k=1.5)",SWAN,0.056529,0.051546,0.294118,0.087719,97
Influenza_B,esm2_llr,"SWAN(w=20,k=2.0)",SWAN,-0.05661,0.0,0.0,0.0,52
Influenza_B,esm2_llr,"SWAN(w=50,k=1.0)",SWAN,0.085253,0.052326,0.529412,0.095238,172
Influenza_B,esm2_llr,"SWAN(w=50,k=1.5)",SWAN,0.071577,0.049689,0.470588,0.089888,161
Influenza_B,esm2_llr,"SWAN(w=50,k=2.0)",SWAN,0.120537,0.108108,0.235294,0.148148,37
Influenza_B,esm2_llr,MutClust-Orig(g=10),MutClust-Orig,0.0,0.030357,1.0,0.058925,560
Influenza_B,plddt_inv,Wavelet(t=1.0),Wavelet,-0.081996,0.0,0.0,0.0,99
Influenza_B,plddt_inv,Wavelet(t=1.5),Wavelet,-0.058393,0.0,0.0,0.0,55
Influenza_B,plddt_inv,Wavelet(t=2.0),Wavelet,-0.027277,0.0,0.0,0.0,13
Influenza_B,plddt_inv,KDE(p=75),KDE,-0.078119,0.007143,0.058824,0.012739,140
Influenza_B,plddt_inv,KDE(p=80),KDE,-0.08847,0.0,0.0,0.0,112
Influenza_B,plddt_inv,KDE(p=85),KDE,-0.074329,0.0,0.0,0.0,84
Influenza_B,plddt_inv,SlidingTest(p=0.01),SlidingTest,0.009469,0.032407,0.411765,0.060086,216
Influenza_B,plddt_inv,SlidingTest(p=0.05),SlidingTest,0.013732,0.033058,0.470588,0.061776,242
Influenza_B,plddt_inv,GradPeak(p=0.2),GradPeak,-0.054176,0.0,0.0,0.0,48
Influenza_B,plddt_inv,GradPeak(p=0.5),GradPeak,-0.044277,0.0,0.0,0.0,33
Influenza_B,plddt_inv,LocalContrast(z=1.0),LocalContrast,-0.005163,0.027027,0.058824,0.037037,37
Influenza_B,plddt_inv,LocalContrast(z=1.5),LocalContrast,0.054734,0.1,0.058824,0.074074,10
Influenza_B,plddt_inv,LocalContrast(z=2.0),LocalContrast,0.239039,1.0,0.058824,0.111111,1
Influenza_B,plddt_inv,"CUSUM(d=0.3,h=3.0)",CUSUM,-0.012986,0.022727,0.058824,0.032787,44
Influenza_B,plddt_inv,"CUSUM(d=0.5,h=4.0)",CUSUM,-0.036619,0.0,0.0,0.0,23
Influenza_B,plddt_inv,"CUSUM(d=0.5,h=5.0)",CUSUM,-0.031308,0.0,0.0,0.0,17
Influenza_B,plddt_inv,AdaptiveKnee,AdaptiveKnee,0.035086,0.033333,0.882353,0.06424,450
Influenza_B,plddt_inv,ScoreDBSCAN(ep=8),ScoreDBSCAN,0.017615,0.033898,0.470588,0.063241,236
Influenza_B,plddt_inv,ScoreDBSCAN(ep=15),ScoreDBSCAN,0.06633,0.034623,1.0,0.066929,491
Influenza_B,plddt_inv,Spectral(z=1.5),Spectral,0.055712,0.061224,0.176471,0.090909,49
Influenza_B,plddt_inv,Spectral(z=2.0),Spectral,0.102676,0.107143,0.176471,0.133333,28
Influenza_B,plddt_inv,Bayes(prior=0.1),Bayes,0.0,0.0,0.0,0.0,0
Influenza_B,plddt_inv,Bayes(prior=0.15),Bayes,0.0,0.0,0.0,0.0,0
Influenza_B,plddt_inv,AdaptWin(s=90),AdaptWin,0.063692,0.039514,0.764706,0.075145,329
Influenza_B,plddt_inv,AdaptWin(s=85),AdaptWin,0.035237,0.033981,0.823529,0.065268,412
Influenza_B,plddt_inv,FreqThresh(p=80),FreqThresh,-0.001655,0.029851,0.235294,0.05298,134
Influenza_B,plddt_inv,FreqThresh(p=85),FreqThresh,-0.076915,0.0,0.0,0.0,89
Influenza_B,plddt_inv,FreqThresh(p=90),FreqThresh,-0.068505,0.0,0.0,0.0,73
Influenza_B,plddt_inv,FreqThresh(p=95),FreqThresh,-0.04135,0.0,0.0,0.0,29
Influenza_B,plddt_inv,"SWAN(w=10,k=1.0)",SWAN,0.040127,0.036789,0.647059,0.06962,299
Influenza_B,plddt_inv,"SWAN(w=10,k=1.5)",SWAN,0.02618,0.034722,0.588235,0.065574,288
Influenza_B,plddt_inv,"SWAN(w=10,k=2.0)",SWAN,0.000968,0.030534,0.470588,0.057348,262
Influenza_B,plddt_inv,"SWAN(w=20,k=1.0)",SWAN,0.059755,0.039867,0.705882,0.075472,301
Influenza_B,plddt_inv,"SWAN(w=20,k=1.5)",SWAN,0.069709,0.042105,0.705882,0.07947,285
Influenza_B,plddt_inv,"SWAN(w=20,k=2.0)",SWAN,0.049518,0.038732,0.647059,0.07309,284
Influenza_B,plddt_inv,"SWAN(w=50,k=1.0)",SWAN,0.07987,0.04461,0.705882,0.083916,269
Influenza_B,plddt_inv,"SWAN(w=50,k=1.5)",SWAN,0.07987,0.04461,0.705882,0.083916,269
Influenza_B,plddt_inv,"SWAN(w=50,k=2.0)",SWAN,0.07987,0.04461,0.705882,0.083916,269
Influenza_B,plddt_inv,MutClust-Orig(g=10),MutClust-Orig,0.007484,0.030411,1.0,0.059028,559
Influenza_B,sasa,Wavelet(t=1.0),Wavelet,-0.094361,0.0,0.0,0.0,124
Influenza_B,sasa,Wavelet(t=1.5),Wavelet,-0.065229,0.0,0.0,0.0,67
Influenza_B,sasa,Wavelet(t=2.0),Wavelet,-0.016794,0.0,0.0,0.0,5
Influenza_B,sasa,KDE(p=75),KDE,-0.102156,0.0,0.0,0.0,140
Influenza_B,sasa,KDE(p=80),KDE,-0.08847,0.0,0.0,0.0,112
Influenza_B,sasa,KDE(p=85),KDE,-0.074329,0.0,0.0,0.0,84
Influenza_B,sasa,SlidingTest(p=0.01),SlidingTest,-0.085497,0.0,0.0,0.0,106
Influenza_B,sasa,SlidingTest(p=0.05),SlidingTest,-0.081368,0.006849,0.058824,0.01227,146
Influenza_B,sasa,GradPeak(p=0.2),GradPeak,-0.034052,0.0,0.0,0.0,20
Influenza_B,sasa,GradPeak(p=0.5),GradPeak,-0.015008,0.0,0.0,0.0,4
Influenza_B,sasa,LocalContrast(z=1.0),LocalContrast,0.060881,0.053763,0.294118,0.090909,93
Influenza_B,sasa,LocalContrast(z=1.5),LocalContrast,0.036737,0.054054,0.117647,0.074074,37
Influenza_B,sasa,LocalContrast(z=2.0),LocalContrast,0.045692,0.083333,0.058824,0.068966,12
Influenza_B,sasa,"CUSUM(d=0.3,h=3.0)",CUSUM,0.002682,0.032258,0.058824,0.041667,31
Influenza_B,sasa,"CUSUM(d=0.5,h=4.0)",CUSUM,-0.028333,0.0,0.0,0.0,14
Influenza_B,sasa,"CUSUM(d=0.5,h=5.0)",CUSUM,-0.023859,0.0,0.0,0.0,10
Influenza_B,sasa,AdaptiveKnee,AdaptiveKnee,-0.001789,0.029703,0.176471,0.050847,101
Influenza_B,sasa,ScoreDBSCAN(ep=8),ScoreDBSCAN,0.00849,0.033708,0.176471,0.056604,89
Influenza_B,sasa,ScoreDBSCAN(ep=15),ScoreDBSCAN,-0.042691,0.024242,0.470588,0.04611,330
Influenza_B,sasa,Spectral(z=1.5),Spectral,0.011554,0.036364,0.117647,0.055556,55
Influenza_B,sasa,Spectral(z=2.0),Spectral,0.01215,0.04,0.058824,0.047619,25
Influenza_B,sasa,Bayes(prior=0.1),Bayes,0.0,0.0,0.0,0.0,0
Influenza_B,sasa,Bayes(prior=0.15),Bayes,0.0,0.0,0.0,0.0,0
Influenza_B,sasa,AdaptWin(s=90),AdaptWin,0.014214,0.034483,0.294118,0.061728,145
Influenza_B,sasa,AdaptWin(s=85),AdaptWin,0.103207,0.053659,0.647059,0.099099,205
Influenza_B,sasa,FreqThresh(p=80),FreqThresh,0.022559,0.038462,0.235294,0.066116,104
Influenza_B,sasa,FreqThresh(p=85),FreqThresh,0.019002,0.038462,0.176471,0.063158,78
Influenza_B,sasa,FreqThresh(p=90),FreqThresh,0.015113,0.038462,0.117647,0.057971,52
Influenza_B,sasa,FreqThresh(p=95),FreqThresh,-0.039043,0.0,0.0,0.0,26
Influenza_B,sasa,"SWAN(w=10,k=1.0)",SWAN,-0.024538,0.024752,0.294118,0.045662,202
Influenza_B,sasa,"SWAN(w=10,k=1.5)",SWAN,-0.082267,0.010582,0.117647,0.019417,189
Influenza_B,sasa,"SWAN(w=10,k=2.0)",SWAN,-0.106049,0.0,0.0,0.0,148
Influenza_B,sasa,"SWAN(w=20,k=1.0)",SWAN,-0.027057,0.024272,0.294118,0.044843,206
Influenza_B,sasa,"SWAN(w=20,k=1.5)",SWAN,-0.022004,0.025253,0.294118,0.046512,198
Influenza_B,sasa,"SWAN(w=20,k=2.0)",SWAN,0.00049,0.030488,0.294118,0.055249,164
Influenza_B,sasa,"SWAN(w=50,k=1.0)",SWAN,0.028495,0.037234,0.411765,0.068293,188
Influenza_B,sasa,"SWAN(w=50,k=1.5)",SWAN,-0.10995,0.0,0.0,0.0,156
Influenza_B,sasa,"SWAN(w=50,k=2.0)",SWAN,-0.10167,0.0,0.0,0.0,139
Influenza_B,sasa,MutClust-Orig(g=10),MutClust-Orig,0.052932,0.033074,1.0,0.06403,514
Influenza_B,grantham,Wavelet(t=1.0),Wavelet,-0.094361,0.0,0.0,0.0,124
Influenza_B,grantham,Wavelet(t=1.5),Wavelet,-0.06578,0.0,0.0,0.0,68
Influenza_B,grantham,Wavelet(t=2.0),Wavelet,-0.042097,0.0,0.0,0.0,30
Influenza_B,grantham,KDE(p=75),KDE,-0.102156,0.0,0.0,0.0,140
Influenza_B,grantham,KDE(p=80),KDE,-0.08847,0.0,0.0,0.0,112
Influenza_B,grantham,KDE(p=85),KDE,-0.074329,0.0,0.0,0.0,84
Influenza_B,grantham,SlidingTest(p=0.01),SlidingTest,-0.047062,0.0,0.0,0.0,37
Influenza_B,grantham,SlidingTest(p=0.05),SlidingTest,-0.062432,0.0,0.0,0.0,62
Influenza_B,grantham,GradPeak(p=0.2),GradPeak,-0.026051,0.022388,0.176471,0.039735,134
Influenza_B,grantham,GradPeak(p=0.5),GradPeak,-0.024697,0.022727,0.176471,0.040268,132
Influenza_B,grantham,LocalContrast(z=1.0),LocalContrast,-0.022271,0.021739,0.117647,0.036697,92
Influenza_B,grantham,LocalContrast(z=1.5),LocalContrast,-0.046378,0.0,0.0,0.0,36
Influenza_B,grantham,LocalContrast(z=2.0),LocalContrast,-0.034925,0.0,0.0,0.0,21
Influenza_B,grantham,"CUSUM(d=0.3,h=3.0)",CUSUM,-0.032245,0.0,0.0,0.0,18
Influenza_B,grantham,"CUSUM(d=0.5,h=4.0)",CUSUM,-0.021301,0.0,0.0,0.0,8
Influenza_B,grantham,"CUSUM(d=0.5,h=5.0)",CUSUM,-0.018414,0.0,0.0,0.0,6
Influenza_B,grantham,AdaptiveKnee,AdaptiveKnee,-0.008459,0.026667,0.117647,0.043478,75
Influenza_B,grantham,ScoreDBSCAN(ep=8),ScoreDBSCAN,0.065638,0.052632,0.352941,0.091603,114
Influenza_B,grantham,ScoreDBSCAN(ep=15),ScoreDBSCAN,0.078119,0.038095,0.941176,0.073227,420
Influenza_B,grantham,Spectral(z=1.5),Spectral,-0.051669,0.0,0.0,0.0,44
Influenza_B,grantham,Spectral(z=2.0),Spectral,-0.039043,0.0,0.0,0.0,26
Influenza_B,grantham,Bayes(prior=0.1),Bayes,0.0,0.0,0.0,0.0,0
Influenza_B,grantham,Bayes(prior=0.15),Bayes,0.0,0.0,0.0,0.0,0
Influenza_B,grantham,AdaptWin(s=90),AdaptWin,0.039784,0.039409,0.470588,0.072727,203
Influenza_B,grantham,AdaptWin(s=85),AdaptWin,0.090932,0.038375,1.0,0.073913,443
Influenza_B,grantham,FreqThresh(p=80),FreqThresh,-0.036429,0.017857,0.117647,0.031008,112
Influenza_B,grantham,FreqThresh(p=85),FreqThresh,-0.016835,0.023529,0.117647,0.039216,85
Influenza_B,grantham,FreqThresh(p=90),FreqThresh,-0.024286,0.017857,0.058824,0.027397,56
Influenza_B,grantham,FreqThresh(p=95),FreqThresh,-0.040593,0.0,0.0,0.0,28
Influenza_B,grantham,"SWAN(w=10,k=1.0)",SWAN,0.019581,0.036232,0.294118,0.064516,138
Influenza_B,grantham,"SWAN(w=10,k=1.5)",SWAN,-0.080482,0.0,0.0,0.0,96
Influenza_B,grantham,"SWAN(w=10,k=2.0)",SWAN,-0.063559,0.0,0.0,0.0,64
Influenza_B,grantham,"SWAN(w=20,k=1.0)",SWAN,0.051764,0.044586,0.411765,0.08046,157
Influenza_B,grantham,"SWAN(w=20,k=1.5)",SWAN,0.025157,0.038168,0.294118,0.067568,131
Influenza_B,grantham,"SWAN(w=20,k=2.0)",SWAN,-0.074329,0.0,0.0,0.0,84
Influenza_B,grantham,"SWAN(w=50,k=1.0)",SWAN,-0.079458,0.01087,0.117647,0.0199,184
Influenza_B,grantham,"SWAN(w=50,k=1.5)",SWAN,-0.076484,0.007299,0.058824,0.012987,137
Influenza_B,grantham,"SWAN(w=50,k=2.0)",SWAN,-0.055322,0.01,0.058824,0.017094,100
Influenza_B,grantham,MutClust-Orig(g=10),MutClust-Orig,0.007484,0.030411,1.0,0.059028,559
Influenza_B,dnds_proxy,Wavelet(t=1.0),Wavelet,0.357661,0.174419,0.882353,0.291262,86
Influenza_B,dnds_proxy,Wavelet(t=1.5),Wavelet,0.243263,0.166667,0.470588,0.246154,48
Influenza_B,dnds_proxy,Wavelet(t=2.0),Wavelet,0.251697,0.222222,0.352941,0.272727,27
Influenza_B,dnds_proxy,KDE(p=75),KDE,0.306468,0.121429,1.0,0.216561,140
Influenza_B,dnds_proxy,KDE(p=80),KDE,0.353879,0.151786,1.0,0.263566,112
Influenza_B,dnds_proxy,KDE(p=85),KDE,0.362902,0.178571,0.882353,0.29703,84
Influenza_B,dnds_proxy,SlidingTest(p=0.01),SlidingTest,0.213124,0.137931,0.470588,0.213333,58
Influenza_B,dnds_proxy,SlidingTest(p=0.05),SlidingTest,0.264178,0.144737,0.647059,0.236559,76
Influenza_B,dnds_proxy,GradPeak(p=0.2),GradPeak,-0.006355,0.026316,0.058824,0.036364,38
Influenza_B,dnds_proxy,GradPeak(p=0.5),GradPeak,-0.034925,0.0,0.0,0.0,21
Influenza_B,dnds_proxy,LocalContrast(z=1.0),LocalContrast,0.073312,0.066667,0.235294,0.103896,60
Influenza_B,dnds_proxy,LocalContrast(z=1.5),LocalContrast,0.09869,0.086957,0.235294,0.126984,46
Influenza_B,dnds_proxy,LocalContrast(z=2.0),LocalContrast,-7.9e-05,0.030303,0.058824,0.04,33
Influenza_B,dnds_proxy,"CUSUM(d=0.3,h=3.0)",CUSUM,0.274968,0.363636,0.235294,0.285714,11
Influenza_B,dnds_proxy,"CUSUM(d=0.5,h=4.0)",CUSUM,0.225693,0.333333,0.176471,0.230769,9
Influenza_B,dnds_proxy,"CUSUM(d=0.5,h=5.0)",CUSUM,0.261136,0.428571,0.176471,0.25,7
Influenza_B,dnds_proxy,AdaptiveKnee,AdaptiveKnee,0.139227,0.129032,0.235294,0.166667,31
Influenza_B,dnds_proxy,ScoreDBSCAN(ep=8),ScoreDBSCAN,-0.083241,0.025692,0.764706,0.049713,506
Influenza_B,dnds_proxy,ScoreDBSCAN(ep=15),ScoreDBSCAN,-0.146529,0.024482,0.764706,0.047445,531
Influenza_B,dnds_proxy,Spectral(z=1.5),Spectral,0.245944,0.214286,0.352941,0.266667,28
Influenza_B,dnds_proxy,Spectral(z=2.0),Spectral,0.219507,0.208333,0.294118,0.243902,24
Influenza_B,dnds_proxy,Bayes(prior=0.1),Bayes,0.26132,0.333333,0.235294,0.275862,12
Influenza_B,dnds_proxy,Bayes(prior=0.15),Bayes,0.219554,0.25,0.235294,0.242424,16
Influenza_B,dnds_proxy,AdaptWin(s=90),AdaptWin,0.173577,0.074713,0.764706,0.136126,174
Influenza_B,dnds_proxy,AdaptWin(s=85),AdaptWin,0.167023,0.071823,0.764706,0.131313,181
Influenza_B,dnds_proxy,FreqThresh(p=80),FreqThresh,0.143185,0.078947,0.529412,0.137405,114
Influenza_B,dnds_proxy,FreqThresh(p=85),FreqThresh,0.100563,0.071429,0.352941,0.118812,84
Influenza_B,dnds_proxy,FreqThresh(p=90),FreqThresh,0.071767,0.065574,0.235294,0.102564,61
Influenza_B,dnds_proxy,FreqThresh(p=95),FreqThresh,0.150432,0.142857,0.235294,0.177778,28
Influenza_B,dnds_proxy,"SWAN(w=10,k=1.0)",SWAN,0.296295,0.171875,0.647059,0.271605,64
Influenza_B,dnds_proxy,"SWAN(w=10,k=1.5)",SWAN,0.296472,0.204545,0.529412,0.295082,44
Influenza_B,dnds_proxy,"SWAN(w=10,k=2.0)",SWAN,0.296472,0.204545,0.529412,0.295082,44
Influenza_B,dnds_proxy,"SWAN(w=20,k=1.0)",SWAN,0.287098,0.151899,0.705882,0.25,79
Influenza_B,dnds_proxy,"SWAN(w=20,k=1.5)",SWAN,0.373729,0.230769,0.705882,0.347826,52
Influenza_B,dnds_proxy,"SWAN(w=20,k=2.0)",SWAN,0.378103,0.235294,0.705882,0.352941,51
Influenza_B,dnds_proxy,"SWAN(w=50,k=1.0)",SWAN,0.230075,0.111111,0.705882,0.192,108
Influenza_B,dnds_proxy,"SWAN(w=50,k=1.5)",SWAN,0.299774,0.162162,0.705882,0.263736,74
Influenza_B,dnds_proxy,"SWAN(w=50,k=2.0)",SWAN,0.299774,0.162162,0.705882,0.263736,74
Influenza_B,dnds_proxy,MutClust-Orig(g=10),MutClust-Orig,0.007484,0.030411,1.0,0.059028,559
Influenza_B,semantic_change,Wavelet(t=1.0),Wavelet,-0.063559,0.0,0.0,0.0,64
Influenza_B,semantic_change,Wavelet(t=1.5),Wavelet,-0.050383,0.0,0.0,0.0,42
Influenza_B,semantic_change,Wavelet(t=2.0),Wavelet,-0.044985,0.0,0.0,0.0,34
Influenza_B,semantic_change,KDE(p=75),KDE,0.234358,0.1,0.823529,0.178344,140
Influenza_B,semantic_change,KDE(p=80),KDE,0.171735,0.089286,0.588235,0.155039,112
Influenza_B,semantic_change,KDE(p=85),KDE,0.100563,0.071429,0.352941,0.118812,84
Influenza_B,semantic_change,SlidingTest(p=0.01),SlidingTest,-0.09044,0.0,0.0,0.0,116
Influenza_B,semantic_change,SlidingTest(p=0.05),SlidingTest,-0.013695,0.02649,0.235294,0.047619,151
Influenza_B,semantic_change,GradPeak(p=0.2),GradPeak,0.0,0.0,0.0,0.0,0
Influenza_B,semantic_change,GradPeak(p=0.5),GradPeak,0.0,0.0,0.0,0.0,0
Influenza_B,semantic_change,LocalContrast(z=1.0),LocalContrast,0.08751,0.069444,0.294118,0.11236,72
Influenza_B,semantic_change,LocalContrast(z=1.5),LocalContrast,0.060784,0.065217,0.176471,0.095238,46
Influenza_B,semantic_change,LocalContrast(z=2.0),LocalContrast,0.096575,0.1,0.176471,0.12766,30
Influenza_B,semantic_change,"CUSUM(d=0.3,h=3.0)",CUSUM,0.013949,0.041667,0.058824,0.04878,24
Influenza_B,semantic_change,"CUSUM(d=0.5,h=4.0)",CUSUM,0.038333,0.071429,0.058824,0.064516,14
Influenza_B,semantic_change,"CUSUM(d=0.5,h=5.0)",CUSUM,-0.022614,0.0,0.0,0.0,9
Influenza_B,semantic_change,AdaptiveKnee,AdaptiveKnee,0.021517,0.042553,0.117647,0.0625,47
Influenza_B,semantic_change,ScoreDBSCAN(ep=8),ScoreDBSCAN,-0.008496,0.029333,0.647059,0.056122,375
Influenza_B,semantic_change,ScoreDBSCAN(ep=15),ScoreDBSCAN,-0.007083,0.02994,0.882353,0.057915,501
Influenza_B,semantic_change,Spectral(z=1.5),Spectral,0.024271,0.044444,0.117647,0.064516,45
Influenza_B,semantic_change,Spectral(z=2.0),Spectral,0.046122,0.0625,0.117647,0.081633,32
Influenza_B,semantic_change,Bayes(prior=0.1),Bayes,0.0,0.0,0.0,0.0,0
Influenza_B,semantic_change,Bayes(prior=0.15),Bayes,0.0,0.0,0.0,0.0,0
Influenza_B,semantic_change,AdaptWin(s=90),AdaptWin,0.115342,0.043257,1.0,0.082927,393
Influenza_B,semantic_change,AdaptWin(s=85),AdaptWin,0.061294,0.034,1.0,0.065764,500
Influenza_B,semantic_change,FreqThresh(p=80),FreqThresh,-0.010408,0.026786,0.176471,0.046512,112
Influenza_B,semantic_change,FreqThresh(p=85),FreqThresh,-0.016032,0.02381,0.117647,0.039604,84
Influenza_B,semantic_change,FreqThresh(p=90),FreqThresh,0.010408,0.035714,0.117647,0.054795,56
Influenza_B,semantic_change,FreqThresh(p=95),FreqThresh,0.05492,0.071429,0.117647,0.088889,28
Influenza_B,semantic_change,"SWAN(w=10,k=1.0)",SWAN,0.067298,0.046154,0.529412,0.084906,195
Influenza_B,semantic_change,"SWAN(w=10,k=1.5)",SWAN,0.092837,0.055215,0.529412,0.1,163
Influenza_B,semantic_change,"SWAN(w=10,k=2.0)",SWAN,0.045424,0.044118,0.352941,0.078431,136
Influenza_B,semantic_change,"SWAN(w=20,k=1.0)",SWAN,0.09225,0.052356,0.588235,0.096154,191
Influenza_B,semantic_change,"SWAN(w=20,k=1.5)",SWAN,0.075659,0.048913,0.529412,0.089552,184
Influenza_B,semantic_change,"SWAN(w=20,k=2.0)",SWAN,0.100815,0.058442,0.529412,0.105263,154
Influenza_B,semantic_change,"SWAN(w=50,k=1.0)",SWAN,0.079481,0.046218,0.647059,0.086275,238
Influenza_B,semantic_change,"SWAN(w=50,k=1.5)",SWAN,0.063164,0.04329,0.588235,0.080645,231
Influenza_B,semantic_change,"SWAN(w=50,k=2.0)",SWAN,0.072196,0.045872,0.588235,0.085106,218
Influenza_B,semantic_change,MutClust-Orig(g=10),MutClust-Orig,0.015438,0.034286,0.352941,0.0625,175
Influenza_B,EVEscape_composite,Wavelet(t=1.0),Wavelet,-0.061864,0.0,0.0,0.0,61
Influenza_B,EVEscape_composite,Wavelet(t=1.5),Wavelet,-0.042833,0.0,0.0,0.0,31
Influenza_B,EVEscape_composite,Wavelet(t=2.0),Wavelet,-0.028333,0.0,0.0,0.0,14
Influenza_B,EVEscape_composite,KDE(p=75),KDE,-0.078119,0.007143,0.058824,0.012739,140
Influenza_B,EVEscape_composite,KDE(p=80),KDE,-0.08847,0.0,0.0,0.0,112
Influenza_B,EVEscape_composite,KDE(p=85),KDE,-0.074329,0.0,0.0,0.0,84
Influenza_B,EVEscape_composite,SlidingTest(p=0.01),SlidingTest,-0.046378,0.0,0.0,0.0,36
Influenza_B,EVEscape_composite,SlidingTest(p=0.05),SlidingTest,-0.063559,0.0,0.0,0.0,64
Influenza_B,EVEscape_composite,GradPeak(p=0.2),GradPeak,0.0,0.0,0.0,0.0,0
Influenza_B,EVEscape_composite,GradPeak(p=0.5),GradPeak,0.0,0.0,0.0,0.0,0
Influenza_B,EVEscape_composite,LocalContrast(z=1.0),LocalContrast,0.049063,0.051282,0.235294,0.084211,78
Influenza_B,EVEscape_composite,LocalContrast(z=1.5),LocalContrast,0.088696,0.078431,0.235294,0.117647,51
Influenza_B,EVEscape_composite,LocalContrast(z=2.0),LocalContrast,0.00562,0.034483,0.058824,0.043478,29
Influenza_B,EVEscape_composite,"CUSUM(d=0.3,h=3.0)",CUSUM,-0.019907,0.0,0.0,0.0,7
Influenza_B,EVEscape_composite,"CUSUM(d=0.5,h=4.0)",CUSUM,-0.012985,0.0,0.0,0.0,3
Influenza_B,EVEscape_composite,"CUSUM(d=0.5,h=5.0)",CUSUM,-0.007484,0.0,0.0,0.0,1
Influenza_B,EVEscape_composite,AdaptiveKnee,AdaptiveKnee,0.03213,0.0625,0.058824,0.060606,16
Influenza_B,EVEscape_composite,ScoreDBSCAN(ep=8),ScoreDBSCAN,0.028147,0.032609,0.882353,0.062893,460
Influenza_B,EVEscape_composite,ScoreDBSCAN(ep=15),ScoreDBSCAN,0.030057,0.032193,0.941176,0.062257,497
Influenza_B,EVEscape_composite,Spectral(z=1.5),Spectral,-0.023859,0.0,0.0,0.0,10
Influenza_B,EVEscape_composite,Spectral(z=2.0),Spectral,-0.019907,0.0,0.0,0.0,7
Influenza_B,EVEscape_composite,Bayes(prior=0.1),Bayes,-0.010593,0.0,0.0,0.0,2
Influenza_B,EVEscape_composite,Bayes(prior=0.15),Bayes,0.02433,0.052632,0.058824,0.055556,19
Influenza_B,EVEscape_composite,AdaptWin(s=90),AdaptWin,-0.01358,0.024691,0.117647,0.040816,81
Influenza_B,EVEscape_composite,AdaptWin(s=85),AdaptWin,0.083681,0.054422,0.470588,0.097561,147
Influenza_B,EVEscape_composite,FreqThresh(p=80),FreqThresh,0.023459,0.038835,0.235294,0.066667,103
Influenza_B,EVEscape_composite,FreqThresh(p=85),FreqThresh,0.050247,0.051948,0.235294,0.085106,77
Influenza_B,EVEscape_composite,FreqThresh(p=90),FreqThresh,0.015113,0.038462,0.117647,0.057971,52
Influenza_B,EVEscape_composite,FreqThresh(p=95),FreqThresh,0.010423,0.038462,0.058824,0.046512,26
Influenza_B,EVEscape_composite,"SWAN(w=10,k=1.0)",SWAN,0.003219,0.031579,0.176471,0.053571,95
Influenza_B,EVEscape_composite,"SWAN(w=10,k=1.5)",SWAN,-0.066877,0.0,0.0,0.0,70
Influenza_B,EVEscape_composite,"SWAN(w=10,k=2.0)",SWAN,-0.051669,0.0,0.0,0.0,44
Influenza_B,EVEscape_composite,"SWAN(w=20,k=1.0)",SWAN,-0.07896,0.0,0.0,0.0,93
Influenza_B,EVEscape_composite,"SWAN(w=20,k=1.5)",SWAN,-0.06633,0.0,0.0,0.0,69
Influenza_B,EVEscape_composite,"SWAN(w=20,k=2.0)",SWAN,-0.059563,0.0,0.0,0.0,57
Influenza_B,EVEscape_composite,"SWAN(w=50,k=1.0)",SWAN,-0.089456,0.0,0.0,0.0,114
Influenza_B,EVEscape_composite,"SWAN(w=50,k=1.5)",SWAN,-0.085497,0.0,0.0,0.0,106
Influenza_B,EVEscape_composite,"SWAN(w=50,k=2.0)",SWAN,-0.0764,0.0,0.0,0.0,88
Influenza_B,EVEscape_composite,MutClust-Orig(g=10),MutClust-Orig,-0.049074,0.0,0.0,0.0,40
Influenza_B,EqualWeight,Wavelet(t=1.0),Wavelet,-0.079469,0.0,0.0,0.0,94
Influenza_B,EqualWeight,Wavelet(t=1.5),Wavelet,-0.070115,0.0,0.0,0.0,76
Influenza_B,EqualWeight,Wavelet(t=2.0),Wavelet,-0.053557,0.0,0.0,0.0,47
Influenza_B,EqualWeight,KDE(p=75),KDE,0.258395,0.107143,0.882353,0.191083,140
Influenza_B,EqualWeight,KDE(p=80),KDE,0.223776,0.107143,0.705882,0.186047,112
Influenza_B,EqualWeight,KDE(p=85),KDE,0.129712,0.083333,0.411765,0.138614,84
Influenza_B,EqualWeight,SlidingTest(p=0.01),SlidingTest,0.085495,0.055172,0.470588,0.098765,145
Influenza_B,EqualWeight,SlidingTest(p=0.05),SlidingTest,0.057272,0.044693,0.470588,0.081633,179
Influenza_B,EqualWeight,GradPeak(p=0.2),GradPeak,0.0,0.0,0.0,0.0,0
Influenza_B,EqualWeight,GradPeak(p=0.5),GradPeak,0.0,0.0,0.0,0.0,0
Influenza_B,EqualWeight,LocalContrast(z=1.0),LocalContrast,0.075192,0.061728,0.294118,0.102041,81
Influenza_B,EqualWeight,LocalContrast(z=1.5),LocalContrast,0.031754,0.05,0.117647,0.070175,40
Influenza_B,EqualWeight,LocalContrast(z=2.0),LocalContrast,0.02433,0.052632,0.058824,0.055556,19
Influenza_B,EqualWeight,"CUSUM(d=0.3,h=3.0)",CUSUM,0.169305,0.142857,0.294118,0.192308,35
Influenza_B,EqualWeight,"CUSUM(d=0.5,h=4.0)",CUSUM,0.157079,0.1875,0.176471,0.181818,16
Influenza_B,EqualWeight,"CUSUM(d=0.5,h=5.0)",CUSUM,0.18008,0.230769,0.176471,0.2,13
Influenza_B,EqualWeight,AdaptiveKnee,AdaptiveKnee,0.229964,0.170732,0.411765,0.241379,41
Influenza_B,EqualWeight,ScoreDBSCAN(ep=8),ScoreDBSCAN,-0.052011,0.024064,0.529412,0.046036,374
Influenza_B,EqualWeight,ScoreDBSCAN(ep=15),ScoreDBSCAN,-0.078637,0.026769,0.823529,0.051852,523
Influenza_B,EqualWeight,Spectral(z=1.5),Spectral,0.123371,0.111111,0.235294,0.150943,36
Influenza_B,EqualWeight,Spectral(z=2.0),Spectral,0.168118,0.166667,0.235294,0.195122,24
Influenza_B,EqualWeight,Bayes(prior=0.1),Bayes,0.0,0.0,0.0,0.0,0
Influenza_B,EqualWeight,Bayes(prior=0.15),Bayes,0.0,0.0,0.0,0.0,0
Influenza_B,EqualWeight,AdaptWin(s=90),AdaptWin,0.110928,0.042289,1.0,0.081146,402
Influenza_B,EqualWeight,AdaptWin(s=85),AdaptWin,0.093383,0.038813,1.0,0.074725,438
Influenza_B,EqualWeight,FreqThresh(p=80),FreqThresh,0.171735,0.089286,0.588235,0.155039,112
Influenza_B,EqualWeight,FreqThresh(p=85),FreqThresh,0.158861,0.095238,0.470588,0.158416,84
Influenza_B,EqualWeight,FreqThresh(p=90),FreqThresh,0.218572,0.142857,0.470588,0.219178,56
Influenza_B,EqualWeight,FreqThresh(p=95),FreqThresh,0.198188,0.178571,0.294118,0.222222,28
Influenza_B,EqualWeight,"SWAN(w=10,k=1.0)",SWAN,0.102628,0.051064,0.705882,0.095238,235
Influenza_B,EqualWeight,"SWAN(w=10,k=1.5)",SWAN,0.123251,0.057971,0.705882,0.107143,207
Influenza_B,EqualWeight,"SWAN(w=10,k=2.0)",SWAN,0.12128,0.063694,0.588235,0.114943,157
Influenza_B,EqualWeight,"SWAN(w=20,k=1.0)",SWAN,0.10616,0.052174,0.705882,0.097166,230
Influenza_B,EqualWeight,"SWAN(w=20,k=1.5)",SWAN,0.129584,0.060302,0.705882,0.111111,199
Influenza_B,EqualWeight,"SWAN(w=20,k=2.0)",SWAN,0.134492,0.062176,0.705882,0.114286,193
Influenza_B,EqualWeight,"SWAN(w=50,k=1.0)",SWAN,0.118786,0.053719,0.764706,0.100386,242
Influenza_B,EqualWeight,"SWAN(w=50,k=1.5)",SWAN,0.134719,0.059091,0.764706,0.109705,220
Influenza_B,EqualWeight,"SWAN(w=50,k=2.0)",SWAN,0.137764,0.060185,0.764706,0.111588,216
Influenza_B,EqualWeight,MutClust-Orig(g=10),MutClust-Orig,0.007484,0.030411,1.0,0.059028,559
Influenza_B,tranception,Wavelet(t=1.0),Wavelet,-0.06633,0.0,0.0,0.0,69
Influenza_B,tranception,Wavelet(t=1.5),Wavelet,-0.049732,0.0,0.0,0.0,41
Influenza_B,tranception,Wavelet(t=2.0),Wavelet,-0.043559,0.0,0.0,0.0,32
Influenza_B,tranception,KDE(p=75),KDE,0.306468,0.121429,1.0,0.216561,140
Influenza_B,tranception,KDE(p=80),KDE,0.353879,0.151786,1.0,0.263566,112
Influenza_B,tranception,KDE(p=85),KDE,0.333754,0.166667,0.823529,0.277228,84
Influenza_B,tranception,SlidingTest(p=0.01),SlidingTest,-0.005163,0.027027,0.058824,0.037037,37
Influenza_B,tranception,SlidingTest(p=0.05),SlidingTest,0.058843,0.049587,0.352941,0.086957,121
Influenza_B,tranception,GradPeak(p=0.2),GradPeak,-0.02342,0.018182,0.058824,0.027778,55
Influenza_B,tranception,GradPeak(p=0.5),GradPeak,-0.043559,0.0,0.0,0.0,32
Influenza_B,tranception,LocalContrast(z=1.0),LocalContrast,-0.019978,0.022472,0.117647,0.037736,89
Influenza_B,tranception,LocalContrast(z=1.5),LocalContrast,0.033369,0.051282,0.117647,0.071429,39
Influenza_B,tranception,LocalContrast(z=2.0),LocalContrast,-0.031308,0.0,0.0,0.0,17
Influenza_B,tranception,"CUSUM(d=0.3,h=3.0)",CUSUM,-0.032245,0.0,0.0,0.0,18
Influenza_B,tranception,"CUSUM(d=0.5,h=4.0)",CUSUM,-0.010593,0.0,0.0,0.0,2
Influenza_B,tranception,"CUSUM(d=0.5,h=5.0)",CUSUM,-0.007484,0.0,0.0,0.0,1
Influenza_B,tranception,AdaptiveKnee,AdaptiveKnee,-0.03578,0.0,0.0,0.0,22
Influenza_B,tranception,ScoreDBSCAN(ep=8),ScoreDBSCAN,0.040762,0.037736,0.588235,0.070922,265
Influenza_B,tranception,ScoreDBSCAN(ep=15),ScoreDBSCAN,-0.002882,0.030181,0.882353,0.058366,497
Influenza_B,tranception,Spectral(z=1.5),Spectral,-0.046378,0.0,0.0,0.0,36
Influenza_B,tranception,Spectral(z=2.0),Spectral,-0.03578,0.0,0.0,0.0,22
Influenza_B,tranception,Bayes(prior=0.1),Bayes,0.0,0.0,0.0,0.0,0
Influenza_B,tranception,Bayes(prior=0.15),Bayes,0.0,0.0,0.0,0.0,0
Influenza_B,tranception,AdaptWin(s=90),AdaptWin,0.092933,0.042614,0.882353,0.081301,352
Influenza_B,tranception,AdaptWin(s=85),AdaptWin,0.06647,0.036281,0.941176,0.069869,441
Influenza_B,tranception,FreqThresh(p=80),FreqThresh,-0.036429,0.017857,0.117647,0.031008,112
Influenza_B,tranception,FreqThresh(p=85),FreqThresh,-0.016032,0.02381,0.117647,0.039604,84
Influenza_B,tranception,FreqThresh(p=90),FreqThresh,-0.024286,0.017857,0.058824,0.027397,56
Influenza_B,tranception,FreqThresh(p=95),FreqThresh,-0.040593,0.0,0.0,0.0,28
Influenza_B,tranception,"SWAN(w=10,k=1.0)",SWAN,0.072739,0.044355,0.647059,0.083019,248
Influenza_B,tranception,"SWAN(w=10,k=1.5)",SWAN,0.041892,0.04,0.470588,0.073733,200
Influenza_B,tranception,"SWAN(w=10,k=2.0)",SWAN,-0.043845,0.012195,0.058824,0.020202,82
Influenza_B,tranception,"SWAN(w=20,k=1.0)",SWAN,0.068111,0.043137,0.647059,0.080882,255
Influenza_B,tranception,"SWAN(w=20,k=1.5)",SWAN,0.026159,0.035874,0.470588,0.066667,223
Influenza_B,tranception,"SWAN(w=20,k=2.0)",SWAN,0.050535,0.042553,0.470588,0.078049,188
Influenza_B,tranception,"SWAN(w=50,k=1.0)",SWAN,0.059679,0.041045,0.647059,0.077193,268
Influenza_B,tranception,"SWAN(w=50,k=1.5)",SWAN,0.061608,0.041509,0.647059,0.078014,265
Influenza_B,tranception,"SWAN(w=50,k=2.0)",SWAN,0.067455,0.042969,0.647059,0.080586,256
Influenza_B,tranception,MutClust-Orig(g=10),MutClust-Orig,0.0,0.030357,1.0,0.058925,560
Influenza_B,stability,Wavelet(t=1.0),Wavelet,-0.049088,0.011111,0.058824,0.018692,90
Influenza_B,stability,Wavelet(t=1.5),Wavelet,-0.059563,0.0,0.0,0.0,57
Influenza_B,stability,Wavelet(t=2.0),Wavelet,-0.038249,0.0,0.0,0.0,25
Influenza_B,stability,KDE(p=75),KDE,-0.102156,0.0,0.0,0.0,140
Influenza_B,stability,KDE(p=80),KDE,-0.08847,0.0,0.0,0.0,112
Influenza_B,stability,KDE(p=85),KDE,-0.074329,0.0,0.0,0.0,84
Influenza_B,stability,SlidingTest(p=0.01),SlidingTest,-0.046378,0.0,0.0,0.0,36
Influenza_B,stability,SlidingTest(p=0.05),SlidingTest,-0.058393,0.0,0.0,0.0,55
Influenza_B,stability,GradPeak(p=0.2),GradPeak,0.015036,0.036585,0.176471,0.060606,82
Influenza_B,stability,GradPeak(p=0.5),GradPeak,0.025696,0.045455,0.117647,0.065574,44
Influenza_B,stability,LocalContrast(z=1.0),LocalContrast,-0.025249,0.020833,0.117647,0.035398,96
Influenza_B,stability,LocalContrast(z=1.5),LocalContrast,-0.001401,0.029412,0.058824,0.039216,34
Influenza_B,stability,LocalContrast(z=2.0),LocalContrast,-0.019907,0.0,0.0,0.0,7
Influenza_B,stability,"CUSUM(d=0.3,h=3.0)",CUSUM,-0.029354,0.0,0.0,0.0,15
Influenza_B,stability,"CUSUM(d=0.5,h=4.0)",CUSUM,-0.015008,0.0,0.0,0.0,4
Influenza_B,stability,"CUSUM(d=0.5,h=5.0)",CUSUM,-0.012985,0.0,0.0,0.0,3
Influenza_B,stability,AdaptiveKnee,AdaptiveKnee,0.021652,0.031558,0.941176,0.061069,507
Influenza_B,stability,ScoreDBSCAN(ep=8),ScoreDBSCAN,-0.070647,0.0,0.0,0.0,77
Influenza_B,stability,ScoreDBSCAN(ep=15),ScoreDBSCAN,0.051786,0.040323,0.588235,0.075472,248
Influenza_B,stability,Spectral(z=1.5),Spectral,-0.020749,0.019231,0.058824,0.028986,52
Influenza_B,stability,Spectral(z=2.0),Spectral,-0.039043,0.0,0.0,0.0,26
Influenza_B,stability,Bayes(prior=0.1),Bayes,0.0,0.0,0.0,0.0,0
Influenza_B,stability,Bayes(prior=0.15),Bayes,-0.021301,0.0,0.0,0.0,8
Influenza_B,stability,AdaptWin(s=90),AdaptWin,-0.043171,0.012346,0.058824,0.020408,81
Influenza_B,stability,AdaptWin(s=85),AdaptWin,-0.065251,0.012579,0.117647,0.022727,159
Influenza_B,stability,FreqThresh(p=80),FreqThresh,-0.014405,0.02439,0.117647,0.040404,82
Influenza_B,stability,FreqThresh(p=85),FreqThresh,-0.037592,0.013699,0.058824,0.022222,73
Influenza_B,stability,FreqThresh(p=90),FreqThresh,-0.009775,0.02439,0.058824,0.034483,41
Influenza_B,stability,FreqThresh(p=95),FreqThresh,-0.005163,0.027027,0.058824,0.037037,37
Influenza_B,stability,"SWAN(w=10,k=1.0)",SWAN,-0.023686,0.024096,0.235294,0.043716,166
Influenza_B,stability,"SWAN(w=10,k=1.5)",SWAN,0.009859,0.033613,0.235294,0.058824,119
Influenza_B,stability,"SWAN(w=10,k=2.0)",SWAN,-0.064674,0.0,0.0,0.0,66
Influenza_B,stability,"SWAN(w=20,k=1.0)",SWAN,0.011939,0.033333,0.352941,0.060914,180
Influenza_B,stability,"SWAN(w=20,k=1.5)",SWAN,0.026794,0.03876,0.294118,0.068493,129
Influenza_B,stability,"SWAN(w=20,k=2.0)",SWAN,-0.068505,0.0,0.0,0.0,73
Influenza_B,stability,"SWAN(w=50,k=1.0)",SWAN,-0.048641,0.019417,0.235294,0.035874,206
Influenza_B,stability,"SWAN(w=50,k=1.5)",SWAN,-0.056474,0.013889,0.117647,0.024845,144
Influenza_B,stability,"SWAN(w=50,k=2.0)",SWAN,-0.037758,0.017544,0.117647,0.030534,114
Influenza_B,stability,MutClust-Orig(g=10),MutClust-Orig,0.060017,0.036585,0.882353,0.070258,410
Influenza_B,stability_structural,Wavelet(t=1.0),Wavelet,-0.055322,0.01,0.058824,0.017094,100
Influenza_B,stability_structural,Wavelet(t=1.5),Wavelet,-0.039043,0.0,0.0,0.0,26
Influenza_B,stability_structural,Wavelet(t=2.0),Wavelet,-0.028333,0.0,0.0,0.0,14
Influenza_B,stability_structural,KDE(p=75),KDE,-0.102156,0.0,0.0,0.0,140
Influenza_B,stability_structural,KDE(p=80),KDE,-0.08847,0.0,0.0,0.0,112
Influenza_B,stability_structural,KDE(p=85),KDE,-0.074329,0.0,0.0,0.0,84
Influenza_B,stability_structural,SlidingTest(p=0.01),SlidingTest,-0.021301,0.0,0.0,0.0,8
Influenza_B,stability_structural,SlidingTest(p=0.05),SlidingTest,-0.055402,0.0,0.0,0.0,50
Influenza_B,stability_structural,GradPeak(p=0.2),GradPeak,0.0,0.0,0.0,0.0,0
Influenza_B,stability_structural,GradPeak(p=0.5),GradPeak,0.0,0.0,0.0,0.0,0
Influenza_B,stability_structural,LocalContrast(z=1.0),LocalContrast,-0.023771,0.021277,0.117647,0.036036,94
Influenza_B,stability_structural,LocalContrast(z=1.5),LocalContrast,-0.001401,0.029412,0.058824,0.039216,34
Influenza_B,stability_structural,LocalContrast(z=2.0),LocalContrast,-0.019907,0.0,0.0,0.0,7
Influenza_B,stability_structural,"CUSUM(d=0.3,h=3.0)",CUSUM,0.038333,0.071429,0.058824,0.064516,14
Influenza_B,stability_structural,"CUSUM(d=0.5,h=4.0)",CUSUM,-0.018414,0.0,0.0,0.0,6
Influenza_B,stability_structural,"CUSUM(d=0.5,h=5.0)",CUSUM,-0.010593,0.0,0.0,0.0,2
Influenza_B,stability_structural,AdaptiveKnee,AdaptiveKnee,-0.024271,0.029126,0.882353,0.056391,515
Influenza_B,stability_structural,ScoreDBSCAN(ep=8),ScoreDBSCAN,0.013117,0.035714,0.176471,0.059406,84
Influenza_B,stability_structural,ScoreDBSCAN(ep=15),ScoreDBSCAN,0.100057,0.048148,0.764706,0.090592,270
Influenza_B,stability_structural,Spectral(z=1.5),Spectral,-0.01602,0.021277,0.058824,0.03125,47
Influenza_B,stability_structural,Spectral(z=2.0),Spectral,0.010423,0.038462,0.058824,0.046512,26
Influenza_B,stability_structural,Bayes(prior=0.1),Bayes,0.0,0.0,0.0,0.0,0
Influenza_B,stability_structural,Bayes(prior=0.15),Bayes,-0.005163,0.027027,0.058824,0.037037,37
Influenza_B,stability_structural,AdaptWin(s=90),AdaptWin,-0.030057,0.015873,0.058824,0.025,63
Influenza_B,stability_structural,AdaptWin(s=85),AdaptWin,-0.017025,0.024793,0.176471,0.043478,121
Influenza_B,stability_structural,FreqThresh(p=80),FreqThresh,-0.016032,0.02381,0.117647,0.039604,84
Influenza_B,stability_structural,FreqThresh(p=85),FreqThresh,0.003909,0.032258,0.117647,0.050633,62
Influenza_B,stability_structural,FreqThresh(p=90),FreqThresh,-0.009775,0.02439,0.058824,0.034483,41
Influenza_B,stability_structural,FreqThresh(p=95),FreqThresh,0.017795,0.045455,0.058824,0.051282,22
Influenza_B,stability_structural,"SWAN(w=10,k=1.0)",SWAN,-0.05766,0.013699,0.117647,0.02454,146
Influenza_B,stability_structural,"SWAN(w=10,k=1.5)",SWAN,-0.021513,0.021978,0.117647,0.037037,91
Influenza_B,stability_structural,"SWAN(w=10,k=2.0)",SWAN,0.00087,0.030769,0.117647,0.04878,65
Influenza_B,stability_structural,"SWAN(w=20,k=1.0)",SWAN,-0.054683,0.014184,0.117647,0.025316,141
Influenza_B,stability_structural,"SWAN(w=20,k=1.5)",SWAN,-0.036429,0.017857,0.117647,0.031008,112
Influenza_B,stability_structural,"SWAN(w=20,k=2.0)",SWAN,-0.021513,0.021978,0.117647,0.037037,91
Influenza_B,stability_structural,"SWAN(w=50,k=1.0)",SWAN,-0.043406,0.018634,0.176471,0.033708,161
Influenza_B,stability_structural,"SWAN(w=50,k=1.5)",SWAN,-0.06633,0.0,0.0,0.0,69
Influenza_B,stability_structural,"SWAN(w=50,k=2.0)",SWAN,-0.060143,0.0,0.0,0.0,58
Influenza_B,stability_structural,MutClust-Orig(g=10),MutClust-Orig,0.0,0.0,0.0,0.0,0
Influenza_B,freq_with_indel,Wavelet(t=1.0),Wavelet,0.098173,0.064815,0.411765,0.112,108
Influenza_B,freq_with_indel,Wavelet(t=1.5),Wavelet,-0.062432,0.0,0.0,0.0,62
Influenza_B,freq_with_indel,Wavelet(t=2.0),Wavelet,-0.04135,0.0,0.0,0.0,29
Influenza_B,freq_with_indel,KDE(p=75),KDE,-0.102156,0.0,0.0,0.0,140
Influenza_B,freq_with_indel,KDE(p=80),KDE,-0.08847,0.0,0.0,0.0,112
Influenza_B,freq_with_indel,KDE(p=85),KDE,-0.074329,0.0,0.0,0.0,84
Influenza_B,freq_with_indel,SlidingTest(p=0.01),SlidingTest,-0.12024,0.010381,0.176471,0.019608,289
Influenza_B,freq_with_indel,SlidingTest(p=0.05),SlidingTest,-0.184605,0.008021,0.176471,0.015345,374
Influenza_B,freq_with_indel,GradPeak(p=0.2),GradPeak,0.23218,0.5,0.117647,0.190476,4
Influenza_B,freq_with_indel,GradPeak(p=0.5),GradPeak,0.0,0.0,0.0,0.0,0
Influenza_B,freq_with_indel,LocalContrast(z=1.0),LocalContrast,0.158821,0.153846,0.235294,0.186047,26
Influenza_B,freq_with_indel,LocalContrast(z=1.5),LocalContrast,0.090023,0.117647,0.117647,0.117647,17
Influenza_B,freq_with_indel,LocalContrast(z=2.0),LocalContrast,0.142924,0.222222,0.117647,0.153846,9
Influenza_B,freq_with_indel,"CUSUM(d=0.3,h=3.0)",CUSUM,-0.049074,0.0,0.0,0.0,40
Influenza_B,freq_with_indel,"CUSUM(d=0.5,h=4.0)",CUSUM,0.045692,0.083333,0.058824,0.068966,12
Influenza_B,freq_with_indel,"CUSUM(d=0.5,h=5.0)",CUSUM,-0.023859,0.0,0.0,0.0,10
Influenza_B,freq_with_indel,AdaptiveKnee,AdaptiveKnee,-0.093019,0.016077,0.294118,0.030488,311
Influenza_B,freq_with_indel,ScoreDBSCAN(ep=8),ScoreDBSCAN,-0.183974,0.013699,0.352941,0.026374,438
Influenza_B,freq_with_indel,ScoreDBSCAN(ep=15),ScoreDBSCAN,-0.129381,0.023483,0.705882,0.045455,511
Influenza_B,freq_with_indel,Spectral(z=1.5),Spectral,0.046527,0.054545,0.176471,0.083333,55
Influenza_B,freq_with_indel,Spectral(z=2.0),Spectral,0.093712,0.096774,0.176471,0.125,31
Influenza_B,freq_with_indel,Bayes(prior=0.1),Bayes,0.0,0.0,0.0,0.0,0
Influenza_B,freq_with_indel,Bayes(prior=0.15),Bayes,0.0,0.0,0.0,0.0,0
Influenza_B,freq_with_indel,AdaptWin(s=90),AdaptWin,-0.147445,0.013089,0.294118,0.025063,382
Influenza_B,freq_with_indel,AdaptWin(s=85),AdaptWin,-0.147445,0.013089,0.294118,0.025063,382
Influenza_B,freq_with_indel,FreqThresh(p=80),FreqThresh,-0.062449,0.008929,0.058824,0.015504,112
Influenza_B,freq_with_indel,FreqThresh(p=85),FreqThresh,-0.047152,0.011494,0.058824,0.019231,87
Influenza_B,freq_with_indel,FreqThresh(p=90),FreqThresh,-0.025985,0.017241,0.058824,0.026667,58
Influenza_B,freq_with_indel,FreqThresh(p=95),FreqThresh,0.007163,0.035714,0.058824,0.044444,28
Influenza_B,freq_with_indel,"SWAN(w=10,k=1.0)",SWAN,-0.138388,0.009494,0.176471,0.018018,316
Influenza_B,freq_with_indel,"SWAN(w=10,k=1.5)",SWAN,-0.138388,0.009494,0.176471,0.018018,316
Influenza_B,freq_with_indel,"SWAN(w=10,k=2.0)",SWAN,-0.118309,0.01049,0.176471,0.019802,286
Influenza_B,freq_with_indel,"SWAN(w=20,k=1.0)",SWAN,-0.138388,0.009494,0.176471,0.018018,316
Influenza_B,freq_with_indel,"SWAN(w=20,k=1.5)",SWAN,-0.138388,0.009494,0.176471,0.018018,316
Influenza_B,freq_with_indel,"SWAN(w=20,k=2.0)",SWAN,-0.138388,0.009494,0.176471,0.018018,316
Influenza_B,freq_with_indel,"SWAN(w=50,k=1.0)",SWAN,-0.118091,0.012618,0.235294,0.023952,317
Influenza_B,freq_with_indel,"SWAN(w=50,k=1.5)",SWAN,-0.118091,0.012618,0.235294,0.023952,317
Influenza_B,freq_with_indel,"SWAN(w=50,k=2.0)",SWAN,-0.138388,0.009494,0.176471,0.018018,316
Influenza_B,freq_with_indel,MutClust-Orig(g=10),MutClust-Orig,0.062997,0.034205,1.0,0.066148,497
Influenza_B,entropy_with_indel,Wavelet(t=1.0),Wavelet,0.014071,0.036145,0.176471,0.06,83
Influenza_B,entropy_with_indel,Wavelet(t=1.5),Wavelet,-0.06072,0.0,0.0,0.0,59
Influenza_B,entropy_with_indel,Wavelet(t=2.0),Wavelet,-0.044277,0.0,0.0,0.0,33
Influenza_B,entropy_with_indel,KDE(p=75),KDE,-0.102156,0.0,0.0,0.0,140
Influenza_B,entropy_with_indel,KDE(p=80),KDE,-0.08847,0.0,0.0,0.0,112
Influenza_B,entropy_with_indel,KDE(p=85),KDE,-0.074329,0.0,0.0,0.0,84
Influenza_B,entropy_with_indel,SlidingTest(p=0.01),SlidingTest,-0.102112,0.011538,0.176471,0.021661,260
Influenza_B,entropy_with_indel,SlidingTest(p=0.05),SlidingTest,-0.173077,0.00831,0.176471,0.015873,361
Influenza_B,entropy_with_indel,GradPeak(p=0.2),GradPeak,0.059889,0.076923,0.117647,0.093023,26
Influenza_B,entropy_with_indel,GradPeak(p=0.5),GradPeak,0.167455,0.285714,0.117647,0.166667,7
Influenza_B,entropy_with_indel,LocalContrast(z=1.0),LocalContrast,0.190008,0.146341,0.352941,0.206897,41
Influenza_B,entropy_with_indel,LocalContrast(z=1.5),LocalContrast,0.085776,0.111111,0.117647,0.114286,18
Influenza_B,entropy_with_indel,LocalContrast(z=2.0),LocalContrast,0.133327,0.2,0.117647,0.148148,10
Influenza_B,entropy_with_indel,"CUSUM(d=0.3,h=3.0)",CUSUM,-0.046378,0.0,0.0,0.0,36
Influenza_B,entropy_with_indel,"CUSUM(d=0.5,h=4.0)",CUSUM,-0.026183,0.0,0.0,0.0,12
Influenza_B,entropy_with_indel,"CUSUM(d=0.5,h=5.0)",CUSUM,-0.023859,0.0,0.0,0.0,10
Influenza_B,entropy_with_indel,AdaptiveKnee,AdaptiveKnee,-0.081807,0.017007,0.294118,0.032154,294
Influenza_B,entropy_with_indel,ScoreDBSCAN(ep=8),ScoreDBSCAN,-0.153842,0.010989,0.235294,0.020997,364
Influenza_B,entropy_with_indel,ScoreDBSCAN(ep=15),ScoreDBSCAN,-0.205399,0.018036,0.529412,0.034884,499
Influenza_B,entropy_with_indel,Spectral(z=1.5),Spectral,0.062559,0.066667,0.176471,0.096774,45
Influenza_B,entropy_with_indel,Spectral(z=2.0),Spectral,0.109355,0.115385,0.176471,0.139535,26
Influenza_B,entropy_with_indel,Bayes(prior=0.1),Bayes,0.0,0.0,0.0,0.0,0
Influenza_B,entropy_with_indel,Bayes(prior=0.15),Bayes,0.0,0.0,0.0,0.0,0
Influenza_B,entropy_with_indel,AdaptWin(s=90),AdaptWin,-0.063479,0.023136,0.529412,0.044335,389
Influenza_B,entropy_with_indel,AdaptWin(s=85),AdaptWin,-0.064271,0.023077,0.529412,0.044226,390
Influenza_B,entropy_with_indel,FreqThresh(p=80),FreqThresh,-0.010408,0.026786,0.176471,0.046512,112
Influenza_B,entropy_with_indel,FreqThresh(p=85),FreqThresh,0.013117,0.035714,0.176471,0.059406,84
Influenza_B,entropy_with_indel,FreqThresh(p=90),FreqThresh,0.045102,0.053571,0.176471,0.082192,56
Influenza_B,entropy_with_indel,FreqThresh(p=95),FreqThresh,0.102676,0.107143,0.176471,0.133333,28
Influenza_B,entropy_with_indel,"SWAN(w=10,k=1.0)",SWAN,-0.120184,0.0125,0.235294,0.023739,320
Influenza_B,entropy_with_indel,"SWAN(w=10,k=1.5)",SWAN,-0.115331,0.01278,0.235294,0.024242,313
Influenza_B,entropy_with_indel,"SWAN(w=10,k=2.0)",SWAN,-0.08617,0.014925,0.235294,0.02807,268
Influenza_B,entropy_with_indel,"SWAN(w=20,k=1.0)",SWAN,-0.122297,0.012384,0.235294,0.023529,323
Influenza_B,entropy_with_indel,"SWAN(w=20,k=1.5)",SWAN,-0.122297,0.012384,0.235294,0.023529,323
Influenza_B,entropy_with_indel,"SWAN(w=20,k=2.0)",SWAN,-0.118786,0.012579,0.235294,0.023881,318
Influenza_B,entropy_with_indel,"SWAN(w=50,k=1.0)",SWAN,-0.102628,0.015385,0.294118,0.02924,325
Influenza_B,entropy_with_indel,"SWAN(w=50,k=1.5)",SWAN,-0.102628,0.015385,0.294118,0.02924,325
Influenza_B,entropy_with_indel,"SWAN(w=50,k=2.0)",SWAN,-0.101929,0.015432,0.294118,0.029326,324
Influenza_B,entropy_with_indel,MutClust-Orig(g=10),MutClust-Orig,0.0,0.030357,1.0,0.058925,560
Influenza_B,fubar,Wavelet(t=1.0),Wavelet,0.016011,0.037037,0.176471,0.061224,81
Influenza_B,fubar,Wavelet(t=1.5),Wavelet,0.064378,0.068182,0.176471,0.098361,44
Influenza_B,fubar,Wavelet(t=2.0),Wavelet,-0.036619,0.0,0.0,0.0,23
Influenza_B,fubar,KDE(p=75),KDE,0.234358,0.1,0.823529,0.178344,140
Influenza_B,fubar,KDE(p=80),KDE,0.223776,0.107143,0.705882,0.186047,112
Influenza_B,fubar,KDE(p=85),KDE,0.158861,0.095238,0.470588,0.158416,84
Influenza_B,fubar,SlidingTest(p=0.01),SlidingTest,0.131723,0.104167,0.294118,0.153846,48
Influenza_B,fubar,SlidingTest(p=0.05),SlidingTest,0.111632,0.067227,0.470588,0.117647,119
Influenza_B,fubar,GradPeak(p=0.2),GradPeak,-0.025046,0.0,0.0,0.0,11
Influenza_B,fubar,GradPeak(p=0.5),GradPeak,0.0,0.0,0.0,0.0,0
Influenza_B,fubar,LocalContrast(z=1.0),LocalContrast,0.005819,0.032609,0.176471,0.055046,92
Influenza_B,fubar,LocalContrast(z=1.5),LocalContrast,-0.016997,0.020833,0.058824,0.030769,48
Influenza_B,fubar,LocalContrast(z=2.0),LocalContrast,0.004127,0.033333,0.058824,0.042553,30
Influenza_B,fubar,"CUSUM(d=0.3,h=3.0)",CUSUM,0.02433,0.052632,0.058824,0.055556,19
Influenza_B,fubar,"CUSUM(d=0.5,h=4.0)",CUSUM,-0.021301,0.0,0.0,0.0,8
Influenza_B,fubar,"CUSUM(d=0.5,h=5.0)",CUSUM,-0.019907,0.0,0.0,0.0,7
Influenza_B,fubar,AdaptiveKnee,AdaptiveKnee,0.066595,0.056818,0.294118,0.095238,88
Influenza_B,fubar,ScoreDBSCAN(ep=8),ScoreDBSCAN,-0.137688,0.009524,0.176471,0.018072,315
Influenza_B,fubar,ScoreDBSCAN(ep=15),ScoreDBSCAN,-0.08934,0.022523,0.588235,0.043384,444
Influenza_B,fubar,Spectral(z=1.5),Spectral,0.085019,0.075472,0.235294,0.114286,53
Influenza_B,fubar,Spectral(z=2.0),Spectral,0.048197,0.064516,0.117647,0.083333,31
Influenza_B,fubar,Bayes(prior=0.1),Bayes,0.0,0.0,0.0,0.0,0
Influenza_B,fubar,Bayes(prior=0.15),Bayes,0.062548,0.08,0.117647,0.095238,25
Influenza_B,fubar,AdaptWin(s=90),AdaptWin,0.029026,0.041237,0.235294,0.070175,97
Influenza_B,fubar,AdaptWin(s=85),AdaptWin,0.064271,0.047059,0.470588,0.085561,170
Influenza_B,fubar,FreqThresh(p=80),FreqThresh,0.093674,0.0625,0.411765,0.108527,112
Influenza_B,fubar,FreqThresh(p=85),FreqThresh,0.070187,0.058824,0.294118,0.098039,85
Influenza_B,fubar,FreqThresh(p=90),FreqThresh,0.045102,0.053571,0.176471,0.082192,56
Influenza_B,fubar,FreqThresh(p=95),FreqThresh,0.05492,0.071429,0.117647,0.088889,28
Influenza_B,fubar,"SWAN(w=10,k=1.0)",SWAN,0.081889,0.053691,0.470588,0.096386,149
Influenza_B,fubar,"SWAN(w=10,k=1.5)",SWAN,0.119694,0.071429,0.470588,0.124031,112
Influenza_B,fubar,"SWAN(w=10,k=2.0)",SWAN,0.143322,0.085106,0.470588,0.144144,94
Influenza_B,fubar,"SWAN(w=20,k=1.0)",SWAN,0.12999,0.067568,0.588235,0.121212,148
Influenza_B,fubar,"SWAN(w=20,k=1.5)",SWAN,0.112186,0.06338,0.529412,0.113208,142
Influenza_B,fubar,"SWAN(w=20,k=2.0)",SWAN,0.093001,0.058394,0.470588,0.103896,137
Influenza_B,fubar,"SWAN(w=50,k=1.0)",SWAN,0.130378,0.063953,0.647059,0.116402,172
Influenza_B,fubar,"SWAN(w=50,k=1.5)",SWAN,0.136782,0.066667,0.647059,0.120879,165
Influenza_B,fubar,"SWAN(w=50,k=2.0)",SWAN,0.150388,0.077519,0.588235,0.136986,129
Influenza_B,fubar,MutClust-Orig(g=10),MutClust-Orig,0.010593,0.030466,1.0,0.05913,558
MERS,freq,Wavelet(t=1.0),Wavelet,-0.028761,0.0,0.0,0.0,144
MERS,freq,Wavelet(t=1.5),Wavelet,-0.022104,0.0,0.0,0.0,89
MERS,freq,Wavelet(t=2.0),Wavelet,-0.01698,0.0,0.0,0.0,54
MERS,freq,KDE(p=75),KDE,0.142822,0.027027,1.0,0.052632,333
MERS,freq,KDE(p=80),KDE,0.165082,0.033835,1.0,0.065455,266
MERS,freq,KDE(p=85),KDE,0.196198,0.045,1.0,0.086124,200
MERS,freq,SlidingTest(p=0.01),SlidingTest,-0.011655,0.0,0.0,0.0,26
MERS,freq,SlidingTest(p=0.05),SlidingTest,-0.02404,0.0,0.0,0.0,104
MERS,freq,GradPeak(p=0.2),GradPeak,0.0,0.0,0.0,0.0,0
MERS,freq,GradPeak(p=0.5),GradPeak,0.0,0.0,0.0,0.0,0
MERS,freq,LocalContrast(z=1.0),LocalContrast,-0.020178,0.0,0.0,0.0,75
MERS,freq,LocalContrast(z=1.5),LocalContrast,-0.016816,0.0,0.0,0.0,53
MERS,freq,LocalContrast(z=2.0),LocalContrast,-0.015446,0.0,0.0,0.0,45
MERS,freq,"CUSUM(d=0.3,h=3.0)",CUSUM,-0.010455,0.0,0.0,0.0,21
MERS,freq,"CUSUM(d=0.5,h=4.0)",CUSUM,-0.009108,0.0,0.0,0.0,16
MERS,freq,"CUSUM(d=0.5,h=5.0)",CUSUM,-0.008513,0.0,0.0,0.0,14
MERS,freq,AdaptiveKnee,AdaptiveKnee,-0.018252,0.0,0.0,0.0,62
MERS,freq,ScoreDBSCAN(ep=8),ScoreDBSCAN,0.003408,0.006924,0.777778,0.013725,1011
MERS,freq,ScoreDBSCAN(ep=15),ScoreDBSCAN,0.027283,0.007506,1.0,0.014901,1199
MERS,freq,Spectral(z=1.5),Spectral,-0.016143,0.0,0.0,0.0,49
MERS,freq,Spectral(z=2.0),Spectral,-0.014156,0.0,0.0,0.0,38
MERS,freq,Bayes(prior=0.1),Bayes,-0.002264,0.0,0.0,0.0,1
MERS,freq,Bayes(prior=0.15),Bayes,-0.009108,0.0,0.0,0.0,16
MERS,freq,AdaptWin(s=90),AdaptWin,0.015835,0.007387,0.888889,0.014652,1083
MERS,freq,AdaptWin(s=85),AdaptWin,-0.006743,0.006595,0.888889,0.013093,1213
MERS,freq,FreqThresh(p=80),FreqThresh,0.001904,0.007067,0.222222,0.013699,283
MERS,freq,FreqThresh(p=85),FreqThresh,-0.014192,0.004255,0.111111,0.008197,235
MERS,freq,FreqThresh(p=90),FreqThresh,0.001366,0.007092,0.111111,0.013333,141
MERS,freq,FreqThresh(p=95),FreqThresh,0.021617,0.014286,0.111111,0.025316,70
MERS,freq,"SWAN(w=10,k=1.0)",SWAN,-0.02429,0.0,0.0,0.0,106
MERS,freq,"SWAN(w=10,k=1.5)",SWAN,-0.019891,0.0,0.0,0.0,73
MERS,freq,"SWAN(w=10,k=2.0)",SWAN,-0.013963,0.0,0.0,0.0,37
MERS,freq,"SWAN(w=20,k=1.0)",SWAN,-0.02404,0.0,0.0,0.0,104
MERS,freq,"SWAN(w=20,k=1.5)",SWAN,-0.018406,0.0,0.0,0.0,63
MERS,freq,"SWAN(w=20,k=2.0)",SWAN,-0.012539,0.0,0.0,0.0,30
MERS,freq,"SWAN(w=50,k=1.0)",SWAN,-0.026467,0.0,0.0,0.0,124
MERS,freq,"SWAN(w=50,k=1.5)",SWAN,-0.019891,0.0,0.0,0.0,73
MERS,freq,"SWAN(w=50,k=2.0)",SWAN,-0.010705,0.0,0.0,0.0,22
MERS,freq,MutClust-Orig(g=10),MutClust-Orig,-0.010705,0.0,0.0,0.0,22
MERS,entropy,Wavelet(t=1.0),Wavelet,-0.027514,0.0,0.0,0.0,133
MERS,entropy,Wavelet(t=1.5),Wavelet,-0.022501,0.0,0.0,0.0,92
MERS,entropy,Wavelet(t=2.0),Wavelet,-0.017784,0.0,0.0,0.0,59
MERS,entropy,KDE(p=75),KDE,0.142822,0.027027,1.0,0.052632,333
MERS,entropy,KDE(p=80),KDE,0.165082,0.033835,1.0,0.065455,266
MERS,entropy,KDE(p=85),KDE,0.196198,0.045,1.0,0.086124,200
MERS,entropy,SlidingTest(p=0.01),SlidingTest,-0.011882,0.0,0.0,0.0,27
MERS,entropy,SlidingTest(p=0.05),SlidingTest,-0.019601,0.0,0.0,0.0,71
MERS,entropy,GradPeak(p=0.2),GradPeak,-0.002264,0.0,0.0,0.0,1
MERS,entropy,GradPeak(p=0.5),GradPeak,0.0,0.0,0.0,0.0,0
MERS,entropy,LocalContrast(z=1.0),LocalContrast,0.014598,0.011236,0.111111,0.020408,89
MERS,entropy,LocalContrast(z=1.5),LocalContrast,-0.017466,0.0,0.0,0.0,57
MERS,entropy,LocalContrast(z=2.0),LocalContrast,-0.015268,0.0,0.0,0.0,44
MERS,entropy,"CUSUM(d=0.3,h=3.0)",CUSUM,-0.010455,0.0,0.0,0.0,21
MERS,entropy,"CUSUM(d=0.5,h=4.0)",CUSUM,-0.009392,0.0,0.0,0.0,17
MERS,entropy,"CUSUM(d=0.5,h=5.0)",CUSUM,-0.008201,0.0,0.0,0.0,13
MERS,entropy,AdaptiveKnee,AdaptiveKnee,0.023828,0.015385,0.111111,0.027027,65
MERS,entropy,ScoreDBSCAN(ep=8),ScoreDBSCAN,0.027579,0.008097,0.888889,0.016048,988
MERS,entropy,ScoreDBSCAN(ep=15),ScoreDBSCAN,0.031385,0.007745,1.0,0.015371,1162
MERS,entropy,Spectral(z=1.5),Spectral,-0.018097,0.0,0.0,0.0,61
MERS,entropy,Spectral(z=2.0),Spectral,-0.014156,0.0,0.0,0.0,38
MERS,entropy,Bayes(prior=0.1),Bayes,0.0,0.0,0.0,0.0,0
MERS,entropy,Bayes(prior=0.15),Bayes,-0.005557,0.0,0.0,0.0,6
MERS,entropy,AdaptWin(s=90),AdaptWin,0.02321,0.007805,0.888889,0.015474,1025
MERS,entropy,AdaptWin(s=85),AdaptWin,-0.000957,0.00674,0.888889,0.013378,1187
MERS,entropy,FreqThresh(p=80),FreqThresh,0.004424,0.007491,0.222222,0.014493,267
MERS,entropy,FreqThresh(p=85),FreqThresh,0.01496,0.009615,0.222222,0.018433,208
MERS,entropy,FreqThresh(p=90),FreqThresh,0.003275,0.007576,0.111111,0.014184,132
MERS,entropy,FreqThresh(p=95),FreqThresh,0.02337,0.015152,0.111111,0.026667,66
MERS,entropy,"SWAN(w=10,k=1.0)",SWAN,-0.000436,0.006667,0.111111,0.012579,150
MERS,entropy,"SWAN(w=10,k=1.5)",SWAN,-0.026585,0.0,0.0,0.0,125
MERS,entropy,"SWAN(w=10,k=2.0)",SWAN,-0.020178,0.0,0.0,0.0,75
MERS,entropy,"SWAN(w=20,k=1.0)",SWAN,-0.009683,0.004902,0.111111,0.00939,204
MERS,entropy,"SWAN(w=20,k=1.5)",SWAN,-0.02429,0.0,0.0,0.0,106
MERS,entropy,"SWAN(w=20,k=2.0)",SWAN,-0.017625,0.0,0.0,0.0,58
MERS,entropy,"SWAN(w=50,k=1.0)",SWAN,-0.034213,0.0,0.0,0.0,195
MERS,entropy,"SWAN(w=50,k=1.5)",SWAN,-0.030088,0.0,0.0,0.0,156
MERS,entropy,"SWAN(w=50,k=2.0)",SWAN,-0.01665,0.0,0.0,0.0,52
MERS,entropy,MutClust-Orig(g=10),MutClust-Orig,0.009668,0.00686,1.0,0.013626,1312
MERS,rare_freq,Wavelet(t=1.0),Wavelet,-0.031063,0.0,0.0,0.0,165
MERS,rare_freq,Wavelet(t=1.5),Wavelet,-0.022104,0.0,0.0,0.0,89
MERS,rare_freq,Wavelet(t=2.0),Wavelet,-0.017625,0.0,0.0,0.0,58
MERS,rare_freq,KDE(p=75),KDE,0.142822,0.027027,1.0,0.052632,333
MERS,rare_freq,KDE(p=80),KDE,0.07337,0.018797,0.555556,0.036364,266
MERS,rare_freq,KDE(p=85),KDE,-0.034725,0.0,0.0,0.0,200
MERS,rare_freq,SlidingTest(p=0.01),SlidingTest,0.010397,0.009709,0.111111,0.017857,103
MERS,rare_freq,SlidingTest(p=0.05),SlidingTest,0.069176,0.020408,0.444444,0.039024,196
MERS,rare_freq,GradPeak(p=0.2),GradPeak,0.0,0.0,0.0,0.0,0
MERS,rare_freq,GradPeak(p=0.5),GradPeak,0.0,0.0,0.0,0.0,0
MERS,rare_freq,LocalContrast(z=1.0),LocalContrast,-0.00024,0.006711,0.111111,0.012658,149
MERS,rare_freq,LocalContrast(z=1.5),LocalContrast,0.007741,0.00885,0.111111,0.016393,113
MERS,rare_freq,LocalContrast(z=2.0),LocalContrast,0.017329,0.012346,0.111111,0.022222,81
MERS,rare_freq,"CUSUM(d=0.3,h=3.0)",CUSUM,0.02337,0.015152,0.111111,0.026667,66
MERS,rare_freq,"CUSUM(d=0.5,h=4.0)",CUSUM,-0.01095,0.0,0.0,0.0,23
MERS,rare_freq,"CUSUM(d=0.5,h=5.0)",CUSUM,-0.009668,0.0,0.0,0.0,18
MERS,rare_freq,AdaptiveKnee,AdaptiveKnee,0.048364,0.016854,0.333333,0.032086,178
MERS,rare_freq,ScoreDBSCAN(ep=8),ScoreDBSCAN,0.018689,0.007839,0.777778,0.015521,893
MERS,rare_freq,ScoreDBSCAN(ep=15),ScoreDBSCAN,0.031453,0.008386,0.888889,0.016615,954
MERS,rare_freq,Spectral(z=1.5),Spectral,0.009038,0.009259,0.111111,0.017094,108
MERS,rare_freq,Spectral(z=2.0),Spectral,0.01662,0.012048,0.111111,0.021739,83
MERS,rare_freq,Bayes(prior=0.1),Bayes,0.0,0.0,0.0,0.0,0
MERS,rare_freq,Bayes(prior=0.15),Bayes,0.01559,0.011628,0.111111,0.021053,86
MERS,rare_freq,AdaptWin(s=90),AdaptWin,0.032065,0.014493,0.222222,0.027211,138
MERS,rare_freq,AdaptWin(s=85),AdaptWin,0.050527,0.011146,0.777778,0.021978,628
MERS,rare_freq,FreqThresh(p=80),FreqThresh,0.032814,0.0125,0.333333,0.024096,240
MERS,rare_freq,FreqThresh(p=85),FreqThresh,0.050493,0.017544,0.333333,0.033333,171
MERS,rare_freq,FreqThresh(p=90),FreqThresh,0.040633,0.017699,0.222222,0.032787,113
MERS,rare_freq,FreqThresh(p=95),FreqThresh,0.026759,0.016949,0.111111,0.029412,59
MERS,rare_freq,"SWAN(w=10,k=1.0)",SWAN,0.049569,0.017241,0.333333,0.032787,174
MERS,rare_freq,"SWAN(w=10,k=1.5)",SWAN,0.060947,0.021277,0.333333,0.04,141
MERS,rare_freq,"SWAN(w=10,k=2.0)",SWAN,0.040249,0.017544,0.222222,0.03252,114
MERS,rare_freq,"SWAN(w=20,k=1.0)",SWAN,0.047481,0.016575,0.333333,0.031579,181
MERS,rare_freq,"SWAN(w=20,k=1.5)",SWAN,0.051755,0.017964,0.333333,0.034091,167
MERS,rare_freq,"SWAN(w=20,k=2.0)",SWAN,0.034927,0.015504,0.222222,0.028986,129
MERS,rare_freq,"SWAN(w=50,k=1.0)",SWAN,0.037776,0.013761,0.333333,0.026432,218
MERS,rare_freq,"SWAN(w=50,k=1.5)",SWAN,0.044381,0.015625,0.333333,0.029851,192
MERS,rare_freq,"SWAN(w=50,k=2.0)",SWAN,0.051755,0.017964,0.333333,0.034091,167
MERS,rare_freq,MutClust-Orig(g=10),MutClust-Orig,0.0,0.0,0.0,0.0,0
MERS,homoplasy,Wavelet(t=1.0),Wavelet,-0.026349,0.0,0.0,0.0,123
MERS,homoplasy,Wavelet(t=1.5),Wavelet,-0.021971,0.0,0.0,0.0,88
MERS,homoplasy,Wavelet(t=2.0),Wavelet,-0.020462,0.0,0.0,0.0,77
MERS,homoplasy,KDE(p=75),KDE,0.142822,0.027027,1.0,0.052632,333
MERS,homoplasy,KDE(p=80),KDE,0.142154,0.030075,0.888889,0.058182,266
MERS,homoplasy,KDE(p=85),KDE,0.093565,0.025,0.555556,0.047847,200
MERS,homoplasy,SlidingTest(p=0.01),SlidingTest,0.069221,0.015707,0.666667,0.030691,382
MERS,homoplasy,SlidingTest(p=0.05),SlidingTest,0.097338,0.018059,0.888889,0.035398,443
MERS,homoplasy,GradPeak(p=0.2),GradPeak,-0.007876,0.0,0.0,0.0,12
MERS,homoplasy,GradPeak(p=0.5),GradPeak,0.0,0.0,0.0,0.0,0
MERS,homoplasy,LocalContrast(z=1.0),LocalContrast,-0.009683,0.004902,0.111111,0.00939,204
MERS,homoplasy,LocalContrast(z=1.5),LocalContrast,-0.024415,0.0,0.0,0.0,107
MERS,homoplasy,LocalContrast(z=2.0),LocalContrast,-0.015623,0.0,0.0,0.0,46
MERS,homoplasy,"CUSUM(d=0.3,h=3.0)",CUSUM,-0.021295,0.0,0.0,0.0,83
MERS,homoplasy,"CUSUM(d=0.5,h=4.0)",CUSUM,-0.015798,0.0,0.0,0.0,47
MERS,homoplasy,"CUSUM(d=0.5,h=5.0)",CUSUM,-0.013767,0.0,0.0,0.0,36
MERS,homoplasy,AdaptiveKnee,AdaptiveKnee,0.015798,0.007015,1.0,0.013932,1283
MERS,homoplasy,ScoreDBSCAN(ep=8),ScoreDBSCAN,-0.025535,0.004622,0.333333,0.009119,649
MERS,homoplasy,ScoreDBSCAN(ep=15),ScoreDBSCAN,-0.022255,0.005519,0.555556,0.010929,906
MERS,homoplasy,Spectral(z=1.5),Spectral,-0.023151,0.0,0.0,0.0,97
MERS,homoplasy,Spectral(z=2.0),Spectral,-0.018252,0.0,0.0,0.0,62
MERS,homoplasy,Bayes(prior=0.1),Bayes,0.0,0.0,0.0,0.0,0
MERS,homoplasy,Bayes(prior=0.15),Bayes,0.0,0.0,0.0,0.0,0
MERS,homoplasy,AdaptWin(s=90),AdaptWin,0.019601,0.007149,1.0,0.014196,1259
MERS,homoplasy,AdaptWin(s=85),AdaptWin,0.008201,0.006834,1.0,0.013575,1317
MERS,homoplasy,FreqThresh(p=80),FreqThresh,0.022334,0.010204,0.333333,0.019802,294
MERS,homoplasy,FreqThresh(p=85),FreqThresh,0.006898,0.007937,0.222222,0.015326,252
MERS,homoplasy,FreqThresh(p=90),FreqThresh,-0.028198,0.0,0.0,0.0,139
MERS,homoplasy,FreqThresh(p=95),FreqThresh,-0.019455,0.0,0.0,0.0,70
MERS,homoplasy,"SWAN(w=10,k=1.0)",SWAN,0.034763,0.010616,0.555556,0.020833,471
MERS,homoplasy,"SWAN(w=10,k=1.5)",SWAN,0.038961,0.011287,0.555556,0.022124,443
MERS,homoplasy,"SWAN(w=10,k=2.0)",SWAN,0.04453,0.012255,0.555556,0.023981,408
MERS,homoplasy,"SWAN(w=20,k=1.0)",SWAN,0.031171,0.010081,0.555556,0.019802,496
MERS,homoplasy,"SWAN(w=20,k=1.5)",SWAN,0.036091,0.010823,0.555556,0.021231,462
MERS,homoplasy,"SWAN(w=20,k=2.0)",SWAN,0.042576,0.011905,0.555556,0.02331,420
MERS,homoplasy,"SWAN(w=50,k=1.0)",SWAN,0.049839,0.012048,0.666667,0.023669,498
MERS,homoplasy,"SWAN(w=50,k=1.5)",SWAN,0.049988,0.012072,0.666667,0.023715,497
MERS,homoplasy,"SWAN(w=50,k=2.0)",SWAN,0.050584,0.01217,0.666667,0.023904,493
MERS,homoplasy,MutClust-Orig(g=10),MutClust-Orig,0.002264,0.006772,1.0,0.013453,1329
MERS,esm2_llr,Wavelet(t=1.0),Wavelet,-0.011918,0.004566,0.111111,0.008772,219
MERS,esm2_llr,Wavelet(t=1.5),Wavelet,-0.026935,0.0,0.0,0.0,128
MERS,esm2_llr,Wavelet(t=2.0),Wavelet,-0.016482,0.0,0.0,0.0,51
MERS,esm2_llr,KDE(p=75),KDE,0.142822,0.027027,1.0,0.052632,333
MERS,esm2_llr,KDE(p=80),KDE,0.07337,0.018797,0.555556,0.036364,266
MERS,esm2_llr,KDE(p=85),KDE,-0.009067,0.005,0.111111,0.009569,200
MERS,esm2_llr,SlidingTest(p=0.01),SlidingTest,-0.013767,0.0,0.0,0.0,36
MERS,esm2_llr,SlidingTest(p=0.05),SlidingTest,0.137007,0.043103,0.555556,0.08,116
MERS,esm2_llr,GradPeak(p=0.2),GradPeak,0.020783,0.013889,0.111111,0.024691,72
MERS,esm2_llr,GradPeak(p=0.5),GradPeak,-0.009668,0.0,0.0,0.0,18
MERS,esm2_llr,LocalContrast(z=1.0),LocalContrast,0.046902,0.016393,0.333333,0.03125,183
MERS,esm2_llr,LocalContrast(z=1.5),LocalContrast,0.074573,0.027027,0.333333,0.05,111
MERS,esm2_llr,LocalContrast(z=2.0),LocalContrast,0.021617,0.014286,0.111111,0.025316,70
MERS,esm2_llr,"CUSUM(d=0.3,h=3.0)",CUSUM,0.050474,0.034483,0.111111,0.052632,29
MERS,esm2_llr,"CUSUM(d=0.5,h=4.0)",CUSUM,-0.007538,0.0,0.0,0.0,11
MERS,esm2_llr,"CUSUM(d=0.5,h=5.0)",CUSUM,-0.006421,0.0,0.0,0.0,8
MERS,esm2_llr,AdaptiveKnee,AdaptiveKnee,0.092449,0.036145,0.333333,0.065217,83
MERS,esm2_llr,ScoreDBSCAN(ep=8),ScoreDBSCAN,-0.075401,0.0,0.0,0.0,605
MERS,esm2_llr,ScoreDBSCAN(ep=15),ScoreDBSCAN,-0.075744,0.003728,0.444444,0.007394,1073
MERS,esm2_llr,Spectral(z=1.5),Spectral,0.056859,0.025316,0.222222,0.045455,79
MERS,esm2_llr,Spectral(z=2.0),Spectral,0.028919,0.018182,0.111111,0.03125,55
MERS,esm2_llr,Bayes(prior=0.1),Bayes,-0.002264,0.0,0.0,0.0,1
MERS,esm2_llr,Bayes(prior=0.15),Bayes,0.05315,0.037037,0.111111,0.055556,27
MERS,esm2_llr,AdaptWin(s=90),AdaptWin,0.056158,0.016529,0.444444,0.031873,242
MERS,esm2_llr,AdaptWin(s=85),AdaptWin,0.052471,0.011419,0.777778,0.022508,613
MERS,esm2_llr,FreqThresh(p=80),FreqThresh,0.027514,0.011278,0.333333,0.021818,266
MERS,esm2_llr,FreqThresh(p=85),FreqThresh,0.042249,0.015,0.333333,0.028708,200
MERS,esm2_llr,FreqThresh(p=90),FreqThresh,0.064199,0.022556,0.333333,0.042254,133
MERS,esm2_llr,FreqThresh(p=95),FreqThresh,0.064852,0.029851,0.222222,0.052632,67
MERS,esm2_llr,"SWAN(w=10,k=1.0)",SWAN,0.039738,0.012579,0.444444,0.024465,318
MERS,esm2_llr,"SWAN(w=10,k=1.5)",SWAN,0.070806,0.020942,0.444444,0.04,191
MERS,esm2_llr,"SWAN(w=10,k=2.0)",SWAN,0.090175,0.034884,0.333333,0.063158,86
MERS,esm2_llr,"SWAN(w=20,k=1.0)",SWAN,0.054618,0.014245,0.555556,0.027778,351
MERS,esm2_llr,"SWAN(w=20,k=1.5)",SWAN,0.078501,0.020243,0.555556,0.039062,247
MERS,esm2_llr,"SWAN(w=20,k=2.0)",SWAN,0.04558,0.019802,0.222222,0.036364,101
MERS,esm2_llr,"SWAN(w=50,k=1.0)",SWAN,0.048952,0.013089,0.555556,0.025575,382
MERS,esm2_llr,"SWAN(w=50,k=1.5)",SWAN,0.059159,0.015244,0.555556,0.029674,328
MERS,esm2_llr,"SWAN(w=50,k=2.0)",SWAN,0.076014,0.019531,0.555556,0.037736,256
MERS,esm2_llr,MutClust-Orig(g=10),MutClust-Orig,0.0,0.006767,1.0,0.013443,1330
MERS,plddt_inv,Wavelet(t=1.0),Wavelet,-0.030306,0.0,0.0,0.0,158
MERS,plddt_inv,Wavelet(t=1.5),Wavelet,-0.023408,0.0,0.0,0.0,99
MERS,plddt_inv,Wavelet(t=2.0),Wavelet,-0.019747,0.0,0.0,0.0,72
MERS,plddt_inv,KDE(p=75),KDE,0.142822,0.027027,1.0,0.052632,333
MERS,plddt_inv,KDE(p=80),KDE,0.165082,0.033835,1.0,0.065455,266
MERS,plddt_inv,KDE(p=85),KDE,0.196198,0.045,1.0,0.086124,200
MERS,plddt_inv,SlidingTest(p=0.01),SlidingTest,0.120866,0.021277,1.0,0.041667,423
MERS,plddt_inv,SlidingTest(p=0.05),SlidingTest,0.083414,0.013678,1.0,0.026987,658
MERS,plddt_inv,GradPeak(p=0.2),GradPeak,-0.026585,0.0,0.0,0.0,125
MERS,plddt_inv,GradPeak(p=0.5),GradPeak,-0.021567,0.0,0.0,0.0,85
MERS,plddt_inv,LocalContrast(z=1.0),LocalContrast,-0.004131,0.005882,0.111111,0.011173,170
MERS,plddt_inv,LocalContrast(z=1.5),LocalContrast,-0.01665,0.0,0.0,0.0,52
MERS,plddt_inv,LocalContrast(z=2.0),LocalContrast,-0.006421,0.0,0.0,0.0,8
MERS,plddt_inv,"CUSUM(d=0.3,h=3.0)",CUSUM,-0.017466,0.0,0.0,0.0,57
MERS,plddt_inv,"CUSUM(d=0.5,h=4.0)",CUSUM,0.089115,0.083333,0.111111,0.095238,12
MERS,plddt_inv,"CUSUM(d=0.5,h=5.0)",CUSUM,-0.007184,0.0,0.0,0.0,10
MERS,plddt_inv,AdaptiveKnee,AdaptiveKnee,0.031811,0.007772,1.0,0.015424,1158
MERS,plddt_inv,ScoreDBSCAN(ep=8),ScoreDBSCAN,0.050576,0.010243,0.888889,0.020253,781
MERS,plddt_inv,ScoreDBSCAN(ep=15),ScoreDBSCAN,0.050668,0.009317,1.0,0.018462,966
MERS,plddt_inv,Spectral(z=1.5),Spectral,-0.024166,0.0,0.0,0.0,105
MERS,plddt_inv,Spectral(z=2.0),Spectral,-0.017466,0.0,0.0,0.0,57
MERS,plddt_inv,Bayes(prior=0.1),Bayes,0.0,0.0,0.0,0.0,0
MERS,plddt_inv,Bayes(prior=0.15),Bayes,0.0,0.0,0.0,0.0,0
MERS,plddt_inv,AdaptWin(s=90),AdaptWin,0.017305,0.007064,1.0,0.01403,1274
MERS,plddt_inv,AdaptWin(s=85),AdaptWin,0.014346,0.006971,1.0,0.013846,1291
MERS,plddt_inv,FreqThresh(p=80),FreqThresh,0.08181,0.018634,0.666667,0.036254,322
MERS,plddt_inv,FreqThresh(p=85),FreqThresh,0.08181,0.018634,0.666667,0.036254,322
MERS,plddt_inv,FreqThresh(p=90),FreqThresh,0.122225,0.031088,0.666667,0.059406,193
MERS,plddt_inv,FreqThresh(p=95),FreqThresh,0.013023,0.010638,0.111111,0.019417,94
MERS,plddt_inv,"SWAN(w=10,k=1.0)",SWAN,0.062229,0.010613,1.0,0.021004,848
MERS,plddt_inv,"SWAN(w=10,k=1.5)",SWAN,0.081923,0.013433,1.0,0.02651,670
MERS,plddt_inv,"SWAN(w=10,k=2.0)",SWAN,0.118396,0.02069,1.0,0.040541,435
MERS,plddt_inv,"SWAN(w=20,k=1.0)",SWAN,0.059422,0.010274,1.0,0.020339,876
MERS,plddt_inv,"SWAN(w=20,k=1.5)",SWAN,0.062838,0.010689,1.0,0.021152,842
MERS,plddt_inv,"SWAN(w=20,k=2.0)",SWAN,0.078187,0.012839,1.0,0.025352,701
MERS,plddt_inv,"SWAN(w=50,k=1.0)",SWAN,0.056956,0.009989,1.0,0.01978,901
MERS,plddt_inv,"SWAN(w=50,k=1.5)",SWAN,0.057054,0.01,1.0,0.019802,900
MERS,plddt_inv,"SWAN(w=50,k=2.0)",SWAN,0.057446,0.010045,1.0,0.01989,896
MERS,plddt_inv,MutClust-Orig(g=10),MutClust-Orig,0.003203,0.006777,1.0,0.013463,1328
MERS,sasa,Wavelet(t=1.0),Wavelet,-0.035539,0.0,0.0,0.0,208
MERS,sasa,Wavelet(t=1.5),Wavelet,-0.026702,0.0,0.0,0.0,126
MERS,sasa,Wavelet(t=2.0),Wavelet,-0.022104,0.0,0.0,0.0,89
MERS,sasa,KDE(p=75),KDE,-0.047703,0.0,0.0,0.0,333
MERS,sasa,KDE(p=80),KDE,-0.041271,0.0,0.0,0.0,266
MERS,sasa,KDE(p=85),KDE,-0.034725,0.0,0.0,0.0,200
MERS,sasa,SlidingTest(p=0.01),SlidingTest,0.012242,0.009009,0.222222,0.017316,222
MERS,sasa,SlidingTest(p=0.05),SlidingTest,0.025235,0.010791,0.333333,0.020906,278
MERS,sasa,GradPeak(p=0.2),GradPeak,0.041804,0.027027,0.111111,0.043478,37
MERS,sasa,GradPeak(p=0.5),GradPeak,0.089115,0.083333,0.111111,0.095238,12
MERS,sasa,LocalContrast(z=1.0),LocalContrast,0.064864,0.019048,0.444444,0.03653,210
MERS,sasa,LocalContrast(z=1.5),LocalContrast,0.041021,0.017857,0.222222,0.033058,112
MERS,sasa,LocalContrast(z=2.0),LocalContrast,-0.018406,0.0,0.0,0.0,63
MERS,sasa,"CUSUM(d=0.3,h=3.0)",CUSUM,0.056859,0.025316,0.222222,0.045455,79
MERS,sasa,"CUSUM(d=0.5,h=4.0)",CUSUM,0.034567,0.021739,0.111111,0.036364,46
MERS,sasa,"CUSUM(d=0.5,h=5.0)",CUSUM,0.042747,0.027778,0.111111,0.044444,36
MERS,sasa,AdaptiveKnee,AdaptiveKnee,0.039115,0.011312,0.555556,0.022173,442
MERS,sasa,ScoreDBSCAN(ep=8),ScoreDBSCAN,-0.025515,0.0,0.0,0.0,116
MERS,sasa,ScoreDBSCAN(ep=15),ScoreDBSCAN,-0.02873,0.002841,0.111111,0.00554,352
MERS,sasa,Spectral(z=1.5),Spectral,0.000957,0.006993,0.111111,0.013158,143
MERS,sasa,Spectral(z=2.0),Spectral,-0.020602,0.0,0.0,0.0,78
MERS,sasa,Bayes(prior=0.1),Bayes,0.0,0.0,0.0,0.0,0
MERS,sasa,Bayes(prior=0.15),Bayes,0.01662,0.012048,0.111111,0.021739,83
MERS,sasa,AdaptWin(s=90),AdaptWin,0.019381,0.010695,0.222222,0.020408,187
MERS,sasa,AdaptWin(s=85),AdaptWin,0.029691,0.011765,0.333333,0.022727,255
MERS,sasa,FreqThresh(p=80),FreqThresh,0.044655,0.015707,0.333333,0.03,191
MERS,sasa,FreqThresh(p=85),FreqThresh,0.030564,0.013986,0.222222,0.026316,143
MERS,sasa,FreqThresh(p=90),FreqThresh,0.012718,0.010526,0.111111,0.019231,95
MERS,sasa,FreqThresh(p=95),FreqThresh,-0.015972,0.0,0.0,0.0,48
MERS,sasa,"SWAN(w=10,k=1.0)",SWAN,0.064945,0.016611,0.555556,0.032258,301
MERS,sasa,"SWAN(w=10,k=1.5)",SWAN,0.002524,0.007168,0.222222,0.013889,279
MERS,sasa,"SWAN(w=10,k=2.0)",SWAN,0.00315,0.007273,0.222222,0.014085,275
MERS,sasa,"SWAN(w=20,k=1.0)",SWAN,-0.000512,0.006689,0.222222,0.012987,299
MERS,sasa,"SWAN(w=20,k=1.5)",SWAN,0.00315,0.007273,0.222222,0.014085,275
MERS,sasa,"SWAN(w=20,k=2.0)",SWAN,0.007237,0.008,0.222222,0.015444,250
MERS,sasa,"SWAN(w=50,k=1.0)",SWAN,-0.041852,0.0,0.0,0.0,272
MERS,sasa,"SWAN(w=50,k=1.5)",SWAN,-0.038928,0.0,0.0,0.0,242
MERS,sasa,"SWAN(w=50,k=2.0)",SWAN,-0.037842,0.0,0.0,0.0,231
MERS,sasa,MutClust-Orig(g=10),MutClust-Orig,0.002562,0.00692,0.666667,0.013699,867
MERS,grantham,Wavelet(t=1.0),Wavelet,-0.028985,0.0,0.0,0.0,146
MERS,grantham,Wavelet(t=1.5),Wavelet,-0.023022,0.0,0.0,0.0,96
MERS,grantham,Wavelet(t=2.0),Wavelet,-0.021295,0.0,0.0,0.0,83
MERS,grantham,KDE(p=75),KDE,-0.047703,0.0,0.0,0.0,333
MERS,grantham,KDE(p=80),KDE,-0.041271,0.0,0.0,0.0,266
MERS,grantham,KDE(p=85),KDE,-0.034725,0.0,0.0,0.0,200
MERS,grantham,SlidingTest(p=0.01),SlidingTest,-0.015798,0.0,0.0,0.0,47
MERS,grantham,SlidingTest(p=0.05),SlidingTest,-0.026231,0.0,0.0,0.0,122
MERS,grantham,GradPeak(p=0.2),GradPeak,0.018071,0.009404,0.333333,0.018293,319
MERS,grantham,GradPeak(p=0.5),GradPeak,0.019741,0.009709,0.333333,0.018868,309
MERS,grantham,LocalContrast(z=1.0),LocalContrast,0.035459,0.013158,0.333333,0.025316,228
MERS,grantham,LocalContrast(z=1.5),LocalContrast,0.046024,0.02,0.222222,0.036697,100
MERS,grantham,LocalContrast(z=2.0),LocalContrast,-0.012323,0.0,0.0,0.0,29
MERS,grantham,"CUSUM(d=0.3,h=3.0)",CUSUM,-0.013963,0.0,0.0,0.0,37
MERS,grantham,"CUSUM(d=0.5,h=4.0)",CUSUM,-0.005557,0.0,0.0,0.0,6
MERS,grantham,"CUSUM(d=0.5,h=5.0)",CUSUM,-0.00507,0.0,0.0,0.0,5
MERS,grantham,AdaptiveKnee,AdaptiveKnee,0.009038,0.009259,0.111111,0.017094,108
MERS,grantham,ScoreDBSCAN(ep=8),ScoreDBSCAN,-0.016482,0.0,0.0,0.0,51
MERS,grantham,ScoreDBSCAN(ep=15),ScoreDBSCAN,0.001769,0.006977,0.333333,0.013667,430
MERS,grantham,Spectral(z=1.5),Spectral,-0.02503,0.0,0.0,0.0,112
MERS,grantham,Spectral(z=2.0),Spectral,-0.015798,0.0,0.0,0.0,47
MERS,grantham,Bayes(prior=0.1),Bayes,0.0,0.0,0.0,0.0,0
MERS,grantham,Bayes(prior=0.15),Bayes,0.0,0.0,0.0,0.0,0
MERS,grantham,AdaptWin(s=90),AdaptWin,-0.044579,0.00202,0.111111,0.003968,495
MERS,grantham,AdaptWin(s=85),AdaptWin,0.01735,0.007743,0.777778,0.015334,904
MERS,grantham,FreqThresh(p=80),FreqThresh,0.027903,0.011364,0.333333,0.021978,264
MERS,grantham,FreqThresh(p=85),FreqThresh,-0.008756,0.005051,0.111111,0.009662,198
MERS,grantham,FreqThresh(p=90),FreqThresh,0.003275,0.007576,0.111111,0.014184,132
MERS,grantham,FreqThresh(p=95),FreqThresh,0.022479,0.014706,0.111111,0.025974,68
MERS,grantham,"SWAN(w=10,k=1.0)",SWAN,-0.053167,0.0,0.0,0.0,390
MERS,grantham,"SWAN(w=10,k=1.5)",SWAN,-0.041271,0.0,0.0,0.0,266
MERS,grantham,"SWAN(w=10,k=2.0)",SWAN,-0.029539,0.0,0.0,0.0,151
MERS,grantham,"SWAN(w=20,k=1.0)",SWAN,-0.050764,0.0,0.0,0.0,365
MERS,grantham,"SWAN(w=20,k=1.5)",SWAN,-0.041464,0.0,0.0,0.0,268
MERS,grantham,"SWAN(w=20,k=2.0)",SWAN,-0.033904,0.0,0.0,0.0,192
MERS,grantham,"SWAN(w=50,k=1.0)",SWAN,-0.054811,0.0,0.0,0.0,407
MERS,grantham,"SWAN(w=50,k=1.5)",SWAN,-0.045982,0.0,0.0,0.0,315
MERS,grantham,"SWAN(w=50,k=2.0)",SWAN,-0.034623,0.0,0.0,0.0,199
MERS,grantham,MutClust-Orig(g=10),MutClust-Orig,0.008513,0.006839,1.0,0.013585,1316
MERS,dnds_proxy,Wavelet(t=1.0),Wavelet,-0.027399,0.0,0.0,0.0,132
MERS,dnds_proxy,Wavelet(t=1.5),Wavelet,-0.021295,0.0,0.0,0.0,83
MERS,dnds_proxy,Wavelet(t=2.0),Wavelet,-0.017941,0.0,0.0,0.0,60
MERS,dnds_proxy,KDE(p=75),KDE,0.142822,0.027027,1.0,0.052632,333
MERS,dnds_proxy,KDE(p=80),KDE,0.165082,0.033835,1.0,0.065455,266
MERS,dnds_proxy,KDE(p=85),KDE,0.196198,0.045,1.0,0.086124,200
MERS,dnds_proxy,SlidingTest(p=0.01),SlidingTest,-0.014905,0.0,0.0,0.0,42
MERS,dnds_proxy,SlidingTest(p=0.05),SlidingTest,-0.021971,0.0,0.0,0.0,88
MERS,dnds_proxy,GradPeak(p=0.2),GradPeak,0.006017,0.008333,0.111111,0.015504,120
MERS,dnds_proxy,GradPeak(p=0.5),GradPeak,0.028361,0.017857,0.111111,0.030769,56
MERS,dnds_proxy,LocalContrast(z=1.0),LocalContrast,-0.008127,0.005155,0.111111,0.009852,194
MERS,dnds_proxy,LocalContrast(z=1.5),LocalContrast,0.009304,0.009346,0.111111,0.017241,107
MERS,dnds_proxy,LocalContrast(z=2.0),LocalContrast,-0.015446,0.0,0.0,0.0,45
MERS,dnds_proxy,"CUSUM(d=0.3,h=3.0)",CUSUM,-0.010455,0.0,0.0,0.0,21
MERS,dnds_proxy,"CUSUM(d=0.5,h=4.0)",CUSUM,-0.008816,0.0,0.0,0.0,15
MERS,dnds_proxy,"CUSUM(d=0.5,h=5.0)",CUSUM,-0.007184,0.0,0.0,0.0,10
MERS,dnds_proxy,AdaptiveKnee,AdaptiveKnee,0.028361,0.017857,0.111111,0.030769,56
MERS,dnds_proxy,ScoreDBSCAN(ep=8),ScoreDBSCAN,-0.009425,0.006283,0.666667,0.012448,955
MERS,dnds_proxy,ScoreDBSCAN(ep=15),ScoreDBSCAN,-0.002626,0.006695,0.888889,0.013289,1195
MERS,dnds_proxy,Spectral(z=1.5),Spectral,-0.015972,0.0,0.0,0.0,48
MERS,dnds_proxy,Spectral(z=2.0),Spectral,-0.014156,0.0,0.0,0.0,38
MERS,dnds_proxy,Bayes(prior=0.1),Bayes,-0.003203,0.0,0.0,0.0,2
MERS,dnds_proxy,Bayes(prior=0.15),Bayes,-0.009392,0.0,0.0,0.0,17
MERS,dnds_proxy,AdaptWin(s=90),AdaptWin,0.015175,0.008439,0.444444,0.016563,474
MERS,dnds_proxy,AdaptWin(s=85),AdaptWin,-0.007488,0.006579,0.888889,0.013061,1216
MERS,dnds_proxy,FreqThresh(p=80),FreqThresh,0.00491,0.007576,0.222222,0.014652,264
MERS,dnds_proxy,FreqThresh(p=85),FreqThresh,0.00491,0.007576,0.222222,0.014652,264
MERS,dnds_proxy,FreqThresh(p=90),FreqThresh,0.019827,0.010811,0.222222,0.020619,185
MERS,dnds_proxy,FreqThresh(p=95),FreqThresh,0.019191,0.013158,0.111111,0.023529,76
MERS,dnds_proxy,"SWAN(w=10,k=1.0)",SWAN,0.026917,0.012821,0.222222,0.024242,156
MERS,dnds_proxy,"SWAN(w=10,k=1.5)",SWAN,-0.023151,0.0,0.0,0.0,97
MERS,dnds_proxy,"SWAN(w=10,k=2.0)",SWAN,-0.017941,0.0,0.0,0.0,60
MERS,dnds_proxy,"SWAN(w=20,k=1.0)",SWAN,-0.032023,0.0,0.0,0.0,174
MERS,dnds_proxy,"SWAN(w=20,k=1.5)",SWAN,-0.023789,0.0,0.0,0.0,102
MERS,dnds_proxy,"SWAN(w=20,k=2.0)",SWAN,-0.015446,0.0,0.0,0.0,45
MERS,dnds_proxy,"SWAN(w=50,k=1.0)",SWAN,-0.01264,0.004464,0.111111,0.008584,224
MERS,dnds_proxy,"SWAN(w=50,k=1.5)",SWAN,-0.024907,0.0,0.0,0.0,111
MERS,dnds_proxy,"SWAN(w=50,k=2.0)",SWAN,-0.014535,0.0,0.0,0.0,40
MERS,dnds_proxy,MutClust-Orig(g=10),MutClust-Orig,0.008513,0.006839,1.0,0.013585,1316
MERS,semantic_change,Wavelet(t=1.0),Wavelet,-0.032656,0.0,0.0,0.0,180
MERS,semantic_change,Wavelet(t=1.5),Wavelet,-0.027857,0.0,0.0,0.0,136
MERS,semantic_change,Wavelet(t=2.0),Wavelet,-0.02328,0.0,0.0,0.0,98
MERS,semantic_change,KDE(p=75),KDE,0.142822,0.027027,1.0,0.052632,333
MERS,semantic_change,KDE(p=80),KDE,0.165082,0.033835,1.0,0.065455,266
MERS,semantic_change,KDE(p=85),KDE,0.196198,0.045,1.0,0.086124,200
MERS,semantic_change,SlidingTest(p=0.01),SlidingTest,-0.014331,0.004237,0.111111,0.008163,236
MERS,semantic_change,SlidingTest(p=0.05),SlidingTest,-0.039532,0.002227,0.111111,0.004367,449
MERS,semantic_change,GradPeak(p=0.2),GradPeak,0.0,0.0,0.0,0.0,0
MERS,semantic_change,GradPeak(p=0.5),GradPeak,0.0,0.0,0.0,0.0,0
MERS,semantic_change,LocalContrast(z=1.0),LocalContrast,0.02912,0.013514,0.222222,0.025478,148
MERS,semantic_change,LocalContrast(z=1.5),LocalContrast,0.046474,0.020202,0.222222,0.037037,99
MERS,semantic_change,LocalContrast(z=2.0),LocalContrast,0.02292,0.014925,0.111111,0.026316,67
MERS,semantic_change,"CUSUM(d=0.3,h=3.0)",CUSUM,-0.015446,0.0,0.0,0.0,45
MERS,semantic_change,"CUSUM(d=0.5,h=4.0)",CUSUM,-0.009392,0.0,0.0,0.0,17
MERS,semantic_change,"CUSUM(d=0.5,h=5.0)",CUSUM,-0.008513,0.0,0.0,0.0,14
MERS,semantic_change,AdaptiveKnee,AdaptiveKnee,-0.021431,0.0,0.0,0.0,84
MERS,semantic_change,ScoreDBSCAN(ep=8),ScoreDBSCAN,-0.014543,0.005367,0.333333,0.010563,559
MERS,semantic_change,ScoreDBSCAN(ep=15),ScoreDBSCAN,-0.010575,0.006369,0.777778,0.012635,1099
MERS,semantic_change,Spectral(z=1.5),Spectral,-0.022763,0.0,0.0,0.0,94
MERS,semantic_change,Spectral(z=2.0),Spectral,-0.018252,0.0,0.0,0.0,62
MERS,semantic_change,Bayes(prior=0.1),Bayes,0.0,0.0,0.0,0.0,0
MERS,semantic_change,Bayes(prior=0.15),Bayes,-0.002264,0.0,0.0,0.0,1
MERS,semantic_change,AdaptWin(s=90),AdaptWin,0.053263,0.009585,1.0,0.018987,939
MERS,semantic_change,AdaptWin(s=85),AdaptWin,0.027283,0.007506,1.0,0.014901,1199
MERS,semantic_change,FreqThresh(p=80),FreqThresh,0.00491,0.007576,0.222222,0.014652,264
MERS,semantic_change,FreqThresh(p=85),FreqThresh,0.017009,0.010101,0.222222,0.019324,198
MERS,semantic_change,FreqThresh(p=90),FreqThresh,0.033948,0.015152,0.222222,0.028369,132
MERS,semantic_change,FreqThresh(p=95),FreqThresh,-0.018861,0.0,0.0,0.0,66
MERS,semantic_change,"SWAN(w=10,k=1.0)",SWAN,0.046777,0.011561,0.666667,0.022727,519
MERS,semantic_change,"SWAN(w=10,k=1.5)",SWAN,-0.034577,0.002475,0.111111,0.004843,404
MERS,semantic_change,"SWAN(w=10,k=2.0)",SWAN,-0.021499,0.003436,0.111111,0.006667,291
MERS,semantic_change,"SWAN(w=20,k=1.0)",SWAN,0.04079,0.010676,0.666667,0.021016,562
MERS,semantic_change,"SWAN(w=20,k=1.5)",SWAN,0.010484,0.007859,0.444444,0.015444,509
MERS,semantic_change,"SWAN(w=20,k=2.0)",SWAN,0.020219,0.009132,0.444444,0.017897,438
MERS,semantic_change,"SWAN(w=50,k=1.0)",SWAN,0.038644,0.010381,0.666667,0.020443,578
MERS,semantic_change,"SWAN(w=50,k=1.5)",SWAN,0.039579,0.010508,0.666667,0.02069,571
MERS,semantic_change,"SWAN(w=50,k=2.0)",SWAN,0.039713,0.010526,0.666667,0.020725,570
MERS,semantic_change,MutClust-Orig(g=10),MutClust-Orig,0.046478,0.010606,0.777778,0.020927,660
MERS,EVEscape_composite,Wavelet(t=1.0),Wavelet,0.075663,0.022599,0.444444,0.043011,177
MERS,EVEscape_composite,Wavelet(t=1.5),Wavelet,0.038028,0.016667,0.222222,0.031008,120
MERS,EVEscape_composite,Wavelet(t=2.0),Wavelet,0.016972,0.012195,0.111111,0.021978,82
MERS,EVEscape_composite,KDE(p=75),KDE,-0.047703,0.0,0.0,0.0,333
MERS,EVEscape_composite,KDE(p=80),KDE,-0.041271,0.0,0.0,0.0,266
MERS,EVEscape_composite,KDE(p=85),KDE,-0.034725,0.0,0.0,0.0,200
MERS,EVEscape_composite,SlidingTest(p=0.01),SlidingTest,0.074046,0.026786,0.333333,0.049587,112
MERS,EVEscape_composite,SlidingTest(p=0.05),SlidingTest,0.040964,0.014634,0.333333,0.028037,205
MERS,EVEscape_composite,GradPeak(p=0.2),GradPeak,0.0,0.0,0.0,0.0,0
MERS,EVEscape_composite,GradPeak(p=0.5),GradPeak,0.0,0.0,0.0,0.0,0
MERS,EVEscape_composite,LocalContrast(z=1.0),LocalContrast,0.058654,0.020408,0.333333,0.038462,147
MERS,EVEscape_composite,LocalContrast(z=1.5),LocalContrast,0.008774,0.009174,0.111111,0.016949,109
MERS,EVEscape_composite,LocalContrast(z=2.0),LocalContrast,0.014276,0.011111,0.111111,0.020202,90
MERS,EVEscape_composite,"CUSUM(d=0.3,h=3.0)",CUSUM,0.146558,0.075,0.333333,0.122449,40
MERS,EVEscape_composite,"CUSUM(d=0.5,h=4.0)",CUSUM,0.118182,0.074074,0.222222,0.111111,27
MERS,EVEscape_composite,"CUSUM(d=0.5,h=5.0)",CUSUM,0.149079,0.111111,0.222222,0.148148,18
MERS,EVEscape_composite,AdaptiveKnee,AdaptiveKnee,0.089776,0.027972,0.444444,0.052632,143
MERS,EVEscape_composite,ScoreDBSCAN(ep=8),ScoreDBSCAN,-0.033132,0.002558,0.111111,0.005,391
MERS,EVEscape_composite,ScoreDBSCAN(ep=15),ScoreDBSCAN,-0.065951,0.001473,0.111111,0.002907,679
MERS,EVEscape_composite,Spectral(z=1.5),Spectral,0.018058,0.012658,0.111111,0.022727,79
MERS,EVEscape_composite,Spectral(z=2.0),Spectral,0.028361,0.017857,0.111111,0.030769,56
MERS,EVEscape_composite,Bayes(prior=0.1),Bayes,0.05178,0.035714,0.111111,0.054054,28
MERS,EVEscape_composite,Bayes(prior=0.15),Bayes,0.082033,0.030612,0.333333,0.056075,98
MERS,EVEscape_composite,AdaptWin(s=90),AdaptWin,0.102049,0.033333,0.444444,0.062016,120
MERS,EVEscape_composite,AdaptWin(s=85),AdaptWin,0.062834,0.018433,0.444444,0.035398,217
MERS,EVEscape_composite,FreqThresh(p=80),FreqThresh,0.07181,0.021277,0.444444,0.040609,188
MERS,EVEscape_composite,FreqThresh(p=85),FreqThresh,0.090738,0.028369,0.444444,0.053333,141
MERS,EVEscape_composite,FreqThresh(p=90),FreqThresh,0.084593,0.031915,0.333333,0.058252,94
MERS,EVEscape_composite,FreqThresh(p=95),FreqThresh,0.083547,0.042553,0.222222,0.071429,47
MERS,EVEscape_composite,"SWAN(w=10,k=1.0)",SWAN,0.068856,0.020305,0.444444,0.038835,197
MERS,EVEscape_composite,"SWAN(w=10,k=1.5)",SWAN,0.075663,0.022599,0.444444,0.043011,177
MERS,EVEscape_composite,"SWAN(w=10,k=2.0)",SWAN,0.083076,0.025316,0.444444,0.047904,158
MERS,EVEscape_composite,"SWAN(w=20,k=1.0)",SWAN,0.070148,0.020725,0.444444,0.039604,193
MERS,EVEscape_composite,"SWAN(w=20,k=1.5)",SWAN,0.020734,0.01105,0.222222,0.021053,181
MERS,EVEscape_composite,"SWAN(w=20,k=2.0)",SWAN,0.026385,0.012658,0.222222,0.023952,158
MERS,EVEscape_composite,"SWAN(w=50,k=1.0)",SWAN,0.062834,0.018433,0.444444,0.035398,217
MERS,EVEscape_composite,"SWAN(w=50,k=1.5)",SWAN,0.07181,0.021277,0.444444,0.040609,188
MERS,EVEscape_composite,"SWAN(w=50,k=2.0)",SWAN,0.088366,0.027397,0.444444,0.051613,146
MERS,EVEscape_composite,MutClust-Orig(g=10),MutClust-Orig,-0.012323,0.0,0.0,0.0,29
MERS,EqualWeight,Wavelet(t=1.0),Wavelet,-0.027168,0.0,0.0,0.0,130
MERS,EqualWeight,Wavelet(t=1.5),Wavelet,-0.022237,0.0,0.0,0.0,90
MERS,EqualWeight,Wavelet(t=2.0),Wavelet,-0.020742,0.0,0.0,0.0,79
MERS,EqualWeight,KDE(p=75),KDE,0.142822,0.027027,1.0,0.052632,333
MERS,EqualWeight,KDE(p=80),KDE,0.165082,0.033835,1.0,0.065455,266
MERS,EqualWeight,KDE(p=85),KDE,0.17054,0.04,0.888889,0.076555,200
MERS,EqualWeight,SlidingTest(p=0.01),SlidingTest,0.072855,0.018657,0.555556,0.036101,268
MERS,EqualWeight,SlidingTest(p=0.05),SlidingTest,0.084114,0.017115,0.777778,0.033493,409
MERS,EqualWeight,GradPeak(p=0.2),GradPeak,-0.002264,0.0,0.0,0.0,1
MERS,EqualWeight,GradPeak(p=0.5),GradPeak,0.0,0.0,0.0,0.0,0
MERS,EqualWeight,LocalContrast(z=1.0),LocalContrast,0.041474,0.014778,0.333333,0.028302,203
MERS,EqualWeight,LocalContrast(z=1.5),LocalContrast,0.01662,0.012048,0.111111,0.021739,83
MERS,EqualWeight,LocalContrast(z=2.0),LocalContrast,0.049227,0.033333,0.111111,0.051282,30
MERS,EqualWeight,"CUSUM(d=0.3,h=3.0)",CUSUM,0.068755,0.032258,0.222222,0.056338,62
MERS,EqualWeight,"CUSUM(d=0.5,h=4.0)",CUSUM,0.050474,0.034483,0.111111,0.052632,29
MERS,EqualWeight,"CUSUM(d=0.5,h=5.0)",CUSUM,0.063115,0.047619,0.111111,0.066667,21
MERS,EqualWeight,AdaptiveKnee,AdaptiveKnee,0.075106,0.027273,0.333333,0.05042,110
MERS,EqualWeight,ScoreDBSCAN(ep=8),ScoreDBSCAN,-0.039419,0.0,0.0,0.0,247
MERS,EqualWeight,ScoreDBSCAN(ep=15),ScoreDBSCAN,-0.073158,0.003099,0.333333,0.006141,968
MERS,EqualWeight,Spectral(z=1.5),Spectral,0.010397,0.009709,0.111111,0.017857,103
MERS,EqualWeight,Spectral(z=2.0),Spectral,0.027816,0.017544,0.111111,0.030303,57
MERS,EqualWeight,Bayes(prior=0.1),Bayes,0.0,0.0,0.0,0.0,0
MERS,EqualWeight,Bayes(prior=0.15),Bayes,0.0,0.0,0.0,0.0,0
MERS,EqualWeight,AdaptWin(s=90),AdaptWin,0.022632,0.007276,1.0,0.014446,1237
MERS,EqualWeight,AdaptWin(s=85),AdaptWin,0.01665,0.007042,1.0,0.013986,1278
MERS,EqualWeight,FreqThresh(p=80),FreqThresh,0.07337,0.018797,0.555556,0.036364,266
MERS,EqualWeight,FreqThresh(p=85),FreqThresh,0.093565,0.025,0.555556,0.047847,200
MERS,EqualWeight,FreqThresh(p=90),FreqThresh,0.064199,0.022556,0.333333,0.042254,133
MERS,EqualWeight,FreqThresh(p=95),FreqThresh,0.064852,0.029851,0.222222,0.052632,67
MERS,EqualWeight,"SWAN(w=10,k=1.0)",SWAN,0.073612,0.014957,0.777778,0.02935,468
MERS,EqualWeight,"SWAN(w=10,k=1.5)",SWAN,0.084114,0.017115,0.777778,0.033493,409
MERS,EqualWeight,"SWAN(w=10,k=2.0)",SWAN,0.105283,0.022293,0.777778,0.043344,314
MERS,EqualWeight,"SWAN(w=20,k=1.0)",SWAN,0.071003,0.014463,0.777778,0.028398,484
MERS,EqualWeight,"SWAN(w=20,k=1.5)",SWAN,0.077006,0.015625,0.777778,0.030635,448
MERS,EqualWeight,"SWAN(w=20,k=2.0)",SWAN,0.085273,0.01737,0.777778,0.033981,403
MERS,EqualWeight,"SWAN(w=50,k=1.0)",SWAN,0.068945,0.014085,0.777778,0.027668,497
MERS,EqualWeight,"SWAN(w=50,k=1.5)",SWAN,0.069258,0.014141,0.777778,0.027778,495
MERS,EqualWeight,"SWAN(w=50,k=2.0)",SWAN,0.072952,0.014831,0.777778,0.029106,472
MERS,EqualWeight,MutClust-Orig(g=10),MutClust-Orig,0.0,0.006767,1.0,0.013443,1330
MERS,tranception,Wavelet(t=1.0),Wavelet,-0.031811,0.0,0.0,0.0,172
MERS,tranception,Wavelet(t=1.5),Wavelet,-0.025635,0.0,0.0,0.0,117
MERS,tranception,Wavelet(t=2.0),Wavelet,-0.020035,0.0,0.0,0.0,74
MERS,tranception,KDE(p=75),KDE,0.058144,0.015015,0.555556,0.02924,333
MERS,tranception,KDE(p=80),KDE,-0.041271,0.0,0.0,0.0,266
MERS,tranception,KDE(p=85),KDE,-0.034725,0.0,0.0,0.0,200
MERS,tranception,SlidingTest(p=0.01),SlidingTest,0.095827,0.030534,0.444444,0.057143,131
MERS,tranception,SlidingTest(p=0.05),SlidingTest,0.110922,0.018987,1.0,0.037267,474
MERS,tranception,GradPeak(p=0.2),GradPeak,-0.000824,0.006579,0.111111,0.012422,152
MERS,tranception,GradPeak(p=0.5),GradPeak,0.01559,0.011628,0.111111,0.021053,86
MERS,tranception,LocalContrast(z=1.0),LocalContrast,0.040711,0.014563,0.333333,0.027907,206
MERS,tranception,LocalContrast(z=1.5),LocalContrast,0.077301,0.028302,0.333333,0.052174,106
MERS,tranception,LocalContrast(z=2.0),LocalContrast,0.030071,0.018868,0.111111,0.032258,53
MERS,tranception,"CUSUM(d=0.3,h=3.0)",CUSUM,-0.014156,0.0,0.0,0.0,38
MERS,tranception,"CUSUM(d=0.5,h=4.0)",CUSUM,-0.003925,0.0,0.0,0.0,3
MERS,tranception,"CUSUM(d=0.5,h=5.0)",CUSUM,-0.003203,0.0,0.0,0.0,2
MERS,tranception,AdaptiveKnee,AdaptiveKnee,0.083296,0.03125,0.333333,0.057143,96
MERS,tranception,ScoreDBSCAN(ep=8),ScoreDBSCAN,-0.000807,0.006645,0.222222,0.012903,301
MERS,tranception,ScoreDBSCAN(ep=15),ScoreDBSCAN,-0.00097,0.006711,0.666667,0.013289,894
MERS,tranception,Spectral(z=1.5),Spectral,-0.02404,0.0,0.0,0.0,104
MERS,tranception,Spectral(z=2.0),Spectral,-0.017941,0.0,0.0,0.0,60
MERS,tranception,Bayes(prior=0.1),Bayes,0.0,0.0,0.0,0.0,0
MERS,tranception,Bayes(prior=0.15),Bayes,-0.002264,0.0,0.0,0.0,1
MERS,tranception,AdaptWin(s=90),AdaptWin,0.058135,0.010124,1.0,0.020045,889
MERS,tranception,AdaptWin(s=85),AdaptWin,0.046652,0.008929,1.0,0.017699,1008
MERS,tranception,FreqThresh(p=80),FreqThresh,0.027514,0.011278,0.333333,0.021818,266
MERS,tranception,FreqThresh(p=85),FreqThresh,0.042249,0.015,0.333333,0.028708,200
MERS,tranception,FreqThresh(p=90),FreqThresh,0.064199,0.022556,0.333333,0.042254,133
MERS,tranception,FreqThresh(p=95),FreqThresh,0.064852,0.029851,0.222222,0.052632,67
MERS,tranception,"SWAN(w=10,k=1.0)",SWAN,0.073431,0.013468,0.888889,0.026534,594
MERS,tranception,"SWAN(w=10,k=1.5)",SWAN,0.088727,0.01626,0.888889,0.031936,492
MERS,tranception,"SWAN(w=10,k=2.0)",SWAN,0.130463,0.029915,0.777778,0.057613,234
MERS,tranception,"SWAN(w=20,k=1.0)",SWAN,0.071805,0.013201,0.888889,0.026016,606
MERS,tranception,"SWAN(w=20,k=1.5)",SWAN,0.076069,0.013913,0.888889,0.027397,575
MERS,tranception,"SWAN(w=20,k=2.0)",SWAN,0.090573,0.016632,0.888889,0.032653,481
MERS,tranception,"SWAN(w=50,k=1.0)",SWAN,0.06942,0.012821,0.888889,0.025276,624
MERS,tranception,"SWAN(w=50,k=1.5)",SWAN,0.069813,0.012882,0.888889,0.025397,621
MERS,tranception,"SWAN(w=50,k=2.0)",SWAN,0.075227,0.013769,0.888889,0.027119,581
MERS,tranception,MutClust-Orig(g=10),MutClust-Orig,0.0,0.006767,1.0,0.013443,1330
MERS,stability,Wavelet(t=1.0),Wavelet,-0.035842,0.0,0.0,0.0,211
MERS,stability,Wavelet(t=1.5),Wavelet,-0.02404,0.0,0.0,0.0,104
MERS,stability,Wavelet(t=2.0),Wavelet,-0.016816,0.0,0.0,0.0,53
MERS,stability,KDE(p=75),KDE,-0.047703,0.0,0.0,0.0,333
MERS,stability,KDE(p=80),KDE,-0.041271,0.0,0.0,0.0,266
MERS,stability,KDE(p=85),KDE,-0.034725,0.0,0.0,0.0,200
MERS,stability,SlidingTest(p=0.01),SlidingTest,-0.01095,0.0,0.0,0.0,23
MERS,stability,SlidingTest(p=0.05),SlidingTest,-0.02404,0.0,0.0,0.0,104
MERS,stability,GradPeak(p=0.2),GradPeak,-0.032865,0.0,0.0,0.0,182
MERS,stability,GradPeak(p=0.5),GradPeak,-0.025273,0.0,0.0,0.0,114
MERS,stability,LocalContrast(z=1.0),LocalContrast,0.012054,0.008969,0.222222,0.017241,223
MERS,stability,LocalContrast(z=1.5),LocalContrast,0.021196,0.014085,0.111111,0.025,71
MERS,stability,LocalContrast(z=2.0),LocalContrast,-0.009108,0.0,0.0,0.0,16
MERS,stability,"CUSUM(d=0.3,h=3.0)",CUSUM,-0.011424,0.0,0.0,0.0,25
MERS,stability,"CUSUM(d=0.5,h=4.0)",CUSUM,-0.004533,0.0,0.0,0.0,4
MERS,stability,"CUSUM(d=0.5,h=5.0)",CUSUM,-0.002264,0.0,0.0,0.0,1
MERS,stability,AdaptiveKnee,AdaptiveKnee,0.031598,0.007759,1.0,0.015398,1160
MERS,stability,ScoreDBSCAN(ep=8),ScoreDBSCAN,0.011866,0.008929,0.222222,0.017167,224
MERS,stability,ScoreDBSCAN(ep=15),ScoreDBSCAN,-0.010699,0.005362,0.222222,0.010471,373
MERS,stability,Spectral(z=1.5),Spectral,0.007238,0.008696,0.111111,0.016129,115
MERS,stability,Spectral(z=2.0),Spectral,-0.018559,0.0,0.0,0.0,64
MERS,stability,Bayes(prior=0.1),Bayes,0.0,0.0,0.0,0.0,0
MERS,stability,Bayes(prior=0.15),Bayes,0.0,0.0,0.0,0.0,0
MERS,stability,AdaptWin(s=90),AdaptWin,-0.040493,0.0,0.0,0.0,258
MERS,stability,AdaptWin(s=85),AdaptWin,-0.013002,0.005115,0.222222,0.01,391
MERS,stability,FreqThresh(p=80),FreqThresh,-0.012208,0.004525,0.111111,0.008696,221
MERS,stability,FreqThresh(p=85),FreqThresh,-0.003242,0.006061,0.111111,0.011494,165
MERS,stability,FreqThresh(p=90),FreqThresh,-0.026349,0.0,0.0,0.0,123
MERS,stability,FreqThresh(p=95),FreqThresh,-0.026349,0.0,0.0,0.0,123
MERS,stability,"SWAN(w=10,k=1.0)",SWAN,-0.053553,0.0,0.0,0.0,394
MERS,stability,"SWAN(w=10,k=1.5)",SWAN,-0.036947,0.0,0.0,0.0,222
MERS,stability,"SWAN(w=10,k=2.0)",SWAN,-0.02429,0.0,0.0,0.0,106
MERS,stability,"SWAN(w=20,k=1.0)",SWAN,-0.052685,0.0,0.0,0.0,385
MERS,stability,"SWAN(w=20,k=1.5)",SWAN,-0.035741,0.0,0.0,0.0,210
MERS,stability,"SWAN(w=20,k=2.0)",SWAN,-0.026702,0.0,0.0,0.0,126
MERS,stability,"SWAN(w=50,k=1.0)",SWAN,-0.049232,0.0,0.0,0.0,349
MERS,stability,"SWAN(w=50,k=1.5)",SWAN,-0.041174,0.0,0.0,0.0,265
MERS,stability,"SWAN(w=50,k=2.0)",SWAN,-0.035741,0.0,0.0,0.0,210
MERS,stability,MutClust-Orig(g=10),MutClust-Orig,0.037842,0.008189,1.0,0.016245,1099
MERS,stability_structural,Wavelet(t=1.0),Wavelet,-0.02965,0.0,0.0,0.0,152
MERS,stability_structural,Wavelet(t=1.5),Wavelet,-0.022501,0.0,0.0,0.0,92
MERS,stability_structural,Wavelet(t=2.0),Wavelet,-0.017625,0.0,0.0,0.0,58
MERS,stability_structural,KDE(p=75),KDE,-0.047703,0.0,0.0,0.0,333
MERS,stability_structural,KDE(p=80),KDE,-0.041271,0.0,0.0,0.0,266
MERS,stability_structural,KDE(p=85),KDE,-0.034725,0.0,0.0,0.0,200
MERS,stability_structural,SlidingTest(p=0.01),SlidingTest,-0.026935,0.0,0.0,0.0,128
MERS,stability_structural,SlidingTest(p=0.05),SlidingTest,-0.034521,0.0,0.0,0.0,198
MERS,stability_structural,GradPeak(p=0.2),GradPeak,0.0,0.0,0.0,0.0,0
MERS,stability_structural,GradPeak(p=0.5),GradPeak,0.0,0.0,0.0,0.0,0
MERS,stability_structural,LocalContrast(z=1.0),LocalContrast,0.011866,0.008929,0.222222,0.017167,224
MERS,stability_structural,LocalContrast(z=1.5),LocalContrast,0.020783,0.013889,0.111111,0.024691,72
MERS,stability_structural,LocalContrast(z=2.0),LocalContrast,-0.009108,0.0,0.0,0.0,16
MERS,stability_structural,"CUSUM(d=0.3,h=3.0)",CUSUM,-0.014346,0.0,0.0,0.0,39
MERS,stability_structural,"CUSUM(d=0.5,h=4.0)",CUSUM,-0.009937,0.0,0.0,0.0,19
MERS,stability_structural,"CUSUM(d=0.5,h=5.0)",CUSUM,-0.008816,0.0,0.0,0.0,15
MERS,stability_structural,AdaptiveKnee,AdaptiveKnee,-0.022104,0.0,0.0,0.0,89
MERS,stability_structural,ScoreDBSCAN(ep=8),ScoreDBSCAN,0.042773,0.015152,0.333333,0.028986,198
MERS,stability_structural,ScoreDBSCAN(ep=15),ScoreDBSCAN,0.039403,0.009749,0.777778,0.019257,718
MERS,stability_structural,Spectral(z=1.5),Spectral,-0.022369,0.0,0.0,0.0,91
MERS,stability_structural,Spectral(z=2.0),Spectral,-0.016816,0.0,0.0,0.0,53
MERS,stability_structural,Bayes(prior=0.1),Bayes,-0.003203,0.0,0.0,0.0,2
MERS,stability_structural,Bayes(prior=0.15),Bayes,-0.010199,0.0,0.0,0.0,20
MERS,stability_structural,AdaptWin(s=90),AdaptWin,-0.034827,0.0,0.0,0.0,201
MERS,stability_structural,AdaptWin(s=85),AdaptWin,-0.046652,0.0,0.0,0.0,322
MERS,stability_structural,FreqThresh(p=80),FreqThresh,-0.037445,0.0,0.0,0.0,227
MERS,stability_structural,FreqThresh(p=85),FreqThresh,-0.031278,0.0,0.0,0.0,167
MERS,stability_structural,FreqThresh(p=90),FreqThresh,-0.025273,0.0,0.0,0.0,114
MERS,stability_structural,FreqThresh(p=95),FreqThresh,-0.017143,0.0,0.0,0.0,55
MERS,stability_structural,"SWAN(w=10,k=1.0)",SWAN,-0.04445,0.0,0.0,0.0,299
MERS,stability_structural,"SWAN(w=10,k=1.5)",SWAN,-0.036947,0.0,0.0,0.0,222
MERS,stability_structural,"SWAN(w=10,k=2.0)",SWAN,-0.030848,0.0,0.0,0.0,163
MERS,stability_structural,"SWAN(w=20,k=1.0)",SWAN,-0.043298,0.0,0.0,0.0,287
MERS,stability_structural,"SWAN(w=20,k=1.5)",SWAN,-0.039419,0.0,0.0,0.0,247
MERS,stability_structural,"SWAN(w=20,k=2.0)",SWAN,-0.035943,0.0,0.0,0.0,212
MERS,stability_structural,"SWAN(w=50,k=1.0)",SWAN,-0.047798,0.0,0.0,0.0,334
MERS,stability_structural,"SWAN(w=50,k=1.5)",SWAN,-0.041271,0.0,0.0,0.0,266
MERS,stability_structural,"SWAN(w=50,k=2.0)",SWAN,-0.03981,0.0,0.0,0.0,251
MERS,stability_structural,MutClust-Orig(g=10),MutClust-Orig,0.0,0.0,0.0,0.0,0
MERS,freq_with_indel,Wavelet(t=1.0),Wavelet,-0.025515,0.0,0.0,0.0,116
MERS,freq_with_indel,Wavelet(t=1.5),Wavelet,-0.02404,0.0,0.0,0.0,104
MERS,freq_with_indel,Wavelet(t=2.0),Wavelet,-0.021971,0.0,0.0,0.0,88
MERS,freq_with_indel,KDE(p=75),KDE,0.058144,0.015015,0.555556,0.02924,333
MERS,freq_with_indel,KDE(p=80),KDE,-0.018342,0.003759,0.111111,0.007273,266
MERS,freq_with_indel,KDE(p=85),KDE,-0.034725,0.0,0.0,0.0,200
MERS,freq_with_indel,SlidingTest(p=0.01),SlidingTest,-0.028761,0.0,0.0,0.0,144
MERS,freq_with_indel,SlidingTest(p=0.05),SlidingTest,-0.029207,0.0,0.0,0.0,148
MERS,freq_with_indel,GradPeak(p=0.2),GradPeak,0.0,0.0,0.0,0.0,0
MERS,freq_with_indel,GradPeak(p=0.5),GradPeak,0.0,0.0,0.0,0.0,0
MERS,freq_with_indel,LocalContrast(z=1.0),LocalContrast,-0.014905,0.0,0.0,0.0,42
MERS,freq_with_indel,LocalContrast(z=1.5),LocalContrast,-0.009392,0.0,0.0,0.0,17
MERS,freq_with_indel,LocalContrast(z=2.0),LocalContrast,-0.006813,0.0,0.0,0.0,9
MERS,freq_with_indel,"CUSUM(d=0.3,h=3.0)",CUSUM,-0.013166,0.0,0.0,0.0,33
MERS,freq_with_indel,"CUSUM(d=0.5,h=4.0)",CUSUM,-0.009392,0.0,0.0,0.0,17
MERS,freq_with_indel,"CUSUM(d=0.5,h=5.0)",CUSUM,-0.007876,0.0,0.0,0.0,12
MERS,freq_with_indel,AdaptiveKnee,AdaptiveKnee,-0.031157,0.005887,0.777778,0.011686,1189
MERS,freq_with_indel,ScoreDBSCAN(ep=8),ScoreDBSCAN,0.002601,0.006964,0.555556,0.013755,718
MERS,freq_with_indel,ScoreDBSCAN(ep=15),ScoreDBSCAN,-0.00175,0.006692,0.777778,0.01327,1046
MERS,freq_with_indel,Spectral(z=1.5),Spectral,0.008253,0.009009,0.111111,0.016667,111
MERS,freq_with_indel,Spectral(z=2.0),Spectral,0.016972,0.012195,0.111111,0.021978,82
MERS,freq_with_indel,Bayes(prior=0.1),Bayes,0.0,0.0,0.0,0.0,0
MERS,freq_with_indel,Bayes(prior=0.15),Bayes,0.0,0.0,0.0,0.0,0
MERS,freq_with_indel,AdaptWin(s=90),AdaptWin,0.011424,0.006897,1.0,0.013699,1305
MERS,freq_with_indel,AdaptWin(s=85),AdaptWin,0.008201,0.006834,1.0,0.013575,1317
MERS,freq_with_indel,FreqThresh(p=80),FreqThresh,0.001443,0.006993,0.222222,0.013559,286
MERS,freq_with_indel,FreqThresh(p=85),FreqThresh,-0.036346,0.0,0.0,0.0,216
MERS,freq_with_indel,FreqThresh(p=90),FreqThresh,-0.027514,0.0,0.0,0.0,133
MERS,freq_with_indel,FreqThresh(p=95),FreqThresh,-0.019011,0.0,0.0,0.0,67
MERS,freq_with_indel,"SWAN(w=10,k=1.0)",SWAN,0.011043,0.008242,0.333333,0.016086,364
MERS,freq_with_indel,"SWAN(w=10,k=1.5)",SWAN,-0.027857,0.0,0.0,0.0,136
MERS,freq_with_indel,"SWAN(w=10,k=2.0)",SWAN,-0.026585,0.0,0.0,0.0,125
MERS,freq_with_indel,"SWAN(w=20,k=1.0)",SWAN,-0.048467,0.0,0.0,0.0,341
MERS,freq_with_indel,"SWAN(w=20,k=1.5)",SWAN,-0.030848,0.0,0.0,0.0,163
MERS,freq_with_indel,"SWAN(w=20,k=2.0)",SWAN,-0.026702,0.0,0.0,0.0,126
MERS,freq_with_indel,"SWAN(w=50,k=1.0)",SWAN,-0.044834,0.0,0.0,0.0,303
MERS,freq_with_indel,"SWAN(w=50,k=1.5)",SWAN,-0.02976,0.0,0.0,0.0,153
MERS,freq_with_indel,"SWAN(w=50,k=2.0)",SWAN,-0.029207,0.0,0.0,0.0,148
MERS,freq_with_indel,MutClust-Orig(g=10),MutClust-Orig,0.0,0.006767,1.0,0.013443,1330
MERS,entropy_with_indel,Wavelet(t=1.0),Wavelet,-0.025394,0.0,0.0,0.0,115
MERS,entropy_with_indel,Wavelet(t=1.5),Wavelet,-0.023915,0.0,0.0,0.0,103
MERS,entropy_with_indel,Wavelet(t=2.0),Wavelet,-0.021971,0.0,0.0,0.0,88
MERS,entropy_with_indel,KDE(p=75),KDE,-0.047703,0.0,0.0,0.0,333
MERS,entropy_with_indel,KDE(p=80),KDE,-0.041271,0.0,0.0,0.0,266
MERS,entropy_with_indel,KDE(p=85),KDE,-0.034725,0.0,0.0,0.0,200
MERS,entropy_with_indel,SlidingTest(p=0.01),SlidingTest,-0.034521,0.0,0.0,0.0,198
MERS,entropy_with_indel,SlidingTest(p=0.05),SlidingTest,-0.041852,0.0,0.0,0.0,272
MERS,entropy_with_indel,GradPeak(p=0.2),GradPeak,-0.011424,0.0,0.0,0.0,25
MERS,entropy_with_indel,GradPeak(p=0.5),GradPeak,0.0,0.0,0.0,0.0,0
MERS,entropy_with_indel,LocalContrast(z=1.0),LocalContrast,0.000353,0.006849,0.111111,0.012903,146
MERS,entropy_with_indel,LocalContrast(z=1.5),LocalContrast,-0.010455,0.0,0.0,0.0,21
MERS,entropy_with_indel,LocalContrast(z=2.0),LocalContrast,-0.006421,0.0,0.0,0.0,8
MERS,entropy_with_indel,"CUSUM(d=0.3,h=3.0)",CUSUM,-0.016314,0.0,0.0,0.0,50
MERS,entropy_with_indel,"CUSUM(d=0.5,h=4.0)",CUSUM,-0.009937,0.0,0.0,0.0,19
MERS,entropy_with_indel,"CUSUM(d=0.5,h=5.0)",CUSUM,-0.008513,0.0,0.0,0.0,14
MERS,entropy_with_indel,AdaptiveKnee,AdaptiveKnee,-0.018808,0.006385,0.888889,0.012678,1253
MERS,entropy_with_indel,ScoreDBSCAN(ep=8),ScoreDBSCAN,-0.054326,0.0,0.0,0.0,402
MERS,entropy_with_indel,ScoreDBSCAN(ep=15),ScoreDBSCAN,-0.019067,0.0059,0.666667,0.011696,1017
MERS,entropy_with_indel,Spectral(z=1.5),Spectral,0.009845,0.009524,0.111111,0.017544,105
MERS,entropy_with_indel,Spectral(z=2.0),Spectral,0.027816,0.017544,0.111111,0.030303,57
MERS,entropy_with_indel,Bayes(prior=0.1),Bayes,0.0,0.0,0.0,0.0,0
MERS,entropy_with_indel,Bayes(prior=0.15),Bayes,0.0,0.0,0.0,0.0,0
MERS,entropy_with_indel,AdaptWin(s=90),AdaptWin,0.008201,0.006834,1.0,0.013575,1317
MERS,entropy_with_indel,AdaptWin(s=85),AdaptWin,0.007876,0.006829,1.0,0.013564,1318
MERS,entropy_with_indel,FreqThresh(p=80),FreqThresh,-0.018342,0.003759,0.111111,0.007273,266
MERS,entropy_with_indel,FreqThresh(p=85),FreqThresh,-0.009067,0.005,0.111111,0.009569,200
MERS,entropy_with_indel,FreqThresh(p=90),FreqThresh,0.003057,0.007519,0.111111,0.014085,133
MERS,entropy_with_indel,FreqThresh(p=95),FreqThresh,-0.019011,0.0,0.0,0.0,67
MERS,entropy_with_indel,"SWAN(w=10,k=1.0)",SWAN,0.016551,0.008621,0.444444,0.016913,464
MERS,entropy_with_indel,"SWAN(w=10,k=1.5)",SWAN,0.01533,0.008929,0.333333,0.017391,336
MERS,entropy_with_indel,"SWAN(w=10,k=2.0)",SWAN,0.009142,0.008368,0.222222,0.016129,239
MERS,entropy_with_indel,"SWAN(w=20,k=1.0)",SWAN,0.012473,0.008097,0.444444,0.015905,494
MERS,entropy_with_indel,"SWAN(w=20,k=1.5)",SWAN,-0.007673,0.005714,0.222222,0.011142,350
MERS,entropy_with_indel,"SWAN(w=20,k=2.0)",SWAN,-0.04349,0.0,0.0,0.0,289
MERS,entropy_with_indel,"SWAN(w=50,k=1.0)",SWAN,0.051637,0.012346,0.666667,0.024242,486
MERS,entropy_with_indel,"SWAN(w=50,k=1.5)",SWAN,0.041776,0.011765,0.555556,0.023041,425
MERS,entropy_with_indel,"SWAN(w=50,k=2.0)",SWAN,0.006705,0.007614,0.333333,0.014888,394
MERS,entropy_with_indel,MutClust-Orig(g=10),MutClust-Orig,0.0,0.006767,1.0,0.013443,1330
MERS,fubar,Wavelet(t=1.0),Wavelet,-0.008127,0.005155,0.111111,0.009852,194
MERS,fubar,Wavelet(t=1.5),Wavelet,0.010676,0.009804,0.111111,0.018018,102
MERS,fubar,Wavelet(t=2.0),Wavelet,0.027282,0.017241,0.111111,0.029851,58
MERS,fubar,KDE(p=75),KDE,-0.047703,0.0,0.0,0.0,333
MERS,fubar,KDE(p=80),KDE,-0.041271,0.0,0.0,0.0,266
MERS,fubar,KDE(p=85),KDE,-0.034725,0.0,0.0,0.0,200
MERS,fubar,SlidingTest(p=0.01),SlidingTest,-0.020742,0.0,0.0,0.0,79
MERS,fubar,SlidingTest(p=0.05),SlidingTest,0.000154,0.006803,0.111111,0.012821,147
MERS,fubar,GradPeak(p=0.2),GradPeak,-0.002264,0.0,0.0,0.0,1
MERS,fubar,GradPeak(p=0.5),GradPeak,0.0,0.0,0.0,0.0,0
MERS,fubar,LocalContrast(z=1.0),LocalContrast,-0.029869,0.0,0.0,0.0,154
MERS,fubar,LocalContrast(z=1.5),LocalContrast,-0.02503,0.0,0.0,0.0,112
MERS,fubar,LocalContrast(z=2.0),LocalContrast,-0.022237,0.0,0.0,0.0,90
MERS,fubar,"CUSUM(d=0.3,h=3.0)",CUSUM,-0.01357,0.0,0.0,0.0,35
MERS,fubar,"CUSUM(d=0.5,h=4.0)",CUSUM,-0.01095,0.0,0.0,0.0,23
MERS,fubar,"CUSUM(d=0.5,h=5.0)",CUSUM,0.072252,0.058824,0.111111,0.076923,17
MERS,fubar,AdaptiveKnee,AdaptiveKnee,0.003494,0.007634,0.111111,0.014286,131
MERS,fubar,ScoreDBSCAN(ep=8),ScoreDBSCAN,-0.004617,0.006515,0.666667,0.012903,921
MERS,fubar,ScoreDBSCAN(ep=15),ScoreDBSCAN,-0.011494,0.006341,0.777778,0.012579,1104
MERS,fubar,Spectral(z=1.5),Spectral,-0.020602,0.0,0.0,0.0,78
MERS,fubar,Spectral(z=2.0),Spectral,-0.016482,0.0,0.0,0.0,51
MERS,fubar,Bayes(prior=0.1),Bayes,-0.01296,0.0,0.0,0.0,32
MERS,fubar,Bayes(prior=0.15),Bayes,0.012119,0.010309,0.111111,0.018868,97
MERS,fubar,AdaptWin(s=90),AdaptWin,0.022371,0.011494,0.222222,0.021858,174
MERS,fubar,AdaptWin(s=85),AdaptWin,0.007578,0.008065,0.222222,0.015564,248
MERS,fubar,FreqThresh(p=80),FreqThresh,0.027514,0.011278,0.333333,0.021818,266
MERS,fubar,FreqThresh(p=85),FreqThresh,0.016384,0.00995,0.222222,0.019048,201
MERS,fubar,FreqThresh(p=90),FreqThresh,0.032682,0.014706,0.222222,0.027586,136
MERS,fubar,FreqThresh(p=95),FreqThresh,-0.019011,0.0,0.0,0.0,67
MERS,fubar,"SWAN(w=10,k=1.0)",SWAN,0.027456,0.012987,0.222222,0.02454,154
MERS,fubar,"SWAN(w=10,k=1.5)",SWAN,0.034598,0.015385,0.222222,0.028777,130
MERS,fubar,"SWAN(w=10,k=2.0)",SWAN,0.009304,0.009346,0.111111,0.017241,107
MERS,fubar,"SWAN(w=20,k=1.0)",SWAN,0.050805,0.017647,0.333333,0.03352,170
MERS,fubar,"SWAN(w=20,k=1.5)",SWAN,0.055767,0.019355,0.333333,0.036585,155
MERS,fubar,"SWAN(w=20,k=2.0)",SWAN,-0.022237,0.0,0.0,0.0,90
MERS,fubar,"SWAN(w=50,k=1.0)",SWAN,0.047481,0.016575,0.333333,0.031579,181
MERS,fubar,"SWAN(w=50,k=1.5)",SWAN,0.055074,0.019108,0.333333,0.036145,157
MERS,fubar,"SWAN(w=50,k=2.0)",SWAN,-0.02328,0.0,0.0,0.0,98
MERS,fubar,MutClust-Orig(g=10),MutClust-Orig,0.051147,0.009365,1.0,0.018557,961
HCV,freq,Wavelet(t=1.0),Wavelet,0.525375,0.692308,0.5,0.580645,39
HCV,freq,Wavelet(t=1.5),Wavelet,0.604008,0.84375,0.5,0.627907,32
HCV,freq,Wavelet(t=2.0),Wavelet,0.634232,1.0,0.444444,0.615385,24
HCV,freq,KDE(p=75),KDE,0.399538,0.411765,0.648148,0.503597,85
HCV,freq,KDE(p=80),KDE,0.285659,0.367647,0.462963,0.409836,68
HCV,freq,KDE(p=85),KDE,0.268171,0.392157,0.37037,0.380952,51
HCV,freq,SlidingTest(p=0.01),SlidingTest,0.660155,0.964286,0.5,0.658537,28
HCV,freq,SlidingTest(p=0.05),SlidingTest,0.571651,0.756757,0.518519,0.615385,37
HCV,freq,GradPeak(p=0.2),GradPeak,0.101845,0.5,0.037037,0.068966,4
HCV,freq,GradPeak(p=0.5),GradPeak,0.0,0.0,0.0,0.0,0
HCV,freq,LocalContrast(z=1.0),LocalContrast,0.101137,0.25,0.222222,0.235294,48
HCV,freq,LocalContrast(z=1.5),LocalContrast,0.024638,0.184211,0.12963,0.152174,38
HCV,freq,LocalContrast(z=2.0),LocalContrast,-0.038339,0.111111,0.055556,0.074074,27
HCV,freq,"CUSUM(d=0.3,h=3.0)",CUSUM,0.291017,0.692308,0.166667,0.268657,13
HCV,freq,"CUSUM(d=0.5,h=4.0)",CUSUM,0.220333,0.714286,0.092593,0.163934,7
HCV,freq,"CUSUM(d=0.5,h=5.0)",CUSUM,0.186222,0.666667,0.074074,0.133333,6
HCV,freq,AdaptiveKnee,AdaptiveKnee,0.272097,0.325843,0.537037,0.405594,89
HCV,freq,ScoreDBSCAN(ep=8),ScoreDBSCAN,-0.27389,0.092827,0.407407,0.151203,237
HCV,freq,ScoreDBSCAN(ep=15),ScoreDBSCAN,-0.168199,0.132404,0.703704,0.222874,287
HCV,freq,Spectral(z=1.5),Spectral,0.216603,0.388889,0.259259,0.311111,36
HCV,freq,Spectral(z=2.0),Spectral,0.155926,0.380952,0.148148,0.213333,21
HCV,freq,Bayes(prior=0.1),Bayes,0.0,0.0,0.0,0.0,0
HCV,freq,Bayes(prior=0.15),Bayes,0.346804,0.545455,0.333333,0.413793,33
HCV,freq,AdaptWin(s=90),AdaptWin,0.415763,0.575,0.425926,0.489362,40
HCV,freq,AdaptWin(s=85),AdaptWin,0.353343,0.440678,0.481481,0.460177,59
HCV,freq,FreqThresh(p=80),FreqThresh,0.285659,0.367647,0.462963,0.409836,68
HCV,freq,FreqThresh(p=85),FreqThresh,0.290706,0.411765,0.388889,0.4,51
HCV,freq,FreqThresh(p=90),FreqThresh,0.337963,0.529412,0.333333,0.409091,34
HCV,freq,FreqThresh(p=95),FreqThresh,0.195681,0.470588,0.148148,0.225352,17
HCV,freq,"SWAN(w=10,k=1.0)",SWAN,0.465713,0.625,0.462963,0.531915,40
HCV,freq,"SWAN(w=10,k=1.5)",SWAN,0.465713,0.625,0.462963,0.531915,40
HCV,freq,"SWAN(w=10,k=2.0)",SWAN,0.3824,0.571429,0.37037,0.449438,35
HCV,freq,"SWAN(w=20,k=1.0)",SWAN,0.470886,0.583333,0.518519,0.54902,48
HCV,freq,"SWAN(w=20,k=1.5)",SWAN,0.415692,0.55814,0.444444,0.494845,43
HCV,freq,"SWAN(w=20,k=2.0)",SWAN,0.455529,0.666667,0.407407,0.505747,33
HCV,freq,"SWAN(w=50,k=1.0)",SWAN,0.470886,0.583333,0.518519,0.54902,48
HCV,freq,"SWAN(w=50,k=1.5)",SWAN,0.470886,0.583333,0.518519,0.54902,48
HCV,freq,"SWAN(w=50,k=2.0)",SWAN,0.443481,0.689655,0.37037,0.481928,29
HCV,freq,MutClust-Orig(g=10),MutClust-Orig,0.156409,0.179402,1.0,0.304225,301
HCV,entropy,Wavelet(t=1.0),Wavelet,0.525375,0.692308,0.5,0.580645,39
HCV,entropy,Wavelet(t=1.5),Wavelet,0.591437,0.818182,0.5,0.62069,33
HCV,entropy,Wavelet(t=2.0),Wavelet,0.619898,1.0,0.425926,0.597403,23
HCV,entropy,KDE(p=75),KDE,0.418121,0.423529,0.666667,0.517986,85
HCV,entropy,KDE(p=80),KDE,0.265543,0.352941,0.444444,0.393443,68
HCV,entropy,KDE(p=85),KDE,0.245636,0.372549,0.351852,0.361905,51
HCV,entropy,SlidingTest(p=0.01),SlidingTest,0.660155,0.964286,0.5,0.658537,28
HCV,entropy,SlidingTest(p=0.05),SlidingTest,0.440306,0.55102,0.5,0.524272,49
HCV,entropy,GradPeak(p=0.2),GradPeak,0.107243,0.304348,0.12963,0.181818,23
HCV,entropy,GradPeak(p=0.5),GradPeak,0.063991,0.333333,0.037037,0.066667,6
HCV,entropy,LocalContrast(z=1.0),LocalContrast,0.046777,0.2,0.185185,0.192308,50
HCV,entropy,LocalContrast(z=1.5),LocalContrast,0.01616,0.175,0.12963,0.148936,40
HCV,entropy,LocalContrast(z=2.0),LocalContrast,-0.029923,0.12,0.055556,0.075949,25
HCV,entropy,"CUSUM(d=0.3,h=3.0)",CUSUM,0.233932,0.571429,0.148148,0.235294,14
HCV,entropy,"CUSUM(d=0.5,h=4.0)",CUSUM,0.197982,0.625,0.092593,0.16129,8
HCV,entropy,"CUSUM(d=0.5,h=5.0)",CUSUM,0.186222,0.666667,0.074074,0.133333,6
HCV,entropy,AdaptiveKnee,AdaptiveKnee,0.276013,0.329545,0.537037,0.408451,88
HCV,entropy,ScoreDBSCAN(ep=8),ScoreDBSCAN,-0.175367,0.117155,0.518519,0.191126,239
HCV,entropy,ScoreDBSCAN(ep=15),ScoreDBSCAN,-0.212565,0.125436,0.666667,0.211144,287
HCV,entropy,Spectral(z=1.5),Spectral,0.155396,0.344828,0.185185,0.240964,29
HCV,entropy,Spectral(z=2.0),Spectral,0.114676,0.318182,0.12963,0.184211,22
HCV,entropy,Bayes(prior=0.1),Bayes,0.0,0.0,0.0,0.0,0
HCV,entropy,Bayes(prior=0.15),Bayes,0.212804,0.454545,0.185185,0.263158,22
HCV,entropy,AdaptWin(s=90),AdaptWin,0.350425,0.5,0.388889,0.4375,42
HCV,entropy,AdaptWin(s=85),AdaptWin,0.336614,0.419355,0.481481,0.448276,62
HCV,entropy,FreqThresh(p=80),FreqThresh,0.285659,0.367647,0.462963,0.409836,68
HCV,entropy,FreqThresh(p=85),FreqThresh,0.335777,0.45098,0.425926,0.438095,51
HCV,entropy,FreqThresh(p=90),FreqThresh,0.284318,0.470588,0.296296,0.363636,34
HCV,entropy,FreqThresh(p=95),FreqThresh,0.232602,0.529412,0.166667,0.253521,17
HCV,entropy,"SWAN(w=10,k=1.0)",SWAN,0.335907,0.477273,0.388889,0.428571,44
HCV,entropy,"SWAN(w=10,k=1.5)",SWAN,0.373868,0.538462,0.388889,0.451613,39
HCV,entropy,"SWAN(w=10,k=2.0)",SWAN,0.373868,0.538462,0.388889,0.451613,39
HCV,entropy,"SWAN(w=20,k=1.0)",SWAN,0.349406,0.446429,0.462963,0.454545,56
HCV,entropy,"SWAN(w=20,k=1.5)",SWAN,0.369218,0.5,0.425926,0.46,46
HCV,entropy,"SWAN(w=20,k=2.0)",SWAN,0.39967,0.583333,0.388889,0.466667,36
HCV,entropy,"SWAN(w=50,k=1.0)",SWAN,0.371386,0.432836,0.537037,0.479339,67
HCV,entropy,"SWAN(w=50,k=1.5)",SWAN,0.449396,0.677419,0.388889,0.494118,31
HCV,entropy,"SWAN(w=50,k=2.0)",SWAN,0.449396,0.677419,0.388889,0.494118,31
HCV,entropy,MutClust-Orig(g=10),MutClust-Orig,0.033425,0.159763,1.0,0.27551,338
HCV,rare_freq,Wavelet(t=1.0),Wavelet,0.142001,0.253165,0.37037,0.300752,79
HCV,rare_freq,Wavelet(t=1.5),Wavelet,-0.034148,0.12766,0.111111,0.118812,47
HCV,rare_freq,Wavelet(t=2.0),Wavelet,-0.093351,0.0,0.0,0.0,15
HCV,rare_freq,KDE(p=75),KDE,-0.250873,0.0,0.0,0.0,85
HCV,rare_freq,KDE(p=80),KDE,-0.217262,0.0,0.0,0.0,68
HCV,rare_freq,KDE(p=85),KDE,-0.182537,0.0,0.0,0.0,51
HCV,rare_freq,SlidingTest(p=0.01),SlidingTest,-0.053086,0.0,0.0,0.0,5
HCV,rare_freq,SlidingTest(p=0.05),SlidingTest,-0.11975,0.0,0.0,0.0,24
HCV,rare_freq,GradPeak(p=0.2),GradPeak,0.0,0.0,0.0,0.0,0
HCV,rare_freq,GradPeak(p=0.5),GradPeak,0.0,0.0,0.0,0.0,0
HCV,rare_freq,LocalContrast(z=1.0),LocalContrast,-0.034706,0.12963,0.12963,0.12963,54
HCV,rare_freq,LocalContrast(z=1.5),LocalContrast,0.01112,0.173913,0.074074,0.103896,23
HCV,rare_freq,LocalContrast(z=2.0),LocalContrast,0.011503,0.181818,0.037037,0.061538,11
HCV,rare_freq,"CUSUM(d=0.3,h=3.0)",CUSUM,0.028601,0.222222,0.037037,0.063492,9
HCV,rare_freq,"CUSUM(d=0.5,h=4.0)",CUSUM,0.013763,0.2,0.018519,0.033898,5
HCV,rare_freq,"CUSUM(d=0.5,h=5.0)",CUSUM,0.124993,1.0,0.018519,0.036364,1
HCV,rare_freq,AdaptiveKnee,AdaptiveKnee,-0.070696,0.117021,0.203704,0.148649,94
HCV,rare_freq,ScoreDBSCAN(ep=8),ScoreDBSCAN,0.027875,0.164706,0.777778,0.271845,255
HCV,rare_freq,ScoreDBSCAN(ep=15),ScoreDBSCAN,0.023691,0.162162,0.888889,0.274286,296
HCV,rare_freq,Spectral(z=1.5),Spectral,0.01112,0.173913,0.074074,0.103896,23
HCV,rare_freq,Spectral(z=2.0),Spectral,0.024202,0.2,0.055556,0.086957,15
HCV,rare_freq,Bayes(prior=0.1),Bayes,0.0,0.0,0.0,0.0,0
HCV,rare_freq,Bayes(prior=0.15),Bayes,0.0,0.0,0.0,0.0,0
HCV,rare_freq,AdaptWin(s=90),AdaptWin,-0.258822,0.082524,0.314815,0.130769,206
HCV,rare_freq,AdaptWin(s=85),AdaptWin,-0.257709,0.122034,0.666667,0.206304,295
HCV,rare_freq,FreqThresh(p=80),FreqThresh,-0.070696,0.117021,0.203704,0.148649,94
HCV,rare_freq,FreqThresh(p=85),FreqThresh,-0.070696,0.117021,0.203704,0.148649,94
HCV,rare_freq,FreqThresh(p=90),FreqThresh,-0.048486,0.108108,0.074074,0.087912,37
HCV,rare_freq,FreqThresh(p=95),FreqThresh,0.005073,0.166667,0.055556,0.083333,18
HCV,rare_freq,"SWAN(w=10,k=1.0)",SWAN,-0.145047,0.073684,0.12963,0.09396,95
HCV,rare_freq,"SWAN(w=10,k=1.5)",SWAN,-0.056721,0.111111,0.111111,0.111111,54
HCV,rare_freq,"SWAN(w=10,k=2.0)",SWAN,-0.167531,0.0,0.0,0.0,44
HCV,rare_freq,"SWAN(w=20,k=1.0)",SWAN,-0.121543,0.09,0.166667,0.116883,100
HCV,rare_freq,"SWAN(w=20,k=1.5)",SWAN,-0.182537,0.0,0.0,0.0,51
HCV,rare_freq,"SWAN(w=20,k=2.0)",SWAN,-0.163129,0.0,0.0,0.0,42
HCV,rare_freq,"SWAN(w=50,k=1.0)",SWAN,-0.243,0.0,0.0,0.0,81
HCV,rare_freq,"SWAN(w=50,k=1.5)",SWAN,-0.219257,0.0,0.0,0.0,69
HCV,rare_freq,"SWAN(w=50,k=2.0)",SWAN,-0.160905,0.0,0.0,0.0,41
HCV,rare_freq,MutClust-Orig(g=10),MutClust-Orig,0.0,0.0,0.0,0.0,0
HCV,homoplasy,Wavelet(t=1.0),Wavelet,-0.016093,0.147059,0.185185,0.163934,68
HCV,homoplasy,Wavelet(t=1.5),Wavelet,-0.137631,0.0,0.0,0.0,31
HCV,homoplasy,Wavelet(t=2.0),Wavelet,-0.063,0.0,0.0,0.0,7
HCV,homoplasy,KDE(p=75),KDE,-0.250873,0.0,0.0,0.0,85
HCV,homoplasy,KDE(p=80),KDE,-0.217262,0.0,0.0,0.0,68
HCV,homoplasy,KDE(p=85),KDE,-0.182537,0.0,0.0,0.0,51
HCV,homoplasy,SlidingTest(p=0.01),SlidingTest,-0.182537,0.0,0.0,0.0,51
HCV,homoplasy,SlidingTest(p=0.05),SlidingTest,-0.272555,0.0,0.0,0.0,96
HCV,homoplasy,GradPeak(p=0.2),GradPeak,0.045047,0.333333,0.018519,0.035088,3
HCV,homoplasy,GradPeak(p=0.5),GradPeak,0.0,0.0,0.0,0.0,0
HCV,homoplasy,LocalContrast(z=1.0),LocalContrast,0.073721,0.22449,0.203704,0.213592,49
HCV,homoplasy,LocalContrast(z=1.5),LocalContrast,0.021183,0.185185,0.092593,0.123457,27
HCV,homoplasy,LocalContrast(z=2.0),LocalContrast,0.028601,0.222222,0.037037,0.063492,9
HCV,homoplasy,"CUSUM(d=0.3,h=3.0)",CUSUM,-0.099687,0.0,0.0,0.0,17
HCV,homoplasy,"CUSUM(d=0.5,h=4.0)",CUSUM,-0.075641,0.0,0.0,0.0,10
HCV,homoplasy,"CUSUM(d=0.5,h=5.0)",CUSUM,-0.067451,0.0,0.0,0.0,8
HCV,homoplasy,AdaptiveKnee,AdaptiveKnee,-0.047664,0.113636,0.092593,0.102041,44
HCV,homoplasy,ScoreDBSCAN(ep=8),ScoreDBSCAN,-0.074796,0.143411,0.685185,0.237179,258
HCV,homoplasy,ScoreDBSCAN(ep=15),ScoreDBSCAN,0.000618,0.158879,0.944444,0.272,321
HCV,homoplasy,Spectral(z=1.5),Spectral,0.040162,0.206897,0.111111,0.144578,29
HCV,homoplasy,Spectral(z=2.0),Spectral,-0.006035,0.15,0.055556,0.081081,20
HCV,homoplasy,Bayes(prior=0.1),Bayes,0.0,0.0,0.0,0.0,0
HCV,homoplasy,Bayes(prior=0.15),Bayes,0.0,0.0,0.0,0.0,0
HCV,homoplasy,AdaptWin(s=90),AdaptWin,-0.2237,0.07362,0.222222,0.110599,163
HCV,homoplasy,AdaptWin(s=85),AdaptWin,-0.357453,0.097122,0.5,0.162651,278
HCV,homoplasy,FreqThresh(p=80),FreqThresh,-0.099213,0.086957,0.111111,0.097561,69
HCV,homoplasy,FreqThresh(p=85),FreqThresh,-0.078736,0.092593,0.092593,0.092593,54
HCV,homoplasy,FreqThresh(p=90),FreqThresh,-0.120717,0.028571,0.018519,0.022472,35
HCV,homoplasy,FreqThresh(p=95),FreqThresh,-0.102736,0.0,0.0,0.0,18
HCV,homoplasy,"SWAN(w=10,k=1.0)",SWAN,-0.123631,0.092593,0.185185,0.123457,108
HCV,homoplasy,"SWAN(w=10,k=1.5)",SWAN,-0.131283,0.086538,0.166667,0.113924,104
HCV,homoplasy,"SWAN(w=10,k=2.0)",SWAN,-0.244969,0.0,0.0,0.0,82
HCV,homoplasy,"SWAN(w=20,k=1.0)",SWAN,-0.072535,0.121739,0.259259,0.16568,115
HCV,homoplasy,"SWAN(w=20,k=1.5)",SWAN,-0.280484,0.0,0.0,0.0,100
HCV,homoplasy,"SWAN(w=20,k=2.0)",SWAN,-0.272555,0.0,0.0,0.0,96
HCV,homoplasy,"SWAN(w=50,k=1.0)",SWAN,-0.288453,0.0,0.0,0.0,104
HCV,homoplasy,"SWAN(w=50,k=1.5)",SWAN,-0.288453,0.0,0.0,0.0,104
HCV,homoplasy,"SWAN(w=50,k=2.0)",SWAN,-0.288453,0.0,0.0,0.0,104
HCV,homoplasy,MutClust-Orig(g=10),MutClust-Orig,0.0236,0.159292,1.0,0.274809,339
HCV,esm2_llr,Wavelet(t=1.0),Wavelet,-0.007196,0.152174,0.12963,0.14,46
HCV,esm2_llr,Wavelet(t=1.5),Wavelet,-0.002269,0.15625,0.092593,0.116279,32
HCV,esm2_llr,Wavelet(t=2.0),Wavelet,0.067236,0.3,0.055556,0.09375,10
HCV,esm2_llr,KDE(p=75),KDE,-0.250873,0.0,0.0,0.0,85
HCV,esm2_llr,KDE(p=80),KDE,-0.217262,0.0,0.0,0.0,68
HCV,esm2_llr,KDE(p=85),KDE,-0.182537,0.0,0.0,0.0,51
HCV,esm2_llr,SlidingTest(p=0.01),SlidingTest,-0.096561,0.0,0.0,0.0,16
HCV,esm2_llr,SlidingTest(p=0.05),SlidingTest,0.080405,0.25,0.148148,0.186047,32
HCV,esm2_llr,GradPeak(p=0.2),GradPeak,-0.009052,0.142857,0.037037,0.058824,14
HCV,esm2_llr,GradPeak(p=0.5),GradPeak,0.071802,0.5,0.018519,0.035714,2
HCV,esm2_llr,LocalContrast(z=1.0),LocalContrast,-0.050499,0.115385,0.111111,0.113208,52
HCV,esm2_llr,LocalContrast(z=1.5),LocalContrast,-0.038339,0.111111,0.055556,0.074074,27
HCV,esm2_llr,LocalContrast(z=2.0),LocalContrast,0.031445,0.214286,0.055556,0.088235,14
HCV,esm2_llr,"CUSUM(d=0.3,h=3.0)",CUSUM,0.027217,0.25,0.018519,0.034483,4
HCV,esm2_llr,"CUSUM(d=0.5,h=4.0)",CUSUM,0.071802,0.5,0.018519,0.035714,2
HCV,esm2_llr,"CUSUM(d=0.5,h=5.0)",CUSUM,0.071802,0.5,0.018519,0.035714,2
HCV,esm2_llr,AdaptiveKnee,AdaptiveKnee,-0.025502,0.125,0.055556,0.076923,24
HCV,esm2_llr,ScoreDBSCAN(ep=8),ScoreDBSCAN,0.015078,0.162055,0.759259,0.267101,253
HCV,esm2_llr,ScoreDBSCAN(ep=15),ScoreDBSCAN,0.035651,0.161994,0.962963,0.277333,321
HCV,esm2_llr,Spectral(z=1.5),Spectral,0.122499,0.333333,0.12963,0.186667,21
HCV,esm2_llr,Spectral(z=2.0),Spectral,0.050333,0.285714,0.037037,0.065574,7
HCV,esm2_llr,Bayes(prior=0.1),Bayes,0.0,0.0,0.0,0.0,0
HCV,esm2_llr,Bayes(prior=0.15),Bayes,0.071802,0.5,0.018519,0.035714,2
HCV,esm2_llr,AdaptWin(s=90),AdaptWin,-0.070433,0.109589,0.148148,0.125984,73
HCV,esm2_llr,AdaptWin(s=85),AdaptWin,-0.055265,0.143519,0.574074,0.22963,216
HCV,esm2_llr,FreqThresh(p=80),FreqThresh,-0.076444,0.102941,0.12963,0.114754,68
HCV,esm2_llr,FreqThresh(p=85),FreqThresh,-0.06986,0.098039,0.092593,0.095238,51
HCV,esm2_llr,FreqThresh(p=90),FreqThresh,-0.064374,0.088235,0.055556,0.068182,34
HCV,esm2_llr,FreqThresh(p=95),FreqThresh,0.011076,0.176471,0.055556,0.084507,17
HCV,esm2_llr,"SWAN(w=10,k=1.0)",SWAN,-0.009265,0.150943,0.148148,0.149533,53
HCV,esm2_llr,"SWAN(w=10,k=1.5)",SWAN,0.122499,0.333333,0.12963,0.186667,21
HCV,esm2_llr,"SWAN(w=10,k=2.0)",SWAN,0.122499,0.333333,0.12963,0.186667,21
HCV,esm2_llr,"SWAN(w=20,k=1.0)",SWAN,0.123383,0.294118,0.185185,0.227273,34
HCV,esm2_llr,"SWAN(w=20,k=1.5)",SWAN,0.080405,0.25,0.148148,0.186047,32
HCV,esm2_llr,"SWAN(w=20,k=2.0)",SWAN,0.063415,0.233333,0.12963,0.166667,30
HCV,esm2_llr,"SWAN(w=50,k=1.0)",SWAN,-0.042861,0.12987,0.185185,0.152672,77
HCV,esm2_llr,"SWAN(w=50,k=1.5)",SWAN,-0.163129,0.0,0.0,0.0,42
HCV,esm2_llr,"SWAN(w=50,k=2.0)",SWAN,-0.151843,0.0,0.0,0.0,37
HCV,esm2_llr,MutClust-Orig(g=10),MutClust-Orig,0.0,0.158824,1.0,0.274112,340
HCV,plddt_inv,Wavelet(t=1.0),Wavelet,0.069498,0.22,0.203704,0.211538,50
HCV,plddt_inv,Wavelet(t=1.5),Wavelet,-0.022647,0.135135,0.092593,0.10989,37
HCV,plddt_inv,Wavelet(t=2.0),Wavelet,-0.11975,0.0,0.0,0.0,24
HCV,plddt_inv,KDE(p=75),KDE,-0.250873,0.0,0.0,0.0,85
HCV,plddt_inv,KDE(p=80),KDE,-0.217262,0.0,0.0,0.0,68
HCV,plddt_inv,KDE(p=85),KDE,-0.182537,0.0,0.0,0.0,51
HCV,plddt_inv,SlidingTest(p=0.01),SlidingTest,0.024318,0.175676,0.240741,0.203125,74
HCV,plddt_inv,SlidingTest(p=0.05),SlidingTest,-0.022617,0.146789,0.296296,0.196319,109
HCV,plddt_inv,GradPeak(p=0.2),GradPeak,-0.018768,0.138889,0.092593,0.111111,36
HCV,plddt_inv,GradPeak(p=0.5),GradPeak,0.022219,0.190476,0.074074,0.106667,21
HCV,plddt_inv,LocalContrast(z=1.0),LocalContrast,0.024255,0.181818,0.148148,0.163265,44
HCV,plddt_inv,LocalContrast(z=1.5),LocalContrast,0.004104,0.166667,0.037037,0.060606,12
HCV,plddt_inv,LocalContrast(z=2.0),LocalContrast,-0.04741,0.0,0.0,0.0,4
HCV,plddt_inv,"CUSUM(d=0.3,h=3.0)",CUSUM,0.024202,0.2,0.055556,0.086957,15
HCV,plddt_inv,"CUSUM(d=0.5,h=4.0)",CUSUM,-0.053086,0.0,0.0,0.0,5
HCV,plddt_inv,"CUSUM(d=0.5,h=5.0)",CUSUM,-0.040998,0.0,0.0,0.0,3
HCV,plddt_inv,AdaptiveKnee,AdaptiveKnee,0.058765,0.166667,0.925926,0.282486,300
HCV,plddt_inv,ScoreDBSCAN(ep=8),ScoreDBSCAN,-0.040333,0.150579,0.722222,0.249201,259
HCV,plddt_inv,ScoreDBSCAN(ep=15),ScoreDBSCAN,-0.012918,0.156794,0.833333,0.26393,287
HCV,plddt_inv,Spectral(z=1.5),Spectral,0.016185,0.178571,0.092593,0.121951,28
HCV,plddt_inv,Spectral(z=2.0),Spectral,0.067236,0.3,0.055556,0.09375,10
HCV,plddt_inv,Bayes(prior=0.1),Bayes,0.0,0.0,0.0,0.0,0
HCV,plddt_inv,Bayes(prior=0.15),Bayes,0.0,0.0,0.0,0.0,0
HCV,plddt_inv,AdaptWin(s=90),AdaptWin,0.057386,0.165584,0.944444,0.281768,308
HCV,plddt_inv,AdaptWin(s=85),AdaptWin,0.102736,0.167702,1.0,0.287234,322
HCV,plddt_inv,FreqThresh(p=80),FreqThresh,0.005579,0.1625,0.240741,0.19403,80
HCV,plddt_inv,FreqThresh(p=85),FreqThresh,0.005579,0.1625,0.240741,0.19403,80
HCV,plddt_inv,FreqThresh(p=90),FreqThresh,-0.044289,0.116279,0.092593,0.103093,43
HCV,plddt_inv,FreqThresh(p=95),FreqThresh,-0.074432,0.05,0.018519,0.027027,20
HCV,plddt_inv,"SWAN(w=10,k=1.0)",SWAN,0.083025,0.189349,0.592593,0.286996,169
HCV,plddt_inv,"SWAN(w=10,k=1.5)",SWAN,0.165214,0.231884,0.592593,0.333333,138
HCV,plddt_inv,"SWAN(w=10,k=2.0)",SWAN,-0.059696,0.127273,0.259259,0.170732,110
HCV,plddt_inv,"SWAN(w=20,k=1.0)",SWAN,-0.100843,0.119497,0.351852,0.178404,159
HCV,plddt_inv,"SWAN(w=20,k=1.5)",SWAN,-0.085725,0.124183,0.351852,0.183575,153
HCV,plddt_inv,"SWAN(w=20,k=2.0)",SWAN,-0.042706,0.139706,0.351852,0.2,136
HCV,plddt_inv,"SWAN(w=50,k=1.0)",SWAN,-0.154576,0.105556,0.351852,0.162393,180
HCV,plddt_inv,"SWAN(w=50,k=1.5)",SWAN,-0.070609,0.129252,0.351852,0.189055,147
HCV,plddt_inv,"SWAN(w=50,k=2.0)",SWAN,-0.050355,0.136691,0.351852,0.196891,139
HCV,plddt_inv,MutClust-Orig(g=10),MutClust-Orig,0.0236,0.159292,1.0,0.274809,339
HCV,sasa,Wavelet(t=1.0),Wavelet,-0.165337,0.0,0.0,0.0,43
HCV,sasa,Wavelet(t=1.5),Wavelet,-0.14953,0.0,0.0,0.0,36
HCV,sasa,Wavelet(t=2.0),Wavelet,-0.127621,0.0,0.0,0.0,27
HCV,sasa,KDE(p=75),KDE,0.083624,0.211765,0.333333,0.258993,85
HCV,sasa,KDE(p=80),KDE,0.064374,0.205882,0.259259,0.229508,68
HCV,sasa,KDE(p=85),KDE,0.042817,0.196078,0.185185,0.190476,51
HCV,sasa,SlidingTest(p=0.01),SlidingTest,0.016547,0.181818,0.074074,0.105263,22
HCV,sasa,SlidingTest(p=0.05),SlidingTest,-0.00339,0.15625,0.185185,0.169492,64
HCV,sasa,GradPeak(p=0.2),GradPeak,-0.006333,0.142857,0.018519,0.032787,7
HCV,sasa,GradPeak(p=0.5),GradPeak,0.0,0.0,0.0,0.0,0
HCV,sasa,LocalContrast(z=1.0),LocalContrast,-0.011175,0.15,0.166667,0.157895,60
HCV,sasa,LocalContrast(z=1.5),LocalContrast,-0.038339,0.111111,0.055556,0.074074,27
HCV,sasa,LocalContrast(z=2.0),LocalContrast,0.011503,0.181818,0.037037,0.061538,11
HCV,sasa,"CUSUM(d=0.3,h=3.0)",CUSUM,0.011503,0.181818,0.037037,0.061538,11
HCV,sasa,"CUSUM(d=0.5,h=4.0)",CUSUM,-0.033425,0.0,0.0,0.0,2
HCV,sasa,"CUSUM(d=0.5,h=5.0)",CUSUM,-0.0236,0.0,0.0,0.0,1
HCV,sasa,AdaptiveKnee,AdaptiveKnee,0.000907,0.16,0.074074,0.101266,25
HCV,sasa,ScoreDBSCAN(ep=8),ScoreDBSCAN,0.043264,0.183673,0.333333,0.236842,98
HCV,sasa,ScoreDBSCAN(ep=15),ScoreDBSCAN,-0.023991,0.15493,0.814815,0.260355,284
HCV,sasa,Spectral(z=1.5),Spectral,0.042916,0.205882,0.12963,0.159091,34
HCV,sasa,Spectral(z=2.0),Spectral,-0.040234,0.1,0.037037,0.054054,20
HCV,sasa,Bayes(prior=0.1),Bayes,0.0,0.0,0.0,0.0,0
HCV,sasa,Bayes(prior=0.15),Bayes,0.0,0.0,0.0,0.0,0
HCV,sasa,AdaptWin(s=90),AdaptWin,-0.02276,0.15,0.444444,0.224299,160
HCV,sasa,AdaptWin(s=85),AdaptWin,-0.049605,0.148438,0.703704,0.245161,256
HCV,sasa,FreqThresh(p=80),FreqThresh,0.02414,0.176471,0.222222,0.196721,68
HCV,sasa,FreqThresh(p=85),FreqThresh,-0.002254,0.156863,0.148148,0.152381,51
HCV,sasa,FreqThresh(p=90),FreqThresh,-0.037551,0.117647,0.074074,0.090909,34
HCV,sasa,FreqThresh(p=95),FreqThresh,-0.025845,0.117647,0.037037,0.056338,17
HCV,sasa,"SWAN(w=10,k=1.0)",SWAN,0.010587,0.164948,0.296296,0.211921,97
HCV,sasa,"SWAN(w=10,k=1.5)",SWAN,0.062489,0.2,0.296296,0.238806,80
HCV,sasa,"SWAN(w=10,k=2.0)",SWAN,0.05081,0.204082,0.185185,0.194175,49
HCV,sasa,"SWAN(w=20,k=1.0)",SWAN,0.060707,0.190909,0.388889,0.256098,110
HCV,sasa,"SWAN(w=20,k=1.5)",SWAN,0.007733,0.163265,0.296296,0.210526,98
HCV,sasa,"SWAN(w=20,k=2.0)",SWAN,0.086341,0.219178,0.296296,0.251969,73
HCV,sasa,"SWAN(w=50,k=1.0)",SWAN,-0.101948,0.114286,0.296296,0.164948,140
HCV,sasa,"SWAN(w=50,k=1.5)",SWAN,-0.056644,0.131148,0.296296,0.181818,122
HCV,sasa,"SWAN(w=50,k=2.0)",SWAN,-0.03326,0.141593,0.296296,0.191617,113
HCV,sasa,MutClust-Orig(g=10),MutClust-Orig,0.0,0.158824,1.0,0.274112,340
HCV,grantham,Wavelet(t=1.0),Wavelet,-0.221249,0.0,0.0,0.0,70
HCV,grantham,Wavelet(t=1.5),Wavelet,-0.137631,0.0,0.0,0.0,31
HCV,grantham,Wavelet(t=2.0),Wavelet,-0.108631,0.0,0.0,0.0,20
HCV,grantham,KDE(p=75),KDE,-0.250873,0.0,0.0,0.0,85
HCV,grantham,KDE(p=80),KDE,-0.217262,0.0,0.0,0.0,68
HCV,grantham,KDE(p=85),KDE,-0.182537,0.0,0.0,0.0,51
HCV,grantham,SlidingTest(p=0.01),SlidingTest,0.0,0.0,0.0,0.0,0
HCV,grantham,SlidingTest(p=0.05),SlidingTest,-0.058239,0.0,0.0,0.0,6
HCV,grantham,GradPeak(p=0.2),GradPeak,-0.026568,0.141026,0.203704,0.166667,78
HCV,grantham,GradPeak(p=0.5),GradPeak,-0.042861,0.12987,0.185185,0.152672,77
HCV,grantham,LocalContrast(z=1.0),LocalContrast,-0.097997,0.075472,0.074074,0.074766,53
HCV,grantham,LocalContrast(z=1.5),LocalContrast,-0.021695,0.133333,0.074074,0.095238,30
HCV,grantham,LocalContrast(z=2.0),LocalContrast,0.005073,0.166667,0.055556,0.083333,18
HCV,grantham,"CUSUM(d=0.3,h=3.0)",CUSUM,-0.063,0.0,0.0,0.0,7
HCV,grantham,"CUSUM(d=0.5,h=4.0)",CUSUM,-0.033425,0.0,0.0,0.0,2
HCV,grantham,"CUSUM(d=0.5,h=5.0)",CUSUM,0.0,0.0,0.0,0.0,0
HCV,grantham,AdaptiveKnee,AdaptiveKnee,-0.109626,0.082192,0.111111,0.094488,73
HCV,grantham,ScoreDBSCAN(ep=8),ScoreDBSCAN,0.183056,0.259615,0.5,0.341772,104
HCV,grantham,ScoreDBSCAN(ep=15),ScoreDBSCAN,0.038491,0.165468,0.851852,0.277108,278
HCV,grantham,Spectral(z=1.5),Spectral,-0.057386,0.09375,0.055556,0.069767,32
HCV,grantham,Spectral(z=2.0),Spectral,-0.040234,0.1,0.037037,0.054054,20
HCV,grantham,Bayes(prior=0.1),Bayes,0.0,0.0,0.0,0.0,0
HCV,grantham,Bayes(prior=0.15),Bayes,0.0,0.0,0.0,0.0,0
HCV,grantham,AdaptWin(s=90),AdaptWin,-0.122218,0.086022,0.148148,0.108844,93
HCV,grantham,AdaptWin(s=85),AdaptWin,-0.359353,0.063063,0.259259,0.101449,222
HCV,grantham,FreqThresh(p=80),FreqThresh,-0.116678,0.073529,0.092593,0.081967,68
HCV,grantham,FreqThresh(p=85),FreqThresh,-0.095212,0.076923,0.074074,0.075472,52
HCV,grantham,FreqThresh(p=90),FreqThresh,-0.094237,0.057143,0.037037,0.044944,35
HCV,grantham,FreqThresh(p=95),FreqThresh,-0.062766,0.058824,0.018519,0.028169,17
HCV,grantham,"SWAN(w=10,k=1.0)",SWAN,-0.205997,0.033333,0.055556,0.041667,90
HCV,grantham,"SWAN(w=10,k=1.5)",SWAN,-0.077518,0.078947,0.055556,0.065217,38
HCV,grantham,"SWAN(w=10,k=2.0)",SWAN,-0.127621,0.0,0.0,0.0,27
HCV,grantham,"SWAN(w=20,k=1.0)",SWAN,-0.159208,0.069307,0.12963,0.090323,101
HCV,grantham,"SWAN(w=20,k=1.5)",SWAN,-0.160905,0.0,0.0,0.0,41
HCV,grantham,"SWAN(w=20,k=2.0)",SWAN,0.0,0.0,0.0,0.0,0
HCV,grantham,"SWAN(w=50,k=1.0)",SWAN,-0.284463,0.0,0.0,0.0,102
HCV,grantham,"SWAN(w=50,k=1.5)",SWAN,0.0,0.0,0.0,0.0,0
HCV,grantham,"SWAN(w=50,k=2.0)",SWAN,0.0,0.0,0.0,0.0,0
HCV,grantham,MutClust-Orig(g=10),MutClust-Orig,0.0,0.158824,1.0,0.274112,340
HCV,dnds_proxy,Wavelet(t=1.0),Wavelet,0.525375,0.692308,0.5,0.580645,39
HCV,dnds_proxy,Wavelet(t=1.5),Wavelet,0.630813,0.9,0.5,0.642857,30
HCV,dnds_proxy,Wavelet(t=2.0),Wavelet,0.619898,1.0,0.425926,0.597403,23
HCV,dnds_proxy,KDE(p=75),KDE,0.399538,0.411765,0.648148,0.503597,85
HCV,dnds_proxy,KDE(p=80),KDE,0.325893,0.397059,0.5,0.442623,68
HCV,dnds_proxy,KDE(p=85),KDE,0.313242,0.431373,0.407407,0.419048,51
HCV,dnds_proxy,SlidingTest(p=0.01),SlidingTest,0.64514,0.931034,0.5,0.650602,29
HCV,dnds_proxy,SlidingTest(p=0.05),SlidingTest,0.567759,0.771429,0.5,0.606742,35
HCV,dnds_proxy,GradPeak(p=0.2),GradPeak,0.141036,0.3,0.222222,0.255319,40
HCV,dnds_proxy,GradPeak(p=0.5),GradPeak,0.135521,0.3125,0.185185,0.232558,32
HCV,dnds_proxy,LocalContrast(z=1.0),LocalContrast,0.063382,0.217391,0.185185,0.2,46
HCV,dnds_proxy,LocalContrast(z=1.5),LocalContrast,0.033537,0.194444,0.12963,0.155556,36
HCV,dnds_proxy,LocalContrast(z=2.0),LocalContrast,-0.020921,0.130435,0.055556,0.077922,23
HCV,dnds_proxy,"CUSUM(d=0.3,h=3.0)",CUSUM,0.274429,0.642857,0.166667,0.264706,14
HCV,dnds_proxy,"CUSUM(d=0.5,h=4.0)",CUSUM,0.279232,0.777778,0.12963,0.222222,9
HCV,dnds_proxy,"CUSUM(d=0.5,h=5.0)",CUSUM,0.186222,0.666667,0.074074,0.133333,6
HCV,dnds_proxy,AdaptiveKnee,AdaptiveKnee,0.285889,0.345679,0.518519,0.414815,81
HCV,dnds_proxy,ScoreDBSCAN(ep=8),ScoreDBSCAN,-0.295709,0.090535,0.407407,0.148148,243
HCV,dnds_proxy,ScoreDBSCAN(ep=15),ScoreDBSCAN,-0.15875,0.133333,0.703704,0.224189,285
HCV,dnds_proxy,Spectral(z=1.5),Spectral,0.247547,0.48,0.222222,0.303797,25
HCV,dnds_proxy,Spectral(z=2.0),Spectral,0.184755,0.444444,0.148148,0.222222,18
HCV,dnds_proxy,Bayes(prior=0.1),Bayes,0.176472,0.75,0.055556,0.103448,4
HCV,dnds_proxy,Bayes(prior=0.15),Bayes,0.299438,0.517241,0.277778,0.361446,29
HCV,dnds_proxy,AdaptWin(s=90),AdaptWin,0.382184,0.552632,0.388889,0.456522,38
HCV,dnds_proxy,AdaptWin(s=85),AdaptWin,0.332095,0.423729,0.462963,0.442478,59
HCV,dnds_proxy,FreqThresh(p=80),FreqThresh,0.305776,0.382353,0.481481,0.42623,68
HCV,dnds_proxy,FreqThresh(p=85),FreqThresh,0.313242,0.431373,0.407407,0.419048,51
HCV,dnds_proxy,FreqThresh(p=90),FreqThresh,0.337963,0.529412,0.333333,0.409091,34
HCV,dnds_proxy,FreqThresh(p=95),FreqThresh,0.269523,0.588235,0.185185,0.28169,17
HCV,dnds_proxy,"SWAN(w=10,k=1.0)",SWAN,0.465713,0.625,0.462963,0.531915,40
HCV,dnds_proxy,"SWAN(w=10,k=1.5)",SWAN,0.465713,0.625,0.462963,0.531915,40
HCV,dnds_proxy,"SWAN(w=10,k=2.0)",SWAN,0.3824,0.571429,0.37037,0.449438,35
HCV,dnds_proxy,"SWAN(w=20,k=1.0)",SWAN,0.470886,0.583333,0.518519,0.54902,48
HCV,dnds_proxy,"SWAN(w=20,k=1.5)",SWAN,0.415692,0.55814,0.444444,0.494845,43
HCV,dnds_proxy,"SWAN(w=20,k=2.0)",SWAN,0.455529,0.666667,0.407407,0.505747,33
HCV,dnds_proxy,"SWAN(w=50,k=1.0)",SWAN,0.455743,0.56,0.518519,0.538462,50
HCV,dnds_proxy,"SWAN(w=50,k=1.5)",SWAN,0.478759,0.595745,0.518519,0.554455,47
HCV,dnds_proxy,"SWAN(w=50,k=2.0)",SWAN,0.443481,0.689655,0.37037,0.481928,29
HCV,dnds_proxy,MutClust-Orig(g=10),MutClust-Orig,0.0,0.158824,1.0,0.274112,340
HCV,semantic_change,Wavelet(t=1.0),Wavelet,0.007954,0.164384,0.222222,0.188976,73
HCV,semantic_change,Wavelet(t=1.5),Wavelet,-0.040836,0.122449,0.111111,0.116505,49
HCV,semantic_change,Wavelet(t=2.0),Wavelet,-0.111488,0.0,0.0,0.0,21
HCV,semantic_change,KDE(p=75),KDE,-0.250873,0.0,0.0,0.0,85
HCV,semantic_change,KDE(p=80),KDE,-0.217262,0.0,0.0,0.0,68
HCV,semantic_change,KDE(p=85),KDE,-0.182537,0.0,0.0,0.0,51
HCV,semantic_change,SlidingTest(p=0.01),SlidingTest,-0.197062,0.0,0.0,0.0,58
HCV,semantic_change,SlidingTest(p=0.05),SlidingTest,-0.223237,0.0,0.0,0.0,71
HCV,semantic_change,GradPeak(p=0.2),GradPeak,0.0,0.0,0.0,0.0,0
HCV,semantic_change,GradPeak(p=0.5),GradPeak,0.0,0.0,0.0,0.0,0
HCV,semantic_change,LocalContrast(z=1.0),LocalContrast,-0.047664,0.113636,0.092593,0.102041,44
HCV,semantic_change,LocalContrast(z=1.5),LocalContrast,-0.016162,0.136364,0.055556,0.078947,22
HCV,semantic_change,LocalContrast(z=2.0),LocalContrast,-0.014982,0.133333,0.037037,0.057971,15
HCV,semantic_change,"CUSUM(d=0.3,h=3.0)",CUSUM,-0.009052,0.142857,0.037037,0.058824,14
HCV,semantic_change,"CUSUM(d=0.5,h=4.0)",CUSUM,-0.058239,0.0,0.0,0.0,6
HCV,semantic_change,"CUSUM(d=0.5,h=5.0)",CUSUM,-0.033425,0.0,0.0,0.0,2
HCV,semantic_change,AdaptiveKnee,AdaptiveKnee,-0.071629,0.071429,0.037037,0.04878,28
HCV,semantic_change,ScoreDBSCAN(ep=8),ScoreDBSCAN,0.094001,0.179283,0.833333,0.295082,251
HCV,semantic_change,ScoreDBSCAN(ep=15),ScoreDBSCAN,-0.034414,0.155763,0.925926,0.266667,321
HCV,semantic_change,Spectral(z=1.5),Spectral,0.055646,0.238095,0.092593,0.133333,21
HCV,semantic_change,Spectral(z=2.0),Spectral,0.047713,0.25,0.055556,0.090909,12
HCV,semantic_change,Bayes(prior=0.1),Bayes,0.0,0.0,0.0,0.0,0
HCV,semantic_change,Bayes(prior=0.15),Bayes,0.0,0.0,0.0,0.0,0
HCV,semantic_change,AdaptWin(s=90),AdaptWin,-0.124993,0.156342,0.981481,0.26972,339
HCV,semantic_change,AdaptWin(s=85),AdaptWin,0.0,0.158824,1.0,0.274112,340
HCV,semantic_change,FreqThresh(p=80),FreqThresh,-0.136795,0.058824,0.074074,0.065574,68
HCV,semantic_change,FreqThresh(p=85),FreqThresh,-0.137466,0.039216,0.037037,0.038095,51
HCV,semantic_change,FreqThresh(p=90),FreqThresh,-0.091196,0.058824,0.037037,0.045455,34
HCV,semantic_change,FreqThresh(p=95),FreqThresh,-0.025845,0.117647,0.037037,0.056338,17
HCV,semantic_change,"SWAN(w=10,k=1.0)",SWAN,-0.205222,0.024691,0.037037,0.02963,81
HCV,semantic_change,"SWAN(w=10,k=1.5)",SWAN,-0.194511,0.026316,0.037037,0.030769,76
HCV,semantic_change,"SWAN(w=10,k=2.0)",SWAN,-0.179242,0.028986,0.037037,0.03252,69
HCV,semantic_change,"SWAN(w=20,k=1.0)",SWAN,-0.228431,0.021739,0.037037,0.027397,92
HCV,semantic_change,"SWAN(w=20,k=1.5)",SWAN,-0.222135,0.022472,0.037037,0.027972,89
HCV,semantic_change,"SWAN(w=20,k=2.0)",SWAN,-0.237089,0.0,0.0,0.0,78
HCV,semantic_change,"SWAN(w=50,k=1.0)",SWAN,-0.266903,0.009804,0.018519,0.012821,102
HCV,semantic_change,"SWAN(w=50,k=1.5)",SWAN,-0.266629,0.0,0.0,0.0,93
HCV,semantic_change,"SWAN(w=50,k=2.0)",SWAN,-0.209242,0.0,0.0,0.0,64
HCV,semantic_change,MutClust-Orig(g=10),MutClust-Orig,-0.103116,0.124324,0.425926,0.192469,185
HCV,EVEscape_composite,Wavelet(t=1.0),Wavelet,-0.180038,0.016667,0.018519,0.017544,60
HCV,EVEscape_composite,Wavelet(t=1.5),Wavelet,-0.135174,0.0,0.0,0.0,30
HCV,EVEscape_composite,Wavelet(t=2.0),Wavelet,-0.071651,0.0,0.0,0.0,9
HCV,EVEscape_composite,KDE(p=75),KDE,-0.250873,0.0,0.0,0.0,85
HCV,EVEscape_composite,KDE(p=80),KDE,-0.217262,0.0,0.0,0.0,68
HCV,EVEscape_composite,KDE(p=85),KDE,-0.182537,0.0,0.0,0.0,51
HCV,EVEscape_composite,SlidingTest(p=0.01),SlidingTest,-0.033425,0.0,0.0,0.0,2
HCV,EVEscape_composite,SlidingTest(p=0.05),SlidingTest,-0.003919,0.153846,0.074074,0.1,26
HCV,EVEscape_composite,GradPeak(p=0.2),GradPeak,0.0,0.0,0.0,0.0,0
HCV,EVEscape_composite,GradPeak(p=0.5),GradPeak,0.0,0.0,0.0,0.0,0
HCV,EVEscape_composite,LocalContrast(z=1.0),LocalContrast,-0.019397,0.142857,0.148148,0.145455,56
HCV,EVEscape_composite,LocalContrast(z=1.5),LocalContrast,0.021183,0.185185,0.092593,0.123457,27
HCV,EVEscape_composite,LocalContrast(z=2.0),LocalContrast,-0.030863,0.111111,0.037037,0.055556,18
HCV,EVEscape_composite,"CUSUM(d=0.3,h=3.0)",CUSUM,-0.014365,0.125,0.018519,0.032258,8
HCV,EVEscape_composite,"CUSUM(d=0.5,h=4.0)",CUSUM,0.013763,0.2,0.018519,0.033898,5
HCV,EVEscape_composite,"CUSUM(d=0.5,h=5.0)",CUSUM,-0.040998,0.0,0.0,0.0,3
HCV,EVEscape_composite,AdaptiveKnee,AdaptiveKnee,-0.037519,0.125,0.111111,0.117647,48
HCV,EVEscape_composite,ScoreDBSCAN(ep=8),ScoreDBSCAN,0.038631,0.168067,0.740741,0.273973,238
HCV,EVEscape_composite,ScoreDBSCAN(ep=15),ScoreDBSCAN,0.05377,0.165049,0.944444,0.280992,309
HCV,EVEscape_composite,Spectral(z=1.5),Spectral,-0.044635,0.095238,0.037037,0.053333,21
HCV,EVEscape_composite,Spectral(z=2.0),Spectral,-0.002715,0.153846,0.037037,0.059701,13
HCV,EVEscape_composite,Bayes(prior=0.1),Bayes,0.0,0.0,0.0,0.0,0
HCV,EVEscape_composite,Bayes(prior=0.15),Bayes,-0.006333,0.142857,0.018519,0.032787,7
HCV,EVEscape_composite,AdaptWin(s=90),AdaptWin,-0.034148,0.12766,0.111111,0.118812,47
HCV,EVEscape_composite,AdaptWin(s=85),AdaptWin,-0.078893,0.115385,0.222222,0.151899,104
HCV,EVEscape_composite,FreqThresh(p=80),FreqThresh,-0.056327,0.117647,0.148148,0.131148,68
HCV,EVEscape_composite,FreqThresh(p=85),FreqThresh,-0.047324,0.117647,0.111111,0.114286,51
HCV,EVEscape_composite,FreqThresh(p=90),FreqThresh,-0.010729,0.147059,0.092593,0.113636,34
HCV,EVEscape_composite,FreqThresh(p=95),FreqThresh,-0.025845,0.117647,0.037037,0.056338,17
HCV,EVEscape_composite,"SWAN(w=10,k=1.0)",SWAN,-0.08017,0.096774,0.111111,0.103448,62
HCV,EVEscape_composite,"SWAN(w=10,k=1.5)",SWAN,-0.040836,0.122449,0.111111,0.116505,49
HCV,EVEscape_composite,"SWAN(w=10,k=2.0)",SWAN,0.050944,0.222222,0.111111,0.148148,27
HCV,EVEscape_composite,"SWAN(w=20,k=1.0)",SWAN,-0.141773,0.069767,0.111111,0.085714,86
HCV,EVEscape_composite,"SWAN(w=20,k=1.5)",SWAN,-0.056721,0.111111,0.111111,0.111111,54
HCV,EVEscape_composite,"SWAN(w=20,k=2.0)",SWAN,-0.122413,0.0,0.0,0.0,25
HCV,EVEscape_composite,"SWAN(w=50,k=1.0)",SWAN,-0.1337,0.085714,0.166667,0.113208,105
HCV,EVEscape_composite,"SWAN(w=50,k=1.5)",SWAN,-0.142463,0.0,0.0,0.0,33
HCV,EVEscape_composite,"SWAN(w=50,k=2.0)",SWAN,-0.122413,0.0,0.0,0.0,25
HCV,EVEscape_composite,MutClust-Orig(g=10),MutClust-Orig,-0.203178,0.0,0.0,0.0,61
HCV,EqualWeight,Wavelet(t=1.0),Wavelet,0.227772,0.319444,0.425926,0.365079,72
HCV,EqualWeight,Wavelet(t=1.5),Wavelet,0.279114,0.396226,0.388889,0.392523,53
HCV,EqualWeight,Wavelet(t=2.0),Wavelet,0.314673,0.631579,0.222222,0.328767,19
HCV,EqualWeight,KDE(p=75),KDE,-0.250873,0.0,0.0,0.0,85
HCV,EqualWeight,KDE(p=80),KDE,-0.217262,0.0,0.0,0.0,68
HCV,EqualWeight,KDE(p=85),KDE,-0.182537,0.0,0.0,0.0,51
HCV,EqualWeight,SlidingTest(p=0.01),SlidingTest,0.373868,0.538462,0.388889,0.451613,39
HCV,EqualWeight,SlidingTest(p=0.05),SlidingTest,0.315561,0.446809,0.388889,0.415842,47
HCV,EqualWeight,GradPeak(p=0.2),GradPeak,-0.0236,0.0,0.0,0.0,1
HCV,EqualWeight,GradPeak(p=0.5),GradPeak,0.0,0.0,0.0,0.0,0
HCV,EqualWeight,LocalContrast(z=1.0),LocalContrast,0.020282,0.176471,0.166667,0.171429,51
HCV,EqualWeight,LocalContrast(z=1.5),LocalContrast,0.038162,0.2,0.12963,0.157303,35
HCV,EqualWeight,LocalContrast(z=2.0),LocalContrast,0.093432,0.3125,0.092593,0.142857,16
HCV,EqualWeight,"CUSUM(d=0.3,h=3.0)",CUSUM,0.13493,0.416667,0.092593,0.151515,12
HCV,EqualWeight,"CUSUM(d=0.5,h=4.0)",CUSUM,0.125107,0.5,0.055556,0.1,6
HCV,EqualWeight,"CUSUM(d=0.5,h=5.0)",CUSUM,0.101845,0.5,0.037037,0.068966,4
HCV,EqualWeight,AdaptiveKnee,AdaptiveKnee,0.235812,0.350877,0.37037,0.36036,57
HCV,EqualWeight,ScoreDBSCAN(ep=8),ScoreDBSCAN,-0.114326,0.132231,0.592593,0.216216,242
HCV,EqualWeight,ScoreDBSCAN(ep=15),ScoreDBSCAN,-0.208037,0.136943,0.796296,0.233696,314
HCV,EqualWeight,Spectral(z=1.5),Spectral,0.155396,0.344828,0.185185,0.240964,29
HCV,EqualWeight,Spectral(z=2.0),Spectral,0.139511,0.368421,0.12963,0.191781,19
HCV,EqualWeight,Bayes(prior=0.1),Bayes,0.0,0.0,0.0,0.0,0
HCV,EqualWeight,Bayes(prior=0.15),Bayes,0.0,0.0,0.0,0.0,0
HCV,EqualWeight,AdaptWin(s=90),AdaptWin,0.006333,0.159159,0.981481,0.273902,333
HCV,EqualWeight,AdaptWin(s=85),AdaptWin,0.0,0.158824,1.0,0.274112,340
HCV,EqualWeight,FreqThresh(p=80),FreqThresh,0.205192,0.308824,0.388889,0.344262,68
HCV,EqualWeight,FreqThresh(p=85),FreqThresh,0.268171,0.392157,0.37037,0.380952,51
HCV,EqualWeight,FreqThresh(p=90),FreqThresh,0.257496,0.441176,0.277778,0.340909,34
HCV,EqualWeight,FreqThresh(p=95),FreqThresh,0.121839,0.352941,0.111111,0.169014,17
HCV,EqualWeight,"SWAN(w=10,k=1.0)",SWAN,0.161291,0.28125,0.333333,0.305085,64
HCV,EqualWeight,"SWAN(w=10,k=1.5)",SWAN,0.217777,0.346154,0.333333,0.339623,52
HCV,EqualWeight,"SWAN(w=10,k=2.0)",SWAN,0.211191,0.346939,0.314815,0.330097,49
HCV,EqualWeight,"SWAN(w=20,k=1.0)",SWAN,0.13384,0.25,0.351852,0.292308,76
HCV,EqualWeight,"SWAN(w=20,k=1.5)",SWAN,0.174311,0.295082,0.333333,0.313043,61
HCV,EqualWeight,"SWAN(w=20,k=2.0)",SWAN,0.298114,0.461538,0.333333,0.387097,39
HCV,EqualWeight,"SWAN(w=50,k=1.0)",SWAN,0.133716,0.225,0.5,0.310345,120
HCV,EqualWeight,"SWAN(w=50,k=1.5)",SWAN,0.077126,0.206897,0.333333,0.255319,87
HCV,EqualWeight,"SWAN(w=50,k=2.0)",SWAN,0.234102,0.367347,0.333333,0.349515,49
HCV,EqualWeight,MutClust-Orig(g=10),MutClust-Orig,0.0,0.158824,1.0,0.274112,340
HCV,tranception,Wavelet(t=1.0),Wavelet,0.014815,0.168831,0.240741,0.198473,77
HCV,tranception,Wavelet(t=1.5),Wavelet,-0.057462,0.106383,0.092593,0.09901,47
HCV,tranception,Wavelet(t=2.0),Wavelet,-0.093351,0.0,0.0,0.0,15
HCV,tranception,KDE(p=75),KDE,-0.250873,0.0,0.0,0.0,85
HCV,tranception,KDE(p=80),KDE,-0.217262,0.0,0.0,0.0,68
HCV,tranception,KDE(p=85),KDE,-0.182537,0.0,0.0,0.0,51
HCV,tranception,SlidingTest(p=0.01),SlidingTest,0.0,0.0,0.0,0.0,0
HCV,tranception,SlidingTest(p=0.05),SlidingTest,-0.063,0.0,0.0,0.0,7
HCV,tranception,GradPeak(p=0.2),GradPeak,-0.071629,0.071429,0.037037,0.04878,28
HCV,tranception,GradPeak(p=0.5),GradPeak,-0.014982,0.133333,0.037037,0.057971,15
HCV,tranception,LocalContrast(z=1.0),LocalContrast,-0.059772,0.109091,0.111111,0.110092,55
HCV,tranception,LocalContrast(z=1.5),LocalContrast,-0.044635,0.095238,0.037037,0.053333,21
HCV,tranception,LocalContrast(z=2.0),LocalContrast,-0.006333,0.142857,0.018519,0.032787,7
HCV,tranception,"CUSUM(d=0.3,h=3.0)",CUSUM,-0.053086,0.0,0.0,0.0,5
HCV,tranception,"CUSUM(d=0.5,h=4.0)",CUSUM,0.0,0.0,0.0,0.0,0
HCV,tranception,"CUSUM(d=0.5,h=5.0)",CUSUM,0.0,0.0,0.0,0.0,0
HCV,tranception,AdaptiveKnee,AdaptiveKnee,0.011208,0.159875,0.944444,0.273458,319
HCV,tranception,ScoreDBSCAN(ep=8),ScoreDBSCAN,0.084342,0.185567,0.666667,0.290323,194
HCV,tranception,ScoreDBSCAN(ep=15),ScoreDBSCAN,-0.003192,0.158416,0.888889,0.268908,303
HCV,tranception,Spectral(z=1.5),Spectral,-0.033737,0.121212,0.074074,0.091954,33
HCV,tranception,Spectral(z=2.0),Spectral,-0.000618,0.157895,0.055556,0.082192,19
HCV,tranception,Bayes(prior=0.1),Bayes,0.0,0.0,0.0,0.0,0
HCV,tranception,Bayes(prior=0.15),Bayes,0.0,0.0,0.0,0.0,0
HCV,tranception,AdaptWin(s=90),AdaptWin,0.034198,0.16242,0.944444,0.277174,314
HCV,tranception,AdaptWin(s=85),AdaptWin,-0.024202,0.156923,0.944444,0.269129,325
HCV,tranception,FreqThresh(p=80),FreqThresh,-0.076444,0.102941,0.12963,0.114754,68
HCV,tranception,FreqThresh(p=85),FreqThresh,-0.137466,0.039216,0.037037,0.038095,51
HCV,tranception,FreqThresh(p=90),FreqThresh,-0.091196,0.058824,0.037037,0.045455,34
HCV,tranception,FreqThresh(p=95),FreqThresh,-0.025845,0.117647,0.037037,0.056338,17
HCV,tranception,"SWAN(w=10,k=1.0)",SWAN,-0.137868,0.076087,0.12963,0.09589,92
HCV,tranception,"SWAN(w=10,k=1.5)",SWAN,-0.082963,0.095238,0.111111,0.102564,63
HCV,tranception,"SWAN(w=10,k=2.0)",SWAN,-0.079453,0.0,0.0,0.0,11
HCV,tranception,"SWAN(w=20,k=1.0)",SWAN,-0.140269,0.075269,0.12963,0.095238,93
HCV,tranception,"SWAN(w=20,k=1.5)",SWAN,-0.178306,0.0,0.0,0.0,49
HCV,tranception,"SWAN(w=20,k=2.0)",SWAN,0.0,0.0,0.0,0.0,0
HCV,tranception,"SWAN(w=50,k=1.0)",SWAN,-0.223237,0.0,0.0,0.0,71
HCV,tranception,"SWAN(w=50,k=1.5)",SWAN,-0.221249,0.0,0.0,0.0,70
HCV,tranception,"SWAN(w=50,k=2.0)",SWAN,-0.127621,0.0,0.0,0.0,27
HCV,tranception,MutClust-Orig(g=10),MutClust-Orig,0.0,0.158824,1.0,0.274112,340
HCV,stability,Wavelet(t=1.0),Wavelet,-0.188657,0.015625,0.018519,0.016949,64
HCV,stability,Wavelet(t=1.5),Wavelet,-0.151843,0.0,0.0,0.0,37
HCV,stability,Wavelet(t=2.0),Wavelet,-0.075641,0.0,0.0,0.0,10
HCV,stability,KDE(p=75),KDE,-0.250873,0.0,0.0,0.0,85
HCV,stability,KDE(p=80),KDE,-0.217262,0.0,0.0,0.0,68
HCV,stability,KDE(p=85),KDE,-0.182537,0.0,0.0,0.0,51
HCV,stability,SlidingTest(p=0.01),SlidingTest,0.0,0.0,0.0,0.0,0
HCV,stability,SlidingTest(p=0.05),SlidingTest,-0.11975,0.0,0.0,0.0,24
HCV,stability,GradPeak(p=0.2),GradPeak,-0.005786,0.153846,0.148148,0.150943,52
HCV,stability,GradPeak(p=0.5),GradPeak,0.006675,0.166667,0.092593,0.119048,30
HCV,stability,LocalContrast(z=1.0),LocalContrast,-0.072855,0.096154,0.092593,0.09434,52
HCV,stability,LocalContrast(z=1.5),LocalContrast,-0.020564,0.125,0.037037,0.057143,16
HCV,stability,LocalContrast(z=2.0),LocalContrast,-0.04741,0.0,0.0,0.0,4
HCV,stability,"CUSUM(d=0.3,h=3.0)",CUSUM,-0.053086,0.0,0.0,0.0,5
HCV,stability,"CUSUM(d=0.5,h=4.0)",CUSUM,0.0,0.0,0.0,0.0,0
HCV,stability,"CUSUM(d=0.5,h=5.0)",CUSUM,0.0,0.0,0.0,0.0,0
HCV,stability,AdaptiveKnee,AdaptiveKnee,-0.082422,0.146758,0.796296,0.247839,293
HCV,stability,ScoreDBSCAN(ep=8),ScoreDBSCAN,-0.029122,0.135593,0.148148,0.141593,59
HCV,stability,ScoreDBSCAN(ep=15),ScoreDBSCAN,-0.063656,0.136364,0.444444,0.208696,176
HCV,stability,Spectral(z=1.5),Spectral,-0.081723,0.064516,0.037037,0.047059,31
HCV,stability,Spectral(z=2.0),Spectral,-0.108631,0.0,0.0,0.0,20
HCV,stability,Bayes(prior=0.1),Bayes,0.0,0.0,0.0,0.0,0
HCV,stability,Bayes(prior=0.15),Bayes,-0.063,0.0,0.0,0.0,7
HCV,stability,AdaptWin(s=90),AdaptWin,-0.139925,0.038462,0.037037,0.037736,52
HCV,stability,AdaptWin(s=85),AdaptWin,-0.201052,0.041667,0.074074,0.053333,96
HCV,stability,FreqThresh(p=80),FreqThresh,-0.162281,0.019231,0.018519,0.018868,52
HCV,stability,FreqThresh(p=85),FreqThresh,-0.138674,0.02381,0.018519,0.020833,42
HCV,stability,FreqThresh(p=90),FreqThresh,-0.094757,0.038462,0.018519,0.025,26
HCV,stability,FreqThresh(p=95),FreqThresh,-0.094757,0.038462,0.018519,0.025,26
HCV,stability,"SWAN(w=10,k=1.0)",SWAN,-0.280866,0.017094,0.037037,0.023392,117
HCV,stability,"SWAN(w=10,k=1.5)",SWAN,-0.219257,0.0,0.0,0.0,69
HCV,stability,"SWAN(w=10,k=2.0)",SWAN,-0.102736,0.0,0.0,0.0,18
HCV,stability,"SWAN(w=20,k=1.0)",SWAN,-0.295721,0.008621,0.018519,0.011765,116
HCV,stability,"SWAN(w=20,k=1.5)",SWAN,-0.235116,0.0,0.0,0.0,77
HCV,stability,"SWAN(w=20,k=2.0)",SWAN,-0.192952,0.0,0.0,0.0,56
HCV,stability,"SWAN(w=50,k=1.0)",SWAN,-0.361346,0.0,0.0,0.0,139
HCV,stability,"SWAN(w=50,k=1.5)",SWAN,-0.254808,0.0,0.0,0.0,87
HCV,stability,"SWAN(w=50,k=2.0)",SWAN,-0.180426,0.0,0.0,0.0,50
HCV,stability,MutClust-Orig(g=10),MutClust-Orig,-0.16933,0.12253,0.574074,0.201954,253
HCV,stability_structural,Wavelet(t=1.0),Wavelet,-0.170327,0.030769,0.037037,0.033613,65
HCV,stability_structural,Wavelet(t=1.5),Wavelet,-0.081581,0.045455,0.018519,0.026316,22
HCV,stability_structural,Wavelet(t=2.0),Wavelet,-0.071651,0.0,0.0,0.0,9
HCV,stability_structural,KDE(p=75),KDE,-0.250873,0.0,0.0,0.0,85
HCV,stability_structural,KDE(p=80),KDE,-0.217262,0.0,0.0,0.0,68
HCV,stability_structural,KDE(p=85),KDE,-0.182537,0.0,0.0,0.0,51
HCV,stability_structural,SlidingTest(p=0.01),SlidingTest,0.0,0.0,0.0,0.0,0
HCV,stability_structural,SlidingTest(p=0.05),SlidingTest,-0.11975,0.0,0.0,0.0,24
HCV,stability_structural,GradPeak(p=0.2),GradPeak,0.0,0.0,0.0,0.0,0
HCV,stability_structural,GradPeak(p=0.5),GradPeak,0.0,0.0,0.0,0.0,0
HCV,stability_structural,LocalContrast(z=1.0),LocalContrast,-0.075814,0.09434,0.092593,0.093458,53
HCV,stability_structural,LocalContrast(z=1.5),LocalContrast,-0.044635,0.095238,0.037037,0.053333,21
HCV,stability_structural,LocalContrast(z=2.0),LocalContrast,0.045047,0.333333,0.018519,0.035088,3
HCV,stability_structural,"CUSUM(d=0.3,h=3.0)",CUSUM,-0.040998,0.0,0.0,0.0,3
HCV,stability_structural,"CUSUM(d=0.5,h=4.0)",CUSUM,0.0,0.0,0.0,0.0,0
HCV,stability_structural,"CUSUM(d=0.5,h=5.0)",CUSUM,0.0,0.0,0.0,0.0,0
HCV,stability_structural,AdaptiveKnee,AdaptiveKnee,-0.096633,0.14433,0.777778,0.243478,291
HCV,stability_structural,ScoreDBSCAN(ep=8),ScoreDBSCAN,-0.014409,0.145833,0.12963,0.137255,48
HCV,stability_structural,ScoreDBSCAN(ep=15),ScoreDBSCAN,-0.1005,0.125,0.425926,0.193277,184
HCV,stability_structural,Spectral(z=1.5),Spectral,-0.1009,0.035714,0.018519,0.02439,28
HCV,stability_structural,Spectral(z=2.0),Spectral,-0.096561,0.0,0.0,0.0,16
HCV,stability_structural,Bayes(prior=0.1),Bayes,0.0,0.0,0.0,0.0,0
HCV,stability_structural,Bayes(prior=0.15),Bayes,-0.071651,0.0,0.0,0.0,9
HCV,stability_structural,AdaptWin(s=90),AdaptWin,-0.109571,0.061224,0.055556,0.058252,49
HCV,stability_structural,AdaptWin(s=85),AdaptWin,-0.195123,0.035294,0.055556,0.043165,85
HCV,stability_structural,FreqThresh(p=80),FreqThresh,-0.164546,0.018868,0.018519,0.018692,53
HCV,stability_structural,FreqThresh(p=85),FreqThresh,-0.131158,0.025641,0.018519,0.021505,39
HCV,stability_structural,FreqThresh(p=90),FreqThresh,-0.1009,0.035714,0.018519,0.02439,28
HCV,stability_structural,FreqThresh(p=95),FreqThresh,-0.090047,0.0,0.0,0.0,14
HCV,stability_structural,"SWAN(w=10,k=1.0)",SWAN,-0.274522,0.017544,0.037037,0.02381,114
HCV,stability_structural,"SWAN(w=10,k=1.5)",SWAN,-0.197062,0.0,0.0,0.0,58
HCV,stability_structural,"SWAN(w=10,k=2.0)",SWAN,-0.071651,0.0,0.0,0.0,9
HCV,stability_structural,"SWAN(w=20,k=1.0)",SWAN,-0.315323,0.015038,0.037037,0.02139,133
HCV,stability_structural,"SWAN(w=20,k=1.5)",SWAN,-0.205205,0.0,0.0,0.0,62
HCV,stability_structural,"SWAN(w=20,k=2.0)",SWAN,-0.144841,0.0,0.0,0.0,34
HCV,stability_structural,"SWAN(w=50,k=1.0)",SWAN,-0.333095,0.014184,0.037037,0.020513,141
HCV,stability_structural,"SWAN(w=50,k=1.5)",SWAN,-0.244969,0.0,0.0,0.0,82
HCV,stability_structural,"SWAN(w=50,k=2.0)",SWAN,0.0,0.0,0.0,0.0,0
HCV,stability_structural,MutClust-Orig(g=10),MutClust-Orig,0.0,0.0,0.0,0.0,0
HCV,freq_with_indel,Wavelet(t=1.0),Wavelet,0.17637,0.28,0.388889,0.325581,75
HCV,freq_with_indel,Wavelet(t=1.5),Wavelet,0.217777,0.346154,0.333333,0.339623,52
HCV,freq_with_indel,Wavelet(t=2.0),Wavelet,0.44019,1.0,0.222222,0.363636,12
HCV,freq_with_indel,KDE(p=75),KDE,-0.250873,0.0,0.0,0.0,85
HCV,freq_with_indel,KDE(p=80),KDE,-0.217262,0.0,0.0,0.0,68
HCV,freq_with_indel,KDE(p=85),KDE,-0.182537,0.0,0.0,0.0,51
HCV,freq_with_indel,SlidingTest(p=0.01),SlidingTest,0.359421,0.75,0.222222,0.342857,16
HCV,freq_with_indel,SlidingTest(p=0.05),SlidingTest,0.328945,0.466667,0.388889,0.424242,45
HCV,freq_with_indel,GradPeak(p=0.2),GradPeak,-0.0236,0.0,0.0,0.0,1
HCV,freq_with_indel,GradPeak(p=0.5),GradPeak,0.0,0.0,0.0,0.0,0
HCV,freq_with_indel,LocalContrast(z=1.0),LocalContrast,0.149387,0.302326,0.240741,0.268041,43
HCV,freq_with_indel,LocalContrast(z=1.5),LocalContrast,0.005914,0.166667,0.074074,0.102564,24
HCV,freq_with_indel,LocalContrast(z=2.0),LocalContrast,-0.002715,0.153846,0.037037,0.059701,13
HCV,freq_with_indel,"CUSUM(d=0.3,h=3.0)",CUSUM,0.128854,0.444444,0.074074,0.126984,9
HCV,freq_with_indel,"CUSUM(d=0.5,h=4.0)",CUSUM,0.045047,0.333333,0.018519,0.035088,3
HCV,freq_with_indel,"CUSUM(d=0.5,h=5.0)",CUSUM,0.045047,0.333333,0.018519,0.035088,3
HCV,freq_with_indel,AdaptiveKnee,AdaptiveKnee,0.025502,0.161392,0.944444,0.275676,316
HCV,freq_with_indel,ScoreDBSCAN(ep=8),ScoreDBSCAN,-0.108259,0.129032,0.518519,0.206642,217
HCV,freq_with_indel,ScoreDBSCAN(ep=15),ScoreDBSCAN,-0.02035,0.156146,0.87037,0.264789,301
HCV,freq_with_indel,Spectral(z=1.5),Spectral,0.203851,0.382353,0.240741,0.295455,34
HCV,freq_with_indel,Spectral(z=2.0),Spectral,0.13076,0.35,0.12963,0.189189,20
HCV,freq_with_indel,Bayes(prior=0.1),Bayes,0.0,0.0,0.0,0.0,0
HCV,freq_with_indel,Bayes(prior=0.15),Bayes,0.0,0.0,0.0,0.0,0
HCV,freq_with_indel,AdaptWin(s=90),AdaptWin,0.039504,0.161585,0.981481,0.277487,328
HCV,freq_with_indel,AdaptWin(s=85),AdaptWin,-0.124993,0.156342,0.981481,0.26972,339
HCV,freq_with_indel,FreqThresh(p=80),FreqThresh,0.164958,0.279412,0.351852,0.311475,68
HCV,freq_with_indel,FreqThresh(p=85),FreqThresh,0.2231,0.352941,0.333333,0.342857,51
HCV,freq_with_indel,FreqThresh(p=90),FreqThresh,0.203851,0.382353,0.240741,0.295455,34
HCV,freq_with_indel,FreqThresh(p=95),FreqThresh,0.269523,0.588235,0.185185,0.28169,17
HCV,freq_with_indel,"SWAN(w=10,k=1.0)",SWAN,0.015792,0.165517,0.444444,0.241206,145
HCV,freq_with_indel,"SWAN(w=10,k=1.5)",SWAN,0.094365,0.233333,0.259259,0.245614,60
HCV,freq_with_indel,"SWAN(w=10,k=2.0)",SWAN,0.218195,0.40625,0.240741,0.302326,32
HCV,freq_with_indel,"SWAN(w=20,k=1.0)",SWAN,0.00286,0.16,0.444444,0.235294,150
HCV,freq_with_indel,"SWAN(w=20,k=1.5)",SWAN,0.080376,0.198347,0.444444,0.274286,121
HCV,freq_with_indel,"SWAN(w=20,k=2.0)",SWAN,0.425822,0.611111,0.407407,0.488889,36
HCV,freq_with_indel,"SWAN(w=50,k=1.0)",SWAN,-0.057544,0.136646,0.407407,0.204651,161
HCV,freq_with_indel,"SWAN(w=50,k=1.5)",SWAN,-0.060677,0.128205,0.277778,0.175439,117
HCV,freq_with_indel,"SWAN(w=50,k=2.0)",SWAN,-0.029199,0.142857,0.277778,0.188679,105
HCV,freq_with_indel,MutClust-Orig(g=10),MutClust-Orig,0.0,0.158824,1.0,0.274112,340
HCV,entropy_with_indel,Wavelet(t=1.0),Wavelet,0.130167,0.246753,0.351852,0.290076,77
HCV,entropy_with_indel,Wavelet(t=1.5),Wavelet,0.150708,0.288462,0.277778,0.283019,52
HCV,entropy_with_indel,Wavelet(t=2.0),Wavelet,-0.053086,0.0,0.0,0.0,5
HCV,entropy_with_indel,KDE(p=75),KDE,-0.250873,0.0,0.0,0.0,85
HCV,entropy_with_indel,KDE(p=80),KDE,-0.217262,0.0,0.0,0.0,68
HCV,entropy_with_indel,KDE(p=85),KDE,-0.182537,0.0,0.0,0.0,51
HCV,entropy_with_indel,SlidingTest(p=0.01),SlidingTest,-0.182537,0.0,0.0,0.0,51
HCV,entropy_with_indel,SlidingTest(p=0.05),SlidingTest,-0.140269,0.075269,0.12963,0.095238,93
HCV,entropy_with_indel,GradPeak(p=0.2),GradPeak,0.017435,0.1875,0.055556,0.085714,16
HCV,entropy_with_indel,GradPeak(p=0.5),GradPeak,0.027217,0.25,0.018519,0.034483,4
HCV,entropy_with_indel,LocalContrast(z=1.0),LocalContrast,0.031809,0.1875,0.166667,0.176471,48
HCV,entropy_with_indel,LocalContrast(z=1.5),LocalContrast,0.068745,0.25,0.111111,0.153846,24
HCV,entropy_with_indel,LocalContrast(z=2.0),LocalContrast,-0.028015,0.1,0.018519,0.03125,10
HCV,entropy_with_indel,"CUSUM(d=0.3,h=3.0)",CUSUM,-0.033975,0.090909,0.018519,0.030769,11
HCV,entropy_with_indel,"CUSUM(d=0.5,h=4.0)",CUSUM,-0.033425,0.0,0.0,0.0,2
HCV,entropy_with_indel,"CUSUM(d=0.5,h=5.0)",CUSUM,-0.033425,0.0,0.0,0.0,2
HCV,entropy_with_indel,AdaptiveKnee,AdaptiveKnee,-0.105995,0.142361,0.759259,0.239766,288
HCV,entropy_with_indel,ScoreDBSCAN(ep=8),ScoreDBSCAN,-0.135328,0.127572,0.574074,0.208754,243
HCV,entropy_with_indel,ScoreDBSCAN(ep=15),ScoreDBSCAN,-0.040162,0.154341,0.888889,0.263014,311
HCV,entropy_with_indel,Spectral(z=1.5),Spectral,0.162542,0.357143,0.185185,0.243902,28
HCV,entropy_with_indel,Spectral(z=2.0),Spectral,0.13076,0.35,0.12963,0.189189,20
HCV,entropy_with_indel,Bayes(prior=0.1),Bayes,0.0,0.0,0.0,0.0,0
HCV,entropy_with_indel,Bayes(prior=0.15),Bayes,0.0,0.0,0.0,0.0,0
HCV,entropy_with_indel,AdaptWin(s=90),AdaptWin,-0.124993,0.156342,0.981481,0.26972,339
HCV,entropy_with_indel,AdaptWin(s=85),AdaptWin,0.0,0.158824,1.0,0.274112,340
HCV,entropy_with_indel,FreqThresh(p=80),FreqThresh,0.044257,0.191176,0.240741,0.213115,68
HCV,entropy_with_indel,FreqThresh(p=85),FreqThresh,0.065353,0.215686,0.203704,0.209524,51
HCV,entropy_with_indel,FreqThresh(p=90),FreqThresh,0.069738,0.235294,0.148148,0.181818,34
HCV,entropy_with_indel,FreqThresh(p=95),FreqThresh,0.047997,0.235294,0.074074,0.112676,17
HCV,entropy_with_indel,"SWAN(w=10,k=1.0)",SWAN,-0.13311,0.10274,0.277778,0.15,146
HCV,entropy_with_indel,"SWAN(w=10,k=1.5)",SWAN,-0.128427,0.094017,0.203704,0.128655,117
HCV,entropy_with_indel,"SWAN(w=10,k=2.0)",SWAN,-0.053683,0.121622,0.166667,0.140625,74
HCV,entropy_with_indel,"SWAN(w=20,k=1.0)",SWAN,-0.049068,0.140244,0.425926,0.211009,164
HCV,entropy_with_indel,"SWAN(w=20,k=1.5)",SWAN,-0.035573,0.143836,0.388889,0.21,146
HCV,entropy_with_indel,"SWAN(w=20,k=2.0)",SWAN,-0.274534,0.0,0.0,0.0,97
HCV,entropy_with_indel,"SWAN(w=50,k=1.0)",SWAN,-0.104434,0.113475,0.296296,0.164103,141
HCV,entropy_with_indel,"SWAN(w=50,k=1.5)",SWAN,-0.091982,0.117647,0.296296,0.168421,136
HCV,entropy_with_indel,"SWAN(w=50,k=2.0)",SWAN,-0.314742,0.0,0.0,0.0,117
HCV,entropy_with_indel,MutClust-Orig(g=10),MutClust-Orig,0.0,0.158824,1.0,0.274112,340
Rabies,freq,Wavelet(t=1.0),Wavelet,-0.094441,0.0,0.0,0.0,46
Rabies,freq,Wavelet(t=1.5),Wavelet,-0.082624,0.0,0.0,0.0,36
Rabies,freq,Wavelet(t=2.0),Wavelet,-0.078847,0.0,0.0,0.0,33
Rabies,freq,KDE(p=75),KDE,-0.169821,0.0,0.0,0.0,123
Rabies,freq,KDE(p=80),KDE,-0.147617,0.0,0.0,0.0,99
Rabies,freq,KDE(p=85),KDE,-0.12374,0.0,0.0,0.0,74
Rabies,freq,SlidingTest(p=0.01),SlidingTest,-0.098907,0.0,0.0,0.0,50
Rabies,freq,SlidingTest(p=0.05),SlidingTest,-0.108554,0.0,0.0,0.0,59
Rabies,freq,GradPeak(p=0.2),GradPeak,-0.01327,0.0,0.0,0.0,1
Rabies,freq,GradPeak(p=0.5),GradPeak,0.0,0.0,0.0,0.0,0
Rabies,freq,LocalContrast(z=1.0),LocalContrast,-0.031036,0.055556,0.076923,0.064516,54
Rabies,freq,LocalContrast(z=1.5),LocalContrast,-0.01107,0.069767,0.076923,0.073171,43
Rabies,freq,LocalContrast(z=2.0),LocalContrast,0.022254,0.103448,0.076923,0.088235,29
Rabies,freq,"CUSUM(d=0.3,h=3.0)",CUSUM,-0.022427,0.05,0.025641,0.033898,20
Rabies,freq,"CUSUM(d=0.5,h=4.0)",CUSUM,0.006426,0.090909,0.025641,0.04,11
Rabies,freq,"CUSUM(d=0.5,h=5.0)",CUSUM,-0.040138,0.0,0.0,0.0,9
Rabies,freq,AdaptiveKnee,AdaptiveKnee,-0.094718,0.029412,0.076923,0.042553,102
Rabies,freq,ScoreDBSCAN(ep=8),ScoreDBSCAN,-0.014047,0.076412,0.589744,0.135294,301
Rabies,freq,ScoreDBSCAN(ep=15),ScoreDBSCAN,-0.013778,0.076923,0.666667,0.137931,338
Rabies,freq,Spectral(z=1.5),Spectral,-0.032412,0.05,0.051282,0.050633,40
Rabies,freq,Spectral(z=2.0),Spectral,-0.041645,0.034483,0.025641,0.029412,29
Rabies,freq,Bayes(prior=0.1),Bayes,0.010969,0.1,0.025641,0.040816,10
Rabies,freq,Bayes(prior=0.15),Bayes,-0.04437,0.042553,0.051282,0.046512,47
Rabies,freq,AdaptWin(s=90),AdaptWin,-0.052143,0.038462,0.051282,0.043956,52
Rabies,freq,AdaptWin(s=85),AdaptWin,-0.060584,0.040541,0.076923,0.053097,74
Rabies,freq,FreqThresh(p=80),FreqThresh,-0.073444,0.035714,0.076923,0.04878,84
Rabies,freq,FreqThresh(p=85),FreqThresh,-0.067655,0.031746,0.051282,0.039216,63
Rabies,freq,FreqThresh(p=90),FreqThresh,-0.035979,0.047619,0.051282,0.049383,42
Rabies,freq,FreqThresh(p=95),FreqThresh,-0.024866,0.047619,0.025641,0.033333,21
Rabies,freq,"SWAN(w=10,k=1.0)",SWAN,-0.064967,0.032787,0.051282,0.04,61
Rabies,freq,"SWAN(w=10,k=1.5)",SWAN,-0.053636,0.037736,0.051282,0.043478,53
Rabies,freq,"SWAN(w=10,k=2.0)",SWAN,-0.04437,0.042553,0.051282,0.046512,47
Rabies,freq,"SWAN(w=20,k=1.0)",SWAN,-0.050943,0.044776,0.076923,0.056604,67
Rabies,freq,"SWAN(w=20,k=1.5)",SWAN,-0.047545,0.040816,0.051282,0.045455,49
Rabies,freq,"SWAN(w=20,k=2.0)",SWAN,-0.087479,0.0,0.0,0.0,40
Rabies,freq,"SWAN(w=50,k=1.0)",SWAN,-0.086601,0.016667,0.025641,0.020202,60
Rabies,freq,"SWAN(w=50,k=1.5)",SWAN,-0.091004,0.0,0.0,0.0,43
Rabies,freq,"SWAN(w=50,k=2.0)",SWAN,-0.091004,0.0,0.0,0.0,43
Rabies,freq,MutClust-Orig(g=10),MutClust-Orig,-0.130382,0.047794,0.333333,0.083601,272
Rabies,entropy,Wavelet(t=1.0),Wavelet,-0.09557,0.0,0.0,0.0,47
Rabies,entropy,Wavelet(t=1.5),Wavelet,-0.081379,0.0,0.0,0.0,35
Rabies,entropy,Wavelet(t=2.0),Wavelet,-0.077559,0.0,0.0,0.0,32
Rabies,entropy,KDE(p=75),KDE,-0.169821,0.0,0.0,0.0,123
Rabies,entropy,KDE(p=80),KDE,-0.147617,0.0,0.0,0.0,99
Rabies,entropy,KDE(p=85),KDE,-0.12374,0.0,0.0,0.0,74
Rabies,entropy,SlidingTest(p=0.01),SlidingTest,-0.100005,0.0,0.0,0.0,51
Rabies,entropy,SlidingTest(p=0.05),SlidingTest,-0.107506,0.0,0.0,0.0,58
Rabies,entropy,GradPeak(p=0.2),GradPeak,-0.029474,0.043478,0.025641,0.032258,23
Rabies,entropy,GradPeak(p=0.5),GradPeak,0.045226,0.2,0.025641,0.045455,5
Rabies,entropy,LocalContrast(z=1.0),LocalContrast,-0.049513,0.045455,0.076923,0.057143,66
Rabies,entropy,LocalContrast(z=1.5),LocalContrast,-0.014992,0.066667,0.076923,0.071429,45
Rabies,entropy,LocalContrast(z=2.0),LocalContrast,-0.004778,0.074074,0.051282,0.060606,27
Rabies,entropy,"CUSUM(d=0.3,h=3.0)",CUSUM,-0.031659,0.041667,0.025641,0.031746,24
Rabies,entropy,"CUSUM(d=0.5,h=4.0)",CUSUM,-0.050323,0.0,0.0,0.0,14
Rabies,entropy,"CUSUM(d=0.5,h=5.0)",CUSUM,-0.040138,0.0,0.0,0.0,9
Rabies,entropy,AdaptiveKnee,AdaptiveKnee,-0.087883,0.035714,0.102564,0.05298,112
Rabies,entropy,ScoreDBSCAN(ep=8),ScoreDBSCAN,-0.00194,0.078947,0.538462,0.137705,266
Rabies,entropy,ScoreDBSCAN(ep=15),ScoreDBSCAN,-0.007867,0.077882,0.641026,0.138889,321
Rabies,entropy,Spectral(z=1.5),Spectral,-0.065789,0.022727,0.025641,0.024096,44
Rabies,entropy,Spectral(z=2.0),Spectral,-0.078847,0.0,0.0,0.0,33
Rabies,entropy,Bayes(prior=0.1),Bayes,-0.026621,0.0,0.0,0.0,4
Rabies,entropy,Bayes(prior=0.15),Bayes,-0.053636,0.037736,0.051282,0.043478,53
Rabies,entropy,AdaptWin(s=90),AdaptWin,-0.035915,0.052632,0.076923,0.0625,57
Rabies,entropy,AdaptWin(s=85),AdaptWin,-0.065841,0.038462,0.076923,0.051282,78
Rabies,entropy,FreqThresh(p=80),FreqThresh,-0.073444,0.035714,0.076923,0.04878,84
Rabies,entropy,FreqThresh(p=85),FreqThresh,-0.067655,0.031746,0.051282,0.039216,63
Rabies,entropy,FreqThresh(p=90),FreqThresh,-0.035979,0.047619,0.051282,0.049383,42
Rabies,entropy,FreqThresh(p=95),FreqThresh,-0.024866,0.047619,0.025641,0.033333,21
Rabies,entropy,"SWAN(w=10,k=1.0)",SWAN,-0.036599,0.055556,0.102564,0.072072,72
Rabies,entropy,"SWAN(w=10,k=1.5)",SWAN,-0.037499,0.051724,0.076923,0.061856,58
Rabies,entropy,"SWAN(w=10,k=2.0)",SWAN,-0.025944,0.058824,0.076923,0.066667,51
Rabies,entropy,"SWAN(w=20,k=1.0)",SWAN,-0.040977,0.053333,0.102564,0.070175,75
Rabies,entropy,"SWAN(w=20,k=1.5)",SWAN,-0.032685,0.054545,0.076923,0.06383,55
Rabies,entropy,"SWAN(w=20,k=2.0)",SWAN,-0.092159,0.0,0.0,0.0,44
Rabies,entropy,"SWAN(w=50,k=1.0)",SWAN,-0.098234,0.014286,0.025641,0.018349,70
Rabies,entropy,"SWAN(w=50,k=1.5)",SWAN,-0.095968,0.014706,0.025641,0.018692,68
Rabies,entropy,"SWAN(w=50,k=2.0)",SWAN,-0.097803,0.0,0.0,0.0,49
Rabies,entropy,MutClust-Orig(g=10),MutClust-Orig,-0.111879,0.065,0.666667,0.118451,400
Rabies,rare_freq,Wavelet(t=1.0),Wavelet,-0.113721,0.0,0.0,0.0,64
Rabies,rare_freq,Wavelet(t=1.5),Wavelet,-0.103257,0.0,0.0,0.0,54
Rabies,rare_freq,Wavelet(t=2.0),Wavelet,-0.088664,0.0,0.0,0.0,41
Rabies,rare_freq,KDE(p=75),KDE,-0.065528,0.04878,0.153846,0.074074,123
Rabies,rare_freq,KDE(p=80),KDE,-0.110073,0.020202,0.051282,0.028986,99
Rabies,rare_freq,KDE(p=85),KDE,-0.12374,0.0,0.0,0.0,74
Rabies,rare_freq,SlidingTest(p=0.01),SlidingTest,-0.109597,0.0,0.0,0.0,60
Rabies,rare_freq,SlidingTest(p=0.05),SlidingTest,-0.135358,0.0,0.0,0.0,86
Rabies,rare_freq,GradPeak(p=0.2),GradPeak,0.0,0.0,0.0,0.0,0
Rabies,rare_freq,GradPeak(p=0.5),GradPeak,0.0,0.0,0.0,0.0,0
Rabies,rare_freq,LocalContrast(z=1.0),LocalContrast,0.028282,0.096386,0.205128,0.131148,83
Rabies,rare_freq,LocalContrast(z=1.5),LocalContrast,0.004752,0.083333,0.102564,0.091954,48
Rabies,rare_freq,LocalContrast(z=2.0),LocalContrast,-0.035825,0.038462,0.025641,0.030769,26
Rabies,rare_freq,"CUSUM(d=0.3,h=3.0)",CUSUM,-0.065118,0.0,0.0,0.0,23
Rabies,rare_freq,"CUSUM(d=0.5,h=4.0)",CUSUM,-0.042354,0.0,0.0,0.0,10
Rabies,rare_freq,"CUSUM(d=0.5,h=5.0)",CUSUM,-0.037804,0.0,0.0,0.0,8
Rabies,rare_freq,AdaptiveKnee,AdaptiveKnee,-0.041562,0.062069,0.230769,0.097826,145
Rabies,rare_freq,ScoreDBSCAN(ep=8),ScoreDBSCAN,0.024701,0.089172,0.358974,0.142857,157
Rabies,rare_freq,ScoreDBSCAN(ep=15),ScoreDBSCAN,-0.011568,0.076923,0.589744,0.136095,299
Rabies,rare_freq,Spectral(z=1.5),Spectral,-0.035979,0.047619,0.051282,0.049383,42
Rabies,rare_freq,Spectral(z=2.0),Spectral,-0.024866,0.047619,0.025641,0.033333,21
Rabies,rare_freq,Bayes(prior=0.1),Bayes,0.0,0.0,0.0,0.0,0
Rabies,rare_freq,Bayes(prior=0.15),Bayes,-0.027212,0.045455,0.025641,0.032787,22
Rabies,rare_freq,AdaptWin(s=90),AdaptWin,-0.066318,0.032258,0.051282,0.039604,62
Rabies,rare_freq,AdaptWin(s=85),AdaptWin,-0.030865,0.0625,0.153846,0.088889,96
Rabies,rare_freq,FreqThresh(p=80),FreqThresh,-0.049389,0.049383,0.102564,0.066667,81
Rabies,rare_freq,FreqThresh(p=85),FreqThresh,-0.0193,0.065574,0.102564,0.08,61
Rabies,rare_freq,FreqThresh(p=90),FreqThresh,-0.034213,0.04878,0.051282,0.05,41
Rabies,rare_freq,FreqThresh(p=95),FreqThresh,-0.024866,0.047619,0.025641,0.033333,21
Rabies,rare_freq,"SWAN(w=10,k=1.0)",SWAN,-0.105739,0.021053,0.051282,0.029851,95
Rabies,rare_freq,"SWAN(w=10,k=1.5)",SWAN,-0.079182,0.027778,0.051282,0.036036,72
Rabies,rare_freq,"SWAN(w=10,k=2.0)",SWAN,-0.076692,0.028571,0.051282,0.036697,70
Rabies,rare_freq,"SWAN(w=20,k=1.0)",SWAN,-0.093445,0.02381,0.051282,0.03252,84
Rabies,rare_freq,"SWAN(w=20,k=1.5)",SWAN,-0.092295,0.024096,0.051282,0.032787,83
Rabies,rare_freq,"SWAN(w=20,k=2.0)",SWAN,-0.117773,0.0,0.0,0.0,68
Rabies,rare_freq,"SWAN(w=50,k=1.0)",SWAN,-0.066359,0.042553,0.102564,0.06015,94
Rabies,rare_freq,"SWAN(w=50,k=1.5)",SWAN,-0.065104,0.043011,0.102564,0.060606,93
Rabies,rare_freq,"SWAN(w=50,k=2.0)",SWAN,-0.062572,0.043956,0.102564,0.061538,91
Rabies,rare_freq,MutClust-Orig(g=10),MutClust-Orig,0.0,0.0,0.0,0.0,0
Rabies,homoplasy,Wavelet(t=1.0),Wavelet,-0.113721,0.0,0.0,0.0,64
Rabies,homoplasy,Wavelet(t=1.5),Wavelet,-0.097803,0.0,0.0,0.0,49
Rabies,homoplasy,Wavelet(t=2.0),Wavelet,-0.078847,0.0,0.0,0.0,33
Rabies,homoplasy,KDE(p=75),KDE,-0.013382,0.073171,0.230769,0.111111,123
Rabies,homoplasy,KDE(p=80),KDE,-0.034983,0.060606,0.153846,0.086957,99
Rabies,homoplasy,KDE(p=85),KDE,-0.102688,0.013514,0.025641,0.017699,74
Rabies,homoplasy,SlidingTest(p=0.01),SlidingTest,-0.10218,0.0,0.0,0.0,53
Rabies,homoplasy,SlidingTest(p=0.05),SlidingTest,-0.109597,0.0,0.0,0.0,60
Rabies,homoplasy,GradPeak(p=0.2),GradPeak,-0.026621,0.0,0.0,0.0,4
Rabies,homoplasy,GradPeak(p=0.5),GradPeak,0.0,0.0,0.0,0.0,0
Rabies,homoplasy,LocalContrast(z=1.0),LocalContrast,-0.040977,0.053333,0.102564,0.070175,75
Rabies,homoplasy,LocalContrast(z=1.5),LocalContrast,-0.045969,0.041667,0.051282,0.045977,48
Rabies,homoplasy,LocalContrast(z=2.0),LocalContrast,-0.037818,0.037037,0.025641,0.030303,27
Rabies,homoplasy,"CUSUM(d=0.3,h=3.0)",CUSUM,-0.063619,0.0,0.0,0.0,22
Rabies,homoplasy,"CUSUM(d=0.5,h=4.0)",CUSUM,-0.046493,0.0,0.0,0.0,12
Rabies,homoplasy,"CUSUM(d=0.5,h=5.0)",CUSUM,-0.040138,0.0,0.0,0.0,9
Rabies,homoplasy,AdaptiveKnee,AdaptiveKnee,-0.128936,0.017094,0.051282,0.025641,117
Rabies,homoplasy,ScoreDBSCAN(ep=8),ScoreDBSCAN,0.121482,0.108303,0.769231,0.189873,277
Rabies,homoplasy,ScoreDBSCAN(ep=15),ScoreDBSCAN,0.090176,0.088785,0.974359,0.162741,428
Rabies,homoplasy,Spectral(z=1.5),Spectral,-0.088664,0.0,0.0,0.0,41
Rabies,homoplasy,Spectral(z=2.0),Spectral,-0.06659,0.0,0.0,0.0,24
Rabies,homoplasy,Bayes(prior=0.1),Bayes,0.0,0.0,0.0,0.0,0
Rabies,homoplasy,Bayes(prior=0.15),Bayes,-0.026621,0.0,0.0,0.0,4
Rabies,homoplasy,AdaptWin(s=90),AdaptWin,-0.132487,0.0,0.0,0.0,83
Rabies,homoplasy,AdaptWin(s=85),AdaptWin,-0.157134,0.026178,0.128205,0.043478,191
Rabies,homoplasy,FreqThresh(p=80),FreqThresh,-0.108995,0.020408,0.051282,0.029197,98
Rabies,homoplasy,FreqThresh(p=85),FreqThresh,-0.10488,0.013158,0.025641,0.017391,76
Rabies,homoplasy,FreqThresh(p=90),FreqThresh,-0.098907,0.0,0.0,0.0,50
Rabies,homoplasy,FreqThresh(p=95),FreqThresh,-0.068036,0.0,0.0,0.0,25
Rabies,homoplasy,"SWAN(w=10,k=1.0)",SWAN,-0.10705,0.012821,0.025641,0.017094,78
Rabies,homoplasy,"SWAN(w=10,k=1.5)",SWAN,-0.109597,0.0,0.0,0.0,60
Rabies,homoplasy,"SWAN(w=10,k=2.0)",SWAN,-0.10218,0.0,0.0,0.0,53
Rabies,homoplasy,"SWAN(w=20,k=1.0)",SWAN,-0.108127,0.012658,0.025641,0.016949,79
Rabies,homoplasy,"SWAN(w=20,k=1.5)",SWAN,-0.111668,0.0,0.0,0.0,62
Rabies,homoplasy,"SWAN(w=20,k=2.0)",SWAN,-0.101096,0.0,0.0,0.0,52
Rabies,homoplasy,"SWAN(w=50,k=1.0)",SWAN,-0.073444,0.035714,0.076923,0.04878,84
Rabies,homoplasy,"SWAN(w=50,k=1.5)",SWAN,-0.069682,0.037037,0.076923,0.05,81
Rabies,homoplasy,"SWAN(w=50,k=2.0)",SWAN,-0.106452,0.0,0.0,0.0,57
Rabies,homoplasy,MutClust-Orig(g=10),MutClust-Orig,0.01327,0.079592,1.0,0.147448,490
Rabies,esm2_llr,Wavelet(t=1.0),Wavelet,-0.068411,0.0375,0.076923,0.05042,80
Rabies,esm2_llr,Wavelet(t=1.5),Wavelet,-0.030576,0.051282,0.051282,0.051282,39
Rabies,esm2_llr,Wavelet(t=2.0),Wavelet,-0.027212,0.045455,0.025641,0.032787,22
Rabies,esm2_llr,KDE(p=75),KDE,-0.048146,0.056911,0.179487,0.08642,123
Rabies,esm2_llr,KDE(p=80),KDE,-0.128845,0.010101,0.025641,0.014493,99
Rabies,esm2_llr,KDE(p=85),KDE,-0.102688,0.013514,0.025641,0.017699,74
Rabies,esm2_llr,SlidingTest(p=0.01),SlidingTest,-0.06209,0.0,0.0,0.0,21
Rabies,esm2_llr,SlidingTest(p=0.05),SlidingTest,-0.058005,0.035714,0.051282,0.042105,56
Rabies,esm2_llr,GradPeak(p=0.2),GradPeak,-0.009695,0.068966,0.051282,0.058824,29
Rabies,esm2_llr,GradPeak(p=0.5),GradPeak,0.040185,0.142857,0.051282,0.075472,14
Rabies,esm2_llr,LocalContrast(z=1.0),LocalContrast,-0.014163,0.068966,0.102564,0.082474,58
Rabies,esm2_llr,LocalContrast(z=1.5),LocalContrast,0.020239,0.097561,0.102564,0.1,41
Rabies,esm2_llr,LocalContrast(z=2.0),LocalContrast,0.031441,0.115385,0.076923,0.092308,26
Rabies,esm2_llr,"CUSUM(d=0.3,h=3.0)",CUSUM,0.035387,0.133333,0.051282,0.074074,15
Rabies,esm2_llr,"CUSUM(d=0.5,h=4.0)",CUSUM,0.081181,0.25,0.051282,0.085106,8
Rabies,esm2_llr,"CUSUM(d=0.5,h=5.0)",CUSUM,0.035883,0.166667,0.025641,0.044444,6
Rabies,esm2_llr,AdaptiveKnee,AdaptiveKnee,0.013319,0.090909,0.102564,0.096386,44
Rabies,esm2_llr,ScoreDBSCAN(ep=8),ScoreDBSCAN,-0.001232,0.079235,0.74359,0.14321,366
Rabies,esm2_llr,ScoreDBSCAN(ep=15),ScoreDBSCAN,-0.015574,0.078125,0.897436,0.143737,448
Rabies,esm2_llr,Spectral(z=1.5),Spectral,0.009194,0.090909,0.051282,0.065574,22
Rabies,esm2_llr,Spectral(z=2.0),Spectral,0.040185,0.142857,0.051282,0.075472,14
Rabies,esm2_llr,Bayes(prior=0.1),Bayes,-0.01327,0.0,0.0,0.0,1
Rabies,esm2_llr,Bayes(prior=0.15),Bayes,0.040185,0.142857,0.051282,0.075472,14
Rabies,esm2_llr,AdaptWin(s=90),AdaptWin,-0.039532,0.054054,0.102564,0.070796,74
Rabies,esm2_llr,AdaptWin(s=85),AdaptWin,-0.095422,0.037313,0.128205,0.057803,134
Rabies,esm2_llr,FreqThresh(p=80),FreqThresh,-0.053756,0.050505,0.128205,0.072464,99
Rabies,esm2_llr,FreqThresh(p=85),FreqThresh,-0.039532,0.054054,0.102564,0.070796,74
Rabies,esm2_llr,FreqThresh(p=90),FreqThresh,0.00071,0.08,0.102564,0.089888,50
Rabies,esm2_llr,FreqThresh(p=95),FreqThresh,0.000488,0.08,0.051282,0.0625,25
Rabies,esm2_llr,"SWAN(w=10,k=1.0)",SWAN,-0.015307,0.069444,0.128205,0.09009,72
Rabies,esm2_llr,"SWAN(w=10,k=1.5)",SWAN,-0.012403,0.070175,0.102564,0.083333,57
Rabies,esm2_llr,"SWAN(w=10,k=2.0)",SWAN,0.004061,0.083333,0.076923,0.08,36
Rabies,esm2_llr,"SWAN(w=20,k=1.0)",SWAN,-0.001354,0.078652,0.179487,0.109375,89
Rabies,esm2_llr,"SWAN(w=20,k=1.5)",SWAN,0.002712,0.081633,0.102564,0.090909,49
Rabies,esm2_llr,"SWAN(w=20,k=2.0)",SWAN,0.00683,0.085106,0.102564,0.093023,47
Rabies,esm2_llr,"SWAN(w=50,k=1.0)",SWAN,-0.015307,0.069444,0.128205,0.09009,72
Rabies,esm2_llr,"SWAN(w=50,k=1.5)",SWAN,-0.031659,0.041667,0.025641,0.031746,24
Rabies,esm2_llr,"SWAN(w=50,k=2.0)",SWAN,-0.024866,0.047619,0.025641,0.033333,21
Rabies,esm2_llr,MutClust-Orig(g=10),MutClust-Orig,0.0,0.07943,1.0,0.14717,491
Rabies,plddt_inv,Wavelet(t=1.0),Wavelet,0.183112,0.209677,0.333333,0.257426,62
Rabies,plddt_inv,Wavelet(t=1.5),Wavelet,-0.014992,0.066667,0.076923,0.071429,45
Rabies,plddt_inv,Wavelet(t=2.0),Wavelet,-0.037804,0.0,0.0,0.0,8
Rabies,plddt_inv,KDE(p=75),KDE,0.004,0.081301,0.25641,0.123457,123
Rabies,plddt_inv,KDE(p=80),KDE,0.040106,0.10101,0.25641,0.144928,99
Rabies,plddt_inv,KDE(p=85),KDE,0.086781,0.135135,0.25641,0.176991,74
Rabies,plddt_inv,SlidingTest(p=0.01),SlidingTest,-0.056636,0.05848,0.25641,0.095238,171
Rabies,plddt_inv,SlidingTest(p=0.05),SlidingTest,-0.103994,0.04717,0.25641,0.079681,212
Rabies,plddt_inv,GradPeak(p=0.2),GradPeak,0.004061,0.083333,0.076923,0.08,36
Rabies,plddt_inv,GradPeak(p=0.5),GradPeak,-0.002192,0.076923,0.051282,0.061538,26
Rabies,plddt_inv,LocalContrast(z=1.0),LocalContrast,-0.047545,0.040816,0.051282,0.045455,49
Rabies,plddt_inv,LocalContrast(z=1.5),LocalContrast,-0.014432,0.058824,0.025641,0.035714,17
Rabies,plddt_inv,LocalContrast(z=2.0),LocalContrast,0.035883,0.166667,0.025641,0.044444,6
Rabies,plddt_inv,"CUSUM(d=0.3,h=3.0)",CUSUM,-0.059946,0.025,0.025641,0.025316,40
Rabies,plddt_inv,"CUSUM(d=0.5,h=4.0)",CUSUM,-0.027212,0.045455,0.025641,0.032787,22
Rabies,plddt_inv,"CUSUM(d=0.5,h=5.0)",CUSUM,-0.014432,0.058824,0.025641,0.035714,17
Rabies,plddt_inv,AdaptiveKnee,AdaptiveKnee,-0.126021,0.058659,0.538462,0.105793,358
Rabies,plddt_inv,ScoreDBSCAN(ep=8),ScoreDBSCAN,-0.075282,0.064815,0.538462,0.115702,324
Rabies,plddt_inv,ScoreDBSCAN(ep=15),ScoreDBSCAN,-0.005386,0.078886,0.871795,0.144681,431
Rabies,plddt_inv,Spectral(z=1.5),Spectral,0.02513,0.102564,0.102564,0.102564,39
Rabies,plddt_inv,Spectral(z=2.0),Spectral,-0.002192,0.076923,0.051282,0.061538,26
Rabies,plddt_inv,Bayes(prior=0.1),Bayes,0.0,0.0,0.0,0.0,0
Rabies,plddt_inv,Bayes(prior=0.15),Bayes,0.0,0.0,0.0,0.0,0
Rabies,plddt_inv,AdaptWin(s=90),AdaptWin,-0.012196,0.074074,0.25641,0.114943,135
Rabies,plddt_inv,AdaptWin(s=85),AdaptWin,-0.145644,0.042308,0.282051,0.073579,260
Rabies,plddt_inv,FreqThresh(p=80),FreqThresh,-0.037684,0.059406,0.153846,0.085714,101
Rabies,plddt_inv,FreqThresh(p=85),FreqThresh,-0.068411,0.0375,0.076923,0.05042,80
Rabies,plddt_inv,FreqThresh(p=90),FreqThresh,-0.101096,0.0,0.0,0.0,52
Rabies,plddt_inv,FreqThresh(p=95),FreqThresh,-0.070858,0.0,0.0,0.0,27
Rabies,plddt_inv,"SWAN(w=10,k=1.0)",SWAN,-0.129487,0.042735,0.25641,0.07326,234
Rabies,plddt_inv,"SWAN(w=10,k=1.5)",SWAN,-0.121314,0.044053,0.25641,0.075188,227
Rabies,plddt_inv,"SWAN(w=10,k=2.0)",SWAN,-0.105143,0.046948,0.25641,0.079365,213
Rabies,plddt_inv,"SWAN(w=20,k=1.0)",SWAN,-0.129487,0.042735,0.25641,0.07326,234
Rabies,plddt_inv,"SWAN(w=20,k=1.5)",SWAN,-0.129487,0.042735,0.25641,0.07326,234
Rabies,plddt_inv,"SWAN(w=20,k=2.0)",SWAN,-0.129487,0.042735,0.25641,0.07326,234
Rabies,plddt_inv,"SWAN(w=50,k=1.0)",SWAN,-0.136558,0.041667,0.25641,0.071685,240
Rabies,plddt_inv,"SWAN(w=50,k=1.5)",SWAN,-0.136558,0.041667,0.25641,0.071685,240
Rabies,plddt_inv,"SWAN(w=50,k=2.0)",SWAN,-0.136558,0.041667,0.25641,0.071685,240
Rabies,plddt_inv,MutClust-Orig(g=10),MutClust-Orig,-0.21772,0.075665,0.948718,0.140152,489
Rabies,sasa,Wavelet(t=1.0),Wavelet,0.026108,0.09375,0.230769,0.133333,96
Rabies,sasa,Wavelet(t=1.5),Wavelet,0.013319,0.090909,0.102564,0.096386,44
Rabies,sasa,Wavelet(t=2.0),Wavelet,-0.032671,0.0,0.0,0.0,6
Rabies,sasa,KDE(p=75),KDE,-0.100293,0.03252,0.102564,0.049383,123
Rabies,sasa,KDE(p=80),KDE,-0.072528,0.040404,0.102564,0.057971,99
Rabies,sasa,KDE(p=85),KDE,-0.039532,0.054054,0.102564,0.070796,74
Rabies,sasa,SlidingTest(p=0.01),SlidingTest,-0.110268,0.012346,0.025641,0.016667,81
Rabies,sasa,SlidingTest(p=0.05),SlidingTest,-0.098094,0.028571,0.076923,0.041667,105
Rabies,sasa,GradPeak(p=0.2),GradPeak,-0.019883,0.052632,0.025641,0.034483,19
Rabies,sasa,GradPeak(p=0.5),GradPeak,-0.026621,0.0,0.0,0.0,4
Rabies,sasa,LocalContrast(z=1.0),LocalContrast,-0.004029,0.076923,0.153846,0.102564,78
Rabies,sasa,LocalContrast(z=1.5),LocalContrast,0.013983,0.09375,0.076923,0.084507,32
Rabies,sasa,LocalContrast(z=2.0),LocalContrast,0.021689,0.125,0.025641,0.042553,8
Rabies,sasa,"CUSUM(d=0.3,h=3.0)",CUSUM,-0.068036,0.0,0.0,0.0,25
Rabies,sasa,"CUSUM(d=0.5,h=4.0)",CUSUM,-0.046493,0.0,0.0,0.0,12
Rabies,sasa,"CUSUM(d=0.5,h=5.0)",CUSUM,-0.044467,0.0,0.0,0.0,11
Rabies,sasa,AdaptiveKnee,AdaptiveKnee,-0.061294,0.044444,0.102564,0.062016,90
Rabies,sasa,ScoreDBSCAN(ep=8),ScoreDBSCAN,-0.010407,0.073684,0.179487,0.104478,95
Rabies,sasa,ScoreDBSCAN(ep=15),ScoreDBSCAN,0.0643,0.091743,0.769231,0.163934,327
Rabies,sasa,Spectral(z=1.5),Spectral,-0.016898,0.065217,0.076923,0.070588,46
Rabies,sasa,Spectral(z=2.0),Spectral,-0.019883,0.052632,0.025641,0.034483,19
Rabies,sasa,Bayes(prior=0.1),Bayes,0.0,0.0,0.0,0.0,0
Rabies,sasa,Bayes(prior=0.15),Bayes,0.0,0.0,0.0,0.0,0
Rabies,sasa,AdaptWin(s=90),AdaptWin,-0.063997,0.051471,0.179487,0.08,136
Rabies,sasa,AdaptWin(s=85),AdaptWin,-0.087369,0.048913,0.230769,0.080717,184
Rabies,sasa,FreqThresh(p=80),FreqThresh,-0.067606,0.042105,0.102564,0.059701,95
Rabies,sasa,FreqThresh(p=85),FreqThresh,-0.079182,0.027778,0.051282,0.036036,72
Rabies,sasa,FreqThresh(p=90),FreqThresh,-0.07133,0.020833,0.025641,0.022989,48
Rabies,sasa,FreqThresh(p=95),FreqThresh,-0.031659,0.041667,0.025641,0.031746,24
Rabies,sasa,"SWAN(w=10,k=1.0)",SWAN,-0.139964,0.028571,0.128205,0.046729,175
Rabies,sasa,"SWAN(w=10,k=1.5)",SWAN,-0.111248,0.030075,0.102564,0.046512,133
Rabies,sasa,"SWAN(w=10,k=2.0)",SWAN,-0.113407,0.02521,0.076923,0.037975,119
Rabies,sasa,"SWAN(w=20,k=1.0)",SWAN,-0.075277,0.053476,0.25641,0.088496,187
Rabies,sasa,"SWAN(w=20,k=1.5)",SWAN,-0.052469,0.058442,0.230769,0.093264,154
Rabies,sasa,"SWAN(w=20,k=2.0)",SWAN,-0.076187,0.045455,0.153846,0.070175,132
Rabies,sasa,"SWAN(w=50,k=1.0)",SWAN,-0.085317,0.052632,0.282051,0.08871,209
Rabies,sasa,"SWAN(w=50,k=1.5)",SWAN,-0.043457,0.06015,0.205128,0.093023,133
Rabies,sasa,"SWAN(w=50,k=2.0)",SWAN,-0.049856,0.052083,0.128205,0.074074,96
Rabies,sasa,MutClust-Orig(g=10),MutClust-Orig,0.014432,0.080169,0.974359,0.148148,474
Rabies,grantham,Wavelet(t=1.0),Wavelet,-0.099357,0.014085,0.025641,0.018182,71
Rabies,grantham,Wavelet(t=1.5),Wavelet,-0.094441,0.0,0.0,0.0,46
Rabies,grantham,Wavelet(t=2.0),Wavelet,-0.070858,0.0,0.0,0.0,27
Rabies,grantham,KDE(p=75),KDE,0.108293,0.130081,0.410256,0.197531,123
Rabies,grantham,KDE(p=80),KDE,0.077651,0.121212,0.307692,0.173913,99
Rabies,grantham,KDE(p=85),KDE,0.128885,0.162162,0.307692,0.212389,74
Rabies,grantham,SlidingTest(p=0.01),SlidingTest,-0.023031,0.0,0.0,0.0,3
Rabies,grantham,SlidingTest(p=0.05),SlidingTest,-0.034213,0.04878,0.051282,0.05,41
Rabies,grantham,GradPeak(p=0.2),GradPeak,0.024324,0.091743,0.25641,0.135135,109
Rabies,grantham,GradPeak(p=0.5),GradPeak,0.024324,0.091743,0.25641,0.135135,109
Rabies,grantham,LocalContrast(z=1.0),LocalContrast,0.040883,0.105263,0.205128,0.13913,76
Rabies,grantham,LocalContrast(z=1.5),LocalContrast,0.04481,0.119048,0.128205,0.123457,42
Rabies,grantham,LocalContrast(z=2.0),LocalContrast,-0.029474,0.043478,0.025641,0.032258,23
Rabies,grantham,"CUSUM(d=0.3,h=3.0)",CUSUM,0.03093,0.125,0.051282,0.072727,16
Rabies,grantham,"CUSUM(d=0.5,h=4.0)",CUSUM,-0.018786,0.0,0.0,0.0,2
Rabies,grantham,"CUSUM(d=0.5,h=5.0)",CUSUM,-0.018786,0.0,0.0,0.0,2
Rabies,grantham,AdaptiveKnee,AdaptiveKnee,0.055859,0.113924,0.230769,0.152542,79
Rabies,grantham,ScoreDBSCAN(ep=8),ScoreDBSCAN,-0.034868,0.058824,0.128205,0.080645,85
Rabies,grantham,ScoreDBSCAN(ep=15),ScoreDBSCAN,-0.09875,0.056537,0.410256,0.099379,283
Rabies,grantham,Spectral(z=1.5),Spectral,0.008882,0.088235,0.076923,0.082192,34
Rabies,grantham,Spectral(z=2.0),Spectral,0.015676,0.1,0.051282,0.067797,20
Rabies,grantham,Bayes(prior=0.1),Bayes,0.0,0.0,0.0,0.0,0
Rabies,grantham,Bayes(prior=0.15),Bayes,0.0,0.0,0.0,0.0,0
Rabies,grantham,AdaptWin(s=90),AdaptWin,-0.030865,0.0625,0.153846,0.088889,96
Rabies,grantham,AdaptWin(s=85),AdaptWin,-0.043222,0.063584,0.282051,0.103774,173
Rabies,grantham,FreqThresh(p=80),FreqThresh,0.039475,0.102273,0.230769,0.141732,88
Rabies,grantham,FreqThresh(p=85),FreqThresh,0.022429,0.095238,0.153846,0.117647,63
Rabies,grantham,FreqThresh(p=90),FreqThresh,0.01788,0.095238,0.102564,0.098765,42
Rabies,grantham,FreqThresh(p=95),FreqThresh,-0.027212,0.045455,0.025641,0.032787,22
Rabies,grantham,"SWAN(w=10,k=1.0)",SWAN,-0.034118,0.064748,0.230769,0.101124,139
Rabies,grantham,"SWAN(w=10,k=1.5)",SWAN,0.018216,0.089109,0.230769,0.128571,101
Rabies,grantham,"SWAN(w=10,k=2.0)",SWAN,0.043452,0.113208,0.153846,0.130435,53
Rabies,grantham,"SWAN(w=20,k=1.0)",SWAN,-0.01997,0.070922,0.25641,0.111111,141
Rabies,grantham,"SWAN(w=20,k=1.5)",SWAN,0.000437,0.079646,0.230769,0.118421,113
Rabies,grantham,"SWAN(w=20,k=2.0)",SWAN,0.002712,0.081633,0.102564,0.090909,49
Rabies,grantham,"SWAN(w=50,k=1.0)",SWAN,-0.003353,0.07767,0.205128,0.112676,103
Rabies,grantham,"SWAN(w=50,k=1.5)",SWAN,-0.004029,0.076923,0.153846,0.102564,78
Rabies,grantham,"SWAN(w=50,k=2.0)",SWAN,-0.0193,0.065574,0.102564,0.08,61
Rabies,grantham,MutClust-Orig(g=10),MutClust-Orig,-0.08895,0.069378,0.74359,0.126915,418
Rabies,dnds_proxy,Wavelet(t=1.0),Wavelet,-0.09557,0.0,0.0,0.0,47
Rabies,dnds_proxy,Wavelet(t=1.5),Wavelet,-0.082624,0.0,0.0,0.0,36
Rabies,dnds_proxy,Wavelet(t=2.0),Wavelet,-0.078847,0.0,0.0,0.0,33
Rabies,dnds_proxy,KDE(p=75),KDE,-0.135057,0.01626,0.051282,0.024691,123
Rabies,dnds_proxy,KDE(p=80),KDE,-0.147617,0.0,0.0,0.0,99
Rabies,dnds_proxy,KDE(p=85),KDE,-0.12374,0.0,0.0,0.0,74
Rabies,dnds_proxy,SlidingTest(p=0.01),SlidingTest,-0.100005,0.0,0.0,0.0,51
Rabies,dnds_proxy,SlidingTest(p=0.05),SlidingTest,-0.11474,0.0,0.0,0.0,65
Rabies,dnds_proxy,GradPeak(p=0.2),GradPeak,-0.064359,0.023256,0.025641,0.02439,43
Rabies,dnds_proxy,GradPeak(p=0.5),GradPeak,-0.048767,0.030303,0.025641,0.027778,33
Rabies,dnds_proxy,LocalContrast(z=1.0),LocalContrast,-0.029364,0.056604,0.076923,0.065217,53
Rabies,dnds_proxy,LocalContrast(z=1.5),LocalContrast,-0.00905,0.071429,0.076923,0.074074,42
Rabies,dnds_proxy,LocalContrast(z=2.0),LocalContrast,0.019406,0.1,0.076923,0.086957,30
Rabies,dnds_proxy,"CUSUM(d=0.3,h=3.0)",CUSUM,-0.027212,0.045455,0.025641,0.032787,22
Rabies,dnds_proxy,"CUSUM(d=0.5,h=4.0)",CUSUM,-0.046493,0.0,0.0,0.0,12
Rabies,dnds_proxy,"CUSUM(d=0.5,h=5.0)",CUSUM,-0.037804,0.0,0.0,0.0,8
Rabies,dnds_proxy,AdaptiveKnee,AdaptiveKnee,-0.086731,0.036036,0.102564,0.053333,111
Rabies,dnds_proxy,ScoreDBSCAN(ep=8),ScoreDBSCAN,-0.010333,0.077181,0.589744,0.136499,298
Rabies,dnds_proxy,ScoreDBSCAN(ep=15),ScoreDBSCAN,-0.005966,0.078313,0.666667,0.140162,332
Rabies,dnds_proxy,Spectral(z=1.5),Spectral,-0.059946,0.025,0.025641,0.025316,40
Rabies,dnds_proxy,Spectral(z=2.0),Spectral,-0.047045,0.03125,0.025641,0.028169,32
Rabies,dnds_proxy,Bayes(prior=0.1),Bayes,-0.048442,0.0,0.0,0.0,13
Rabies,dnds_proxy,Bayes(prior=0.15),Bayes,-0.045969,0.041667,0.051282,0.045977,48
Rabies,dnds_proxy,AdaptWin(s=90),AdaptWin,-0.052143,0.038462,0.051282,0.043956,52
Rabies,dnds_proxy,AdaptWin(s=85),AdaptWin,-0.064542,0.038961,0.076923,0.051724,77
Rabies,dnds_proxy,FreqThresh(p=80),FreqThresh,-0.073444,0.035714,0.076923,0.04878,84
Rabies,dnds_proxy,FreqThresh(p=85),FreqThresh,-0.045134,0.047619,0.076923,0.058824,63
Rabies,dnds_proxy,FreqThresh(p=90),FreqThresh,-0.035979,0.047619,0.051282,0.049383,42
Rabies,dnds_proxy,FreqThresh(p=95),FreqThresh,-0.024866,0.047619,0.025641,0.033333,21
Rabies,dnds_proxy,"SWAN(w=10,k=1.0)",SWAN,-0.066318,0.032258,0.051282,0.039604,62
Rabies,dnds_proxy,"SWAN(w=10,k=1.5)",SWAN,-0.063604,0.033333,0.051282,0.040404,60
Rabies,dnds_proxy,"SWAN(w=10,k=2.0)",SWAN,-0.053636,0.037736,0.051282,0.043478,53
Rabies,dnds_proxy,"SWAN(w=20,k=1.0)",SWAN,-0.050943,0.044776,0.076923,0.056604,67
Rabies,dnds_proxy,"SWAN(w=20,k=1.5)",SWAN,-0.059428,0.035088,0.051282,0.041667,57
Rabies,dnds_proxy,"SWAN(w=20,k=2.0)",SWAN,-0.088664,0.0,0.0,0.0,41
Rabies,dnds_proxy,"SWAN(w=50,k=1.0)",SWAN,-0.086601,0.016667,0.025641,0.020202,60
Rabies,dnds_proxy,"SWAN(w=50,k=1.5)",SWAN,-0.086601,0.016667,0.025641,0.020202,60
Rabies,dnds_proxy,"SWAN(w=50,k=2.0)",SWAN,-0.092159,0.0,0.0,0.0,44
Rabies,dnds_proxy,MutClust-Orig(g=10),MutClust-Orig,-0.08895,0.069378,0.74359,0.126915,418
Rabies,semantic_change,Wavelet(t=1.0),Wavelet,-0.124723,0.0,0.0,0.0,75
Rabies,semantic_change,Wavelet(t=1.5),Wavelet,-0.109597,0.0,0.0,0.0,60
Rabies,semantic_change,Wavelet(t=2.0),Wavelet,-0.089839,0.0,0.0,0.0,42
Rabies,semantic_change,KDE(p=75),KDE,0.108293,0.130081,0.410256,0.197531,123
Rabies,semantic_change,KDE(p=80),KDE,0.115196,0.141414,0.358974,0.202899,99
Rabies,semantic_change,KDE(p=85),KDE,0.107833,0.148649,0.282051,0.19469,74
Rabies,semantic_change,SlidingTest(p=0.01),SlidingTest,-0.097803,0.0,0.0,0.0,49
Rabies,semantic_change,SlidingTest(p=0.05),SlidingTest,-0.125703,0.0,0.0,0.0,76
Rabies,semantic_change,GradPeak(p=0.2),GradPeak,0.0,0.0,0.0,0.0,0
Rabies,semantic_change,GradPeak(p=0.5),GradPeak,0.0,0.0,0.0,0.0,0
Rabies,semantic_change,LocalContrast(z=1.0),LocalContrast,-0.047545,0.040816,0.051282,0.045455,49
Rabies,semantic_change,LocalContrast(z=1.5),LocalContrast,-0.031659,0.041667,0.025641,0.031746,24
Rabies,semantic_change,LocalContrast(z=2.0),LocalContrast,0.006426,0.090909,0.025641,0.04,11
Rabies,semantic_change,"CUSUM(d=0.3,h=3.0)",CUSUM,-0.053911,0.0,0.0,0.0,16
Rabies,semantic_change,"CUSUM(d=0.5,h=4.0)",CUSUM,-0.032671,0.0,0.0,0.0,6
Rabies,semantic_change,"CUSUM(d=0.5,h=5.0)",CUSUM,-0.029794,0.0,0.0,0.0,5
Rabies,semantic_change,AdaptiveKnee,AdaptiveKnee,-0.070292,0.030769,0.051282,0.038462,65
Rabies,semantic_change,ScoreDBSCAN(ep=8),ScoreDBSCAN,-0.027543,0.069892,0.333333,0.115556,186
Rabies,semantic_change,ScoreDBSCAN(ep=15),ScoreDBSCAN,-0.035569,0.073446,0.666667,0.132316,354
Rabies,semantic_change,Spectral(z=1.5),Spectral,0.004752,0.083333,0.102564,0.091954,48
Rabies,semantic_change,Spectral(z=2.0),Spectral,-0.065118,0.0,0.0,0.0,23
Rabies,semantic_change,Bayes(prior=0.1),Bayes,0.0,0.0,0.0,0.0,0
Rabies,semantic_change,Bayes(prior=0.15),Bayes,0.0,0.0,0.0,0.0,0
Rabies,semantic_change,AdaptWin(s=90),AdaptWin,-0.044354,0.065728,0.358974,0.111111,213
Rabies,semantic_change,AdaptWin(s=85),AdaptWin,-0.102854,0.057047,0.435897,0.10089,298
Rabies,semantic_change,FreqThresh(p=80),FreqThresh,-0.073444,0.035714,0.076923,0.04878,84
Rabies,semantic_change,FreqThresh(p=85),FreqThresh,-0.067655,0.031746,0.051282,0.039216,63
Rabies,semantic_change,FreqThresh(p=90),FreqThresh,-0.035979,0.047619,0.051282,0.049383,42
Rabies,semantic_change,FreqThresh(p=95),FreqThresh,-0.06209,0.0,0.0,0.0,21
Rabies,semantic_change,"SWAN(w=10,k=1.0)",SWAN,-0.095115,0.042945,0.179487,0.069307,163
Rabies,semantic_change,"SWAN(w=10,k=1.5)",SWAN,-0.075912,0.034884,0.076923,0.048,86
Rabies,semantic_change,"SWAN(w=10,k=2.0)",SWAN,-0.11474,0.0,0.0,0.0,65
Rabies,semantic_change,"SWAN(w=20,k=1.0)",SWAN,-0.147463,0.027473,0.128205,0.045249,182
Rabies,semantic_change,"SWAN(w=20,k=1.5)",SWAN,-0.105408,0.034965,0.128205,0.054945,143
Rabies,semantic_change,"SWAN(w=20,k=2.0)",SWAN,-0.119693,0.011111,0.025641,0.015504,90
Rabies,semantic_change,"SWAN(w=50,k=1.0)",SWAN,-0.005464,0.077381,0.333333,0.125604,168
Rabies,semantic_change,"SWAN(w=50,k=1.5)",SWAN,-0.060777,0.055901,0.230769,0.09,161
Rabies,semantic_change,"SWAN(w=50,k=2.0)",SWAN,-0.031602,0.065693,0.230769,0.102273,137
Rabies,semantic_change,MutClust-Orig(g=10),MutClust-Orig,-0.076254,0.0,0.0,0.0,31
Rabies,EVEscape_composite,Wavelet(t=1.0),Wavelet,-0.036281,0.05814,0.128205,0.08,86
Rabies,EVEscape_composite,Wavelet(t=1.5),Wavelet,-0.053729,0.027778,0.025641,0.026667,36
Rabies,EVEscape_composite,Wavelet(t=2.0),Wavelet,-0.017223,0.055556,0.025641,0.035088,18
Rabies,EVEscape_composite,KDE(p=75),KDE,0.108293,0.130081,0.410256,0.197531,123
Rabies,EVEscape_composite,KDE(p=80),KDE,0.152741,0.161616,0.410256,0.231884,99
Rabies,EVEscape_composite,KDE(p=85),KDE,0.086781,0.135135,0.25641,0.176991,74
Rabies,EVEscape_composite,SlidingTest(p=0.01),SlidingTest,0.041815,0.130435,0.076923,0.096774,23
Rabies,EVEscape_composite,SlidingTest(p=0.05),SlidingTest,0.023625,0.094595,0.179487,0.123894,74
Rabies,EVEscape_composite,GradPeak(p=0.2),GradPeak,0.0,0.0,0.0,0.0,0
Rabies,EVEscape_composite,GradPeak(p=0.5),GradPeak,0.0,0.0,0.0,0.0,0
Rabies,EVEscape_composite,LocalContrast(z=1.0),LocalContrast,-0.006962,0.074074,0.102564,0.086022,54
Rabies,EVEscape_composite,LocalContrast(z=1.5),LocalContrast,-0.028703,0.052632,0.051282,0.051948,38
Rabies,EVEscape_composite,LocalContrast(z=2.0),LocalContrast,-0.002192,0.076923,0.051282,0.061538,26
Rabies,EVEscape_composite,"CUSUM(d=0.3,h=3.0)",CUSUM,0.002285,0.083333,0.025641,0.039216,12
Rabies,EVEscape_composite,"CUSUM(d=0.5,h=4.0)",CUSUM,0.028209,0.142857,0.025641,0.043478,7
Rabies,EVEscape_composite,"CUSUM(d=0.5,h=5.0)",CUSUM,0.045226,0.2,0.025641,0.045455,5
Rabies,EVEscape_composite,AdaptiveKnee,AdaptiveKnee,0.006439,0.085714,0.076923,0.081081,35
Rabies,EVEscape_composite,ScoreDBSCAN(ep=8),ScoreDBSCAN,-0.034563,0.072131,0.564103,0.127907,305
Rabies,EVEscape_composite,ScoreDBSCAN(ep=15),ScoreDBSCAN,-0.092544,0.065041,0.615385,0.117647,369
Rabies,EVEscape_composite,Spectral(z=1.5),Spectral,0.069013,0.16,0.102564,0.125,25
Rabies,EVEscape_composite,Spectral(z=2.0),Spectral,0.07335,0.1875,0.076923,0.109091,16
Rabies,EVEscape_composite,Bayes(prior=0.1),Bayes,0.073621,0.333333,0.025641,0.047619,3
Rabies,EVEscape_composite,Bayes(prior=0.15),Bayes,0.000488,0.08,0.051282,0.0625,25
Rabies,EVEscape_composite,AdaptWin(s=90),AdaptWin,-0.024239,0.0625,0.102564,0.07767,64
Rabies,EVEscape_composite,AdaptWin(s=85),AdaptWin,-0.0287,0.064815,0.179487,0.095238,108
Rabies,EVEscape_composite,FreqThresh(p=80),FreqThresh,-0.008803,0.074074,0.153846,0.1,81
Rabies,EVEscape_composite,FreqThresh(p=85),FreqThresh,-0.0193,0.065574,0.102564,0.08,61
Rabies,EVEscape_composite,FreqThresh(p=90),FreqThresh,0.020239,0.097561,0.102564,0.1,41
Rabies,EVEscape_composite,FreqThresh(p=95),FreqThresh,0.012357,0.095238,0.051282,0.066667,21
Rabies,EVEscape_composite,"SWAN(w=10,k=1.0)",SWAN,-0.047215,0.053191,0.128205,0.075188,94
Rabies,EVEscape_composite,"SWAN(w=10,k=1.5)",SWAN,-0.036599,0.055556,0.102564,0.072072,72
Rabies,EVEscape_composite,"SWAN(w=10,k=2.0)",SWAN,0.011111,0.088889,0.102564,0.095238,45
Rabies,EVEscape_composite,"SWAN(w=20,k=1.0)",SWAN,-0.031383,0.063636,0.179487,0.09396,110
Rabies,EVEscape_composite,"SWAN(w=20,k=1.5)",SWAN,-0.01333,0.072165,0.179487,0.102941,97
Rabies,EVEscape_composite,"SWAN(w=20,k=2.0)",SWAN,-0.029002,0.059701,0.102564,0.075472,67
Rabies,EVEscape_composite,"SWAN(w=50,k=1.0)",SWAN,0.00683,0.085106,0.102564,0.093023,47
Rabies,EVEscape_composite,"SWAN(w=50,k=1.5)",SWAN,0.032956,0.111111,0.102564,0.106667,36
Rabies,EVEscape_composite,"SWAN(w=50,k=2.0)",SWAN,-0.012041,0.066667,0.051282,0.057971,30
Rabies,EVEscape_composite,MutClust-Orig(g=10),MutClust-Orig,0.145191,0.233333,0.179487,0.202899,30
Rabies,EqualWeight,Wavelet(t=1.0),Wavelet,-0.08285,0.026667,0.051282,0.035088,75
Rabies,EqualWeight,Wavelet(t=1.5),Wavelet,-0.109597,0.0,0.0,0.0,60
Rabies,EqualWeight,Wavelet(t=2.0),Wavelet,-0.087479,0.0,0.0,0.0,40
Rabies,EqualWeight,KDE(p=75),KDE,0.004,0.081301,0.25641,0.123457,123
Rabies,EqualWeight,KDE(p=80),KDE,-0.034983,0.060606,0.153846,0.086957,99
Rabies,EqualWeight,KDE(p=85),KDE,0.002573,0.081081,0.153846,0.106195,74
Rabies,EqualWeight,SlidingTest(p=0.01),SlidingTest,-0.101338,0.021978,0.051282,0.030769,91
Rabies,EqualWeight,SlidingTest(p=0.05),SlidingTest,-0.07149,0.046875,0.153846,0.071856,128
Rabies,EqualWeight,GradPeak(p=0.2),GradPeak,-0.018786,0.0,0.0,0.0,2
Rabies,EqualWeight,GradPeak(p=0.5),GradPeak,0.0,0.0,0.0,0.0,0
Rabies,EqualWeight,LocalContrast(z=1.0),LocalContrast,-0.035111,0.056338,0.102564,0.072727,71
Rabies,EqualWeight,LocalContrast(z=1.5),LocalContrast,-0.022834,0.057143,0.051282,0.054054,35
Rabies,EqualWeight,LocalContrast(z=2.0),LocalContrast,0.01601,0.111111,0.025641,0.041667,9
Rabies,EqualWeight,"CUSUM(d=0.3,h=3.0)",CUSUM,-0.039756,0.035714,0.025641,0.029851,28
Rabies,EqualWeight,"CUSUM(d=0.5,h=4.0)",CUSUM,-0.052144,0.0,0.0,0.0,15
Rabies,EqualWeight,"CUSUM(d=0.5,h=5.0)",CUSUM,-0.046493,0.0,0.0,0.0,12
Rabies,EqualWeight,AdaptiveKnee,AdaptiveKnee,-0.073444,0.035714,0.076923,0.04878,84
Rabies,EqualWeight,ScoreDBSCAN(ep=8),ScoreDBSCAN,0.036147,0.091371,0.461538,0.152542,197
Rabies,EqualWeight,ScoreDBSCAN(ep=15),ScoreDBSCAN,0.034311,0.082759,0.923077,0.151899,435
Rabies,EqualWeight,Spectral(z=1.5),Spectral,-0.024834,0.055556,0.051282,0.053333,36
Rabies,EqualWeight,Spectral(z=2.0),Spectral,-0.053911,0.0,0.0,0.0,16
Rabies,EqualWeight,Bayes(prior=0.1),Bayes,0.0,0.0,0.0,0.0,0
Rabies,EqualWeight,Bayes(prior=0.15),Bayes,0.0,0.0,0.0,0.0,0
Rabies,EqualWeight,AdaptWin(s=90),AdaptWin,-0.146059,0.030769,0.153846,0.051282,195
Rabies,EqualWeight,AdaptWin(s=85),AdaptWin,-0.196141,0.027778,0.179487,0.04811,252
Rabies,EqualWeight,FreqThresh(p=80),FreqThresh,-0.053756,0.050505,0.128205,0.072464,99
Rabies,EqualWeight,FreqThresh(p=85),FreqThresh,-0.060584,0.040541,0.076923,0.053097,74
Rabies,EqualWeight,FreqThresh(p=90),FreqThresh,-0.049099,0.04,0.051282,0.044944,50
Rabies,EqualWeight,FreqThresh(p=95),FreqThresh,-0.068036,0.0,0.0,0.0,25
Rabies,EqualWeight,"SWAN(w=10,k=1.0)",SWAN,-0.136752,0.02907,0.128205,0.047393,172
Rabies,EqualWeight,"SWAN(w=10,k=1.5)",SWAN,-0.118483,0.032258,0.128205,0.051546,155
Rabies,EqualWeight,"SWAN(w=10,k=2.0)",SWAN,-0.081752,0.040984,0.128205,0.062112,122
Rabies,EqualWeight,"SWAN(w=20,k=1.0)",SWAN,-0.136752,0.02907,0.128205,0.047393,172
Rabies,EqualWeight,"SWAN(w=20,k=1.5)",SWAN,-0.121722,0.031646,0.128205,0.050761,158
Rabies,EqualWeight,"SWAN(w=20,k=2.0)",SWAN,-0.120644,0.031847,0.128205,0.05102,157
Rabies,EqualWeight,"SWAN(w=50,k=1.0)",SWAN,-0.12925,0.030303,0.128205,0.04902,165
Rabies,EqualWeight,"SWAN(w=50,k=1.5)",SWAN,-0.124953,0.031056,0.128205,0.05,161
Rabies,EqualWeight,"SWAN(w=50,k=2.0)",SWAN,-0.15147,0.008197,0.025641,0.012422,122
Rabies,EqualWeight,MutClust-Orig(g=10),MutClust-Orig,0.0,0.07943,1.0,0.14717,491
Rabies,tranception,Wavelet(t=1.0),Wavelet,-0.017385,0.071429,0.230769,0.109091,126
Rabies,tranception,Wavelet(t=1.5),Wavelet,0.168602,0.236842,0.230769,0.233766,38
Rabies,tranception,Wavelet(t=2.0),Wavelet,0.0,0.0,0.0,0.0,0
Rabies,tranception,KDE(p=75),KDE,0.038765,0.097561,0.307692,0.148148,123
Rabies,tranception,KDE(p=80),KDE,0.077651,0.121212,0.307692,0.173913,99
Rabies,tranception,KDE(p=85),KDE,0.128885,0.162162,0.307692,0.212389,74
Rabies,tranception,SlidingTest(p=0.01),SlidingTest,0.022254,0.103448,0.076923,0.088235,29
Rabies,tranception,SlidingTest(p=0.05),SlidingTest,-0.014163,0.068966,0.102564,0.082474,58
Rabies,tranception,GradPeak(p=0.2),GradPeak,0.030429,0.101695,0.153846,0.122449,59
Rabies,tranception,GradPeak(p=0.5),GradPeak,0.006439,0.085714,0.076923,0.081081,35
Rabies,tranception,LocalContrast(z=1.0),LocalContrast,-0.05789,0.041667,0.076923,0.054054,72
Rabies,tranception,LocalContrast(z=1.5),LocalContrast,-0.047045,0.03125,0.025641,0.028169,32
Rabies,tranception,LocalContrast(z=2.0),LocalContrast,-0.040138,0.0,0.0,0.0,9
Rabies,tranception,"CUSUM(d=0.3,h=3.0)",CUSUM,-0.050323,0.0,0.0,0.0,14
Rabies,tranception,"CUSUM(d=0.5,h=4.0)",CUSUM,0.057167,0.25,0.025641,0.046512,4
Rabies,tranception,"CUSUM(d=0.5,h=5.0)",CUSUM,-0.018786,0.0,0.0,0.0,2
Rabies,tranception,AdaptiveKnee,AdaptiveKnee,-0.043642,0.048387,0.076923,0.059406,62
Rabies,tranception,ScoreDBSCAN(ep=8),ScoreDBSCAN,-0.045229,0.060811,0.230769,0.096257,148
Rabies,tranception,ScoreDBSCAN(ep=15),ScoreDBSCAN,-0.045099,0.073418,0.74359,0.133641,395
Rabies,tranception,Spectral(z=1.5),Spectral,-0.059946,0.025,0.025641,0.025316,40
Rabies,tranception,Spectral(z=2.0),Spectral,-0.019883,0.052632,0.025641,0.034483,19
Rabies,tranception,Bayes(prior=0.1),Bayes,0.0,0.0,0.0,0.0,0
Rabies,tranception,Bayes(prior=0.15),Bayes,0.0,0.0,0.0,0.0,0
Rabies,tranception,AdaptWin(s=90),AdaptWin,-0.075915,0.056075,0.307692,0.094862,214
Rabies,tranception,AdaptWin(s=85),AdaptWin,-0.148882,0.05,0.410256,0.089136,320
Rabies,tranception,FreqThresh(p=80),FreqThresh,-0.03362,0.061224,0.153846,0.087591,98
Rabies,tranception,FreqThresh(p=85),FreqThresh,-0.039532,0.054054,0.102564,0.070796,74
Rabies,tranception,FreqThresh(p=90),FreqThresh,-0.047545,0.040816,0.051282,0.045455,49
Rabies,tranception,FreqThresh(p=95),FreqThresh,-0.068036,0.0,0.0,0.0,25
Rabies,tranception,"SWAN(w=10,k=1.0)",SWAN,-0.06636,0.052632,0.205128,0.08377,152
Rabies,tranception,"SWAN(w=10,k=1.5)",SWAN,-0.034868,0.058824,0.128205,0.080645,85
Rabies,tranception,"SWAN(w=10,k=2.0)",SWAN,-0.024834,0.055556,0.051282,0.053333,36
Rabies,tranception,"SWAN(w=20,k=1.0)",SWAN,-0.040332,0.0625,0.230769,0.098361,144
Rabies,tranception,"SWAN(w=20,k=1.5)",SWAN,-0.010679,0.07438,0.230769,0.1125,121
Rabies,tranception,"SWAN(w=20,k=2.0)",SWAN,-0.021587,0.065789,0.128205,0.086957,76
Rabies,tranception,"SWAN(w=50,k=1.0)",SWAN,-0.064247,0.058824,0.307692,0.098765,204
Rabies,tranception,"SWAN(w=50,k=1.5)",SWAN,-0.020905,0.067416,0.153846,0.09375,89
Rabies,tranception,"SWAN(w=50,k=2.0)",SWAN,-0.007227,0.075,0.153846,0.10084,80
Rabies,tranception,MutClust-Orig(g=10),MutClust-Orig,0.01327,0.079592,1.0,0.147448,490
Rabies,stability,Wavelet(t=1.0),Wavelet,0.030023,0.097561,0.205128,0.132231,82
Rabies,stability,Wavelet(t=1.5),Wavelet,0.078099,0.142857,0.179487,0.159091,49
Rabies,stability,Wavelet(t=2.0),Wavelet,0.113104,0.217391,0.128205,0.16129,23
Rabies,stability,KDE(p=75),KDE,0.056147,0.105691,0.333333,0.160494,123
Rabies,stability,KDE(p=80),KDE,0.096424,0.131313,0.333333,0.188406,99
Rabies,stability,KDE(p=85),KDE,0.149937,0.175676,0.333333,0.230088,74
Rabies,stability,SlidingTest(p=0.01),SlidingTest,0.035883,0.166667,0.025641,0.044444,6
Rabies,stability,SlidingTest(p=0.05),SlidingTest,0.129983,0.25,0.128205,0.169492,20
Rabies,stability,GradPeak(p=0.2),GradPeak,-0.029096,0.061728,0.128205,0.083333,81
Rabies,stability,GradPeak(p=0.5),GradPeak,-0.00905,0.071429,0.076923,0.074074,42
Rabies,stability,LocalContrast(z=1.0),LocalContrast,-0.036281,0.05814,0.128205,0.08,86
Rabies,stability,LocalContrast(z=1.5),LocalContrast,-0.020785,0.058824,0.051282,0.054795,34
Rabies,stability,LocalContrast(z=2.0),LocalContrast,0.01601,0.111111,0.025641,0.041667,9
Rabies,stability,"CUSUM(d=0.3,h=3.0)",CUSUM,-0.040138,0.0,0.0,0.0,9
Rabies,stability,"CUSUM(d=0.5,h=4.0)",CUSUM,-0.023031,0.0,0.0,0.0,3
Rabies,stability,"CUSUM(d=0.5,h=5.0)",CUSUM,-0.018786,0.0,0.0,0.0,2
Rabies,stability,AdaptiveKnee,AdaptiveKnee,0.027726,0.094737,0.230769,0.134328,95
Rabies,stability,ScoreDBSCAN(ep=8),ScoreDBSCAN,0.075011,0.15625,0.128205,0.140845,32
Rabies,stability,ScoreDBSCAN(ep=15),ScoreDBSCAN,-0.017958,0.068966,0.153846,0.095238,87
Rabies,stability,Spectral(z=1.5),Spectral,0.015574,0.093023,0.102564,0.097561,43
Rabies,stability,Spectral(z=2.0),Spectral,-0.002192,0.076923,0.051282,0.061538,26
Rabies,stability,Bayes(prior=0.1),Bayes,-0.096554,0.061947,0.538462,0.111111,339
Rabies,stability,Bayes(prior=0.15),Bayes,-0.093694,0.064067,0.589744,0.115578,359
Rabies,stability,AdaptWin(s=90),AdaptWin,-0.031659,0.041667,0.025641,0.031746,24
Rabies,stability,AdaptWin(s=85),AdaptWin,-0.001354,0.078652,0.179487,0.109375,89
Rabies,stability,FreqThresh(p=80),FreqThresh,0.030429,0.101695,0.153846,0.122449,59
Rabies,stability,FreqThresh(p=85),FreqThresh,0.030429,0.101695,0.153846,0.122449,59
Rabies,stability,FreqThresh(p=90),FreqThresh,-0.019883,0.052632,0.025641,0.034483,19
Rabies,stability,FreqThresh(p=95),FreqThresh,-0.001529,0.076923,0.025641,0.038462,13
Rabies,stability,"SWAN(w=10,k=1.0)",SWAN,0.095037,0.119718,0.435897,0.187845,142
Rabies,stability,"SWAN(w=10,k=1.5)",SWAN,0.06656,0.119048,0.25641,0.162602,84
Rabies,stability,"SWAN(w=10,k=2.0)",SWAN,0.14441,0.216216,0.205128,0.210526,37
Rabies,stability,"SWAN(w=20,k=1.0)",SWAN,0.016841,0.08589,0.358974,0.138614,163
Rabies,stability,"SWAN(w=20,k=1.5)",SWAN,0.215741,0.237288,0.358974,0.285714,59
Rabies,stability,"SWAN(w=20,k=2.0)",SWAN,0.247958,0.307692,0.307692,0.307692,39
Rabies,stability,"SWAN(w=50,k=1.0)",SWAN,0.075178,0.112782,0.384615,0.174419,133
Rabies,stability,"SWAN(w=50,k=1.5)",SWAN,0.05881,0.135135,0.128205,0.131579,37
Rabies,stability,"SWAN(w=50,k=2.0)",SWAN,0.0,0.0,0.0,0.0,0
Rabies,stability,MutClust-Orig(g=10),MutClust-Orig,0.01476,0.084746,0.384615,0.138889,177
Rabies,stability_structural,Wavelet(t=1.0),Wavelet,0.084641,0.133333,0.25641,0.175439,75
Rabies,stability_structural,Wavelet(t=1.5),Wavelet,0.080833,0.145833,0.179487,0.16092,48
Rabies,stability_structural,Wavelet(t=2.0),Wavelet,0.155121,0.25,0.179487,0.208955,28
Rabies,stability_structural,KDE(p=75),KDE,0.056147,0.105691,0.333333,0.160494,123
Rabies,stability_structural,KDE(p=80),KDE,0.096424,0.131313,0.333333,0.188406,99
Rabies,stability_structural,KDE(p=85),KDE,0.149937,0.175676,0.333333,0.230088,74
Rabies,stability_structural,SlidingTest(p=0.01),SlidingTest,0.128306,0.333333,0.076923,0.125,9
Rabies,stability_structural,SlidingTest(p=0.05),SlidingTest,0.184393,0.304348,0.179487,0.225806,23
Rabies,stability_structural,GradPeak(p=0.2),GradPeak,0.0,0.0,0.0,0.0,0
Rabies,stability_structural,GradPeak(p=0.5),GradPeak,0.0,0.0,0.0,0.0,0
Rabies,stability_structural,LocalContrast(z=1.0),LocalContrast,0.009829,0.085366,0.179487,0.115702,82
Rabies,stability_structural,LocalContrast(z=1.5),LocalContrast,-0.022834,0.057143,0.051282,0.054054,35
Rabies,stability_structural,LocalContrast(z=2.0),LocalContrast,0.021689,0.125,0.025641,0.042553,8
Rabies,stability_structural,"CUSUM(d=0.3,h=3.0)",CUSUM,-0.044467,0.0,0.0,0.0,11
Rabies,stability_structural,"CUSUM(d=0.5,h=4.0)",CUSUM,-0.023031,0.0,0.0,0.0,3
Rabies,stability_structural,"CUSUM(d=0.5,h=5.0)",CUSUM,-0.018786,0.0,0.0,0.0,2
Rabies,stability_structural,AdaptiveKnee,AdaptiveKnee,0.067471,0.126984,0.205128,0.156863,63
Rabies,stability_structural,ScoreDBSCAN(ep=8),ScoreDBSCAN,0.117613,0.3,0.076923,0.122449,10
Rabies,stability_structural,ScoreDBSCAN(ep=15),ScoreDBSCAN,-0.013695,0.070423,0.128205,0.090909,71
Rabies,stability_structural,Spectral(z=1.5),Spectral,0.097491,0.156863,0.205128,0.177778,51
Rabies,stability_structural,Spectral(z=2.0),Spectral,0.09727,0.210526,0.102564,0.137931,19
Rabies,stability_structural,Bayes(prior=0.1),Bayes,-0.062092,0.067485,0.564103,0.120548,326
Rabies,stability_structural,Bayes(prior=0.15),Bayes,-0.085947,0.064972,0.589744,0.117048,354
Rabies,stability_structural,AdaptWin(s=90),AdaptWin,0.003273,0.083333,0.051282,0.063492,24
Rabies,stability_structural,AdaptWin(s=85),AdaptWin,0.136544,0.205128,0.205128,0.205128,39
Rabies,stability_structural,FreqThresh(p=80),FreqThresh,0.115876,0.189189,0.179487,0.184211,37
Rabies,stability_structural,FreqThresh(p=85),FreqThresh,0.122642,0.214286,0.153846,0.179104,28
Rabies,stability_structural,FreqThresh(p=90),FreqThresh,0.019168,0.105263,0.051282,0.068966,19
Rabies,stability_structural,FreqThresh(p=95),FreqThresh,0.010969,0.1,0.025641,0.040816,10
Rabies,stability_structural,"SWAN(w=10,k=1.0)",SWAN,0.111339,0.135135,0.384615,0.2,111
Rabies,stability_structural,"SWAN(w=10,k=1.5)",SWAN,0.09487,0.147541,0.230769,0.18,61
Rabies,stability_structural,"SWAN(w=10,k=2.0)",SWAN,0.11234,0.173913,0.205128,0.188235,46
Rabies,stability_structural,"SWAN(w=20,k=1.0)",SWAN,0.049063,0.099338,0.384615,0.157895,151
Rabies,stability_structural,"SWAN(w=20,k=1.5)",SWAN,0.155025,0.180556,0.333333,0.234234,72
Rabies,stability_structural,"SWAN(w=20,k=2.0)",SWAN,0.206062,0.32,0.205128,0.25,25
Rabies,stability_structural,"SWAN(w=50,k=1.0)",SWAN,0.070647,0.110294,0.384615,0.171429,136
Rabies,stability_structural,"SWAN(w=50,k=1.5)",SWAN,0.0,0.0,0.0,0.0,0
Rabies,stability_structural,"SWAN(w=50,k=2.0)",SWAN,0.0,0.0,0.0,0.0,0
Rabies,stability_structural,MutClust-Orig(g=10),MutClust-Orig,0.0,0.0,0.0,0.0,0
Rabies,freq_with_indel,Wavelet(t=1.0),Wavelet,-0.100005,0.0,0.0,0.0,51
Rabies,freq_with_indel,Wavelet(t=1.5),Wavelet,-0.085076,0.0,0.0,0.0,38
Rabies,freq_with_indel,Wavelet(t=2.0),Wavelet,-0.078847,0.0,0.0,0.0,33
Rabies,freq_with_indel,KDE(p=75),KDE,-0.065528,0.04878,0.153846,0.074074,123
Rabies,freq_with_indel,KDE(p=80),KDE,-0.147617,0.0,0.0,0.0,99
Rabies,freq_with_indel,KDE(p=85),KDE,-0.12374,0.0,0.0,0.0,74
Rabies,freq_with_indel,SlidingTest(p=0.01),SlidingTest,-0.098907,0.0,0.0,0.0,50
Rabies,freq_with_indel,SlidingTest(p=0.05),SlidingTest,-0.109597,0.0,0.0,0.0,60
Rabies,freq_with_indel,GradPeak(p=0.2),GradPeak,-0.018786,0.0,0.0,0.0,2
Rabies,freq_with_indel,GradPeak(p=0.5),GradPeak,0.0,0.0,0.0,0.0,0
Rabies,freq_with_indel,LocalContrast(z=1.0),LocalContrast,-0.037499,0.051724,0.076923,0.061856,58
Rabies,freq_with_indel,LocalContrast(z=1.5),LocalContrast,-0.01107,0.069767,0.076923,0.073171,43
Rabies,freq_with_indel,LocalContrast(z=2.0),LocalContrast,0.025203,0.107143,0.076923,0.089552,28
Rabies,freq_with_indel,"CUSUM(d=0.3,h=3.0)",CUSUM,-0.022427,0.05,0.025641,0.033898,20
Rabies,freq_with_indel,"CUSUM(d=0.5,h=4.0)",CUSUM,0.002285,0.083333,0.025641,0.039216,12
Rabies,freq_with_indel,"CUSUM(d=0.5,h=5.0)",CUSUM,0.01601,0.111111,0.025641,0.041667,9
Rabies,freq_with_indel,AdaptiveKnee,AdaptiveKnee,-0.093583,0.029703,0.076923,0.042857,101
Rabies,freq_with_indel,ScoreDBSCAN(ep=8),ScoreDBSCAN,0.055557,0.088398,0.820513,0.159601,362
Rabies,freq_with_indel,ScoreDBSCAN(ep=15),ScoreDBSCAN,0.053761,0.085308,0.923077,0.156182,422
Rabies,freq_with_indel,Spectral(z=1.5),Spectral,-0.006987,0.073171,0.076923,0.075,41
Rabies,freq_with_indel,Spectral(z=2.0),Spectral,-0.037818,0.037037,0.025641,0.030303,27
Rabies,freq_with_indel,Bayes(prior=0.1),Bayes,0.0,0.0,0.0,0.0,0
Rabies,freq_with_indel,Bayes(prior=0.15),Bayes,-0.009695,0.068966,0.051282,0.058824,29
Rabies,freq_with_indel,AdaptWin(s=90),AdaptWin,-0.063604,0.033333,0.051282,0.040404,60
Rabies,freq_with_indel,AdaptWin(s=85),AdaptWin,-0.04454,0.054348,0.128205,0.076336,92
Rabies,freq_with_indel,FreqThresh(p=80),FreqThresh,-0.090151,0.030612,0.076923,0.043796,98
Rabies,freq_with_indel,FreqThresh(p=85),FreqThresh,-0.060584,0.040541,0.076923,0.053097,74
Rabies,freq_with_indel,FreqThresh(p=90),FreqThresh,-0.047545,0.040816,0.051282,0.045455,49
Rabies,freq_with_indel,FreqThresh(p=95),FreqThresh,0.000488,0.08,0.051282,0.0625,25
Rabies,freq_with_indel,"SWAN(w=10,k=1.0)",SWAN,-0.063604,0.033333,0.051282,0.040404,60
Rabies,freq_with_indel,"SWAN(w=10,k=1.5)",SWAN,-0.052143,0.038462,0.051282,0.043956,52
Rabies,freq_with_indel,"SWAN(w=10,k=2.0)",SWAN,-0.042746,0.043478,0.051282,0.047059,46
Rabies,freq_with_indel,"SWAN(w=20,k=1.0)",SWAN,-0.049513,0.045455,0.076923,0.057143,66
Rabies,freq_with_indel,"SWAN(w=20,k=1.5)",SWAN,-0.045969,0.041667,0.051282,0.045977,48
Rabies,freq_with_indel,"SWAN(w=20,k=2.0)",SWAN,-0.086283,0.0,0.0,0.0,39
Rabies,freq_with_indel,"SWAN(w=50,k=1.0)",SWAN,-0.087801,0.016393,0.025641,0.02,61
Rabies,freq_with_indel,"SWAN(w=50,k=1.5)",SWAN,-0.089839,0.0,0.0,0.0,42
Rabies,freq_with_indel,"SWAN(w=50,k=2.0)",SWAN,-0.089839,0.0,0.0,0.0,42
Rabies,freq_with_indel,MutClust-Orig(g=10),MutClust-Orig,-0.210639,0.046322,0.435897,0.083744,367
Rabies,entropy_with_indel,Wavelet(t=1.0),Wavelet,-0.108554,0.0,0.0,0.0,59
Rabies,entropy_with_indel,Wavelet(t=1.5),Wavelet,-0.092159,0.0,0.0,0.0,44
Rabies,entropy_with_indel,Wavelet(t=2.0),Wavelet,-0.077559,0.0,0.0,0.0,32
Rabies,entropy_with_indel,KDE(p=75),KDE,0.038765,0.097561,0.307692,0.148148,123
Rabies,entropy_with_indel,KDE(p=80),KDE,0.058879,0.111111,0.282051,0.15942,99
Rabies,entropy_with_indel,KDE(p=85),KDE,-0.12374,0.0,0.0,0.0,74
Rabies,entropy_with_indel,SlidingTest(p=0.01),SlidingTest,-0.100005,0.0,0.0,0.0,51
Rabies,entropy_with_indel,SlidingTest(p=0.05),SlidingTest,-0.107506,0.0,0.0,0.0,58
Rabies,entropy_with_indel,GradPeak(p=0.2),GradPeak,-0.027212,0.045455,0.025641,0.032787,22
Rabies,entropy_with_indel,GradPeak(p=0.5),GradPeak,0.035883,0.166667,0.025641,0.044444,6
Rabies,entropy_with_indel,LocalContrast(z=1.0),LocalContrast,-0.050943,0.044776,0.076923,0.056604,67
Rabies,entropy_with_indel,LocalContrast(z=1.5),LocalContrast,-0.016898,0.065217,0.076923,0.070588,46
Rabies,entropy_with_indel,LocalContrast(z=2.0),LocalContrast,0.028262,0.111111,0.076923,0.090909,27
Rabies,entropy_with_indel,"CUSUM(d=0.3,h=3.0)",CUSUM,-0.031659,0.041667,0.025641,0.031746,24
Rabies,entropy_with_indel,"CUSUM(d=0.5,h=4.0)",CUSUM,-0.046493,0.0,0.0,0.0,12
Rabies,entropy_with_indel,"CUSUM(d=0.5,h=5.0)",CUSUM,-0.040138,0.0,0.0,0.0,9
Rabies,entropy_with_indel,AdaptiveKnee,AdaptiveKnee,-0.087883,0.035714,0.102564,0.05298,112
Rabies,entropy_with_indel,ScoreDBSCAN(ep=8),ScoreDBSCAN,0.081415,0.095092,0.794872,0.169863,326
Rabies,entropy_with_indel,ScoreDBSCAN(ep=15),ScoreDBSCAN,0.060007,0.087065,0.897436,0.15873,402
Rabies,entropy_with_indel,Spectral(z=1.5),Spectral,-0.064359,0.023256,0.025641,0.02439,43
Rabies,entropy_with_indel,Spectral(z=2.0),Spectral,-0.076254,0.0,0.0,0.0,31
Rabies,entropy_with_indel,Bayes(prior=0.1),Bayes,0.0,0.0,0.0,0.0,0
Rabies,entropy_with_indel,Bayes(prior=0.15),Bayes,-0.040138,0.0,0.0,0.0,9
Rabies,entropy_with_indel,AdaptWin(s=90),AdaptWin,-0.052359,0.044118,0.076923,0.056075,68
Rabies,entropy_with_indel,AdaptWin(s=85),AdaptWin,-0.076187,0.045455,0.153846,0.070175,132
Rabies,entropy_with_indel,FreqThresh(p=80),FreqThresh,-0.090151,0.030612,0.076923,0.043796,98
Rabies,entropy_with_indel,FreqThresh(p=85),FreqThresh,-0.060584,0.040541,0.076923,0.053097,74
Rabies,entropy_with_indel,FreqThresh(p=90),FreqThresh,-0.047545,0.040816,0.051282,0.045455,49
Rabies,entropy_with_indel,FreqThresh(p=95),FreqThresh,-0.033774,0.04,0.025641,0.03125,25
Rabies,entropy_with_indel,"SWAN(w=10,k=1.0)",SWAN,-0.033608,0.057143,0.102564,0.073394,70
Rabies,entropy_with_indel,"SWAN(w=10,k=1.5)",SWAN,-0.034311,0.053571,0.076923,0.063158,56
Rabies,entropy_with_indel,"SWAN(w=10,k=2.0)",SWAN,-0.024194,0.06,0.076923,0.067416,50
Rabies,entropy_with_indel,"SWAN(w=20,k=1.0)",SWAN,-0.039532,0.054054,0.102564,0.070796,74
Rabies,entropy_with_indel,"SWAN(w=20,k=1.5)",SWAN,-0.022613,0.063492,0.102564,0.078431,63
Rabies,entropy_with_indel,"SWAN(w=20,k=2.0)",SWAN,-0.089839,0.0,0.0,0.0,42
Rabies,entropy_with_indel,"SWAN(w=50,k=1.0)",SWAN,-0.097105,0.014493,0.025641,0.018519,69
Rabies,entropy_with_indel,"SWAN(w=50,k=1.5)",SWAN,-0.093674,0.015152,0.025641,0.019048,66
Rabies,entropy_with_indel,"SWAN(w=50,k=2.0)",SWAN,-0.09557,0.0,0.0,0.0,47
Rabies,entropy_with_indel,MutClust-Orig(g=10),MutClust-Orig,0.01327,0.079592,1.0,0.147448,490
Rabies,fubar,Wavelet(t=1.0),Wavelet,-0.039532,0.054054,0.102564,0.070796,74
Rabies,fubar,Wavelet(t=1.5),Wavelet,-0.047545,0.040816,0.051282,0.045455,49
Rabies,fubar,Wavelet(t=2.0),Wavelet,-0.073594,0.0,0.0,0.0,29
Rabies,fubar,KDE(p=75),KDE,0.108293,0.130081,0.410256,0.197531,123
Rabies,fubar,KDE(p=80),KDE,0.133968,0.151515,0.384615,0.217391,99
Rabies,fubar,KDE(p=85),KDE,0.086781,0.135135,0.25641,0.176991,74
Rabies,fubar,SlidingTest(p=0.01),SlidingTest,0.002712,0.081633,0.102564,0.090909,49
Rabies,fubar,SlidingTest(p=0.05),SlidingTest,-0.022613,0.063492,0.102564,0.078431,63
Rabies,fubar,GradPeak(p=0.2),GradPeak,0.0,0.0,0.0,0.0,0
Rabies,fubar,GradPeak(p=0.5),GradPeak,0.0,0.0,0.0,0.0,0
Rabies,fubar,LocalContrast(z=1.0),LocalContrast,-0.042746,0.043478,0.051282,0.047059,46
Rabies,fubar,LocalContrast(z=1.5),LocalContrast,-0.055323,0.027027,0.025641,0.026316,37
Rabies,fubar,LocalContrast(z=2.0),LocalContrast,-0.050453,0.029412,0.025641,0.027397,34
Rabies,fubar,"CUSUM(d=0.3,h=3.0)",CUSUM,-0.044467,0.0,0.0,0.0,11
Rabies,fubar,"CUSUM(d=0.5,h=4.0)",CUSUM,-0.040138,0.0,0.0,0.0,9
Rabies,fubar,"CUSUM(d=0.5,h=5.0)",CUSUM,-0.035326,0.0,0.0,0.0,7
Rabies,fubar,AdaptiveKnee,AdaptiveKnee,-0.065789,0.022727,0.025641,0.024096,44
Rabies,fubar,ScoreDBSCAN(ep=8),ScoreDBSCAN,0.090176,0.088785,0.974359,0.162741,428
Rabies,fubar,ScoreDBSCAN(ep=15),ScoreDBSCAN,0.082624,0.085714,1.0,0.157895,455
Rabies,fubar,Spectral(z=1.5),Spectral,-0.080121,0.0,0.0,0.0,34
Rabies,fubar,Spectral(z=2.0),Spectral,-0.065118,0.0,0.0,0.0,23
Rabies,fubar,Bayes(prior=0.1),Bayes,-0.055629,0.0,0.0,0.0,17
Rabies,fubar,Bayes(prior=0.15),Bayes,-0.074933,0.0,0.0,0.0,30
Rabies,fubar,AdaptWin(s=90),AdaptWin,-0.077908,0.018868,0.025641,0.021739,53
Rabies,fubar,AdaptWin(s=85),AdaptWin,-0.110268,0.012346,0.025641,0.016667,81
Rabies,fubar,FreqThresh(p=80),FreqThresh,-0.071307,0.040816,0.102564,0.058394,98
Rabies,fubar,FreqThresh(p=85),FreqThresh,-0.102688,0.013514,0.025641,0.017699,74
Rabies,fubar,FreqThresh(p=90),FreqThresh,-0.072674,0.020408,0.025641,0.022727,49
Rabies,fubar,FreqThresh(p=95),FreqThresh,-0.068036,0.0,0.0,0.0,25
Rabies,fubar,"SWAN(w=10,k=1.0)",SWAN,-0.082624,0.0,0.0,0.0,36
Rabies,fubar,"SWAN(w=10,k=1.5)",SWAN,-0.080121,0.0,0.0,0.0,34
Rabies,fubar,"SWAN(w=10,k=2.0)",SWAN,-0.06659,0.0,0.0,0.0,24
Rabies,fubar,"SWAN(w=20,k=1.0)",SWAN,-0.062909,0.02381,0.025641,0.024691,42
Rabies,fubar,"SWAN(w=20,k=1.5)",SWAN,-0.053729,0.027778,0.025641,0.026667,36
Rabies,fubar,"SWAN(w=20,k=2.0)",SWAN,-0.074933,0.0,0.0,0.0,30
Rabies,fubar,"SWAN(w=50,k=1.0)",SWAN,-0.055323,0.027027,0.025641,0.026316,37
Rabies,fubar,"SWAN(w=50,k=1.5)",SWAN,-0.055323,0.027027,0.025641,0.026316,37
Rabies,fubar,"SWAN(w=50,k=2.0)",SWAN,-0.072236,0.0,0.0,0.0,28
Rabies,fubar,MutClust-Orig(g=10),MutClust-Orig,-0.093064,0.047619,0.230769,0.078947,189
EV-A71,freq,Wavelet(t=1.0),Wavelet,-0.042919,0.073171,0.111111,0.088235,41
EV-A71,freq,Wavelet(t=1.5),Wavelet,-0.032764,0.074074,0.074074,0.074074,27
EV-A71,freq,Wavelet(t=2.0),Wavelet,-0.056391,0.0,0.0,0.0,7
EV-A71,freq,KDE(p=75),KDE,-0.197619,0.0,0.0,0.0,66
EV-A71,freq,KDE(p=80),KDE,-0.171467,0.0,0.0,0.0,53
EV-A71,freq,KDE(p=85),KDE,-0.144513,0.0,0.0,0.0,40
EV-A71,freq,SlidingTest(p=0.01),SlidingTest,-0.089661,0.0,0.0,0.0,17
EV-A71,freq,SlidingTest(p=0.05),SlidingTest,-0.05352,0.060606,0.074074,0.066667,33
EV-A71,freq,GradPeak(p=0.2),GradPeak,0.0,0.0,0.0,0.0,0
EV-A71,freq,GradPeak(p=0.5),GradPeak,0.0,0.0,0.0,0.0,0
EV-A71,freq,LocalContrast(z=1.0),LocalContrast,0.044034,0.15,0.111111,0.12766,20
EV-A71,freq,LocalContrast(z=1.5),LocalContrast,0.07053,0.1875,0.111111,0.139535,16
EV-A71,freq,LocalContrast(z=2.0),LocalContrast,0.086647,0.214286,0.111111,0.146341,14
EV-A71,freq,"CUSUM(d=0.3,h=3.0)",CUSUM,-0.042378,0.0,0.0,0.0,4
EV-A71,freq,"CUSUM(d=0.5,h=4.0)",CUSUM,-0.02985,0.0,0.0,0.0,2
EV-A71,freq,"CUSUM(d=0.5,h=5.0)",CUSUM,-0.02985,0.0,0.0,0.0,2
EV-A71,freq,AdaptiveKnee,AdaptiveKnee,-0.003262,0.1,0.074074,0.085106,20
EV-A71,freq,ScoreDBSCAN(ep=8),ScoreDBSCAN,0.042902,0.114865,0.62963,0.194286,148
EV-A71,freq,ScoreDBSCAN(ep=15),ScoreDBSCAN,0.032548,0.111842,0.62963,0.189944,152
EV-A71,freq,Spectral(z=1.5),Spectral,-0.025031,0.071429,0.037037,0.04878,14
EV-A71,freq,Spectral(z=2.0),Spectral,-0.00226,0.1,0.037037,0.054054,10
EV-A71,freq,Bayes(prior=0.1),Bayes,0.012584,0.125,0.037037,0.057143,8
EV-A71,freq,Bayes(prior=0.15),Bayes,-0.008637,0.090909,0.037037,0.052632,11
EV-A71,freq,AdaptWin(s=90),AdaptWin,-0.007975,0.095238,0.074074,0.083333,21
EV-A71,freq,AdaptWin(s=85),AdaptWin,-0.02985,0.081081,0.111111,0.09375,37
EV-A71,freq,FreqThresh(p=80),FreqThresh,-0.01854,0.090909,0.148148,0.112676,44
EV-A71,freq,FreqThresh(p=85),FreqThresh,-0.028971,0.076923,0.074074,0.075472,26
EV-A71,freq,FreqThresh(p=90),FreqThresh,-0.003262,0.1,0.074074,0.085106,20
EV-A71,freq,FreqThresh(p=95),FreqThresh,0.004755,0.111111,0.037037,0.055556,9
EV-A71,freq,"SWAN(w=10,k=1.0)",SWAN,-0.025031,0.071429,0.037037,0.04878,14
EV-A71,freq,"SWAN(w=10,k=1.5)",SWAN,-0.07457,0.0,0.0,0.0,12
EV-A71,freq,"SWAN(w=10,k=2.0)",SWAN,-0.07457,0.0,0.0,0.0,12
EV-A71,freq,"SWAN(w=20,k=1.0)",SWAN,-0.083879,0.0,0.0,0.0,15
EV-A71,freq,"SWAN(w=20,k=1.5)",SWAN,-0.083879,0.0,0.0,0.0,15
EV-A71,freq,"SWAN(w=20,k=2.0)",SWAN,-0.07457,0.0,0.0,0.0,12
EV-A71,freq,"SWAN(w=50,k=1.0)",SWAN,-0.097854,0.0,0.0,0.0,20
EV-A71,freq,"SWAN(w=50,k=1.5)",SWAN,-0.089661,0.0,0.0,0.0,17
EV-A71,freq,"SWAN(w=50,k=2.0)",SWAN,-0.086806,0.0,0.0,0.0,16
EV-A71,freq,MutClust-Orig(g=10),MutClust-Orig,-0.151307,0.017241,0.037037,0.023529,58
EV-A71,entropy,Wavelet(t=1.0),Wavelet,-0.083033,0.046512,0.074074,0.057143,43
EV-A71,entropy,Wavelet(t=1.5),Wavelet,-0.088621,0.03125,0.037037,0.033898,32
EV-A71,entropy,Wavelet(t=2.0),Wavelet,-0.054227,0.047619,0.037037,0.041667,21
EV-A71,entropy,KDE(p=75),KDE,-0.197619,0.0,0.0,0.0,66
EV-A71,entropy,KDE(p=80),KDE,-0.171467,0.0,0.0,0.0,53
EV-A71,entropy,KDE(p=85),KDE,-0.144513,0.0,0.0,0.0,40
EV-A71,entropy,SlidingTest(p=0.01),SlidingTest,-0.09245,0.0,0.0,0.0,18
EV-A71,entropy,SlidingTest(p=0.05),SlidingTest,-0.105596,0.0,0.0,0.0,23
EV-A71,entropy,GradPeak(p=0.2),GradPeak,0.199424,0.666667,0.074074,0.133333,3
EV-A71,entropy,GradPeak(p=0.5),GradPeak,0.0,0.0,0.0,0.0,0
EV-A71,entropy,LocalContrast(z=1.0),LocalContrast,0.038278,0.142857,0.111111,0.125,21
EV-A71,entropy,LocalContrast(z=1.5),LocalContrast,0.07053,0.1875,0.111111,0.139535,16
EV-A71,entropy,LocalContrast(z=2.0),LocalContrast,0.078287,0.2,0.111111,0.142857,15
EV-A71,entropy,"CUSUM(d=0.3,h=3.0)",CUSUM,-0.052105,0.0,0.0,0.0,6
EV-A71,entropy,"CUSUM(d=0.5,h=4.0)",CUSUM,-0.042378,0.0,0.0,0.0,4
EV-A71,entropy,"CUSUM(d=0.5,h=5.0)",CUSUM,-0.036629,0.0,0.0,0.0,3
EV-A71,entropy,AdaptiveKnee,AdaptiveKnee,-0.032764,0.074074,0.074074,0.074074,27
EV-A71,entropy,ScoreDBSCAN(ep=8),ScoreDBSCAN,-0.006953,0.101449,0.518519,0.169697,138
EV-A71,entropy,ScoreDBSCAN(ep=15),ScoreDBSCAN,0.037732,0.113333,0.62963,0.19209,150
EV-A71,entropy,Spectral(z=1.5),Spectral,0.024232,0.133333,0.074074,0.095238,15
EV-A71,entropy,Spectral(z=2.0),Spectral,-0.00226,0.1,0.037037,0.054054,10
EV-A71,entropy,Bayes(prior=0.1),Bayes,0.012584,0.125,0.037037,0.057143,8
EV-A71,entropy,Bayes(prior=0.15),Bayes,-0.019941,0.076923,0.037037,0.05,13
EV-A71,entropy,AdaptWin(s=90),AdaptWin,-0.016834,0.086957,0.074074,0.08,23
EV-A71,entropy,AdaptWin(s=85),AdaptWin,-0.004817,0.1,0.148148,0.119403,40
EV-A71,entropy,FreqThresh(p=80),FreqThresh,-0.015664,0.090909,0.111111,0.1,33
EV-A71,entropy,FreqThresh(p=85),FreqThresh,-0.02506,0.08,0.074074,0.076923,25
EV-A71,entropy,FreqThresh(p=90),FreqThresh,-0.038677,0.058824,0.037037,0.045455,17
EV-A71,entropy,FreqThresh(p=95),FreqThresh,0.004755,0.111111,0.037037,0.055556,9
EV-A71,entropy,"SWAN(w=10,k=1.0)",SWAN,0.026454,0.125,0.148148,0.135593,32
EV-A71,entropy,"SWAN(w=10,k=1.5)",SWAN,0.049858,0.148148,0.148148,0.148148,27
EV-A71,entropy,"SWAN(w=10,k=2.0)",SWAN,-0.09245,0.0,0.0,0.0,18
EV-A71,entropy,"SWAN(w=20,k=1.0)",SWAN,-0.059836,0.057143,0.074074,0.064516,35
EV-A71,entropy,"SWAN(w=20,k=1.5)",SWAN,-0.108095,0.0,0.0,0.0,24
EV-A71,entropy,"SWAN(w=20,k=2.0)",SWAN,-0.105596,0.0,0.0,0.0,23
EV-A71,entropy,"SWAN(w=50,k=1.0)",SWAN,-0.135873,0.0,0.0,0.0,36
EV-A71,entropy,"SWAN(w=50,k=1.5)",SWAN,-0.124707,0.0,0.0,0.0,31
EV-A71,entropy,"SWAN(w=50,k=2.0)",SWAN,-0.122413,0.0,0.0,0.0,30
EV-A71,entropy,MutClust-Orig(g=10),MutClust-Orig,-0.002621,0.10274,0.555556,0.17341,146
EV-A71,rare_freq,Wavelet(t=1.0),Wavelet,-0.133676,0.0,0.0,0.0,35
EV-A71,rare_freq,Wavelet(t=1.5),Wavelet,-0.122413,0.0,0.0,0.0,30
EV-A71,rare_freq,Wavelet(t=2.0),Wavelet,-0.108095,0.0,0.0,0.0,24
EV-A71,rare_freq,KDE(p=75),KDE,-0.197619,0.0,0.0,0.0,66
EV-A71,rare_freq,KDE(p=80),KDE,-0.171467,0.0,0.0,0.0,53
EV-A71,rare_freq,KDE(p=85),KDE,-0.144513,0.0,0.0,0.0,40
EV-A71,rare_freq,SlidingTest(p=0.01),SlidingTest,-0.115385,0.0,0.0,0.0,27
EV-A71,rare_freq,SlidingTest(p=0.05),SlidingTest,-0.088621,0.03125,0.037037,0.033898,32
EV-A71,rare_freq,GradPeak(p=0.2),GradPeak,0.0,0.0,0.0,0.0,0
EV-A71,rare_freq,GradPeak(p=0.5),GradPeak,0.0,0.0,0.0,0.0,0
EV-A71,rare_freq,LocalContrast(z=1.0),LocalContrast,0.030107,0.125,0.185185,0.149254,40
EV-A71,rare_freq,LocalContrast(z=1.5),LocalContrast,0.032792,0.136364,0.111111,0.122449,22
EV-A71,rare_freq,LocalContrast(z=2.0),LocalContrast,0.045571,0.166667,0.074074,0.102564,12
EV-A71,rare_freq,"CUSUM(d=0.3,h=3.0)",CUSUM,-0.071253,0.0,0.0,0.0,11
EV-A71,rare_freq,"CUSUM(d=0.5,h=4.0)",CUSUM,-0.047472,0.0,0.0,0.0,5
EV-A71,rare_freq,"CUSUM(d=0.5,h=5.0)",CUSUM,-0.036629,0.0,0.0,0.0,3
EV-A71,rare_freq,AdaptiveKnee,AdaptiveKnee,0.062879,0.136364,0.333333,0.193548,66
EV-A71,rare_freq,ScoreDBSCAN(ep=8),ScoreDBSCAN,-0.065737,0.080357,0.333333,0.129496,112
EV-A71,rare_freq,ScoreDBSCAN(ep=15),ScoreDBSCAN,-0.036441,0.092308,0.444444,0.152866,130
EV-A71,rare_freq,Spectral(z=1.5),Spectral,0.050094,0.157895,0.111111,0.130435,19
EV-A71,rare_freq,Spectral(z=2.0),Spectral,0.073704,0.222222,0.074074,0.111111,9
EV-A71,rare_freq,Bayes(prior=0.1),Bayes,0.0,0.0,0.0,0.0,0
EV-A71,rare_freq,Bayes(prior=0.15),Bayes,-0.064194,0.0,0.0,0.0,9
EV-A71,rare_freq,AdaptWin(s=90),AdaptWin,-0.02985,0.081081,0.111111,0.09375,37
EV-A71,rare_freq,AdaptWin(s=85),AdaptWin,-0.036506,0.076923,0.111111,0.090909,39
EV-A71,rare_freq,FreqThresh(p=80),FreqThresh,0.048668,0.136364,0.222222,0.169014,44
EV-A71,rare_freq,FreqThresh(p=85),FreqThresh,-0.02506,0.08,0.074074,0.076923,25
EV-A71,rare_freq,FreqThresh(p=90),FreqThresh,-0.02506,0.08,0.074074,0.076923,25
EV-A71,rare_freq,FreqThresh(p=95),FreqThresh,-0.064194,0.0,0.0,0.0,9
EV-A71,rare_freq,"SWAN(w=10,k=1.0)",SWAN,-0.018206,0.092593,0.185185,0.123457,54
EV-A71,rare_freq,"SWAN(w=10,k=1.5)",SWAN,-0.02642,0.083333,0.111111,0.095238,36
EV-A71,rare_freq,"SWAN(w=10,k=2.0)",SWAN,-0.008046,0.096774,0.111111,0.103448,31
EV-A71,rare_freq,"SWAN(w=20,k=1.0)",SWAN,-0.025048,0.086957,0.148148,0.109589,46
EV-A71,rare_freq,"SWAN(w=20,k=1.5)",SWAN,-0.039741,0.075,0.111111,0.089552,40
EV-A71,rare_freq,"SWAN(w=20,k=2.0)",SWAN,-0.115385,0.0,0.0,0.0,27
EV-A71,rare_freq,"SWAN(w=50,k=1.0)",SWAN,-0.138055,0.0,0.0,0.0,37
EV-A71,rare_freq,"SWAN(w=50,k=1.5)",SWAN,-0.138055,0.0,0.0,0.0,37
EV-A71,rare_freq,"SWAN(w=50,k=2.0)",SWAN,-0.138055,0.0,0.0,0.0,37
EV-A71,rare_freq,MutClust-Orig(g=10),MutClust-Orig,0.0,0.0,0.0,0.0,0
EV-A71,homoplasy,Wavelet(t=1.0),Wavelet,-0.076638,0.0625,0.148148,0.087912,64
EV-A71,homoplasy,Wavelet(t=1.5),Wavelet,-0.131462,0.0,0.0,0.0,34
EV-A71,homoplasy,Wavelet(t=2.0),Wavelet,0.0,0.0,0.0,0.0,0
EV-A71,homoplasy,KDE(p=75),KDE,0.00499,0.106061,0.259259,0.150538,66
EV-A71,homoplasy,KDE(p=80),KDE,-0.015098,0.09434,0.185185,0.125,53
EV-A71,homoplasy,KDE(p=85),KDE,0.030107,0.125,0.185185,0.149254,40
EV-A71,homoplasy,SlidingTest(p=0.01),SlidingTest,-0.103059,0.0,0.0,0.0,22
EV-A71,homoplasy,SlidingTest(p=0.05),SlidingTest,-0.115385,0.0,0.0,0.0,27
EV-A71,homoplasy,GradPeak(p=0.2),GradPeak,0.0,0.0,0.0,0.0,0
EV-A71,homoplasy,GradPeak(p=0.5),GradPeak,0.0,0.0,0.0,0.0,0
EV-A71,homoplasy,LocalContrast(z=1.0),LocalContrast,0.166818,0.25,0.259259,0.254545,28
EV-A71,homoplasy,LocalContrast(z=1.5),LocalContrast,0.114274,0.235294,0.148148,0.181818,17
EV-A71,homoplasy,LocalContrast(z=2.0),LocalContrast,0.116595,0.272727,0.111111,0.157895,11
EV-A71,homoplasy,"CUSUM(d=0.3,h=3.0)",CUSUM,0.142653,0.333333,0.111111,0.166667,9
EV-A71,homoplasy,"CUSUM(d=0.5,h=4.0)",CUSUM,0.060035,0.25,0.037037,0.064516,4
EV-A71,homoplasy,"CUSUM(d=0.5,h=5.0)",CUSUM,-0.036629,0.0,0.0,0.0,3
EV-A71,homoplasy,AdaptiveKnee,AdaptiveKnee,0.097902,0.181818,0.222222,0.2,33
EV-A71,homoplasy,ScoreDBSCAN(ep=8),ScoreDBSCAN,-0.10317,0.091703,0.777778,0.164063,229
EV-A71,homoplasy,ScoreDBSCAN(ep=15),ScoreDBSCAN,-0.194363,0.091633,0.851852,0.165468,251
EV-A71,homoplasy,Spectral(z=1.5),Spectral,0.095719,0.230769,0.111111,0.15,13
EV-A71,homoplasy,Spectral(z=2.0),Spectral,0.158558,0.375,0.111111,0.171429,8
EV-A71,homoplasy,Bayes(prior=0.1),Bayes,0.0,0.0,0.0,0.0,0
EV-A71,homoplasy,Bayes(prior=0.15),Bayes,0.0,0.0,0.0,0.0,0
EV-A71,homoplasy,AdaptWin(s=90),AdaptWin,0.021066,0.103846,1.0,0.188153,260
EV-A71,homoplasy,AdaptWin(s=85),AdaptWin,0.021066,0.103846,1.0,0.188153,260
EV-A71,homoplasy,FreqThresh(p=80),FreqThresh,0.071267,0.135802,0.407407,0.203704,81
EV-A71,homoplasy,FreqThresh(p=85),FreqThresh,0.098543,0.166667,0.296296,0.213333,48
EV-A71,homoplasy,FreqThresh(p=90),FreqThresh,0.097902,0.181818,0.222222,0.2,33
EV-A71,homoplasy,FreqThresh(p=95),FreqThresh,0.095719,0.230769,0.111111,0.15,13
EV-A71,homoplasy,"SWAN(w=10,k=1.0)",SWAN,0.04479,0.133333,0.222222,0.166667,45
EV-A71,homoplasy,"SWAN(w=10,k=1.5)",SWAN,0.018044,0.117647,0.148148,0.131148,34
EV-A71,homoplasy,"SWAN(w=10,k=2.0)",SWAN,-0.067809,0.04,0.037037,0.038462,25
EV-A71,homoplasy,"SWAN(w=20,k=1.0)",SWAN,0.018712,0.116279,0.185185,0.142857,43
EV-A71,homoplasy,"SWAN(w=20,k=1.5)",SWAN,0.018044,0.117647,0.148148,0.131148,34
EV-A71,homoplasy,"SWAN(w=20,k=2.0)",SWAN,-0.112987,0.0,0.0,0.0,26
EV-A71,homoplasy,"SWAN(w=50,k=1.0)",SWAN,-0.133676,0.0,0.0,0.0,35
EV-A71,homoplasy,"SWAN(w=50,k=1.5)",SWAN,-0.133676,0.0,0.0,0.0,35
EV-A71,homoplasy,"SWAN(w=50,k=2.0)",SWAN,-0.133676,0.0,0.0,0.0,35
EV-A71,homoplasy,MutClust-Orig(g=10),MutClust-Orig,0.021066,0.103846,1.0,0.188153,260
EV-A71,esm2_llr,Wavelet(t=1.0),Wavelet,-0.126979,0.0,0.0,0.0,32
EV-A71,esm2_llr,Wavelet(t=1.5),Wavelet,-0.117754,0.0,0.0,0.0,28
EV-A71,esm2_llr,Wavelet(t=2.0),Wavelet,-0.103059,0.0,0.0,0.0,22
EV-A71,esm2_llr,KDE(p=75),KDE,-0.197619,0.0,0.0,0.0,66
EV-A71,esm2_llr,KDE(p=80),KDE,-0.171467,0.0,0.0,0.0,53
EV-A71,esm2_llr,KDE(p=85),KDE,-0.144513,0.0,0.0,0.0,40
EV-A71,esm2_llr,SlidingTest(p=0.01),SlidingTest,-0.124707,0.0,0.0,0.0,31
EV-A71,esm2_llr,SlidingTest(p=0.05),SlidingTest,-0.126979,0.0,0.0,0.0,32
EV-A71,esm2_llr,GradPeak(p=0.2),GradPeak,0.114424,0.5,0.037037,0.068966,2
EV-A71,esm2_llr,GradPeak(p=0.5),GradPeak,-0.021066,0.0,0.0,0.0,1
EV-A71,esm2_llr,LocalContrast(z=1.0),LocalContrast,-0.003262,0.1,0.074074,0.085106,20
EV-A71,esm2_llr,LocalContrast(z=1.5),LocalContrast,0.012306,0.117647,0.074074,0.090909,17
EV-A71,esm2_llr,LocalContrast(z=2.0),LocalContrast,0.030808,0.142857,0.074074,0.097561,14
EV-A71,esm2_llr,"CUSUM(d=0.3,h=3.0)",CUSUM,-0.047472,0.0,0.0,0.0,5
EV-A71,esm2_llr,"CUSUM(d=0.5,h=4.0)",CUSUM,-0.036629,0.0,0.0,0.0,3
EV-A71,esm2_llr,"CUSUM(d=0.5,h=5.0)",CUSUM,-0.02985,0.0,0.0,0.0,2
EV-A71,esm2_llr,AdaptiveKnee,AdaptiveKnee,-0.046755,0.052632,0.037037,0.043478,19
EV-A71,esm2_llr,ScoreDBSCAN(ep=8),ScoreDBSCAN,0.00226,0.103586,0.962963,0.18705,251
EV-A71,esm2_llr,ScoreDBSCAN(ep=15),ScoreDBSCAN,-0.012584,0.102767,0.962963,0.185714,253
EV-A71,esm2_llr,Spectral(z=1.5),Spectral,0.004755,0.111111,0.037037,0.055556,9
EV-A71,esm2_llr,Spectral(z=2.0),Spectral,-0.060403,0.0,0.0,0.0,8
EV-A71,esm2_llr,Bayes(prior=0.1),Bayes,0.044307,0.2,0.037037,0.0625,5
EV-A71,esm2_llr,Bayes(prior=0.15),Bayes,-0.029824,0.066667,0.037037,0.047619,15
EV-A71,esm2_llr,AdaptWin(s=90),AdaptWin,0.022191,0.121212,0.148148,0.133333,33
EV-A71,esm2_llr,AdaptWin(s=85),AdaptWin,0.126646,0.183673,0.333333,0.236842,49
EV-A71,esm2_llr,FreqThresh(p=80),FreqThresh,0.172545,0.207547,0.407407,0.275,53
EV-A71,esm2_llr,FreqThresh(p=85),FreqThresh,0.030107,0.125,0.185185,0.149254,40
EV-A71,esm2_llr,FreqThresh(p=90),FreqThresh,0.049858,0.148148,0.148148,0.148148,27
EV-A71,esm2_llr,FreqThresh(p=95),FreqThresh,-0.025031,0.071429,0.037037,0.04878,14
EV-A71,esm2_llr,"SWAN(w=10,k=1.0)",SWAN,-0.103059,0.0,0.0,0.0,22
EV-A71,esm2_llr,"SWAN(w=10,k=1.5)",SWAN,-0.09245,0.0,0.0,0.0,18
EV-A71,esm2_llr,"SWAN(w=10,k=2.0)",SWAN,-0.09245,0.0,0.0,0.0,18
EV-A71,esm2_llr,"SWAN(w=20,k=1.0)",SWAN,-0.09245,0.0,0.0,0.0,18
EV-A71,esm2_llr,"SWAN(w=20,k=1.5)",SWAN,-0.09245,0.0,0.0,0.0,18
EV-A71,esm2_llr,"SWAN(w=20,k=2.0)",SWAN,-0.09245,0.0,0.0,0.0,18
EV-A71,esm2_llr,"SWAN(w=50,k=1.0)",SWAN,-0.095179,0.0,0.0,0.0,19
EV-A71,esm2_llr,"SWAN(w=50,k=1.5)",SWAN,-0.095179,0.0,0.0,0.0,19
EV-A71,esm2_llr,"SWAN(w=50,k=2.0)",SWAN,-0.095179,0.0,0.0,0.0,19
EV-A71,esm2_llr,MutClust-Orig(g=10),MutClust-Orig,0.071235,0.124088,0.62963,0.207317,137
EV-A71,plddt_inv,Wavelet(t=1.0),Wavelet,-0.144513,0.0,0.0,0.0,40
EV-A71,plddt_inv,Wavelet(t=1.5),Wavelet,-0.126979,0.0,0.0,0.0,32
EV-A71,plddt_inv,Wavelet(t=2.0),Wavelet,-0.103059,0.0,0.0,0.0,22
EV-A71,plddt_inv,KDE(p=75),KDE,-0.197619,0.0,0.0,0.0,66
EV-A71,plddt_inv,KDE(p=80),KDE,-0.171467,0.0,0.0,0.0,53
EV-A71,plddt_inv,KDE(p=85),KDE,-0.144513,0.0,0.0,0.0,40
EV-A71,plddt_inv,SlidingTest(p=0.01),SlidingTest,0.075065,0.140845,0.37037,0.204082,71
EV-A71,plddt_inv,SlidingTest(p=0.05),SlidingTest,0.080556,0.141026,0.407407,0.209524,78
EV-A71,plddt_inv,GradPeak(p=0.2),GradPeak,0.08453,0.190476,0.148148,0.166667,21
EV-A71,plddt_inv,GradPeak(p=0.5),GradPeak,0.106146,0.222222,0.148148,0.177778,18
EV-A71,plddt_inv,LocalContrast(z=1.0),LocalContrast,0.179887,0.25,0.296296,0.271186,32
EV-A71,plddt_inv,LocalContrast(z=1.5),LocalContrast,0.063281,0.2,0.074074,0.108108,10
EV-A71,plddt_inv,LocalContrast(z=2.0),LocalContrast,-0.02985,0.0,0.0,0.0,2
EV-A71,plddt_inv,"CUSUM(d=0.3,h=3.0)",CUSUM,0.116309,0.217391,0.185185,0.2,23
EV-A71,plddt_inv,"CUSUM(d=0.5,h=4.0)",CUSUM,0.086647,0.214286,0.111111,0.146341,14
EV-A71,plddt_inv,"CUSUM(d=0.5,h=5.0)",CUSUM,0.053979,0.181818,0.074074,0.105263,11
EV-A71,plddt_inv,AdaptiveKnee,AdaptiveKnee,0.229672,0.16129,0.925926,0.274725,155
EV-A71,plddt_inv,ScoreDBSCAN(ep=8),ScoreDBSCAN,-0.056337,0.093264,0.666667,0.163636,193
EV-A71,plddt_inv,ScoreDBSCAN(ep=15),ScoreDBSCAN,0.003262,0.103734,0.925926,0.186567,241
EV-A71,plddt_inv,Spectral(z=1.5),Spectral,-0.008637,0.090909,0.037037,0.052632,11
EV-A71,plddt_inv,Spectral(z=2.0),Spectral,0.031842,0.166667,0.037037,0.060606,6
EV-A71,plddt_inv,Bayes(prior=0.1),Bayes,0.0,0.0,0.0,0.0,0
EV-A71,plddt_inv,Bayes(prior=0.15),Bayes,0.0,0.0,0.0,0.0,0
EV-A71,plddt_inv,AdaptWin(s=90),AdaptWin,0.150597,0.166667,0.555556,0.25641,90
EV-A71,plddt_inv,AdaptWin(s=85),AdaptWin,0.112192,0.142857,0.592593,0.230216,112
EV-A71,plddt_inv,FreqThresh(p=80),FreqThresh,0.036987,0.125,0.259259,0.168675,56
EV-A71,plddt_inv,FreqThresh(p=85),FreqThresh,-0.008345,0.097561,0.148148,0.117647,41
EV-A71,plddt_inv,FreqThresh(p=90),FreqThresh,-0.028971,0.076923,0.074074,0.075472,26
EV-A71,plddt_inv,FreqThresh(p=95),FreqThresh,-0.089661,0.0,0.0,0.0,17
EV-A71,plddt_inv,"SWAN(w=10,k=1.0)",SWAN,0.161395,0.168421,0.592593,0.262295,95
EV-A71,plddt_inv,"SWAN(w=10,k=1.5)",SWAN,0.161395,0.168421,0.592593,0.262295,95
EV-A71,plddt_inv,"SWAN(w=10,k=2.0)",SWAN,0.164476,0.170213,0.592593,0.264463,94
EV-A71,plddt_inv,"SWAN(w=20,k=1.0)",SWAN,0.039047,0.119565,0.407407,0.184874,92
EV-A71,plddt_inv,"SWAN(w=20,k=1.5)",SWAN,0.044723,0.122222,0.407407,0.188034,90
EV-A71,plddt_inv,"SWAN(w=20,k=2.0)",SWAN,0.047588,0.123596,0.407407,0.189655,89
EV-A71,plddt_inv,"SWAN(w=50,k=1.0)",SWAN,0.171535,0.165138,0.666667,0.264706,109
EV-A71,plddt_inv,"SWAN(w=50,k=1.5)",SWAN,-0.089391,0.0625,0.185185,0.093458,80
EV-A71,plddt_inv,"SWAN(w=50,k=2.0)",SWAN,-0.089391,0.0625,0.185185,0.093458,80
EV-A71,plddt_inv,MutClust-Orig(g=10),MutClust-Orig,0.036629,0.104651,1.0,0.189474,258
EV-A71,sasa,Wavelet(t=1.0),Wavelet,-0.148757,0.0,0.0,0.0,42
EV-A71,sasa,Wavelet(t=1.5),Wavelet,-0.12923,0.0,0.0,0.0,33
EV-A71,sasa,Wavelet(t=2.0),Wavelet,-0.10048,0.0,0.0,0.0,21
EV-A71,sasa,KDE(p=75),KDE,-0.197619,0.0,0.0,0.0,66
EV-A71,sasa,KDE(p=80),KDE,-0.171467,0.0,0.0,0.0,53
EV-A71,sasa,KDE(p=85),KDE,-0.144513,0.0,0.0,0.0,40
EV-A71,sasa,SlidingTest(p=0.01),SlidingTest,-0.094562,0.056338,0.148148,0.081633,71
EV-A71,sasa,SlidingTest(p=0.05),SlidingTest,-0.002753,0.102273,0.333333,0.156522,88
EV-A71,sasa,GradPeak(p=0.2),GradPeak,0.211603,0.444444,0.148148,0.222222,9
EV-A71,sasa,GradPeak(p=0.5),GradPeak,0.182574,1.0,0.037037,0.071429,1
EV-A71,sasa,LocalContrast(z=1.0),LocalContrast,0.107024,0.173913,0.296296,0.219178,46
EV-A71,sasa,LocalContrast(z=1.5),LocalContrast,0.066058,0.166667,0.148148,0.156863,24
EV-A71,sasa,LocalContrast(z=2.0),LocalContrast,0.073704,0.222222,0.074074,0.111111,9
EV-A71,sasa,"CUSUM(d=0.3,h=3.0)",CUSUM,0.053979,0.181818,0.074074,0.105263,11
EV-A71,sasa,"CUSUM(d=0.5,h=4.0)",CUSUM,-0.047472,0.0,0.0,0.0,5
EV-A71,sasa,"CUSUM(d=0.5,h=5.0)",CUSUM,0.060035,0.25,0.037037,0.064516,4
EV-A71,sasa,AdaptiveKnee,AdaptiveKnee,0.078355,0.162162,0.222222,0.1875,37
EV-A71,sasa,ScoreDBSCAN(ep=8),ScoreDBSCAN,-0.047787,0.084211,0.296296,0.131148,95
EV-A71,sasa,ScoreDBSCAN(ep=15),ScoreDBSCAN,-0.144707,0.083333,0.666667,0.148148,216
EV-A71,sasa,Spectral(z=1.5),Spectral,-0.021018,0.083333,0.074074,0.078431,24
EV-A71,sasa,Spectral(z=2.0),Spectral,-0.029824,0.066667,0.037037,0.047619,15
EV-A71,sasa,Bayes(prior=0.1),Bayes,0.0,0.0,0.0,0.0,0
EV-A71,sasa,Bayes(prior=0.15),Bayes,0.0,0.0,0.0,0.0,0
EV-A71,sasa,AdaptWin(s=90),AdaptWin,0.099975,0.152778,0.407407,0.222222,72
EV-A71,sasa,AdaptWin(s=85),AdaptWin,0.045326,0.118644,0.518519,0.193103,118
EV-A71,sasa,FreqThresh(p=80),FreqThresh,0.122363,0.18,0.333333,0.233766,50
EV-A71,sasa,FreqThresh(p=85),FreqThresh,0.078355,0.162162,0.222222,0.1875,37
EV-A71,sasa,FreqThresh(p=90),FreqThresh,0.103187,0.2,0.185185,0.192308,25
EV-A71,sasa,FreqThresh(p=95),FreqThresh,0.095719,0.230769,0.111111,0.15,13
EV-A71,sasa,"SWAN(w=10,k=1.0)",SWAN,-0.021292,0.094118,0.296296,0.142857,85
EV-A71,sasa,"SWAN(w=10,k=1.5)",SWAN,-0.018572,0.095238,0.296296,0.144144,84
EV-A71,sasa,"SWAN(w=10,k=2.0)",SWAN,-0.007528,0.1,0.296296,0.149533,80
EV-A71,sasa,"SWAN(w=20,k=1.0)",SWAN,-0.034683,0.088889,0.296296,0.136752,90
EV-A71,sasa,"SWAN(w=20,k=1.5)",SWAN,-0.034683,0.088889,0.296296,0.136752,90
EV-A71,sasa,"SWAN(w=20,k=2.0)",SWAN,-0.023997,0.093023,0.296296,0.141593,86
EV-A71,sasa,"SWAN(w=50,k=1.0)",SWAN,0.000883,0.103774,0.407407,0.165414,106
EV-A71,sasa,"SWAN(w=50,k=1.5)",SWAN,-0.134642,0.039474,0.111111,0.058252,76
EV-A71,sasa,"SWAN(w=50,k=2.0)",SWAN,-0.209657,0.0,0.0,0.0,72
EV-A71,sasa,MutClust-Orig(g=10),MutClust-Orig,0.08087,0.109312,1.0,0.19708,247
EV-A71,grantham,Wavelet(t=1.0),Wavelet,-0.096303,0.041667,0.074074,0.053333,48
EV-A71,grantham,Wavelet(t=1.5),Wavelet,-0.096756,0.028571,0.037037,0.032258,35
EV-A71,grantham,Wavelet(t=2.0),Wavelet,-0.083879,0.0,0.0,0.0,15
EV-A71,grantham,KDE(p=75),KDE,-0.197619,0.0,0.0,0.0,66
EV-A71,grantham,KDE(p=80),KDE,-0.171467,0.0,0.0,0.0,53
EV-A71,grantham,KDE(p=85),KDE,-0.144513,0.0,0.0,0.0,40
EV-A71,grantham,SlidingTest(p=0.01),SlidingTest,0.078075,0.181818,0.148148,0.163265,22
EV-A71,grantham,SlidingTest(p=0.05),SlidingTest,-0.011947,0.096154,0.185185,0.126582,52
EV-A71,grantham,GradPeak(p=0.2),GradPeak,-0.021275,0.090909,0.185185,0.121951,55
EV-A71,grantham,GradPeak(p=0.5),GradPeak,-0.021275,0.090909,0.185185,0.121951,55
EV-A71,grantham,LocalContrast(z=1.0),LocalContrast,0.111402,0.177778,0.296296,0.222222,45
EV-A71,grantham,LocalContrast(z=1.5),LocalContrast,0.060438,0.16,0.148148,0.153846,25
EV-A71,grantham,LocalContrast(z=2.0),LocalContrast,-0.008637,0.090909,0.037037,0.052632,11
EV-A71,grantham,"CUSUM(d=0.3,h=3.0)",CUSUM,0.073704,0.222222,0.074074,0.111111,9
EV-A71,grantham,"CUSUM(d=0.5,h=4.0)",CUSUM,-0.02985,0.0,0.0,0.0,2
EV-A71,grantham,"CUSUM(d=0.5,h=5.0)",CUSUM,-0.02985,0.0,0.0,0.0,2
EV-A71,grantham,AdaptiveKnee,AdaptiveKnee,0.075065,0.140845,0.37037,0.204082,71
EV-A71,grantham,ScoreDBSCAN(ep=8),ScoreDBSCAN,-0.133386,0.02,0.037037,0.025974,50
EV-A71,grantham,ScoreDBSCAN(ep=15),ScoreDBSCAN,-0.053813,0.086614,0.407407,0.142857,127
EV-A71,grantham,Spectral(z=1.5),Spectral,0.024232,0.133333,0.074074,0.095238,15
EV-A71,grantham,Spectral(z=2.0),Spectral,0.012584,0.125,0.037037,0.057143,8
EV-A71,grantham,Bayes(prior=0.1),Bayes,0.0,0.0,0.0,0.0,0
EV-A71,grantham,Bayes(prior=0.15),Bayes,-0.047472,0.0,0.0,0.0,5
EV-A71,grantham,AdaptWin(s=90),AdaptWin,0.014004,0.114286,0.148148,0.129032,35
EV-A71,grantham,AdaptWin(s=85),AdaptWin,0.086434,0.156863,0.296296,0.205128,51
EV-A71,grantham,FreqThresh(p=80),FreqThresh,0.130173,0.205882,0.259259,0.229508,34
EV-A71,grantham,FreqThresh(p=85),FreqThresh,0.103187,0.2,0.185185,0.192308,25
EV-A71,grantham,FreqThresh(p=90),FreqThresh,0.06329,0.176471,0.111111,0.136364,17
EV-A71,grantham,FreqThresh(p=95),FreqThresh,0.004755,0.111111,0.037037,0.055556,9
EV-A71,grantham,"SWAN(w=10,k=1.0)",SWAN,-0.043494,0.082192,0.222222,0.12,73
EV-A71,grantham,"SWAN(w=10,k=1.5)",SWAN,-0.009226,0.098361,0.222222,0.136364,61
EV-A71,grantham,"SWAN(w=10,k=2.0)",SWAN,0.03813,0.131579,0.185185,0.153846,38
EV-A71,grantham,"SWAN(w=20,k=1.0)",SWAN,-0.054222,0.077922,0.222222,0.115385,77
EV-A71,grantham,"SWAN(w=20,k=1.5)",SWAN,-0.048892,0.08,0.222222,0.117647,75
EV-A71,grantham,"SWAN(w=20,k=2.0)",SWAN,-0.026815,0.089552,0.222222,0.12766,67
EV-A71,grantham,"SWAN(w=50,k=1.0)",SWAN,-0.090124,0.065934,0.222222,0.101695,91
EV-A71,grantham,"SWAN(w=50,k=1.5)",SWAN,-0.185589,0.0,0.0,0.0,60
EV-A71,grantham,"SWAN(w=50,k=2.0)",SWAN,-0.167398,0.0,0.0,0.0,51
EV-A71,grantham,MutClust-Orig(g=10),MutClust-Orig,0.032187,0.111111,0.666667,0.190476,162
EV-A71,dnds_proxy,Wavelet(t=1.0),Wavelet,-0.046044,0.071429,0.111111,0.086957,42
EV-A71,dnds_proxy,Wavelet(t=1.5),Wavelet,-0.032764,0.074074,0.074074,0.074074,27
EV-A71,dnds_proxy,Wavelet(t=2.0),Wavelet,-0.0145,0.083333,0.037037,0.051282,12
EV-A71,dnds_proxy,KDE(p=75),KDE,-0.197619,0.0,0.0,0.0,66
EV-A71,dnds_proxy,KDE(p=80),KDE,-0.171467,0.0,0.0,0.0,53
EV-A71,dnds_proxy,KDE(p=85),KDE,-0.144513,0.0,0.0,0.0,40
EV-A71,dnds_proxy,SlidingTest(p=0.01),SlidingTest,-0.08087,0.0,0.0,0.0,14
EV-A71,dnds_proxy,SlidingTest(p=0.05),SlidingTest,-0.056709,0.058824,0.074074,0.065574,34
EV-A71,dnds_proxy,GradPeak(p=0.2),GradPeak,0.175421,0.3125,0.185185,0.232558,16
EV-A71,dnds_proxy,GradPeak(p=0.5),GradPeak,0.179211,0.363636,0.148148,0.210526,11
EV-A71,dnds_proxy,LocalContrast(z=1.0),LocalContrast,0.078075,0.181818,0.148148,0.163265,22
EV-A71,dnds_proxy,LocalContrast(z=1.5),LocalContrast,0.06329,0.176471,0.111111,0.136364,17
EV-A71,dnds_proxy,LocalContrast(z=2.0),LocalContrast,0.086647,0.214286,0.111111,0.146341,14
EV-A71,dnds_proxy,"CUSUM(d=0.3,h=3.0)",CUSUM,-0.047472,0.0,0.0,0.0,5
EV-A71,dnds_proxy,"CUSUM(d=0.5,h=4.0)",CUSUM,-0.042378,0.0,0.0,0.0,4
EV-A71,dnds_proxy,"CUSUM(d=0.5,h=5.0)",CUSUM,-0.02985,0.0,0.0,0.0,2
EV-A71,dnds_proxy,AdaptiveKnee,AdaptiveKnee,0.00167,0.105263,0.074074,0.086957,19
EV-A71,dnds_proxy,ScoreDBSCAN(ep=8),ScoreDBSCAN,0.027914,0.111111,0.592593,0.187135,144
EV-A71,dnds_proxy,ScoreDBSCAN(ep=15),ScoreDBSCAN,0.035142,0.112583,0.62963,0.191011,151
EV-A71,dnds_proxy,Spectral(z=1.5),Spectral,-0.025031,0.071429,0.037037,0.04878,14
EV-A71,dnds_proxy,Spectral(z=2.0),Spectral,-0.067801,0.0,0.0,0.0,10
EV-A71,dnds_proxy,Bayes(prior=0.1),Bayes,-0.056391,0.0,0.0,0.0,7
EV-A71,dnds_proxy,Bayes(prior=0.15),Bayes,-0.0145,0.083333,0.037037,0.051282,12
EV-A71,dnds_proxy,AdaptWin(s=90),AdaptWin,-0.007975,0.095238,0.074074,0.083333,21
EV-A71,dnds_proxy,AdaptWin(s=85),AdaptWin,-0.001217,0.102564,0.148148,0.121212,39
EV-A71,dnds_proxy,FreqThresh(p=80),FreqThresh,-0.05352,0.060606,0.074074,0.066667,33
EV-A71,dnds_proxy,FreqThresh(p=85),FreqThresh,-0.02506,0.08,0.074074,0.076923,25
EV-A71,dnds_proxy,FreqThresh(p=90),FreqThresh,-0.038677,0.058824,0.037037,0.045455,17
EV-A71,dnds_proxy,FreqThresh(p=95),FreqThresh,0.004755,0.111111,0.037037,0.055556,9
EV-A71,dnds_proxy,"SWAN(w=10,k=1.0)",SWAN,-0.077771,0.0,0.0,0.0,13
EV-A71,dnds_proxy,"SWAN(w=10,k=1.5)",SWAN,-0.077771,0.0,0.0,0.0,13
EV-A71,dnds_proxy,"SWAN(w=10,k=2.0)",SWAN,-0.077771,0.0,0.0,0.0,13
EV-A71,dnds_proxy,"SWAN(w=20,k=1.0)",SWAN,-0.09245,0.0,0.0,0.0,18
EV-A71,dnds_proxy,"SWAN(w=20,k=1.5)",SWAN,-0.09245,0.0,0.0,0.0,18
EV-A71,dnds_proxy,"SWAN(w=20,k=2.0)",SWAN,-0.09245,0.0,0.0,0.0,18
EV-A71,dnds_proxy,"SWAN(w=50,k=1.0)",SWAN,-0.110557,0.0,0.0,0.0,25
EV-A71,dnds_proxy,"SWAN(w=50,k=1.5)",SWAN,-0.108095,0.0,0.0,0.0,24
EV-A71,dnds_proxy,"SWAN(w=50,k=2.0)",SWAN,-0.089661,0.0,0.0,0.0,17
EV-A71,dnds_proxy,MutClust-Orig(g=10),MutClust-Orig,0.032187,0.111111,0.666667,0.190476,162
EV-A71,semantic_change,Wavelet(t=1.0),Wavelet,0.022976,0.117647,0.222222,0.153846,51
EV-A71,semantic_change,Wavelet(t=1.5),Wavelet,-0.02642,0.083333,0.111111,0.095238,36
EV-A71,semantic_change,Wavelet(t=2.0),Wavelet,-0.056391,0.0,0.0,0.0,7
EV-A71,semantic_change,KDE(p=75),KDE,0.00499,0.106061,0.259259,0.150538,66
EV-A71,semantic_change,KDE(p=80),KDE,0.04745,0.132075,0.259259,0.175,53
EV-A71,semantic_change,KDE(p=85),KDE,0.099955,0.175,0.259259,0.208955,40
EV-A71,semantic_change,SlidingTest(p=0.01),SlidingTest,0.124764,0.2,0.259259,0.225806,35
EV-A71,semantic_change,SlidingTest(p=0.05),SlidingTest,0.054705,0.137255,0.259259,0.179487,51
EV-A71,semantic_change,GradPeak(p=0.2),GradPeak,0.0,0.0,0.0,0.0,0
EV-A71,semantic_change,GradPeak(p=0.5),GradPeak,0.0,0.0,0.0,0.0,0
EV-A71,semantic_change,LocalContrast(z=1.0),LocalContrast,0.086434,0.156863,0.296296,0.205128,51
EV-A71,semantic_change,LocalContrast(z=1.5),LocalContrast,0.045571,0.166667,0.074074,0.102564,12
EV-A71,semantic_change,LocalContrast(z=2.0),LocalContrast,0.060035,0.25,0.037037,0.064516,4
EV-A71,semantic_change,"CUSUM(d=0.3,h=3.0)",CUSUM,-0.060403,0.0,0.0,0.0,8
EV-A71,semantic_change,"CUSUM(d=0.5,h=4.0)",CUSUM,-0.036629,0.0,0.0,0.0,3
EV-A71,semantic_change,"CUSUM(d=0.5,h=5.0)",CUSUM,0.081398,0.333333,0.037037,0.066667,3
EV-A71,semantic_change,AdaptiveKnee,AdaptiveKnee,0.0,0.103448,1.0,0.1875,261
EV-A71,semantic_change,ScoreDBSCAN(ep=8),ScoreDBSCAN,-0.03319,0.084746,0.185185,0.116279,59
EV-A71,semantic_change,ScoreDBSCAN(ep=15),ScoreDBSCAN,0.038278,0.114286,0.592593,0.191617,140
EV-A71,semantic_change,Spectral(z=1.5),Spectral,-0.097854,0.0,0.0,0.0,20
EV-A71,semantic_change,Spectral(z=2.0),Spectral,-0.071253,0.0,0.0,0.0,11
EV-A71,semantic_change,Bayes(prior=0.1),Bayes,0.0,0.0,0.0,0.0,0
EV-A71,semantic_change,Bayes(prior=0.15),Bayes,0.0,0.0,0.0,0.0,0
EV-A71,semantic_change,AdaptWin(s=90),AdaptWin,0.01955,0.115385,0.222222,0.151899,52
EV-A71,semantic_change,AdaptWin(s=85),AdaptWin,0.021543,0.114286,0.296296,0.164948,70
EV-A71,semantic_change,FreqThresh(p=80),FreqThresh,0.060046,0.151515,0.185185,0.166667,33
EV-A71,semantic_change,FreqThresh(p=85),FreqThresh,0.060438,0.16,0.148148,0.153846,25
EV-A71,semantic_change,FreqThresh(p=90),FreqThresh,0.06329,0.176471,0.111111,0.136364,17
EV-A71,semantic_change,FreqThresh(p=95),FreqThresh,0.004755,0.111111,0.037037,0.055556,9
EV-A71,semantic_change,"SWAN(w=10,k=1.0)",SWAN,-0.062103,0.075,0.222222,0.11215,80
EV-A71,semantic_change,"SWAN(w=10,k=1.5)",SWAN,-0.018151,0.09375,0.222222,0.131868,64
EV-A71,semantic_change,"SWAN(w=10,k=2.0)",SWAN,0.029995,0.122449,0.222222,0.157895,49
EV-A71,semantic_change,"SWAN(w=20,k=1.0)",SWAN,-0.077529,0.069767,0.222222,0.106195,86
EV-A71,semantic_change,"SWAN(w=20,k=1.5)",SWAN,-0.06729,0.073171,0.222222,0.110092,82
EV-A71,semantic_change,"SWAN(w=20,k=2.0)",SWAN,0.00315,0.105263,0.222222,0.142857,57
EV-A71,semantic_change,"SWAN(w=50,k=1.0)",SWAN,-0.141993,0.053571,0.222222,0.086331,112
EV-A71,semantic_change,"SWAN(w=50,k=1.5)",SWAN,-0.127203,0.056604,0.222222,0.090226,106
EV-A71,semantic_change,"SWAN(w=50,k=2.0)",SWAN,-0.112437,0.06,0.222222,0.094488,100
EV-A71,semantic_change,MutClust-Orig(g=10),MutClust-Orig,0.259904,0.5,0.185185,0.27027,10
EV-A71,EVEscape_composite,Wavelet(t=1.0),Wavelet,-0.124707,0.0,0.0,0.0,31
EV-A71,EVEscape_composite,Wavelet(t=1.5),Wavelet,-0.115385,0.0,0.0,0.0,27
EV-A71,EVEscape_composite,Wavelet(t=2.0),Wavelet,-0.108095,0.0,0.0,0.0,24
EV-A71,EVEscape_composite,KDE(p=75),KDE,-0.197619,0.0,0.0,0.0,66
EV-A71,EVEscape_composite,KDE(p=80),KDE,-0.171467,0.0,0.0,0.0,53
EV-A71,EVEscape_composite,KDE(p=85),KDE,-0.144513,0.0,0.0,0.0,40
EV-A71,EVEscape_composite,SlidingTest(p=0.01),SlidingTest,-0.103059,0.0,0.0,0.0,22
EV-A71,EVEscape_composite,SlidingTest(p=0.05),SlidingTest,-0.126979,0.0,0.0,0.0,32
EV-A71,EVEscape_composite,GradPeak(p=0.2),GradPeak,0.0,0.0,0.0,0.0,0
EV-A71,EVEscape_composite,GradPeak(p=0.5),GradPeak,0.0,0.0,0.0,0.0,0
EV-A71,EVEscape_composite,LocalContrast(z=1.0),LocalContrast,0.146944,0.263158,0.185185,0.217391,19
EV-A71,EVEscape_composite,LocalContrast(z=1.5),LocalContrast,0.114274,0.235294,0.148148,0.181818,17
EV-A71,EVEscape_composite,LocalContrast(z=2.0),LocalContrast,0.07053,0.1875,0.111111,0.139535,16
EV-A71,EVEscape_composite,"CUSUM(d=0.3,h=3.0)",CUSUM,-0.036629,0.0,0.0,0.0,3
EV-A71,EVEscape_composite,"CUSUM(d=0.5,h=4.0)",CUSUM,-0.036629,0.0,0.0,0.0,3
EV-A71,EVEscape_composite,"CUSUM(d=0.5,h=5.0)",CUSUM,-0.02985,0.0,0.0,0.0,2
EV-A71,EVEscape_composite,AdaptiveKnee,AdaptiveKnee,0.044034,0.15,0.111111,0.12766,20
EV-A71,EVEscape_composite,ScoreDBSCAN(ep=8),ScoreDBSCAN,0.002617,0.104167,0.555556,0.175439,144
EV-A71,EVEscape_composite,ScoreDBSCAN(ep=15),ScoreDBSCAN,0.045483,0.115646,0.62963,0.195402,147
EV-A71,EVEscape_composite,Spectral(z=1.5),Spectral,-0.067801,0.0,0.0,0.0,10
EV-A71,EVEscape_composite,Spectral(z=2.0),Spectral,-0.060403,0.0,0.0,0.0,8
EV-A71,EVEscape_composite,Bayes(prior=0.1),Bayes,0.012584,0.125,0.037037,0.057143,8
EV-A71,EVEscape_composite,Bayes(prior=0.15),Bayes,0.037889,0.153846,0.074074,0.1,13
EV-A71,EVEscape_composite,AdaptWin(s=90),AdaptWin,0.050094,0.157895,0.111111,0.130435,19
EV-A71,EVEscape_composite,AdaptWin(s=85),AdaptWin,0.013037,0.115385,0.111111,0.113208,26
EV-A71,EVEscape_composite,FreqThresh(p=80),FreqThresh,-0.008046,0.096774,0.111111,0.103448,31
EV-A71,EVEscape_composite,FreqThresh(p=85),FreqThresh,0.027547,0.130435,0.111111,0.12,23
EV-A71,EVEscape_composite,FreqThresh(p=90),FreqThresh,0.07053,0.1875,0.111111,0.139535,16
EV-A71,EVEscape_composite,FreqThresh(p=95),FreqThresh,0.012584,0.125,0.037037,0.057143,8
EV-A71,EVEscape_composite,"SWAN(w=10,k=1.0)",SWAN,-0.09245,0.0,0.0,0.0,18
EV-A71,EVEscape_composite,"SWAN(w=10,k=1.5)",SWAN,-0.09245,0.0,0.0,0.0,18
EV-A71,EVEscape_composite,"SWAN(w=10,k=2.0)",SWAN,-0.09245,0.0,0.0,0.0,18
EV-A71,EVEscape_composite,"SWAN(w=20,k=1.0)",SWAN,-0.095179,0.0,0.0,0.0,19
EV-A71,EVEscape_composite,"SWAN(w=20,k=1.5)",SWAN,-0.095179,0.0,0.0,0.0,19
EV-A71,EVEscape_composite,"SWAN(w=20,k=2.0)",SWAN,-0.09245,0.0,0.0,0.0,18
EV-A71,EVEscape_composite,"SWAN(w=50,k=1.0)",SWAN,-0.097854,0.0,0.0,0.0,20
EV-A71,EVEscape_composite,"SWAN(w=50,k=1.5)",SWAN,-0.097854,0.0,0.0,0.0,20
EV-A71,EVEscape_composite,"SWAN(w=50,k=2.0)",SWAN,-0.097854,0.0,0.0,0.0,20
EV-A71,EVEscape_composite,MutClust-Orig(g=10),MutClust-Orig,-0.060403,0.0,0.0,0.0,8
EV-A71,EqualWeight,Wavelet(t=1.0),Wavelet,-0.150862,0.0,0.0,0.0,43
EV-A71,EqualWeight,Wavelet(t=1.5),Wavelet,-0.131462,0.0,0.0,0.0,34
EV-A71,EqualWeight,Wavelet(t=2.0),Wavelet,-0.108095,0.0,0.0,0.0,24
EV-A71,EqualWeight,KDE(p=75),KDE,-0.197619,0.0,0.0,0.0,66
EV-A71,EqualWeight,KDE(p=80),KDE,-0.171467,0.0,0.0,0.0,53
EV-A71,EqualWeight,KDE(p=85),KDE,-0.144513,0.0,0.0,0.0,40
EV-A71,EqualWeight,SlidingTest(p=0.01),SlidingTest,-0.199623,0.0,0.0,0.0,67
EV-A71,EqualWeight,SlidingTest(p=0.05),SlidingTest,-0.203633,0.0,0.0,0.0,69
EV-A71,EqualWeight,GradPeak(p=0.2),GradPeak,0.0,0.0,0.0,0.0,0
EV-A71,EqualWeight,GradPeak(p=0.5),GradPeak,0.0,0.0,0.0,0.0,0
EV-A71,EqualWeight,LocalContrast(z=1.0),LocalContrast,0.159382,0.214286,0.333333,0.26087,42
EV-A71,EqualWeight,LocalContrast(z=1.5),LocalContrast,0.056497,0.166667,0.111111,0.133333,18
EV-A71,EqualWeight,LocalContrast(z=2.0),LocalContrast,0.004755,0.111111,0.037037,0.055556,9
EV-A71,EqualWeight,"CUSUM(d=0.3,h=3.0)",CUSUM,-0.083879,0.0,0.0,0.0,15
EV-A71,EqualWeight,"CUSUM(d=0.5,h=4.0)",CUSUM,-0.056391,0.0,0.0,0.0,7
EV-A71,EqualWeight,"CUSUM(d=0.5,h=5.0)",CUSUM,-0.047472,0.0,0.0,0.0,5
EV-A71,EqualWeight,AdaptiveKnee,AdaptiveKnee,-0.061215,0.043478,0.037037,0.04,23
EV-A71,EqualWeight,ScoreDBSCAN(ep=8),ScoreDBSCAN,-0.056337,0.093264,0.666667,0.163636,193
EV-A71,EqualWeight,ScoreDBSCAN(ep=15),ScoreDBSCAN,-0.032792,0.100418,0.888889,0.180451,239
EV-A71,EqualWeight,Spectral(z=1.5),Spectral,-0.016834,0.086957,0.074074,0.08,23
EV-A71,EqualWeight,Spectral(z=2.0),Spectral,0.037889,0.153846,0.074074,0.1,13
EV-A71,EqualWeight,Bayes(prior=0.1),Bayes,0.0,0.0,0.0,0.0,0
EV-A71,EqualWeight,Bayes(prior=0.15),Bayes,0.0,0.0,0.0,0.0,0
EV-A71,EqualWeight,AdaptWin(s=90),AdaptWin,-0.037409,0.089109,0.333333,0.140625,101
EV-A71,EqualWeight,AdaptWin(s=85),AdaptWin,0.240107,0.171429,0.888889,0.287425,140
EV-A71,EqualWeight,FreqThresh(p=80),FreqThresh,0.078724,0.150943,0.296296,0.2,53
EV-A71,EqualWeight,FreqThresh(p=85),FreqThresh,0.065031,0.15,0.222222,0.179104,40
EV-A71,EqualWeight,FreqThresh(p=90),FreqThresh,-0.032764,0.074074,0.074074,0.074074,27
EV-A71,EqualWeight,FreqThresh(p=95),FreqThresh,-0.025031,0.071429,0.037037,0.04878,14
EV-A71,EqualWeight,"SWAN(w=10,k=1.0)",SWAN,0.214793,0.184466,0.703704,0.292308,103
EV-A71,EqualWeight,"SWAN(w=10,k=1.5)",SWAN,-0.05949,0.075949,0.222222,0.113208,79
EV-A71,EqualWeight,"SWAN(w=10,k=2.0)",SWAN,-0.185589,0.0,0.0,0.0,60
EV-A71,EqualWeight,"SWAN(w=20,k=1.0)",SWAN,-0.203633,0.0,0.0,0.0,69
EV-A71,EqualWeight,"SWAN(w=20,k=1.5)",SWAN,-0.201627,0.0,0.0,0.0,68
EV-A71,EqualWeight,"SWAN(w=20,k=2.0)",SWAN,-0.197619,0.0,0.0,0.0,66
EV-A71,EqualWeight,"SWAN(w=50,k=1.0)",SWAN,-0.114259,0.050633,0.148148,0.075472,79
EV-A71,EqualWeight,"SWAN(w=50,k=1.5)",SWAN,-0.114259,0.050633,0.148148,0.075472,79
EV-A71,EqualWeight,"SWAN(w=50,k=2.0)",SWAN,-0.157856,0.027027,0.074074,0.039604,74
EV-A71,EqualWeight,MutClust-Orig(g=10),MutClust-Orig,0.02985,0.104247,1.0,0.188811,259
EV-A71,tranception,Wavelet(t=1.0),Wavelet,-0.122413,0.0,0.0,0.0,30
EV-A71,tranception,Wavelet(t=1.5),Wavelet,-0.115385,0.0,0.0,0.0,27
EV-A71,tranception,Wavelet(t=2.0),Wavelet,-0.103059,0.0,0.0,0.0,22
EV-A71,tranception,KDE(p=75),KDE,-0.197619,0.0,0.0,0.0,66
EV-A71,tranception,KDE(p=80),KDE,-0.171467,0.0,0.0,0.0,53
EV-A71,tranception,KDE(p=85),KDE,-0.144513,0.0,0.0,0.0,40
EV-A71,tranception,SlidingTest(p=0.01),SlidingTest,-0.110557,0.0,0.0,0.0,25
EV-A71,tranception,SlidingTest(p=0.05),SlidingTest,-0.124707,0.0,0.0,0.0,31
EV-A71,tranception,GradPeak(p=0.2),GradPeak,0.116595,0.272727,0.111111,0.157895,11
EV-A71,tranception,GradPeak(p=0.5),GradPeak,0.162448,0.5,0.074074,0.129032,4
EV-A71,tranception,LocalContrast(z=1.0),LocalContrast,0.055045,0.153846,0.148148,0.150943,26
EV-A71,tranception,LocalContrast(z=1.5),LocalContrast,0.027547,0.130435,0.111111,0.12,23
EV-A71,tranception,LocalContrast(z=2.0),LocalContrast,0.006848,0.111111,0.074074,0.088889,18
EV-A71,tranception,"CUSUM(d=0.3,h=3.0)",CUSUM,-0.008637,0.090909,0.037037,0.052632,11
EV-A71,tranception,"CUSUM(d=0.5,h=4.0)",CUSUM,-0.056391,0.0,0.0,0.0,7
EV-A71,tranception,"CUSUM(d=0.5,h=5.0)",CUSUM,-0.052105,0.0,0.0,0.0,6
EV-A71,tranception,AdaptiveKnee,AdaptiveKnee,0.00246,0.105263,0.148148,0.123077,38
EV-A71,tranception,ScoreDBSCAN(ep=8),ScoreDBSCAN,-0.060046,0.096491,0.814815,0.172549,228
EV-A71,tranception,ScoreDBSCAN(ep=15),ScoreDBSCAN,-0.098519,0.095041,0.851852,0.171004,242
EV-A71,tranception,Spectral(z=1.5),Spectral,-0.003262,0.1,0.074074,0.085106,20
EV-A71,tranception,Spectral(z=2.0),Spectral,-0.029824,0.066667,0.037037,0.047619,15
EV-A71,tranception,Bayes(prior=0.1),Bayes,0.021482,0.142857,0.037037,0.058824,7
EV-A71,tranception,Bayes(prior=0.15),Bayes,-0.016834,0.086957,0.074074,0.08,23
EV-A71,tranception,AdaptWin(s=90),AdaptWin,-0.00408,0.1,0.111111,0.105263,30
EV-A71,tranception,AdaptWin(s=85),AdaptWin,0.048668,0.136364,0.222222,0.169014,44
EV-A71,tranception,FreqThresh(p=80),FreqThresh,0.082545,0.153846,0.296296,0.202532,52
EV-A71,tranception,FreqThresh(p=85),FreqThresh,0.034072,0.128205,0.185185,0.151515,39
EV-A71,tranception,FreqThresh(p=90),FreqThresh,-0.028971,0.076923,0.074074,0.075472,26
EV-A71,tranception,FreqThresh(p=95),FreqThresh,-0.019941,0.076923,0.037037,0.05,13
EV-A71,tranception,"SWAN(w=10,k=1.0)",SWAN,-0.074074,0.037037,0.037037,0.037037,27
EV-A71,tranception,"SWAN(w=10,k=1.5)",SWAN,-0.074074,0.037037,0.037037,0.037037,27
EV-A71,tranception,"SWAN(w=10,k=2.0)",SWAN,-0.074074,0.037037,0.037037,0.037037,27
EV-A71,tranception,"SWAN(w=20,k=1.0)",SWAN,-0.08582,0.032258,0.037037,0.034483,31
EV-A71,tranception,"SWAN(w=20,k=1.5)",SWAN,-0.082969,0.033333,0.037037,0.035088,30
EV-A71,tranception,"SWAN(w=20,k=2.0)",SWAN,-0.10048,0.0,0.0,0.0,21
EV-A71,tranception,"SWAN(w=50,k=1.0)",SWAN,-0.088621,0.03125,0.037037,0.033898,32
EV-A71,tranception,"SWAN(w=50,k=1.5)",SWAN,-0.103059,0.0,0.0,0.0,22
EV-A71,tranception,"SWAN(w=50,k=2.0)",SWAN,-0.103059,0.0,0.0,0.0,22
EV-A71,tranception,MutClust-Orig(g=10),MutClust-Orig,0.021066,0.103846,1.0,0.188153,260
EV-A71,stability,Wavelet(t=1.0),Wavelet,0.122363,0.18,0.333333,0.233766,50
EV-A71,stability,Wavelet(t=1.5),Wavelet,0.116595,0.272727,0.111111,0.157895,11
EV-A71,stability,Wavelet(t=2.0),Wavelet,0.114424,0.5,0.037037,0.068966,2
EV-A71,stability,KDE(p=75),KDE,-0.081842,0.060606,0.148148,0.086022,66
EV-A71,stability,KDE(p=80),KDE,-0.171467,0.0,0.0,0.0,53
EV-A71,stability,KDE(p=85),KDE,-0.144513,0.0,0.0,0.0,40
EV-A71,stability,SlidingTest(p=0.01),SlidingTest,0.114424,0.5,0.037037,0.068966,2
EV-A71,stability,SlidingTest(p=0.05),SlidingTest,0.053979,0.181818,0.074074,0.105263,11
EV-A71,stability,GradPeak(p=0.2),GradPeak,-0.011904,0.09375,0.111111,0.101695,32
EV-A71,stability,GradPeak(p=0.5),GradPeak,-0.042801,0.055556,0.037037,0.044444,18
EV-A71,stability,LocalContrast(z=1.0),LocalContrast,0.05542,0.147059,0.185185,0.163934,34
EV-A71,stability,LocalContrast(z=1.5),LocalContrast,0.103187,0.2,0.185185,0.192308,25
EV-A71,stability,LocalContrast(z=2.0),LocalContrast,0.024232,0.133333,0.074074,0.095238,15
EV-A71,stability,"CUSUM(d=0.3,h=3.0)",CUSUM,0.044307,0.2,0.037037,0.0625,5
EV-A71,stability,"CUSUM(d=0.5,h=4.0)",CUSUM,0.0,0.0,0.0,0.0,0
EV-A71,stability,"CUSUM(d=0.5,h=5.0)",CUSUM,0.0,0.0,0.0,0.0,0
EV-A71,stability,AdaptiveKnee,AdaptiveKnee,0.000988,0.103627,0.740741,0.181818,193
EV-A71,stability,ScoreDBSCAN(ep=8),ScoreDBSCAN,0.027547,0.130435,0.111111,0.12,23
EV-A71,stability,ScoreDBSCAN(ep=15),ScoreDBSCAN,-0.049118,0.069767,0.111111,0.085714,43
EV-A71,stability,Spectral(z=1.5),Spectral,0.188685,0.28,0.259259,0.269231,25
EV-A71,stability,Spectral(z=2.0),Spectral,0.091331,0.2,0.148148,0.170213,20
EV-A71,stability,Bayes(prior=0.1),Bayes,0.020849,0.109489,0.555556,0.182927,137
EV-A71,stability,Bayes(prior=0.15),Bayes,0.018251,0.108696,0.555556,0.181818,138
EV-A71,stability,AdaptWin(s=90),AdaptWin,0.085571,0.25,0.074074,0.114286,8
EV-A71,stability,AdaptWin(s=85),AdaptWin,0.087844,0.171429,0.222222,0.193548,35
EV-A71,stability,FreqThresh(p=80),FreqThresh,0.13906,0.230769,0.222222,0.226415,26
EV-A71,stability,FreqThresh(p=85),FreqThresh,0.13906,0.230769,0.222222,0.226415,26
EV-A71,stability,FreqThresh(p=90),FreqThresh,0.085571,0.25,0.074074,0.114286,8
EV-A71,stability,FreqThresh(p=95),FreqThresh,0.060035,0.25,0.037037,0.064516,4
EV-A71,stability,"SWAN(w=10,k=1.0)",SWAN,0.048668,0.136364,0.222222,0.169014,44
EV-A71,stability,"SWAN(w=10,k=1.5)",SWAN,0.017689,0.12,0.111111,0.115385,25
EV-A71,stability,"SWAN(w=10,k=2.0)",SWAN,0.006848,0.111111,0.074074,0.088889,18
EV-A71,stability,"SWAN(w=20,k=1.0)",SWAN,0.011485,0.111111,0.185185,0.138889,45
EV-A71,stability,"SWAN(w=20,k=1.5)",SWAN,0.035364,0.133333,0.148148,0.140351,30
EV-A71,stability,"SWAN(w=20,k=2.0)",SWAN,0.008547,0.111111,0.111111,0.111111,27
EV-A71,stability,"SWAN(w=50,k=1.0)",SWAN,-0.043445,0.076923,0.148148,0.101266,52
EV-A71,stability,"SWAN(w=50,k=1.5)",SWAN,-0.117754,0.0,0.0,0.0,28
EV-A71,stability,"SWAN(w=50,k=2.0)",SWAN,-0.10048,0.0,0.0,0.0,21
EV-A71,stability,MutClust-Orig(g=10),MutClust-Orig,0.018523,0.112676,0.296296,0.163265,71
EV-A71,stability_structural,Wavelet(t=1.0),Wavelet,0.053615,0.133333,0.296296,0.183908,60
EV-A71,stability_structural,Wavelet(t=1.5),Wavelet,0.056497,0.166667,0.111111,0.133333,18
EV-A71,stability_structural,Wavelet(t=2.0),Wavelet,0.073704,0.222222,0.074074,0.111111,9
EV-A71,stability_structural,KDE(p=75),KDE,0.033935,0.121212,0.296296,0.172043,66
EV-A71,stability_structural,KDE(p=80),KDE,0.078724,0.150943,0.296296,0.2,53
EV-A71,stability_structural,KDE(p=85),KDE,0.134879,0.2,0.296296,0.238806,40
EV-A71,stability_structural,SlidingTest(p=0.01),SlidingTest,0.162448,0.5,0.074074,0.129032,4
EV-A71,stability_structural,SlidingTest(p=0.05),SlidingTest,0.012306,0.117647,0.074074,0.090909,17
EV-A71,stability_structural,GradPeak(p=0.2),GradPeak,0.0,0.0,0.0,0.0,0
EV-A71,stability_structural,GradPeak(p=0.5),GradPeak,0.0,0.0,0.0,0.0,0
EV-A71,stability_structural,LocalContrast(z=1.0),LocalContrast,0.078355,0.162162,0.222222,0.1875,37
EV-A71,stability_structural,LocalContrast(z=1.5),LocalContrast,0.109596,0.208333,0.185185,0.196078,24
EV-A71,stability_structural,LocalContrast(z=2.0),LocalContrast,-0.08087,0.0,0.0,0.0,14
EV-A71,stability_structural,"CUSUM(d=0.3,h=3.0)",CUSUM,0.060035,0.25,0.037037,0.064516,4
EV-A71,stability_structural,"CUSUM(d=0.5,h=4.0)",CUSUM,-0.021066,0.0,0.0,0.0,1
EV-A71,stability_structural,"CUSUM(d=0.5,h=5.0)",CUSUM,-0.021066,0.0,0.0,0.0,1
EV-A71,stability_structural,AdaptiveKnee,AdaptiveKnee,0.027547,0.130435,0.111111,0.12,23
EV-A71,stability_structural,ScoreDBSCAN(ep=8),ScoreDBSCAN,-0.095179,0.0,0.0,0.0,19
EV-A71,stability_structural,ScoreDBSCAN(ep=15),ScoreDBSCAN,-0.055127,0.066667,0.111111,0.083333,45
EV-A71,stability_structural,Spectral(z=1.5),Spectral,0.027547,0.130435,0.111111,0.12,23
EV-A71,stability_structural,Spectral(z=2.0),Spectral,-0.019941,0.076923,0.037037,0.05,13
EV-A71,stability_structural,Bayes(prior=0.1),Bayes,0.020849,0.109489,0.555556,0.182927,137
EV-A71,stability_structural,Bayes(prior=0.15),Bayes,0.018251,0.108696,0.555556,0.181818,138
EV-A71,stability_structural,AdaptWin(s=90),AdaptWin,0.045571,0.166667,0.074074,0.102564,12
EV-A71,stability_structural,AdaptWin(s=85),AdaptWin,0.018085,0.125,0.074074,0.093023,16
EV-A71,stability_structural,FreqThresh(p=80),FreqThresh,0.078287,0.2,0.111111,0.142857,15
EV-A71,stability_structural,FreqThresh(p=85),FreqThresh,0.053979,0.181818,0.074074,0.105263,11
EV-A71,stability_structural,FreqThresh(p=90),FreqThresh,0.073704,0.222222,0.074074,0.111111,9
EV-A71,stability_structural,FreqThresh(p=95),FreqThresh,0.060035,0.25,0.037037,0.064516,4
EV-A71,stability_structural,"SWAN(w=10,k=1.0)",SWAN,-0.026635,0.090909,0.259259,0.134615,77
EV-A71,stability_structural,"SWAN(w=10,k=1.5)",SWAN,0.173789,0.259259,0.259259,0.259259,27
EV-A71,stability_structural,"SWAN(w=10,k=2.0)",SWAN,0.122975,0.25,0.148148,0.186047,16
EV-A71,stability_structural,"SWAN(w=20,k=1.0)",SWAN,0.015476,0.10989,0.37037,0.169492,91
EV-A71,stability_structural,"SWAN(w=20,k=1.5)",SWAN,0.082273,0.159091,0.259259,0.197183,44
EV-A71,stability_structural,"SWAN(w=20,k=2.0)",SWAN,0.181068,0.269231,0.259259,0.264151,26
EV-A71,stability_structural,"SWAN(w=50,k=1.0)",SWAN,-0.149368,0.056,0.259259,0.092105,125
EV-A71,stability_structural,"SWAN(w=50,k=1.5)",SWAN,0.0,0.0,0.0,0.0,0
EV-A71,stability_structural,"SWAN(w=50,k=2.0)",SWAN,0.0,0.0,0.0,0.0,0
EV-A71,stability_structural,MutClust-Orig(g=10),MutClust-Orig,0.0,0.0,0.0,0.0,0
EV-A71,freq_with_indel,Wavelet(t=1.0),Wavelet,-0.076638,0.0625,0.148148,0.087912,64
EV-A71,freq_with_indel,Wavelet(t=1.5),Wavelet,-0.131462,0.0,0.0,0.0,34
EV-A71,freq_with_indel,Wavelet(t=2.0),Wavelet,0.0,0.0,0.0,0.0,0
EV-A71,freq_with_indel,KDE(p=75),KDE,0.033935,0.121212,0.296296,0.172043,66
EV-A71,freq_with_indel,KDE(p=80),KDE,0.04745,0.132075,0.259259,0.175,53
EV-A71,freq_with_indel,KDE(p=85),KDE,0.065031,0.15,0.222222,0.179104,40
EV-A71,freq_with_indel,SlidingTest(p=0.01),SlidingTest,-0.047472,0.0,0.0,0.0,5
EV-A71,freq_with_indel,SlidingTest(p=0.05),SlidingTest,-0.05352,0.060606,0.074074,0.066667,33
EV-A71,freq_with_indel,GradPeak(p=0.2),GradPeak,0.0,0.0,0.0,0.0,0
EV-A71,freq_with_indel,GradPeak(p=0.5),GradPeak,0.0,0.0,0.0,0.0,0
EV-A71,freq_with_indel,LocalContrast(z=1.0),LocalContrast,0.024232,0.133333,0.074074,0.095238,15
EV-A71,freq_with_indel,LocalContrast(z=1.5),LocalContrast,-0.008637,0.090909,0.037037,0.052632,11
EV-A71,freq_with_indel,LocalContrast(z=2.0),LocalContrast,0.012584,0.125,0.037037,0.057143,8
EV-A71,freq_with_indel,"CUSUM(d=0.3,h=3.0)",CUSUM,-0.047472,0.0,0.0,0.0,5
EV-A71,freq_with_indel,"CUSUM(d=0.5,h=4.0)",CUSUM,-0.02985,0.0,0.0,0.0,2
EV-A71,freq_with_indel,"CUSUM(d=0.5,h=5.0)",CUSUM,-0.02985,0.0,0.0,0.0,2
EV-A71,freq_with_indel,AdaptiveKnee,AdaptiveKnee,0.012306,0.117647,0.074074,0.090909,17
EV-A71,freq_with_indel,ScoreDBSCAN(ep=8),ScoreDBSCAN,0.007975,0.104167,0.925926,0.187266,240
EV-A71,freq_with_indel,ScoreDBSCAN(ep=15),ScoreDBSCAN,0.008637,0.104,0.962963,0.187726,250
EV-A71,freq_with_indel,Spectral(z=1.5),Spectral,-0.025031,0.071429,0.037037,0.04878,14
EV-A71,freq_with_indel,Spectral(z=2.0),Spectral,-0.067801,0.0,0.0,0.0,10
EV-A71,freq_with_indel,Bayes(prior=0.1),Bayes,0.0,0.0,0.0,0.0,0
EV-A71,freq_with_indel,Bayes(prior=0.15),Bayes,-0.021066,0.0,0.0,0.0,1
EV-A71,freq_with_indel,AdaptWin(s=90),AdaptWin,0.021066,0.103846,1.0,0.188153,260
EV-A71,freq_with_indel,AdaptWin(s=85),AdaptWin,0.021066,0.103846,1.0,0.188153,260
EV-A71,freq_with_indel,FreqThresh(p=80),FreqThresh,0.078724,0.150943,0.296296,0.2,53
EV-A71,freq_with_indel,FreqThresh(p=85),FreqThresh,0.125145,0.190476,0.296296,0.231884,42
EV-A71,freq_with_indel,FreqThresh(p=90),FreqThresh,-0.00408,0.1,0.111111,0.105263,30
EV-A71,freq_with_indel,FreqThresh(p=95),FreqThresh,-0.025031,0.071429,0.037037,0.04878,14
EV-A71,freq_with_indel,"SWAN(w=10,k=1.0)",SWAN,0.071928,0.173913,0.148148,0.16,23
EV-A71,freq_with_indel,"SWAN(w=10,k=1.5)",SWAN,-0.034361,0.0625,0.037037,0.046512,16
EV-A71,freq_with_indel,"SWAN(w=10,k=2.0)",SWAN,-0.034361,0.0625,0.037037,0.046512,16
EV-A71,freq_with_indel,"SWAN(w=20,k=1.0)",SWAN,-0.061215,0.043478,0.037037,0.04,23
EV-A71,freq_with_indel,"SWAN(w=20,k=1.5)",SWAN,-0.061215,0.043478,0.037037,0.04,23
EV-A71,freq_with_indel,"SWAN(w=20,k=2.0)",SWAN,-0.061215,0.043478,0.037037,0.04,23
EV-A71,freq_with_indel,"SWAN(w=50,k=1.0)",SWAN,-0.105596,0.0,0.0,0.0,23
EV-A71,freq_with_indel,"SWAN(w=50,k=1.5)",SWAN,-0.105596,0.0,0.0,0.0,23
EV-A71,freq_with_indel,"SWAN(w=50,k=2.0)",SWAN,0.0,0.0,0.0,0.0,0
EV-A71,freq_with_indel,MutClust-Orig(g=10),MutClust-Orig,0.021066,0.103846,1.0,0.188153,260
EV-A71,entropy_with_indel,Wavelet(t=1.0),Wavelet,0.037117,0.123077,0.296296,0.173913,65
EV-A71,entropy_with_indel,Wavelet(t=1.5),Wavelet,-0.131462,0.0,0.0,0.0,34
EV-A71,entropy_with_indel,Wavelet(t=2.0),Wavelet,0.0,0.0,0.0,0.0,0
EV-A71,entropy_with_indel,KDE(p=75),KDE,0.062879,0.136364,0.333333,0.193548,66
EV-A71,entropy_with_indel,KDE(p=80),KDE,0.04745,0.132075,0.259259,0.175,53
EV-A71,entropy_with_indel,KDE(p=85),KDE,0.099955,0.175,0.259259,0.208955,40
EV-A71,entropy_with_indel,SlidingTest(p=0.01),SlidingTest,0.0,0.0,0.0,0.0,0
EV-A71,entropy_with_indel,SlidingTest(p=0.05),SlidingTest,-0.10048,0.0,0.0,0.0,21
EV-A71,entropy_with_indel,GradPeak(p=0.2),GradPeak,-0.036629,0.0,0.0,0.0,3
EV-A71,entropy_with_indel,GradPeak(p=0.5),GradPeak,0.0,0.0,0.0,0.0,0
EV-A71,entropy_with_indel,LocalContrast(z=1.0),LocalContrast,0.038278,0.142857,0.111111,0.125,21
EV-A71,entropy_with_indel,LocalContrast(z=1.5),LocalContrast,0.030808,0.142857,0.074074,0.097561,14
EV-A71,entropy_with_indel,LocalContrast(z=2.0),LocalContrast,-0.00226,0.1,0.037037,0.054054,10
EV-A71,entropy_with_indel,"CUSUM(d=0.3,h=3.0)",CUSUM,-0.047472,0.0,0.0,0.0,5
EV-A71,entropy_with_indel,"CUSUM(d=0.5,h=4.0)",CUSUM,-0.036629,0.0,0.0,0.0,3
EV-A71,entropy_with_indel,"CUSUM(d=0.5,h=5.0)",CUSUM,-0.02985,0.0,0.0,0.0,2
EV-A71,entropy_with_indel,AdaptiveKnee,AdaptiveKnee,0.018085,0.125,0.074074,0.093023,16
EV-A71,entropy_with_indel,ScoreDBSCAN(ep=8),ScoreDBSCAN,0.040032,0.107759,0.925926,0.19305,232
EV-A71,entropy_with_indel,ScoreDBSCAN(ep=15),ScoreDBSCAN,0.019941,0.104839,0.962963,0.189091,248
EV-A71,entropy_with_indel,Spectral(z=1.5),Spectral,-0.025031,0.071429,0.037037,0.04878,14
EV-A71,entropy_with_indel,Spectral(z=2.0),Spectral,-0.008637,0.090909,0.037037,0.052632,11
EV-A71,entropy_with_indel,Bayes(prior=0.1),Bayes,0.0,0.0,0.0,0.0,0
EV-A71,entropy_with_indel,Bayes(prior=0.15),Bayes,0.0,0.0,0.0,0.0,0
EV-A71,entropy_with_indel,AdaptWin(s=90),AdaptWin,0.021066,0.103846,1.0,0.188153,260
EV-A71,entropy_with_indel,AdaptWin(s=85),AdaptWin,0.021066,0.103846,1.0,0.188153,260
EV-A71,entropy_with_indel,FreqThresh(p=80),FreqThresh,0.01955,0.115385,0.222222,0.151899,52
EV-A71,entropy_with_indel,FreqThresh(p=85),FreqThresh,0.069362,0.153846,0.222222,0.181818,39
EV-A71,entropy_with_indel,FreqThresh(p=90),FreqThresh,0.055045,0.153846,0.148148,0.150943,26
EV-A71,entropy_with_indel,FreqThresh(p=95),FreqThresh,-0.019941,0.076923,0.037037,0.05,13
EV-A71,entropy_with_indel,"SWAN(w=10,k=1.0)",SWAN,-0.049118,0.069767,0.111111,0.085714,43
EV-A71,entropy_with_indel,"SWAN(w=10,k=1.5)",SWAN,0.004205,0.107143,0.111111,0.109091,28
EV-A71,entropy_with_indel,"SWAN(w=10,k=2.0)",SWAN,-0.054227,0.047619,0.037037,0.041667,21
EV-A71,entropy_with_indel,"SWAN(w=20,k=1.0)",SWAN,-0.074942,0.057692,0.111111,0.075949,52
EV-A71,entropy_with_indel,"SWAN(w=20,k=1.5)",SWAN,-0.104551,0.026316,0.037037,0.030769,38
EV-A71,entropy_with_indel,"SWAN(w=20,k=2.0)",SWAN,-0.083879,0.0,0.0,0.0,15
EV-A71,entropy_with_indel,"SWAN(w=50,k=1.0)",SWAN,0.062879,0.136364,0.333333,0.193548,66
EV-A71,entropy_with_indel,"SWAN(w=50,k=1.5)",SWAN,-0.12923,0.0,0.0,0.0,33
EV-A71,entropy_with_indel,"SWAN(w=50,k=2.0)",SWAN,-0.110557,0.0,0.0,0.0,25
EV-A71,entropy_with_indel,MutClust-Orig(g=10),MutClust-Orig,0.021066,0.103846,1.0,0.188153,260
EV-A71,fubar,Wavelet(t=1.0),Wavelet,0.012306,0.117647,0.074074,0.090909,17
EV-A71,fubar,Wavelet(t=1.5),Wavelet,0.045571,0.166667,0.074074,0.102564,12
EV-A71,fubar,Wavelet(t=2.0),Wavelet,0.012584,0.125,0.037037,0.057143,8
EV-A71,fubar,KDE(p=75),KDE,-0.197619,0.0,0.0,0.0,66
EV-A71,fubar,KDE(p=80),KDE,-0.171467,0.0,0.0,0.0,53
EV-A71,fubar,KDE(p=85),KDE,-0.144513,0.0,0.0,0.0,40
EV-A71,fubar,SlidingTest(p=0.01),SlidingTest,-0.021066,0.0,0.0,0.0,1
EV-A71,fubar,SlidingTest(p=0.05),SlidingTest,-0.089661,0.0,0.0,0.0,17
EV-A71,fubar,GradPeak(p=0.2),GradPeak,0.0,0.0,0.0,0.0,0
EV-A71,fubar,GradPeak(p=0.5),GradPeak,0.0,0.0,0.0,0.0,0
EV-A71,fubar,LocalContrast(z=1.0),LocalContrast,0.080064,0.172414,0.185185,0.178571,29
EV-A71,fubar,LocalContrast(z=1.5),LocalContrast,0.071928,0.173913,0.148148,0.16,23
EV-A71,fubar,LocalContrast(z=2.0),LocalContrast,0.050094,0.157895,0.111111,0.130435,19
EV-A71,fubar,"CUSUM(d=0.3,h=3.0)",CUSUM,0.031842,0.166667,0.037037,0.060606,6
EV-A71,fubar,"CUSUM(d=0.5,h=4.0)",CUSUM,-0.021066,0.0,0.0,0.0,1
EV-A71,fubar,"CUSUM(d=0.5,h=5.0)",CUSUM,-0.021066,0.0,0.0,0.0,1
EV-A71,fubar,AdaptiveKnee,AdaptiveKnee,0.013037,0.115385,0.111111,0.113208,26
EV-A71,fubar,ScoreDBSCAN(ep=8),ScoreDBSCAN,0.00408,0.103896,0.888889,0.186047,231
EV-A71,fubar,ScoreDBSCAN(ep=15),ScoreDBSCAN,-0.053979,0.1,0.925926,0.180505,250
EV-A71,fubar,Spectral(z=1.5),Spectral,-0.00226,0.1,0.037037,0.054054,10
EV-A71,fubar,Spectral(z=2.0),Spectral,0.021482,0.142857,0.037037,0.058824,7
EV-A71,fubar,Bayes(prior=0.1),Bayes,-0.042378,0.0,0.0,0.0,4
EV-A71,fubar,Bayes(prior=0.15),Bayes,-0.007975,0.095238,0.074074,0.083333,21
EV-A71,fubar,AdaptWin(s=90),AdaptWin,0.0,0.103448,0.111111,0.107143,29
EV-A71,fubar,AdaptWin(s=85),AdaptWin,-0.066656,0.061224,0.111111,0.078947,49
EV-A71,fubar,FreqThresh(p=80),FreqThresh,-0.074942,0.057692,0.111111,0.075949,52
EV-A71,fubar,FreqThresh(p=85),FreqThresh,-0.036506,0.076923,0.111111,0.090909,39
EV-A71,fubar,FreqThresh(p=90),FreqThresh,0.013037,0.115385,0.111111,0.113208,26
EV-A71,fubar,FreqThresh(p=95),FreqThresh,-0.019941,0.076923,0.037037,0.05,13
EV-A71,fubar,"SWAN(w=10,k=1.0)",SWAN,-0.062904,0.055556,0.074074,0.063492,36
EV-A71,fubar,"SWAN(w=10,k=1.5)",SWAN,-0.016834,0.086957,0.074074,0.08,23
EV-A71,fubar,"SWAN(w=10,k=2.0)",SWAN,-0.064194,0.0,0.0,0.0,9
EV-A71,fubar,"SWAN(w=20,k=1.0)",SWAN,-0.059836,0.057143,0.074074,0.064516,35
EV-A71,fubar,"SWAN(w=20,k=1.5)",SWAN,-0.059836,0.057143,0.074074,0.064516,35
EV-A71,fubar,"SWAN(w=20,k=2.0)",SWAN,-0.02985,0.0,0.0,0.0,2
EV-A71,fubar,"SWAN(w=50,k=1.0)",SWAN,-0.083033,0.046512,0.074074,0.057143,43
EV-A71,fubar,"SWAN(w=50,k=1.5)",SWAN,-0.065918,0.054054,0.074074,0.0625,37
EV-A71,fubar,"SWAN(w=50,k=2.0)",SWAN,-0.043525,0.066667,0.074074,0.070175,30
EV-A71,fubar,MutClust-Orig(g=10),MutClust-Orig,-0.095882,0.076923,0.407407,0.129412,143
