pathogen,fraction,n_sequences,repeat,score,detector,mcc
SARS-CoV-2,0.25,1245,0,E*rare,Wavelet(t=1.5),0.0292
SARS-CoV-2,0.25,1245,0,E*rare,FreqThresh(p=85),-0.0739
SARS-CoV-2,0.25,1245,0,E*rare,"SWAN(w=10,k=1.5)",0.0291
SARS-CoV-2,0.25,1245,0,E*rare,KDE(p=80),-0.0712
SARS-CoV-2,0.25,1245,0,P*E*rare,Wavelet(t=1.5),-0.0004
SARS-CoV-2,0.25,1245,0,P*E*rare,FreqThresh(p=85),-0.0739
SARS-CoV-2,0.25,1245,0,P*E*rare,"SWAN(w=10,k=1.5)",0.0291
SARS-CoV-2,0.25,1245,0,P*E*rare,KDE(p=80),-0.0285
SARS-CoV-2,0.25,1245,0,P*E,Wavelet(t=1.5),-0.0283
SARS-CoV-2,0.25,1245,0,P*E,FreqThresh(p=85),-0.0719
SARS-CoV-2,0.25,1245,0,P*E,KDE(p=80),-0.0712
SARS-CoV-2,0.25,1245,0,H-score,Wavelet(t=1.5),-0.0355
SARS-CoV-2,0.25,1245,0,H-score,FreqThresh(p=85),-0.0719
SARS-CoV-2,0.25,1245,0,H-score,KDE(p=80),-0.0285
SARS-CoV-2,0.25,1245,0,E_only,Wavelet(t=1.5),-0.0329
SARS-CoV-2,0.25,1245,0,E_only,FreqThresh(p=85),-0.0719
SARS-CoV-2,0.25,1245,0,E_only,KDE(p=80),-0.0712
SARS-CoV-2,0.25,1245,1,E*rare,Wavelet(t=1.5),0.1355
SARS-CoV-2,0.25,1245,1,E*rare,FreqThresh(p=85),0.0501
SARS-CoV-2,0.25,1245,1,E*rare,"SWAN(w=10,k=1.5)",0.0291
SARS-CoV-2,0.25,1245,1,E*rare,KDE(p=80),-0.0427
SARS-CoV-2,0.25,1245,1,P*E*rare,Wavelet(t=1.5),-0.0004
SARS-CoV-2,0.25,1245,1,P*E*rare,FreqThresh(p=85),0.0501
SARS-CoV-2,0.25,1245,1,P*E*rare,"SWAN(w=10,k=1.5)",0.0291
SARS-CoV-2,0.25,1245,1,P*E*rare,KDE(p=80),0.0142
SARS-CoV-2,0.25,1245,1,P*E,Wavelet(t=1.5),0.0151
SARS-CoV-2,0.25,1245,1,P*E,FreqThresh(p=85),0.0097
SARS-CoV-2,0.25,1245,1,P*E,KDE(p=80),0.1422
SARS-CoV-2,0.25,1245,1,H-score,Wavelet(t=1.5),0.0052
SARS-CoV-2,0.25,1245,1,H-score,FreqThresh(p=85),0.0097
SARS-CoV-2,0.25,1245,1,H-score,KDE(p=80),0.0142
SARS-CoV-2,0.25,1245,1,E_only,Wavelet(t=1.5),-0.0002
SARS-CoV-2,0.25,1245,1,E_only,FreqThresh(p=85),0.0097
SARS-CoV-2,0.25,1245,1,E_only,KDE(p=80),0.0569
SARS-CoV-2,0.25,1245,2,E*rare,Wavelet(t=1.5),0.0555
SARS-CoV-2,0.25,1245,2,E*rare,FreqThresh(p=85),0.0124
SARS-CoV-2,0.25,1245,2,E*rare,"SWAN(w=10,k=1.5)",0.092
SARS-CoV-2,0.25,1245,2,E*rare,KDE(p=80),0.0853
SARS-CoV-2,0.25,1245,2,P*E*rare,Wavelet(t=1.5),-0.0004
SARS-CoV-2,0.25,1245,2,P*E*rare,FreqThresh(p=85),0.0124
SARS-CoV-2,0.25,1245,2,P*E*rare,"SWAN(w=10,k=1.5)",0.0291
SARS-CoV-2,0.25,1245,2,P*E*rare,KDE(p=80),0.0711
SARS-CoV-2,0.25,1245,2,P*E,Wavelet(t=1.5),0.0111
SARS-CoV-2,0.25,1245,2,P*E,FreqThresh(p=85),0.0115
SARS-CoV-2,0.25,1245,2,P*E,"SWAN(w=10,k=1.5)",0.0291
SARS-CoV-2,0.25,1245,2,P*E,KDE(p=80),0.0284
SARS-CoV-2,0.25,1245,2,H-score,Wavelet(t=1.5),0.02
SARS-CoV-2,0.25,1245,2,H-score,FreqThresh(p=85),0.0115
SARS-CoV-2,0.25,1245,2,H-score,"SWAN(w=10,k=1.5)",0.0356
SARS-CoV-2,0.25,1245,2,H-score,KDE(p=80),0.0711
SARS-CoV-2,0.25,1245,2,E_only,Wavelet(t=1.5),0.0289
SARS-CoV-2,0.25,1245,2,E_only,FreqThresh(p=85),0.0115
SARS-CoV-2,0.25,1245,2,E_only,"SWAN(w=10,k=1.5)",0.0747
SARS-CoV-2,0.25,1245,2,E_only,KDE(p=80),0.0853
SARS-CoV-2,0.25,1245,3,E*rare,Wavelet(t=1.5),0.1021
SARS-CoV-2,0.25,1245,3,E*rare,FreqThresh(p=85),0.027
SARS-CoV-2,0.25,1245,3,E*rare,"SWAN(w=10,k=1.5)",0.0161
SARS-CoV-2,0.25,1245,3,E*rare,KDE(p=80),0.128
SARS-CoV-2,0.25,1245,3,P*E*rare,Wavelet(t=1.5),-0.0004
SARS-CoV-2,0.25,1245,3,P*E*rare,FreqThresh(p=85),0.027
SARS-CoV-2,0.25,1245,3,P*E*rare,"SWAN(w=10,k=1.5)",0.0291
SARS-CoV-2,0.25,1245,3,P*E*rare,KDE(p=80),0.0711
SARS-CoV-2,0.25,1245,3,P*E,Wavelet(t=1.5),0.0517
SARS-CoV-2,0.25,1245,3,P*E,FreqThresh(p=85),0.0247
SARS-CoV-2,0.25,1245,3,P*E,"SWAN(w=10,k=1.5)",0.108
SARS-CoV-2,0.25,1245,3,P*E,KDE(p=80),0.0995
SARS-CoV-2,0.25,1245,3,H-score,Wavelet(t=1.5),0.0517
SARS-CoV-2,0.25,1245,3,H-score,FreqThresh(p=85),0.0247
SARS-CoV-2,0.25,1245,3,H-score,"SWAN(w=10,k=1.5)",0.108
SARS-CoV-2,0.25,1245,3,H-score,KDE(p=80),0.0995
SARS-CoV-2,0.25,1245,3,E_only,Wavelet(t=1.5),0.0517
SARS-CoV-2,0.25,1245,3,E_only,FreqThresh(p=85),0.0247
SARS-CoV-2,0.25,1245,3,E_only,"SWAN(w=10,k=1.5)",0.108
SARS-CoV-2,0.25,1245,3,E_only,KDE(p=80),0.0711
SARS-CoV-2,0.25,1245,4,E*rare,Wavelet(t=1.5),0.0339
SARS-CoV-2,0.25,1245,4,E*rare,FreqThresh(p=85),0.0952
SARS-CoV-2,0.25,1245,4,E*rare,"SWAN(w=10,k=1.5)",0.092
SARS-CoV-2,0.25,1245,4,E*rare,KDE(p=80),0.0284
SARS-CoV-2,0.25,1245,4,P*E*rare,Wavelet(t=1.5),-0.0004
SARS-CoV-2,0.25,1245,4,P*E*rare,FreqThresh(p=85),0.0952
SARS-CoV-2,0.25,1245,4,P*E*rare,"SWAN(w=10,k=1.5)",0.0291
SARS-CoV-2,0.25,1245,4,P*E*rare,KDE(p=80),0.0569
SARS-CoV-2,0.25,1245,4,P*E,Wavelet(t=1.5),-0.0078
SARS-CoV-2,0.25,1245,4,P*E,FreqThresh(p=85),0.1323
SARS-CoV-2,0.25,1245,4,P*E,"SWAN(w=10,k=1.5)",0.0291
SARS-CoV-2,0.25,1245,4,P*E,KDE(p=80),0.0284
SARS-CoV-2,0.25,1245,4,H-score,Wavelet(t=1.5),0.004
SARS-CoV-2,0.25,1245,4,H-score,FreqThresh(p=85),0.1323
SARS-CoV-2,0.25,1245,4,H-score,KDE(p=80),0.0284
SARS-CoV-2,0.25,1245,4,E_only,Wavelet(t=1.5),0.004
SARS-CoV-2,0.25,1245,4,E_only,FreqThresh(p=85),0.1323
SARS-CoV-2,0.25,1245,4,E_only,KDE(p=80),0.0569
SARS-CoV-2,0.5,2491,0,E*rare,Wavelet(t=1.5),0.0922
SARS-CoV-2,0.5,2491,0,E*rare,FreqThresh(p=85),0.0294
SARS-CoV-2,0.5,2491,0,E*rare,"SWAN(w=10,k=1.5)",0.0291
SARS-CoV-2,0.5,2491,0,E*rare,KDE(p=80),-0.0285
SARS-CoV-2,0.5,2491,0,P*E*rare,Wavelet(t=1.5),-0.0004
SARS-CoV-2,0.5,2491,0,P*E*rare,FreqThresh(p=85),0.0294
SARS-CoV-2,0.5,2491,0,P*E*rare,"SWAN(w=10,k=1.5)",0.0291
SARS-CoV-2,0.5,2491,0,P*E*rare,KDE(p=80),0.0142
SARS-CoV-2,0.5,2491,0,P*E,Wavelet(t=1.5),0.0339
SARS-CoV-2,0.5,2491,0,P*E,FreqThresh(p=85),0.0133
SARS-CoV-2,0.5,2491,0,P*E,"SWAN(w=10,k=1.5)",-0.0176
SARS-CoV-2,0.5,2491,0,P*E,KDE(p=80),-0.057
SARS-CoV-2,0.5,2491,0,H-score,Wavelet(t=1.5),-0.0218
SARS-CoV-2,0.5,2491,0,H-score,FreqThresh(p=85),0.0133
SARS-CoV-2,0.5,2491,0,H-score,KDE(p=80),-0.0427
SARS-CoV-2,0.5,2491,0,E_only,Wavelet(t=1.5),-0.0203
SARS-CoV-2,0.5,2491,0,E_only,FreqThresh(p=85),0.0133
SARS-CoV-2,0.5,2491,0,E_only,KDE(p=80),-0.0143
SARS-CoV-2,0.5,2491,1,E*rare,Wavelet(t=1.5),0.0987
SARS-CoV-2,0.5,2491,1,E*rare,FreqThresh(p=85),0.0133
SARS-CoV-2,0.5,2491,1,E*rare,"SWAN(w=10,k=1.5)",0.0123
SARS-CoV-2,0.5,2491,1,E*rare,KDE(p=80),-0.0427
SARS-CoV-2,0.5,2491,1,P*E*rare,Wavelet(t=1.5),-0.0004
SARS-CoV-2,0.5,2491,1,P*E*rare,FreqThresh(p=85),0.0133
SARS-CoV-2,0.5,2491,1,P*E*rare,"SWAN(w=10,k=1.5)",0.0291
SARS-CoV-2,0.5,2491,1,P*E*rare,KDE(p=80),0.0711
SARS-CoV-2,0.5,2491,1,P*E,Wavelet(t=1.5),-0.0195
SARS-CoV-2,0.5,2491,1,P*E,FreqThresh(p=85),0.0141
SARS-CoV-2,0.5,2491,1,P*E,KDE(p=80),-0.0001
SARS-CoV-2,0.5,2491,1,H-score,Wavelet(t=1.5),-0.0331
SARS-CoV-2,0.5,2491,1,H-score,FreqThresh(p=85),0.0141
SARS-CoV-2,0.5,2491,1,H-score,KDE(p=80),-0.0285
SARS-CoV-2,0.5,2491,1,E_only,Wavelet(t=1.5),-0.0192
SARS-CoV-2,0.5,2491,1,E_only,FreqThresh(p=85),0.0152
SARS-CoV-2,0.5,2491,1,E_only,KDE(p=80),0.0142
SARS-CoV-2,0.5,2491,2,E*rare,Wavelet(t=1.5),0.0904
SARS-CoV-2,0.5,2491,2,E*rare,FreqThresh(p=85),0.015
SARS-CoV-2,0.5,2491,2,E*rare,"SWAN(w=10,k=1.5)",0.0123
SARS-CoV-2,0.5,2491,2,E*rare,KDE(p=80),-0.0285
SARS-CoV-2,0.5,2491,2,P*E*rare,Wavelet(t=1.5),-0.0004
SARS-CoV-2,0.5,2491,2,P*E*rare,FreqThresh(p=85),0.015
SARS-CoV-2,0.5,2491,2,P*E*rare,"SWAN(w=10,k=1.5)",0.0291
SARS-CoV-2,0.5,2491,2,P*E*rare,KDE(p=80),0.0142
SARS-CoV-2,0.5,2491,2,P*E,Wavelet(t=1.5),-0.0307
SARS-CoV-2,0.5,2491,2,P*E,FreqThresh(p=85),0.0156
SARS-CoV-2,0.5,2491,2,P*E,KDE(p=80),0.0142
SARS-CoV-2,0.5,2491,2,H-score,Wavelet(t=1.5),-0.0154
SARS-CoV-2,0.5,2491,2,H-score,FreqThresh(p=85),0.0156
SARS-CoV-2,0.5,2491,2,H-score,KDE(p=80),0.0426
SARS-CoV-2,0.5,2491,2,E_only,Wavelet(t=1.5),-0.0341
SARS-CoV-2,0.5,2491,2,E_only,FreqThresh(p=85),0.0156
SARS-CoV-2,0.5,2491,2,E_only,KDE(p=80),0.0426
SARS-CoV-2,0.5,2491,3,E*rare,Wavelet(t=1.5),0.1132
SARS-CoV-2,0.5,2491,3,E*rare,FreqThresh(p=85),-0.0451
SARS-CoV-2,0.5,2491,3,E*rare,"SWAN(w=10,k=1.5)",0.0123
SARS-CoV-2,0.5,2491,3,E*rare,KDE(p=80),-0.0712
SARS-CoV-2,0.5,2491,3,P*E*rare,Wavelet(t=1.5),-0.0004
SARS-CoV-2,0.5,2491,3,P*E*rare,FreqThresh(p=85),-0.0451
SARS-CoV-2,0.5,2491,3,P*E*rare,"SWAN(w=10,k=1.5)",0.0291
SARS-CoV-2,0.5,2491,3,P*E*rare,KDE(p=80),0.0711
SARS-CoV-2,0.5,2491,3,P*E,Wavelet(t=1.5),-0.0251
SARS-CoV-2,0.5,2491,3,P*E,FreqThresh(p=85),-0.0047
SARS-CoV-2,0.5,2491,3,P*E,KDE(p=80),-0.0566
SARS-CoV-2,0.5,2491,3,H-score,Wavelet(t=1.5),-0.0014
SARS-CoV-2,0.5,2491,3,H-score,FreqThresh(p=85),-0.0047
SARS-CoV-2,0.5,2491,3,H-score,KDE(p=80),-0.0001
SARS-CoV-2,0.5,2491,3,E_only,Wavelet(t=1.5),-0.0011
SARS-CoV-2,0.5,2491,3,E_only,FreqThresh(p=85),-0.0047
SARS-CoV-2,0.5,2491,3,E_only,KDE(p=80),-0.0143
SARS-CoV-2,0.5,2491,4,E*rare,Wavelet(t=1.5),0.094
SARS-CoV-2,0.5,2491,4,E*rare,FreqThresh(p=85),-0.0486
SARS-CoV-2,0.5,2491,4,E*rare,"SWAN(w=10,k=1.5)",0.0291
SARS-CoV-2,0.5,2491,4,E*rare,KDE(p=80),-0.0712
SARS-CoV-2,0.5,2491,4,P*E*rare,Wavelet(t=1.5),-0.0004
SARS-CoV-2,0.5,2491,4,P*E*rare,FreqThresh(p=85),-0.0486
SARS-CoV-2,0.5,2491,4,P*E*rare,"SWAN(w=10,k=1.5)",0.0291
SARS-CoV-2,0.5,2491,4,P*E*rare,KDE(p=80),0.0142
SARS-CoV-2,0.5,2491,4,P*E,Wavelet(t=1.5),-0.0401
SARS-CoV-2,0.5,2491,4,P*E,FreqThresh(p=85),-0.0129
SARS-CoV-2,0.5,2491,4,P*E,"SWAN(w=10,k=1.5)",-0.014
SARS-CoV-2,0.5,2491,4,P*E,KDE(p=80),-0.057
SARS-CoV-2,0.5,2491,4,H-score,Wavelet(t=1.5),-0.0314
SARS-CoV-2,0.5,2491,4,H-score,FreqThresh(p=85),-0.0129
SARS-CoV-2,0.5,2491,4,H-score,KDE(p=80),-0.0001
SARS-CoV-2,0.5,2491,4,E_only,Wavelet(t=1.5),-0.0173
SARS-CoV-2,0.5,2491,4,E_only,FreqThresh(p=85),-0.0129
SARS-CoV-2,0.5,2491,4,E_only,KDE(p=80),-0.057
SARS-CoV-2,0.75,3736,0,E*rare,Wavelet(t=1.5),0.087
SARS-CoV-2,0.75,3736,0,E*rare,FreqThresh(p=85),-0.0218
SARS-CoV-2,0.75,3736,0,E*rare,"SWAN(w=10,k=1.5)",0.0123
SARS-CoV-2,0.75,3736,0,E*rare,KDE(p=80),-0.0712
SARS-CoV-2,0.75,3736,0,P*E*rare,Wavelet(t=1.5),-0.0004
SARS-CoV-2,0.75,3736,0,P*E*rare,FreqThresh(p=85),-0.0218
SARS-CoV-2,0.75,3736,0,P*E*rare,"SWAN(w=10,k=1.5)",0.0291
SARS-CoV-2,0.75,3736,0,P*E*rare,KDE(p=80),0.0142
SARS-CoV-2,0.75,3736,0,P*E,Wavelet(t=1.5),-0.0058
SARS-CoV-2,0.75,3736,0,P*E,FreqThresh(p=85),0.0014
SARS-CoV-2,0.75,3736,0,P*E,KDE(p=80),-0.057
SARS-CoV-2,0.75,3736,0,H-score,Wavelet(t=1.5),-0.0197
SARS-CoV-2,0.75,3736,0,H-score,FreqThresh(p=85),0.0014
SARS-CoV-2,0.75,3736,0,H-score,KDE(p=80),-0.057
SARS-CoV-2,0.75,3736,0,E_only,Wavelet(t=1.5),-0.0064
SARS-CoV-2,0.75,3736,0,E_only,FreqThresh(p=85),0.0014
SARS-CoV-2,0.75,3736,0,E_only,KDE(p=80),-0.057
SARS-CoV-2,0.75,3736,1,E*rare,Wavelet(t=1.5),0.0963
SARS-CoV-2,0.75,3736,1,E*rare,FreqThresh(p=85),0.0232
SARS-CoV-2,0.75,3736,1,E*rare,"SWAN(w=10,k=1.5)",0.0123
SARS-CoV-2,0.75,3736,1,E*rare,KDE(p=80),0.0142
SARS-CoV-2,0.75,3736,1,P*E*rare,Wavelet(t=1.5),-0.0004
SARS-CoV-2,0.75,3736,1,P*E*rare,FreqThresh(p=85),0.0232
SARS-CoV-2,0.75,3736,1,P*E*rare,"SWAN(w=10,k=1.5)",0.0291
SARS-CoV-2,0.75,3736,1,P*E*rare,KDE(p=80),0.0145
SARS-CoV-2,0.75,3736,1,P*E,Wavelet(t=1.5),0.0101
SARS-CoV-2,0.75,3736,1,P*E,FreqThresh(p=85),0.0148
SARS-CoV-2,0.75,3736,1,P*E,KDE(p=80),0.0711
SARS-CoV-2,0.75,3736,1,H-score,Wavelet(t=1.5),0.0133
SARS-CoV-2,0.75,3736,1,H-score,FreqThresh(p=85),0.0148
SARS-CoV-2,0.75,3736,1,H-score,KDE(p=80),0.0142
SARS-CoV-2,0.75,3736,1,E_only,Wavelet(t=1.5),0.0095
SARS-CoV-2,0.75,3736,1,E_only,FreqThresh(p=85),0.0148
SARS-CoV-2,0.75,3736,1,E_only,KDE(p=80),0.0711
SARS-CoV-2,0.75,3736,2,E*rare,Wavelet(t=1.5),0.1021
SARS-CoV-2,0.75,3736,2,E*rare,FreqThresh(p=85),-0.0282
SARS-CoV-2,0.75,3736,2,E*rare,"SWAN(w=10,k=1.5)",0.0291
SARS-CoV-2,0.75,3736,2,E*rare,KDE(p=80),-0.0712
SARS-CoV-2,0.75,3736,2,P*E*rare,Wavelet(t=1.5),-0.0004
SARS-CoV-2,0.75,3736,2,P*E*rare,FreqThresh(p=85),-0.0282
SARS-CoV-2,0.75,3736,2,P*E*rare,"SWAN(w=10,k=1.5)",0.0291
SARS-CoV-2,0.75,3736,2,P*E*rare,KDE(p=80),0.0711
SARS-CoV-2,0.75,3736,2,P*E,Wavelet(t=1.5),-0.0307
SARS-CoV-2,0.75,3736,2,P*E,FreqThresh(p=85),0.0059
SARS-CoV-2,0.75,3736,2,P*E,KDE(p=80),-0.057
SARS-CoV-2,0.75,3736,2,H-score,Wavelet(t=1.5),0.003
SARS-CoV-2,0.75,3736,2,H-score,FreqThresh(p=85),0.0059
SARS-CoV-2,0.75,3736,2,H-score,KDE(p=80),-0.0001
SARS-CoV-2,0.75,3736,2,E_only,Wavelet(t=1.5),-0.0049
SARS-CoV-2,0.75,3736,2,E_only,FreqThresh(p=85),0.0059
SARS-CoV-2,0.75,3736,2,E_only,KDE(p=80),-0.0001
SARS-CoV-2,0.75,3736,3,E*rare,Wavelet(t=1.5),0.095
SARS-CoV-2,0.75,3736,3,E*rare,FreqThresh(p=85),-0.0327
SARS-CoV-2,0.75,3736,3,E*rare,"SWAN(w=10,k=1.5)",0.0123
SARS-CoV-2,0.75,3736,3,E*rare,KDE(p=80),-0.0712
SARS-CoV-2,0.75,3736,3,P*E*rare,Wavelet(t=1.5),-0.0004
SARS-CoV-2,0.75,3736,3,P*E*rare,FreqThresh(p=85),-0.0327
SARS-CoV-2,0.75,3736,3,P*E*rare,"SWAN(w=10,k=1.5)",0.0291
SARS-CoV-2,0.75,3736,3,P*E*rare,KDE(p=80),0.0142
SARS-CoV-2,0.75,3736,3,P*E,Wavelet(t=1.5),0.0137
SARS-CoV-2,0.75,3736,3,P*E,FreqThresh(p=85),-0.0035
SARS-CoV-2,0.75,3736,3,P*E,KDE(p=80),-0.057
SARS-CoV-2,0.75,3736,3,H-score,Wavelet(t=1.5),-0.0536
SARS-CoV-2,0.75,3736,3,H-score,FreqThresh(p=85),-0.0035
SARS-CoV-2,0.75,3736,3,H-score,KDE(p=80),-0.057
SARS-CoV-2,0.75,3736,3,E_only,Wavelet(t=1.5),-0.0376
SARS-CoV-2,0.75,3736,3,E_only,FreqThresh(p=85),-0.0035
SARS-CoV-2,0.75,3736,3,E_only,KDE(p=80),-0.057
SARS-CoV-2,0.75,3736,4,E*rare,Wavelet(t=1.5),0.0822
SARS-CoV-2,0.75,3736,4,E*rare,FreqThresh(p=85),-0.0064
SARS-CoV-2,0.75,3736,4,E*rare,"SWAN(w=10,k=1.5)",0.0291
SARS-CoV-2,0.75,3736,4,E*rare,KDE(p=80),-0.0285
SARS-CoV-2,0.75,3736,4,P*E*rare,Wavelet(t=1.5),-0.0004
SARS-CoV-2,0.75,3736,4,P*E*rare,FreqThresh(p=85),-0.0072
SARS-CoV-2,0.75,3736,4,P*E*rare,"SWAN(w=10,k=1.5)",0.0291
SARS-CoV-2,0.75,3736,4,P*E*rare,KDE(p=80),0.0148
SARS-CoV-2,0.75,3736,4,P*E,Wavelet(t=1.5),0.0107
SARS-CoV-2,0.75,3736,4,P*E,FreqThresh(p=85),0.0168
SARS-CoV-2,0.75,3736,4,P*E,KDE(p=80),0.0142
SARS-CoV-2,0.75,3736,4,H-score,Wavelet(t=1.5),0.0036
SARS-CoV-2,0.75,3736,4,H-score,FreqThresh(p=85),0.0168
SARS-CoV-2,0.75,3736,4,H-score,KDE(p=80),0.0142
SARS-CoV-2,0.75,3736,4,E_only,Wavelet(t=1.5),0.012
SARS-CoV-2,0.75,3736,4,E_only,FreqThresh(p=85),0.0168
SARS-CoV-2,0.75,3736,4,E_only,KDE(p=80),0.0569
SARS-CoV-2,1.0,4982,0,E*rare,Wavelet(t=1.5),0.0861
SARS-CoV-2,1.0,4982,0,E*rare,FreqThresh(p=85),-0.0253
SARS-CoV-2,1.0,4982,0,E*rare,"SWAN(w=10,k=1.5)",0.0123
SARS-CoV-2,1.0,4982,0,E*rare,KDE(p=80),-0.0427
SARS-CoV-2,1.0,4982,0,P*E*rare,Wavelet(t=1.5),-0.0004
SARS-CoV-2,1.0,4982,0,P*E*rare,FreqThresh(p=85),-0.0267
SARS-CoV-2,1.0,4982,0,P*E*rare,"SWAN(w=10,k=1.5)",0.0291
SARS-CoV-2,1.0,4982,0,P*E*rare,KDE(p=80),0.0142
SARS-CoV-2,1.0,4982,0,P*E,Wavelet(t=1.5),0.0107
SARS-CoV-2,1.0,4982,0,P*E,FreqThresh(p=85),0.0073
SARS-CoV-2,1.0,4982,0,P*E,KDE(p=80),-0.057
SARS-CoV-2,1.0,4982,0,H-score,Wavelet(t=1.5),0.002
SARS-CoV-2,1.0,4982,0,H-score,FreqThresh(p=85),0.0073
SARS-CoV-2,1.0,4982,0,H-score,KDE(p=80),-0.0001
SARS-CoV-2,1.0,4982,0,E_only,Wavelet(t=1.5),0.0023
SARS-CoV-2,1.0,4982,0,E_only,FreqThresh(p=85),0.0073
SARS-CoV-2,1.0,4982,0,E_only,KDE(p=80),-0.0427
SARS-CoV-2,1.0,4982,1,E*rare,Wavelet(t=1.5),0.0861
SARS-CoV-2,1.0,4982,1,E*rare,FreqThresh(p=85),-0.0253
SARS-CoV-2,1.0,4982,1,E*rare,"SWAN(w=10,k=1.5)",0.0123
SARS-CoV-2,1.0,4982,1,E*rare,KDE(p=80),-0.0427
SARS-CoV-2,1.0,4982,1,P*E*rare,Wavelet(t=1.5),-0.0004
SARS-CoV-2,1.0,4982,1,P*E*rare,FreqThresh(p=85),-0.0267
SARS-CoV-2,1.0,4982,1,P*E*rare,"SWAN(w=10,k=1.5)",0.0291
SARS-CoV-2,1.0,4982,1,P*E*rare,KDE(p=80),0.0142
SARS-CoV-2,1.0,4982,1,P*E,Wavelet(t=1.5),0.0107
SARS-CoV-2,1.0,4982,1,P*E,FreqThresh(p=85),0.0073
SARS-CoV-2,1.0,4982,1,P*E,KDE(p=80),-0.057
SARS-CoV-2,1.0,4982,1,H-score,Wavelet(t=1.5),0.002
SARS-CoV-2,1.0,4982,1,H-score,FreqThresh(p=85),0.0073
SARS-CoV-2,1.0,4982,1,H-score,KDE(p=80),-0.0001
SARS-CoV-2,1.0,4982,1,E_only,Wavelet(t=1.5),0.0023
SARS-CoV-2,1.0,4982,1,E_only,FreqThresh(p=85),0.0073
SARS-CoV-2,1.0,4982,1,E_only,KDE(p=80),-0.0427
SARS-CoV-2,1.0,4982,2,E*rare,Wavelet(t=1.5),0.0861
SARS-CoV-2,1.0,4982,2,E*rare,FreqThresh(p=85),-0.0253
SARS-CoV-2,1.0,4982,2,E*rare,"SWAN(w=10,k=1.5)",0.0123
SARS-CoV-2,1.0,4982,2,E*rare,KDE(p=80),-0.0427
SARS-CoV-2,1.0,4982,2,P*E*rare,Wavelet(t=1.5),-0.0004
SARS-CoV-2,1.0,4982,2,P*E*rare,FreqThresh(p=85),-0.0267
SARS-CoV-2,1.0,4982,2,P*E*rare,"SWAN(w=10,k=1.5)",0.0291
SARS-CoV-2,1.0,4982,2,P*E*rare,KDE(p=80),0.0142
SARS-CoV-2,1.0,4982,2,P*E,Wavelet(t=1.5),0.0107
SARS-CoV-2,1.0,4982,2,P*E,FreqThresh(p=85),0.0073
SARS-CoV-2,1.0,4982,2,P*E,KDE(p=80),-0.057
SARS-CoV-2,1.0,4982,2,H-score,Wavelet(t=1.5),0.002
SARS-CoV-2,1.0,4982,2,H-score,FreqThresh(p=85),0.0073
SARS-CoV-2,1.0,4982,2,H-score,KDE(p=80),-0.0001
SARS-CoV-2,1.0,4982,2,E_only,Wavelet(t=1.5),0.0023
SARS-CoV-2,1.0,4982,2,E_only,FreqThresh(p=85),0.0073
SARS-CoV-2,1.0,4982,2,E_only,KDE(p=80),-0.0427
SARS-CoV-2,1.0,4982,3,E*rare,Wavelet(t=1.5),0.0861
SARS-CoV-2,1.0,4982,3,E*rare,FreqThresh(p=85),-0.0253
SARS-CoV-2,1.0,4982,3,E*rare,"SWAN(w=10,k=1.5)",0.0123
SARS-CoV-2,1.0,4982,3,E*rare,KDE(p=80),-0.0427
SARS-CoV-2,1.0,4982,3,P*E*rare,Wavelet(t=1.5),-0.0004
SARS-CoV-2,1.0,4982,3,P*E*rare,FreqThresh(p=85),-0.0267
SARS-CoV-2,1.0,4982,3,P*E*rare,"SWAN(w=10,k=1.5)",0.0291
SARS-CoV-2,1.0,4982,3,P*E*rare,KDE(p=80),0.0142
SARS-CoV-2,1.0,4982,3,P*E,Wavelet(t=1.5),0.0107
SARS-CoV-2,1.0,4982,3,P*E,FreqThresh(p=85),0.0073
SARS-CoV-2,1.0,4982,3,P*E,KDE(p=80),-0.057
SARS-CoV-2,1.0,4982,3,H-score,Wavelet(t=1.5),0.002
SARS-CoV-2,1.0,4982,3,H-score,FreqThresh(p=85),0.0073
SARS-CoV-2,1.0,4982,3,H-score,KDE(p=80),-0.0001
SARS-CoV-2,1.0,4982,3,E_only,Wavelet(t=1.5),0.0023
SARS-CoV-2,1.0,4982,3,E_only,FreqThresh(p=85),0.0073
SARS-CoV-2,1.0,4982,3,E_only,KDE(p=80),-0.0427
SARS-CoV-2,1.0,4982,4,E*rare,Wavelet(t=1.5),0.0861
SARS-CoV-2,1.0,4982,4,E*rare,FreqThresh(p=85),-0.0253
SARS-CoV-2,1.0,4982,4,E*rare,"SWAN(w=10,k=1.5)",0.0123
SARS-CoV-2,1.0,4982,4,E*rare,KDE(p=80),-0.0427
SARS-CoV-2,1.0,4982,4,P*E*rare,Wavelet(t=1.5),-0.0004
SARS-CoV-2,1.0,4982,4,P*E*rare,FreqThresh(p=85),-0.0267
SARS-CoV-2,1.0,4982,4,P*E*rare,"SWAN(w=10,k=1.5)",0.0291
SARS-CoV-2,1.0,4982,4,P*E*rare,KDE(p=80),0.0142
SARS-CoV-2,1.0,4982,4,P*E,Wavelet(t=1.5),0.0107
SARS-CoV-2,1.0,4982,4,P*E,FreqThresh(p=85),0.0073
SARS-CoV-2,1.0,4982,4,P*E,KDE(p=80),-0.057
SARS-CoV-2,1.0,4982,4,H-score,Wavelet(t=1.5),0.002
SARS-CoV-2,1.0,4982,4,H-score,FreqThresh(p=85),0.0073
SARS-CoV-2,1.0,4982,4,H-score,KDE(p=80),-0.0001
SARS-CoV-2,1.0,4982,4,E_only,Wavelet(t=1.5),0.0023
SARS-CoV-2,1.0,4982,4,E_only,FreqThresh(p=85),0.0073
SARS-CoV-2,1.0,4982,4,E_only,KDE(p=80),-0.0427
H3N2,0.25,661,0,E*rare,Wavelet(t=1.5),-0.0607
H3N2,0.25,661,0,E*rare,FreqThresh(p=85),0.1027
H3N2,0.25,661,0,E*rare,KDE(p=80),-0.1101
H3N2,0.25,661,0,P*E*rare,Wavelet(t=1.5),-0.0873
H3N2,0.25,661,0,P*E*rare,FreqThresh(p=85),0.0543
H3N2,0.25,661,0,P*E*rare,KDE(p=80),-0.1101
H3N2,0.25,661,0,P*E,Wavelet(t=1.5),0.2705
H3N2,0.25,661,0,P*E,FreqThresh(p=85),0.1473
H3N2,0.25,661,0,P*E,KDE(p=80),0.4164
H3N2,0.25,661,0,H-score,Wavelet(t=1.5),0.1728
H3N2,0.25,661,0,H-score,FreqThresh(p=85),0.1473
H3N2,0.25,661,0,H-score,KDE(p=80),0.219
H3N2,0.25,661,0,E_only,Wavelet(t=1.5),0.3265
H3N2,0.25,661,0,E_only,FreqThresh(p=85),0.0796
H3N2,0.25,661,0,E_only,KDE(p=80),0.3067
H3N2,0.25,661,1,E*rare,Wavelet(t=1.5),0.1516
H3N2,0.25,661,1,E*rare,FreqThresh(p=85),0.0574
H3N2,0.25,661,1,E*rare,KDE(p=80),0.1532
H3N2,0.25,661,1,P*E*rare,Wavelet(t=1.5),0.166
H3N2,0.25,661,1,P*E*rare,FreqThresh(p=85),0.0466
H3N2,0.25,661,1,P*E*rare,KDE(p=80),0.2629
H3N2,0.25,661,1,P*E,Wavelet(t=1.5),0.2974
H3N2,0.25,661,1,P*E,FreqThresh(p=85),0.1148
H3N2,0.25,661,1,P*E,KDE(p=80),0.4384
H3N2,0.25,661,1,H-score,Wavelet(t=1.5),0.1384
H3N2,0.25,661,1,H-score,FreqThresh(p=85),0.1148
H3N2,0.25,661,1,H-score,KDE(p=80),-0.0004
H3N2,0.25,661,1,E_only,Wavelet(t=1.5),0.2437
H3N2,0.25,661,1,E_only,FreqThresh(p=85),0.0604
H3N2,0.25,661,1,E_only,KDE(p=80),0.3287
H3N2,0.25,661,2,E*rare,Wavelet(t=1.5),-0.019
H3N2,0.25,661,2,E*rare,FreqThresh(p=85),0.1105
H3N2,0.25,661,2,E*rare,KDE(p=80),0.1312
H3N2,0.25,661,2,P*E*rare,Wavelet(t=1.5),-0.1044
H3N2,0.25,661,2,P*E*rare,FreqThresh(p=85),0.0481
H3N2,0.25,661,2,P*E*rare,KDE(p=80),0.1093
H3N2,0.25,661,2,P*E,Wavelet(t=1.5),0.3088
H3N2,0.25,661,2,P*E,FreqThresh(p=85),0.0313
H3N2,0.25,661,2,P*E,KDE(p=80),0.4384
H3N2,0.25,661,2,H-score,Wavelet(t=1.5),0.0838
H3N2,0.25,661,2,H-score,FreqThresh(p=85),0.0313
H3N2,0.25,661,2,H-score,KDE(p=80),0.219
H3N2,0.25,661,2,E_only,Wavelet(t=1.5),0.2409
H3N2,0.25,661,2,E_only,FreqThresh(p=85),0.0288
H3N2,0.25,661,2,E_only,KDE(p=80),0.3726
H3N2,0.25,661,3,E*rare,Wavelet(t=1.5),-0.0417
H3N2,0.25,661,3,E*rare,FreqThresh(p=85),0.1125
H3N2,0.25,661,3,E*rare,KDE(p=80),-0.1101
H3N2,0.25,661,3,P*E*rare,Wavelet(t=1.5),-0.0657
H3N2,0.25,661,3,P*E*rare,FreqThresh(p=85),0.0451
H3N2,0.25,661,3,P*E*rare,KDE(p=80),-0.0443
H3N2,0.25,661,3,P*E,Wavelet(t=1.5),0.1732
H3N2,0.25,661,3,P*E,FreqThresh(p=85),0.0589
H3N2,0.25,661,3,P*E,KDE(p=80),0.3945
H3N2,0.25,661,3,H-score,Wavelet(t=1.5),0.1053
H3N2,0.25,661,3,H-score,FreqThresh(p=85),0.0589
H3N2,0.25,661,3,H-score,KDE(p=80),-0.1101
H3N2,0.25,661,3,E_only,Wavelet(t=1.5),0.1695
H3N2,0.25,661,3,E_only,FreqThresh(p=85),0.0589
H3N2,0.25,661,3,E_only,KDE(p=80),0.0654
H3N2,0.25,661,4,E*rare,Wavelet(t=1.5),-0.0927
H3N2,0.25,661,4,E*rare,FreqThresh(p=85),0.1145
H3N2,0.25,661,4,E*rare,KDE(p=80),-0.0882
H3N2,0.25,661,4,P*E*rare,Wavelet(t=1.5),-0.0824
H3N2,0.25,661,4,P*E*rare,FreqThresh(p=85),0.1046
H3N2,0.25,661,4,P*E*rare,KDE(p=80),-0.0662
H3N2,0.25,661,4,P*E,Wavelet(t=1.5),0.2657
H3N2,0.25,661,4,P*E,FreqThresh(p=85),0.1581
H3N2,0.25,661,4,P*E,KDE(p=80),0.4164
H3N2,0.25,661,4,H-score,Wavelet(t=1.5),0.1995
H3N2,0.25,661,4,H-score,FreqThresh(p=85),0.1581
H3N2,0.25,661,4,H-score,KDE(p=80),0.197
H3N2,0.25,661,4,E_only,Wavelet(t=1.5),0.1958
H3N2,0.25,661,4,E_only,FreqThresh(p=85),0.1515
H3N2,0.25,661,4,E_only,KDE(p=80),0.2409
H3N2,0.5,1322,0,E*rare,Wavelet(t=1.5),-0.0331
H3N2,0.5,1322,0,E*rare,FreqThresh(p=85),0.0973
H3N2,0.5,1322,0,E*rare,KDE(p=80),0.0873
H3N2,0.5,1322,0,P*E*rare,Wavelet(t=1.5),-0.081
H3N2,0.5,1322,0,P*E*rare,FreqThresh(p=85),0.099
H3N2,0.5,1322,0,P*E*rare,KDE(p=80),-0.0443
H3N2,0.5,1322,0,P*E,Wavelet(t=1.5),0.2302
H3N2,0.5,1322,0,P*E,FreqThresh(p=85),0.2018
H3N2,0.5,1322,0,P*E,KDE(p=80),0.4164
H3N2,0.5,1322,0,H-score,Wavelet(t=1.5),0.2187
H3N2,0.5,1322,0,H-score,FreqThresh(p=85),0.2018
H3N2,0.5,1322,0,H-score,KDE(p=80),0.219
H3N2,0.5,1322,0,E_only,Wavelet(t=1.5),0.1835
H3N2,0.5,1322,0,E_only,FreqThresh(p=85),0.1453
H3N2,0.5,1322,0,E_only,KDE(p=80),0.3506
H3N2,0.5,1322,1,E*rare,Wavelet(t=1.5),-0.0515
H3N2,0.5,1322,1,E*rare,FreqThresh(p=85),0.0947
H3N2,0.5,1322,1,E*rare,KDE(p=80),0.0873
H3N2,0.5,1322,1,P*E*rare,Wavelet(t=1.5),-0.0831
H3N2,0.5,1322,1,P*E*rare,FreqThresh(p=85),0.1085
H3N2,0.5,1322,1,P*E*rare,KDE(p=80),0.197
H3N2,0.5,1322,1,P*E,Wavelet(t=1.5),0.2328
H3N2,0.5,1322,1,P*E,FreqThresh(p=85),0.1393
H3N2,0.5,1322,1,P*E,KDE(p=80),0.4164
H3N2,0.5,1322,1,H-score,Wavelet(t=1.5),0.1472
H3N2,0.5,1322,1,H-score,FreqThresh(p=85),0.1393
H3N2,0.5,1322,1,H-score,KDE(p=80),0.0215
H3N2,0.5,1322,1,E_only,Wavelet(t=1.5),0.1895
H3N2,0.5,1322,1,E_only,FreqThresh(p=85),0.0712
H3N2,0.5,1322,1,E_only,KDE(p=80),0.219
H3N2,0.5,1322,2,E*rare,Wavelet(t=1.5),-0.0886
H3N2,0.5,1322,2,E*rare,FreqThresh(p=85),0.0512
H3N2,0.5,1322,2,E*rare,KDE(p=80),0.0873
H3N2,0.5,1322,2,P*E*rare,Wavelet(t=1.5),-0.0845
H3N2,0.5,1322,2,P*E*rare,FreqThresh(p=85),0.0955
H3N2,0.5,1322,2,P*E*rare,KDE(p=80),-0.0004
H3N2,0.5,1322,2,P*E,Wavelet(t=1.5),0.2686
H3N2,0.5,1322,2,P*E,FreqThresh(p=85),0.1453
H3N2,0.5,1322,2,P*E,"SWAN(w=10,k=1.5)",-0.0301
H3N2,0.5,1322,2,P*E,KDE(p=80),0.4164
H3N2,0.5,1322,2,H-score,Wavelet(t=1.5),0.1784
H3N2,0.5,1322,2,H-score,FreqThresh(p=85),0.1453
H3N2,0.5,1322,2,H-score,KDE(p=80),0.0237
H3N2,0.5,1322,2,E_only,Wavelet(t=1.5),0.2176
H3N2,0.5,1322,2,E_only,FreqThresh(p=85),0.0664
H3N2,0.5,1322,2,E_only,KDE(p=80),0.3287
H3N2,0.5,1322,3,E*rare,Wavelet(t=1.5),-0.0712
H3N2,0.5,1322,3,E*rare,FreqThresh(p=85),0.0762
H3N2,0.5,1322,3,E*rare,KDE(p=80),0.0654
H3N2,0.5,1322,3,P*E*rare,Wavelet(t=1.5),-0.0817
H3N2,0.5,1322,3,P*E*rare,FreqThresh(p=85),0.1027
H3N2,0.5,1322,3,P*E*rare,KDE(p=80),-0.0223
H3N2,0.5,1322,3,P*E,Wavelet(t=1.5),0.2302
H3N2,0.5,1322,3,P*E,FreqThresh(p=85),0.1282
H3N2,0.5,1322,3,P*E,KDE(p=80),0.4164
H3N2,0.5,1322,3,H-score,Wavelet(t=1.5),0.1418
H3N2,0.5,1322,3,H-score,FreqThresh(p=85),0.1282
H3N2,0.5,1322,3,H-score,KDE(p=80),0.219
H3N2,0.5,1322,3,E_only,Wavelet(t=1.5),0.1976
H3N2,0.5,1322,3,E_only,FreqThresh(p=85),0.1413
H3N2,0.5,1322,3,E_only,KDE(p=80),0.219
H3N2,0.5,1322,4,E*rare,Wavelet(t=1.5),0.1698
H3N2,0.5,1322,4,E*rare,FreqThresh(p=85),0.1293
H3N2,0.5,1322,4,E*rare,KDE(p=80),0.3067
H3N2,0.5,1322,4,P*E*rare,Wavelet(t=1.5),0.3671
H3N2,0.5,1322,4,P*E*rare,FreqThresh(p=85),0.0796
H3N2,0.5,1322,4,P*E*rare,"SWAN(w=10,k=1.5)",0.2996
H3N2,0.5,1322,4,P*E*rare,KDE(p=80),0.3067
H3N2,0.5,1322,4,P*E,Wavelet(t=1.5),0.2483
H3N2,0.5,1322,4,P*E,FreqThresh(p=85),0.0745
H3N2,0.5,1322,4,P*E,KDE(p=80),0.4164
H3N2,0.5,1322,4,H-score,Wavelet(t=1.5),0.2134
H3N2,0.5,1322,4,H-score,FreqThresh(p=85),0.0745
H3N2,0.5,1322,4,H-score,KDE(p=80),0.0873
H3N2,0.5,1322,4,E_only,Wavelet(t=1.5),0.2207
H3N2,0.5,1322,4,E_only,FreqThresh(p=85),0.0814
H3N2,0.5,1322,4,E_only,KDE(p=80),0.3067
H3N2,0.75,1983,0,E*rare,Wavelet(t=1.5),-0.0893
H3N2,0.75,1983,0,E*rare,FreqThresh(p=85),0.0832
H3N2,0.75,1983,0,E*rare,"SWAN(w=10,k=1.5)",-0.0418
H3N2,0.75,1983,0,E*rare,KDE(p=80),0.1751
H3N2,0.75,1983,0,P*E*rare,Wavelet(t=1.5),-0.036
H3N2,0.75,1983,0,P*E*rare,FreqThresh(p=85),0.1065
H3N2,0.75,1983,0,P*E*rare,"SWAN(w=10,k=1.5)",-0.0418
H3N2,0.75,1983,0,P*E*rare,KDE(p=80),0.0873
H3N2,0.75,1983,0,P*E,Wavelet(t=1.5),0.2302
H3N2,0.75,1983,0,P*E,FreqThresh(p=85),0.204
H3N2,0.75,1983,0,P*E,"SWAN(w=10,k=1.5)",-0.0301
H3N2,0.75,1983,0,P*E,KDE(p=80),0.4164
H3N2,0.75,1983,0,H-score,Wavelet(t=1.5),0.2014
H3N2,0.75,1983,0,H-score,FreqThresh(p=85),0.204
H3N2,0.75,1983,0,H-score,KDE(p=80),-0.0443
H3N2,0.75,1983,0,E_only,Wavelet(t=1.5),0.1793
H3N2,0.75,1983,0,E_only,FreqThresh(p=85),0.068
H3N2,0.75,1983,0,E_only,KDE(p=80),0.3067
H3N2,0.75,1983,1,E*rare,Wavelet(t=1.5),0.0079
H3N2,0.75,1983,1,E*rare,FreqThresh(p=85),0.1125
H3N2,0.75,1983,1,E*rare,KDE(p=80),0.219
H3N2,0.75,1983,1,P*E*rare,Wavelet(t=1.5),0.068
H3N2,0.75,1983,1,P*E*rare,FreqThresh(p=85),0.1105
H3N2,0.75,1983,1,P*E*rare,"SWAN(w=10,k=1.5)",-0.0418
H3N2,0.75,1983,1,P*E*rare,KDE(p=80),0.1312
H3N2,0.75,1983,1,P*E,Wavelet(t=1.5),0.2536
H3N2,0.75,1983,1,P*E,FreqThresh(p=85),0.2153
H3N2,0.75,1983,1,P*E,KDE(p=80),0.4384
H3N2,0.75,1983,1,H-score,Wavelet(t=1.5),0.2168
H3N2,0.75,1983,1,H-score,FreqThresh(p=85),0.2153
H3N2,0.75,1983,1,H-score,KDE(p=80),0.3726
H3N2,0.75,1983,1,E_only,Wavelet(t=1.5),0.2241
H3N2,0.75,1983,1,E_only,FreqThresh(p=85),0.0664
H3N2,0.75,1983,1,E_only,KDE(p=80),0.4164
H3N2,0.75,1983,2,E*rare,Wavelet(t=1.5),0.0122
H3N2,0.75,1983,2,E*rare,FreqThresh(p=85),0.1188
H3N2,0.75,1983,2,E*rare,"SWAN(w=10,k=1.5)",-0.0301
H3N2,0.75,1983,2,E*rare,KDE(p=80),0.197
H3N2,0.75,1983,2,P*E*rare,Wavelet(t=1.5),0.0273
H3N2,0.75,1983,2,P*E*rare,FreqThresh(p=85),0.1105
H3N2,0.75,1983,2,P*E*rare,"SWAN(w=10,k=1.5)",-0.0418
H3N2,0.75,1983,2,P*E*rare,KDE(p=80),0.1283
H3N2,0.75,1983,2,P*E,Wavelet(t=1.5),0.241
H3N2,0.75,1983,2,P*E,FreqThresh(p=85),0.1433
H3N2,0.75,1983,2,P*E,KDE(p=80),0.4384
H3N2,0.75,1983,2,H-score,Wavelet(t=1.5),0.2267
H3N2,0.75,1983,2,H-score,FreqThresh(p=85),0.1433
H3N2,0.75,1983,2,H-score,KDE(p=80),0.2629
H3N2,0.75,1983,2,E_only,Wavelet(t=1.5),0.1878
H3N2,0.75,1983,2,E_only,FreqThresh(p=85),0.0745
H3N2,0.75,1983,2,E_only,KDE(p=80),0.3287
H3N2,0.75,1983,3,E*rare,Wavelet(t=1.5),-0.092
H3N2,0.75,1983,3,E*rare,FreqThresh(p=85),0.1125
H3N2,0.75,1983,3,E*rare,"SWAN(w=10,k=1.5)",-0.0418
H3N2,0.75,1983,3,E*rare,KDE(p=80),0.0215
H3N2,0.75,1983,3,P*E*rare,Wavelet(t=1.5),-0.0859
H3N2,0.75,1983,3,P*E*rare,FreqThresh(p=85),0.1105
H3N2,0.75,1983,3,P*E*rare,"SWAN(w=10,k=1.5)",-0.0418
H3N2,0.75,1983,3,P*E*rare,KDE(p=80),0.0654
H3N2,0.75,1983,3,P*E,Wavelet(t=1.5),0.2089
H3N2,0.75,1983,3,P*E,FreqThresh(p=85),0.2084
H3N2,0.75,1983,3,P*E,"SWAN(w=10,k=1.5)",-0.0316
H3N2,0.75,1983,3,P*E,KDE(p=80),0.4164
H3N2,0.75,1983,3,H-score,Wavelet(t=1.5),0.1921
H3N2,0.75,1983,3,H-score,FreqThresh(p=85),0.2084
H3N2,0.75,1983,3,H-score,KDE(p=80),0.2629
H3N2,0.75,1983,3,E_only,Wavelet(t=1.5),0.1657
H3N2,0.75,1983,3,E_only,FreqThresh(p=85),0.0712
H3N2,0.75,1983,3,E_only,KDE(p=80),0.3287
H3N2,0.75,1983,4,E*rare,Wavelet(t=1.5),-0.081
H3N2,0.75,1983,4,E*rare,FreqThresh(p=85),0.1009
H3N2,0.75,1983,4,E*rare,"SWAN(w=10,k=1.5)",-0.0418
H3N2,0.75,1983,4,E*rare,KDE(p=80),0.0435
H3N2,0.75,1983,4,P*E*rare,Wavelet(t=1.5),-0.0859
H3N2,0.75,1983,4,P*E*rare,FreqThresh(p=85),0.1065
H3N2,0.75,1983,4,P*E*rare,"SWAN(w=10,k=1.5)",-0.0418
H3N2,0.75,1983,4,P*E*rare,KDE(p=80),0.0215
H3N2,0.75,1983,4,P*E,Wavelet(t=1.5),0.2536
H3N2,0.75,1983,4,P*E,FreqThresh(p=85),0.1393
H3N2,0.75,1983,4,P*E,KDE(p=80),0.4384
H3N2,0.75,1983,4,H-score,Wavelet(t=1.5),0.1995
H3N2,0.75,1983,4,H-score,FreqThresh(p=85),0.1393
H3N2,0.75,1983,4,H-score,KDE(p=80),0.3067
H3N2,0.75,1983,4,E_only,Wavelet(t=1.5),0.1838
H3N2,0.75,1983,4,E_only,FreqThresh(p=85),0.0664
H3N2,0.75,1983,4,E_only,KDE(p=80),0.3506
H3N2,1.0,2644,0,E*rare,Wavelet(t=1.5),0.0796
H3N2,1.0,2644,0,E*rare,FreqThresh(p=85),0.1145
H3N2,1.0,2644,0,E*rare,"SWAN(w=10,k=1.5)",-0.0301
H3N2,1.0,2644,0,E*rare,KDE(p=80),0.2629
H3N2,1.0,2644,0,P*E*rare,Wavelet(t=1.5),0.18
H3N2,1.0,2644,0,P*E*rare,FreqThresh(p=85),0.1105
H3N2,1.0,2644,0,P*E*rare,"SWAN(w=10,k=1.5)",-0.0418
H3N2,1.0,2644,0,P*E*rare,KDE(p=80),0.2629
H3N2,1.0,2644,0,P*E,Wavelet(t=1.5),0.2438
H3N2,1.0,2644,0,P*E,FreqThresh(p=85),0.1393
H3N2,1.0,2644,0,P*E,KDE(p=80),0.4164
H3N2,1.0,2644,0,H-score,Wavelet(t=1.5),0.2073
H3N2,1.0,2644,0,H-score,FreqThresh(p=85),0.1393
H3N2,1.0,2644,0,H-score,KDE(p=80),0.219
H3N2,1.0,2644,0,E_only,Wavelet(t=1.5),0.1814
H3N2,1.0,2644,0,E_only,FreqThresh(p=85),0.0745
H3N2,1.0,2644,0,E_only,KDE(p=80),0.3067
H3N2,1.0,2644,1,E*rare,Wavelet(t=1.5),0.0796
H3N2,1.0,2644,1,E*rare,FreqThresh(p=85),0.1145
H3N2,1.0,2644,1,E*rare,"SWAN(w=10,k=1.5)",-0.0301
H3N2,1.0,2644,1,E*rare,KDE(p=80),0.2629
H3N2,1.0,2644,1,P*E*rare,Wavelet(t=1.5),0.18
H3N2,1.0,2644,1,P*E*rare,FreqThresh(p=85),0.1105
H3N2,1.0,2644,1,P*E*rare,"SWAN(w=10,k=1.5)",-0.0418
H3N2,1.0,2644,1,P*E*rare,KDE(p=80),0.2629
H3N2,1.0,2644,1,P*E,Wavelet(t=1.5),0.2438
H3N2,1.0,2644,1,P*E,FreqThresh(p=85),0.1393
H3N2,1.0,2644,1,P*E,KDE(p=80),0.4164
H3N2,1.0,2644,1,H-score,Wavelet(t=1.5),0.2073
H3N2,1.0,2644,1,H-score,FreqThresh(p=85),0.1393
H3N2,1.0,2644,1,H-score,KDE(p=80),0.219
H3N2,1.0,2644,1,E_only,Wavelet(t=1.5),0.1814
H3N2,1.0,2644,1,E_only,FreqThresh(p=85),0.0745
H3N2,1.0,2644,1,E_only,KDE(p=80),0.3067
H3N2,1.0,2644,2,E*rare,Wavelet(t=1.5),0.0796
H3N2,1.0,2644,2,E*rare,FreqThresh(p=85),0.1145
H3N2,1.0,2644,2,E*rare,"SWAN(w=10,k=1.5)",-0.0301
H3N2,1.0,2644,2,E*rare,KDE(p=80),0.2629
H3N2,1.0,2644,2,P*E*rare,Wavelet(t=1.5),0.18
H3N2,1.0,2644,2,P*E*rare,FreqThresh(p=85),0.1105
H3N2,1.0,2644,2,P*E*rare,"SWAN(w=10,k=1.5)",-0.0418
H3N2,1.0,2644,2,P*E*rare,KDE(p=80),0.2629
H3N2,1.0,2644,2,P*E,Wavelet(t=1.5),0.2438
H3N2,1.0,2644,2,P*E,FreqThresh(p=85),0.1393
H3N2,1.0,2644,2,P*E,KDE(p=80),0.4164
H3N2,1.0,2644,2,H-score,Wavelet(t=1.5),0.2073
H3N2,1.0,2644,2,H-score,FreqThresh(p=85),0.1393
H3N2,1.0,2644,2,H-score,KDE(p=80),0.219
H3N2,1.0,2644,2,E_only,Wavelet(t=1.5),0.1814
H3N2,1.0,2644,2,E_only,FreqThresh(p=85),0.0745
H3N2,1.0,2644,2,E_only,KDE(p=80),0.3067
H3N2,1.0,2644,3,E*rare,Wavelet(t=1.5),0.0796
H3N2,1.0,2644,3,E*rare,FreqThresh(p=85),0.1145
H3N2,1.0,2644,3,E*rare,"SWAN(w=10,k=1.5)",-0.0301
H3N2,1.0,2644,3,E*rare,KDE(p=80),0.2629
H3N2,1.0,2644,3,P*E*rare,Wavelet(t=1.5),0.18
H3N2,1.0,2644,3,P*E*rare,FreqThresh(p=85),0.1105
H3N2,1.0,2644,3,P*E*rare,"SWAN(w=10,k=1.5)",-0.0418
H3N2,1.0,2644,3,P*E*rare,KDE(p=80),0.2629
H3N2,1.0,2644,3,P*E,Wavelet(t=1.5),0.2438
H3N2,1.0,2644,3,P*E,FreqThresh(p=85),0.1393
H3N2,1.0,2644,3,P*E,KDE(p=80),0.4164
H3N2,1.0,2644,3,H-score,Wavelet(t=1.5),0.2073
H3N2,1.0,2644,3,H-score,FreqThresh(p=85),0.1393
H3N2,1.0,2644,3,H-score,KDE(p=80),0.219
H3N2,1.0,2644,3,E_only,Wavelet(t=1.5),0.1814
H3N2,1.0,2644,3,E_only,FreqThresh(p=85),0.0745
H3N2,1.0,2644,3,E_only,KDE(p=80),0.3067
H3N2,1.0,2644,4,E*rare,Wavelet(t=1.5),0.0796
H3N2,1.0,2644,4,E*rare,FreqThresh(p=85),0.1145
H3N2,1.0,2644,4,E*rare,"SWAN(w=10,k=1.5)",-0.0301
H3N2,1.0,2644,4,E*rare,KDE(p=80),0.2629
H3N2,1.0,2644,4,P*E*rare,Wavelet(t=1.5),0.18
H3N2,1.0,2644,4,P*E*rare,FreqThresh(p=85),0.1105
H3N2,1.0,2644,4,P*E*rare,"SWAN(w=10,k=1.5)",-0.0418
H3N2,1.0,2644,4,P*E*rare,KDE(p=80),0.2629
H3N2,1.0,2644,4,P*E,Wavelet(t=1.5),0.2438
H3N2,1.0,2644,4,P*E,FreqThresh(p=85),0.1393
H3N2,1.0,2644,4,P*E,KDE(p=80),0.4164
H3N2,1.0,2644,4,H-score,Wavelet(t=1.5),0.2073
H3N2,1.0,2644,4,H-score,FreqThresh(p=85),0.1393
H3N2,1.0,2644,4,H-score,KDE(p=80),0.219
H3N2,1.0,2644,4,E_only,Wavelet(t=1.5),0.1814
H3N2,1.0,2644,4,E_only,FreqThresh(p=85),0.0745
H3N2,1.0,2644,4,E_only,KDE(p=80),0.3067
Norovirus,0.25,375,0,E*rare,Wavelet(t=1.5),0.2095
Norovirus,0.25,375,0,E*rare,FreqThresh(p=85),0.305
Norovirus,0.25,375,0,E*rare,"SWAN(w=10,k=1.5)",0.0487
Norovirus,0.25,375,0,E*rare,KDE(p=80),0.2814
Norovirus,0.25,375,0,P*E*rare,Wavelet(t=1.5),0.1817
Norovirus,0.25,375,0,P*E*rare,FreqThresh(p=85),0.3124
Norovirus,0.25,375,0,P*E*rare,"SWAN(w=10,k=1.5)",0.0449
Norovirus,0.25,375,0,P*E*rare,KDE(p=80),0.225
Norovirus,0.25,375,0,P*E,Wavelet(t=1.5),0.1528
Norovirus,0.25,375,0,P*E,FreqThresh(p=85),0.3151
Norovirus,0.25,375,0,P*E,"SWAN(w=10,k=1.5)",0.0549
Norovirus,0.25,375,0,P*E,KDE(p=80),0.2532
Norovirus,0.25,375,0,H-score,Wavelet(t=1.5),0.1015
Norovirus,0.25,375,0,H-score,FreqThresh(p=85),0.3151
Norovirus,0.25,375,0,H-score,"SWAN(w=10,k=1.5)",0.1438
Norovirus,0.25,375,0,H-score,KDE(p=80),-0.0006
Norovirus,0.25,375,0,E_only,Wavelet(t=1.5),0.1094
Norovirus,0.25,375,0,E_only,FreqThresh(p=85),0.3121
Norovirus,0.25,375,0,E_only,"SWAN(w=10,k=1.5)",0.161
Norovirus,0.25,375,0,E_only,KDE(p=80),0.1122
Norovirus,0.25,375,1,E*rare,Wavelet(t=1.5),0.2508
Norovirus,0.25,375,1,E*rare,FreqThresh(p=85),0.2981
Norovirus,0.25,375,1,E*rare,"SWAN(w=10,k=1.5)",0.1817
Norovirus,0.25,375,1,E*rare,KDE(p=80),0.2814
Norovirus,0.25,375,1,P*E*rare,Wavelet(t=1.5),0.1572
Norovirus,0.25,375,1,P*E*rare,FreqThresh(p=85),0.2954
Norovirus,0.25,375,1,P*E*rare,"SWAN(w=10,k=1.5)",0.0449
Norovirus,0.25,375,1,P*E*rare,KDE(p=80),0.2532
Norovirus,0.25,375,1,P*E,Wavelet(t=1.5),0.1194
Norovirus,0.25,375,1,P*E,FreqThresh(p=85),0.3151
Norovirus,0.25,375,1,P*E,"SWAN(w=10,k=1.5)",0.2047
Norovirus,0.25,375,1,P*E,KDE(p=80),0.2532
Norovirus,0.25,375,1,H-score,Wavelet(t=1.5),0.1659
Norovirus,0.25,375,1,H-score,FreqThresh(p=85),0.3151
Norovirus,0.25,375,1,H-score,"SWAN(w=10,k=1.5)",0.25
Norovirus,0.25,375,1,H-score,KDE(p=80),-0.0006
Norovirus,0.25,375,1,E_only,Wavelet(t=1.5),0.1961
Norovirus,0.25,375,1,E_only,FreqThresh(p=85),0.3151
Norovirus,0.25,375,1,E_only,"SWAN(w=10,k=1.5)",0.3009
Norovirus,0.25,375,1,E_only,KDE(p=80),0.1122
Norovirus,0.25,375,2,E*rare,Wavelet(t=1.5),0.1692
Norovirus,0.25,375,2,E*rare,FreqThresh(p=85),0.2452
Norovirus,0.25,375,2,E*rare,"SWAN(w=10,k=1.5)",0.1499
Norovirus,0.25,375,2,E*rare,KDE(p=80),0.1979
Norovirus,0.25,375,2,P*E*rare,Wavelet(t=1.5),0.1488
Norovirus,0.25,375,2,P*E*rare,FreqThresh(p=85),0.3498
Norovirus,0.25,375,2,P*E*rare,"SWAN(w=10,k=1.5)",0.094
Norovirus,0.25,375,2,P*E*rare,KDE(p=80),0.2127
Norovirus,0.25,375,2,P*E,Wavelet(t=1.5),0.2088
Norovirus,0.25,375,2,P*E,FreqThresh(p=85),0.3294
Norovirus,0.25,375,2,P*E,"SWAN(w=10,k=1.5)",0.2873
Norovirus,0.25,375,2,P*E,KDE(p=80),0.2886
Norovirus,0.25,375,2,H-score,Wavelet(t=1.5),0.1895
Norovirus,0.25,375,2,H-score,FreqThresh(p=85),0.3294
Norovirus,0.25,375,2,H-score,"SWAN(w=10,k=1.5)",0.3271
Norovirus,0.25,375,2,H-score,KDE(p=80),0.0026
Norovirus,0.25,375,2,E_only,Wavelet(t=1.5),0.2175
Norovirus,0.25,375,2,E_only,FreqThresh(p=85),0.3768
Norovirus,0.25,375,2,E_only,"SWAN(w=10,k=1.5)",0.2962
Norovirus,0.25,375,2,E_only,KDE(p=80),0.1742
Norovirus,0.25,375,3,E*rare,Wavelet(t=1.5),0.1965
Norovirus,0.25,375,3,E*rare,FreqThresh(p=85),0.2091
Norovirus,0.25,375,3,E*rare,"SWAN(w=10,k=1.5)",0.1997
Norovirus,0.25,375,3,E*rare,KDE(p=80),0.2317
Norovirus,0.25,375,3,P*E*rare,Wavelet(t=1.5),0.1753
Norovirus,0.25,375,3,P*E*rare,FreqThresh(p=85),0.3154
Norovirus,0.25,375,3,P*E*rare,"SWAN(w=10,k=1.5)",0.0449
Norovirus,0.25,375,3,P*E*rare,KDE(p=80),0.2515
Norovirus,0.25,375,3,P*E,Wavelet(t=1.5),0.2166
Norovirus,0.25,375,3,P*E,FreqThresh(p=85),0.3922
Norovirus,0.25,375,3,P*E,"SWAN(w=10,k=1.5)",0.3009
Norovirus,0.25,375,3,P*E,KDE(p=80),0.2124
Norovirus,0.25,375,3,H-score,Wavelet(t=1.5),0.1801
Norovirus,0.25,375,3,H-score,FreqThresh(p=85),0.3922
Norovirus,0.25,375,3,H-score,"SWAN(w=10,k=1.5)",0.2367
Norovirus,0.25,375,3,H-score,KDE(p=80),-0.0217
Norovirus,0.25,375,3,E_only,Wavelet(t=1.5),0.2283
Norovirus,0.25,375,3,E_only,FreqThresh(p=85),0.4136
Norovirus,0.25,375,3,E_only,"SWAN(w=10,k=1.5)",0.2534
Norovirus,0.25,375,3,E_only,KDE(p=80),0.0084
Norovirus,0.25,375,4,E*rare,Wavelet(t=1.5),0.123
Norovirus,0.25,375,4,E*rare,FreqThresh(p=85),0.1526
Norovirus,0.25,375,4,E*rare,"SWAN(w=10,k=1.5)",0.0467
Norovirus,0.25,375,4,E*rare,KDE(p=80),0.2317
Norovirus,0.25,375,4,P*E*rare,Wavelet(t=1.5),0.1594
Norovirus,0.25,375,4,P*E*rare,FreqThresh(p=85),0.1702
Norovirus,0.25,375,4,P*E*rare,"SWAN(w=10,k=1.5)",0.0449
Norovirus,0.25,375,4,P*E*rare,KDE(p=80),0.2317
Norovirus,0.25,375,4,P*E,Wavelet(t=1.5),0.2228
Norovirus,0.25,375,4,P*E,FreqThresh(p=85),0.3613
Norovirus,0.25,375,4,P*E,"SWAN(w=10,k=1.5)",0.2047
Norovirus,0.25,375,4,P*E,KDE(p=80),0.2709
Norovirus,0.25,375,4,H-score,Wavelet(t=1.5),0.1863
Norovirus,0.25,375,4,H-score,FreqThresh(p=85),0.3613
Norovirus,0.25,375,4,H-score,"SWAN(w=10,k=1.5)",0.2367
Norovirus,0.25,375,4,H-score,KDE(p=80),0.0075
Norovirus,0.25,375,4,E_only,Wavelet(t=1.5),0.2228
Norovirus,0.25,375,4,E_only,FreqThresh(p=85),0.408
Norovirus,0.25,375,4,E_only,"SWAN(w=10,k=1.5)",0.2534
Norovirus,0.25,375,4,E_only,KDE(p=80),0.1553
Norovirus,0.5,750,0,E*rare,Wavelet(t=1.5),0.1529
Norovirus,0.5,750,0,E*rare,FreqThresh(p=85),0.2453
Norovirus,0.5,750,0,E*rare,"SWAN(w=10,k=1.5)",0.043
Norovirus,0.5,750,0,E*rare,KDE(p=80),0.225
Norovirus,0.5,750,0,P*E*rare,Wavelet(t=1.5),0.1355
Norovirus,0.5,750,0,P*E*rare,FreqThresh(p=85),0.2828
Norovirus,0.5,750,0,P*E*rare,"SWAN(w=10,k=1.5)",0.0449
Norovirus,0.5,750,0,P*E*rare,KDE(p=80),0.1968
Norovirus,0.5,750,0,P*E,Wavelet(t=1.5),0.1431
Norovirus,0.5,750,0,P*E,FreqThresh(p=85),0.331
Norovirus,0.5,750,0,P*E,"SWAN(w=10,k=1.5)",0.0898
Norovirus,0.5,750,0,P*E,KDE(p=80),0.2532
Norovirus,0.5,750,0,H-score,Wavelet(t=1.5),0.1742
Norovirus,0.5,750,0,H-score,FreqThresh(p=85),0.331
Norovirus,0.5,750,0,H-score,"SWAN(w=10,k=1.5)",0.265
Norovirus,0.5,750,0,H-score,KDE(p=80),-0.0006
Norovirus,0.5,750,0,E_only,Wavelet(t=1.5),0.158
Norovirus,0.5,750,0,E_only,FreqThresh(p=85),0.3451
Norovirus,0.5,750,0,E_only,"SWAN(w=10,k=1.5)",0.1735
Norovirus,0.5,750,0,E_only,KDE(p=80),0.084
Norovirus,0.5,750,1,E*rare,Wavelet(t=1.5),0.2553
Norovirus,0.5,750,1,E*rare,FreqThresh(p=85),0.3227
Norovirus,0.5,750,1,E*rare,"SWAN(w=10,k=1.5)",0.1817
Norovirus,0.5,750,1,E*rare,KDE(p=80),0.2508
Norovirus,0.5,750,1,P*E*rare,Wavelet(t=1.5),0.1616
Norovirus,0.5,750,1,P*E*rare,FreqThresh(p=85),0.3119
Norovirus,0.5,750,1,P*E*rare,"SWAN(w=10,k=1.5)",0.0449
Norovirus,0.5,750,1,P*E*rare,KDE(p=80),0.285
Norovirus,0.5,750,1,P*E,Wavelet(t=1.5),0.2442
Norovirus,0.5,750,1,P*E,FreqThresh(p=85),0.3527
Norovirus,0.5,750,1,P*E,"SWAN(w=10,k=1.5)",0.2047
Norovirus,0.5,750,1,P*E,KDE(p=80),0.2549
Norovirus,0.5,750,1,H-score,Wavelet(t=1.5),0.1928
Norovirus,0.5,750,1,H-score,FreqThresh(p=85),0.3527
Norovirus,0.5,750,1,H-score,"SWAN(w=10,k=1.5)",0.2367
Norovirus,0.5,750,1,H-score,KDE(p=80),0.0002
Norovirus,0.5,750,1,E_only,Wavelet(t=1.5),0.221
Norovirus,0.5,750,1,E_only,FreqThresh(p=85),0.3527
Norovirus,0.5,750,1,E_only,"SWAN(w=10,k=1.5)",0.2501
Norovirus,0.5,750,1,E_only,KDE(p=80),0.1134
Norovirus,0.5,750,2,E*rare,Wavelet(t=1.5),0.1885
Norovirus,0.5,750,2,E*rare,FreqThresh(p=85),0.2272
Norovirus,0.5,750,2,E*rare,"SWAN(w=10,k=1.5)",0.0449
Norovirus,0.5,750,2,E*rare,KDE(p=80),0.2532
Norovirus,0.5,750,2,P*E*rare,Wavelet(t=1.5),0.0935
Norovirus,0.5,750,2,P*E*rare,FreqThresh(p=85),0.2981
Norovirus,0.5,750,2,P*E*rare,"SWAN(w=10,k=1.5)",0.0449
Norovirus,0.5,750,2,P*E*rare,KDE(p=80),0.2532
Norovirus,0.5,750,2,P*E,Wavelet(t=1.5),0.1707
Norovirus,0.5,750,2,P*E,FreqThresh(p=85),0.3213
Norovirus,0.5,750,2,P*E,"SWAN(w=10,k=1.5)",0.2047
Norovirus,0.5,750,2,P*E,KDE(p=80),0.2532
Norovirus,0.5,750,2,H-score,Wavelet(t=1.5),0.1597
Norovirus,0.5,750,2,H-score,FreqThresh(p=85),0.3213
Norovirus,0.5,750,2,H-score,"SWAN(w=10,k=1.5)",0.25
Norovirus,0.5,750,2,H-score,KDE(p=80),-0.0006
Norovirus,0.5,750,2,E_only,Wavelet(t=1.5),0.2187
Norovirus,0.5,750,2,E_only,FreqThresh(p=85),0.3277
Norovirus,0.5,750,2,E_only,"SWAN(w=10,k=1.5)",0.2567
Norovirus,0.5,750,2,E_only,KDE(p=80),0.1122
Norovirus,0.5,750,3,E*rare,Wavelet(t=1.5),0.2388
Norovirus,0.5,750,3,E*rare,FreqThresh(p=85),0.2317
Norovirus,0.5,750,3,E*rare,"SWAN(w=10,k=1.5)",0.1553
Norovirus,0.5,750,3,E*rare,KDE(p=80),0.2282
Norovirus,0.5,750,3,P*E*rare,Wavelet(t=1.5),0.1449
Norovirus,0.5,750,3,P*E*rare,FreqThresh(p=85),0.3244
Norovirus,0.5,750,3,P*E*rare,"SWAN(w=10,k=1.5)",0.0507
Norovirus,0.5,750,3,P*E*rare,KDE(p=80),0.2532
Norovirus,0.5,750,3,P*E,Wavelet(t=1.5),0.2088
Norovirus,0.5,750,3,P*E,FreqThresh(p=85),0.369
Norovirus,0.5,750,3,P*E,"SWAN(w=10,k=1.5)",0.2047
Norovirus,0.5,750,3,P*E,KDE(p=80),0.2532
Norovirus,0.5,750,3,H-score,Wavelet(t=1.5),0.1675
Norovirus,0.5,750,3,H-score,FreqThresh(p=85),0.369
Norovirus,0.5,750,3,H-score,"SWAN(w=10,k=1.5)",0.25
Norovirus,0.5,750,3,H-score,KDE(p=80),-0.0006
Norovirus,0.5,750,3,E_only,Wavelet(t=1.5),0.2228
Norovirus,0.5,750,3,E_only,FreqThresh(p=85),0.3527
Norovirus,0.5,750,3,E_only,"SWAN(w=10,k=1.5)",0.2408
Norovirus,0.5,750,3,E_only,KDE(p=80),0.1122
Norovirus,0.5,750,4,E*rare,Wavelet(t=1.5),0.2515
Norovirus,0.5,750,4,E*rare,FreqThresh(p=85),0.1511
Norovirus,0.5,750,4,E*rare,"SWAN(w=10,k=1.5)",0.1934
Norovirus,0.5,750,4,E*rare,KDE(p=80),0.225
Norovirus,0.5,750,4,P*E*rare,Wavelet(t=1.5),0.1508
Norovirus,0.5,750,4,P*E*rare,FreqThresh(p=85),0.2442
Norovirus,0.5,750,4,P*E*rare,"SWAN(w=10,k=1.5)",0.0449
Norovirus,0.5,750,4,P*E*rare,KDE(p=80),0.2532
Norovirus,0.5,750,4,P*E,Wavelet(t=1.5),0.1829
Norovirus,0.5,750,4,P*E,FreqThresh(p=85),0.3527
Norovirus,0.5,750,4,P*E,"SWAN(w=10,k=1.5)",0.2094
Norovirus,0.5,750,4,P*E,KDE(p=80),0.2532
Norovirus,0.5,750,4,H-score,Wavelet(t=1.5),0.1847
Norovirus,0.5,750,4,H-score,FreqThresh(p=85),0.3527
Norovirus,0.5,750,4,H-score,"SWAN(w=10,k=1.5)",0.265
Norovirus,0.5,750,4,H-score,KDE(p=80),-0.0006
Norovirus,0.5,750,4,E_only,Wavelet(t=1.5),0.2264
Norovirus,0.5,750,4,E_only,FreqThresh(p=85),0.3344
Norovirus,0.5,750,4,E_only,"SWAN(w=10,k=1.5)",0.2534
Norovirus,0.5,750,4,E_only,KDE(p=80),0.084
Norovirus,0.75,1125,0,E*rare,Wavelet(t=1.5),0.1774
Norovirus,0.75,1125,0,E*rare,FreqThresh(p=85),0.1996
Norovirus,0.75,1125,0,E*rare,"SWAN(w=10,k=1.5)",0.043
Norovirus,0.75,1125,0,E*rare,KDE(p=80),0.2532
Norovirus,0.75,1125,0,P*E*rare,Wavelet(t=1.5),0.129
Norovirus,0.75,1125,0,P*E*rare,FreqThresh(p=85),0.2758
Norovirus,0.75,1125,0,P*E*rare,"SWAN(w=10,k=1.5)",0.043
Norovirus,0.75,1125,0,P*E*rare,KDE(p=80),0.1968
Norovirus,0.75,1125,0,P*E,Wavelet(t=1.5),0.2028
Norovirus,0.75,1125,0,P*E,FreqThresh(p=85),0.331
Norovirus,0.75,1125,0,P*E,"SWAN(w=10,k=1.5)",0.2047
Norovirus,0.75,1125,0,P*E,KDE(p=80),0.2532
Norovirus,0.75,1125,0,H-score,Wavelet(t=1.5),0.1771
Norovirus,0.75,1125,0,H-score,FreqThresh(p=85),0.331
Norovirus,0.75,1125,0,H-score,"SWAN(w=10,k=1.5)",0.265
Norovirus,0.75,1125,0,H-score,KDE(p=80),-0.0006
Norovirus,0.75,1125,0,E_only,Wavelet(t=1.5),0.1707
Norovirus,0.75,1125,0,E_only,FreqThresh(p=85),0.331
Norovirus,0.75,1125,0,E_only,"SWAN(w=10,k=1.5)",0.3108
Norovirus,0.75,1125,0,E_only,KDE(p=80),0.1122
Norovirus,0.75,1125,1,E*rare,Wavelet(t=1.5),0.1753
Norovirus,0.75,1125,1,E*rare,FreqThresh(p=85),0.2649
Norovirus,0.75,1125,1,E*rare,"SWAN(w=10,k=1.5)",0.0413
Norovirus,0.75,1125,1,E*rare,KDE(p=80),0.2532
Norovirus,0.75,1125,1,P*E*rare,Wavelet(t=1.5),0.0833
Norovirus,0.75,1125,1,P*E*rare,FreqThresh(p=85),0.2877
Norovirus,0.75,1125,1,P*E*rare,"SWAN(w=10,k=1.5)",0.0413
Norovirus,0.75,1125,1,P*E*rare,KDE(p=80),0.1968
Norovirus,0.75,1125,1,P*E,Wavelet(t=1.5),0.124
Norovirus,0.75,1125,1,P*E,FreqThresh(p=85),0.3151
Norovirus,0.75,1125,1,P*E,"SWAN(w=10,k=1.5)",0.2047
Norovirus,0.75,1125,1,P*E,KDE(p=80),0.2532
Norovirus,0.75,1125,1,H-score,Wavelet(t=1.5),0.1686
Norovirus,0.75,1125,1,H-score,FreqThresh(p=85),0.3151
Norovirus,0.75,1125,1,H-score,"SWAN(w=10,k=1.5)",0.265
Norovirus,0.75,1125,1,H-score,KDE(p=80),-0.0006
Norovirus,0.75,1125,1,E_only,Wavelet(t=1.5),0.1463
Norovirus,0.75,1125,1,E_only,FreqThresh(p=85),0.3151
Norovirus,0.75,1125,1,E_only,"SWAN(w=10,k=1.5)",0.225
Norovirus,0.75,1125,1,E_only,KDE(p=80),0.1122
Norovirus,0.75,1125,2,E*rare,Wavelet(t=1.5),0.1732
Norovirus,0.75,1125,2,E*rare,FreqThresh(p=85),0.2127
Norovirus,0.75,1125,2,E*rare,"SWAN(w=10,k=1.5)",0.1965
Norovirus,0.75,1125,2,E*rare,KDE(p=80),0.2583
Norovirus,0.75,1125,2,P*E*rare,Wavelet(t=1.5),0.0992
Norovirus,0.75,1125,2,P*E*rare,FreqThresh(p=85),0.2508
Norovirus,0.75,1125,2,P*E*rare,"SWAN(w=10,k=1.5)",0.0449
Norovirus,0.75,1125,2,P*E*rare,KDE(p=80),0.2532
Norovirus,0.75,1125,2,P*E,Wavelet(t=1.5),0.2208
Norovirus,0.75,1125,2,P*E,FreqThresh(p=85),0.3244
Norovirus,0.75,1125,2,P*E,"SWAN(w=10,k=1.5)",0.2047
Norovirus,0.75,1125,2,P*E,KDE(p=80),0.2532
Norovirus,0.75,1125,2,H-score,Wavelet(t=1.5),0.1707
Norovirus,0.75,1125,2,H-score,FreqThresh(p=85),0.3244
Norovirus,0.75,1125,2,H-score,"SWAN(w=10,k=1.5)",0.25
Norovirus,0.75,1125,2,H-score,KDE(p=80),-0.0006
Norovirus,0.75,1125,2,E_only,Wavelet(t=1.5),0.234
Norovirus,0.75,1125,2,E_only,FreqThresh(p=85),0.3092
Norovirus,0.75,1125,2,E_only,"SWAN(w=10,k=1.5)",0.2534
Norovirus,0.75,1125,2,E_only,KDE(p=80),0.1122
Norovirus,0.75,1125,3,E*rare,Wavelet(t=1.5),0.1909
Norovirus,0.75,1125,3,E*rare,FreqThresh(p=85),0.2127
Norovirus,0.75,1125,3,E*rare,"SWAN(w=10,k=1.5)",0.1965
Norovirus,0.75,1125,3,E*rare,KDE(p=80),0.2748
Norovirus,0.75,1125,3,P*E*rare,Wavelet(t=1.5),0.0656
Norovirus,0.75,1125,3,P*E*rare,FreqThresh(p=85),0.26
Norovirus,0.75,1125,3,P*E*rare,"SWAN(w=10,k=1.5)",0.0449
Norovirus,0.75,1125,3,P*E*rare,KDE(p=80),0.2532
Norovirus,0.75,1125,3,P*E,Wavelet(t=1.5),0.1829
Norovirus,0.75,1125,3,P*E,FreqThresh(p=85),0.331
Norovirus,0.75,1125,3,P*E,"SWAN(w=10,k=1.5)",0.2047
Norovirus,0.75,1125,3,P*E,KDE(p=80),0.2532
Norovirus,0.75,1125,3,H-score,Wavelet(t=1.5),0.1863
Norovirus,0.75,1125,3,H-score,FreqThresh(p=85),0.331
Norovirus,0.75,1125,3,H-score,"SWAN(w=10,k=1.5)",0.25
Norovirus,0.75,1125,3,H-score,KDE(p=80),-0.0006
Norovirus,0.75,1125,3,E_only,Wavelet(t=1.5),0.238
Norovirus,0.75,1125,3,E_only,FreqThresh(p=85),0.3344
Norovirus,0.75,1125,3,E_only,"SWAN(w=10,k=1.5)",0.2408
Norovirus,0.75,1125,3,E_only,KDE(p=80),0.1122
Norovirus,0.75,1125,4,E*rare,Wavelet(t=1.5),0.1839
Norovirus,0.75,1125,4,E*rare,FreqThresh(p=85),0.2069
Norovirus,0.75,1125,4,E*rare,"SWAN(w=10,k=1.5)",0.0487
Norovirus,0.75,1125,4,E*rare,KDE(p=80),0.2532
Norovirus,0.75,1125,4,P*E*rare,Wavelet(t=1.5),0.1333
Norovirus,0.75,1125,4,P*E*rare,FreqThresh(p=85),0.2464
Norovirus,0.75,1125,4,P*E*rare,"SWAN(w=10,k=1.5)",0.0449
Norovirus,0.75,1125,4,P*E*rare,KDE(p=80),0.2532
Norovirus,0.75,1125,4,P*E,Wavelet(t=1.5),0.1811
Norovirus,0.75,1125,4,P*E,FreqThresh(p=85),0.3415
Norovirus,0.75,1125,4,P*E,"SWAN(w=10,k=1.5)",0.2047
Norovirus,0.75,1125,4,P*E,KDE(p=80),0.2532
Norovirus,0.75,1125,4,H-score,Wavelet(t=1.5),0.1961
Norovirus,0.75,1125,4,H-score,FreqThresh(p=85),0.3415
Norovirus,0.75,1125,4,H-score,"SWAN(w=10,k=1.5)",0.25
Norovirus,0.75,1125,4,H-score,KDE(p=80),-0.0006
Norovirus,0.75,1125,4,E_only,Wavelet(t=1.5),0.2088
Norovirus,0.75,1125,4,E_only,FreqThresh(p=85),0.3415
Norovirus,0.75,1125,4,E_only,"SWAN(w=10,k=1.5)",0.2602
Norovirus,0.75,1125,4,E_only,KDE(p=80),0.1122
Norovirus,1.0,1500,0,E*rare,Wavelet(t=1.5),0.1692
Norovirus,1.0,1500,0,E*rare,FreqThresh(p=85),0.1996
Norovirus,1.0,1500,0,E*rare,"SWAN(w=10,k=1.5)",0.0507
Norovirus,1.0,1500,0,E*rare,KDE(p=80),0.2532
Norovirus,1.0,1500,0,P*E*rare,Wavelet(t=1.5),0.1074
Norovirus,1.0,1500,0,P*E*rare,FreqThresh(p=85),0.2421
Norovirus,1.0,1500,0,P*E*rare,"SWAN(w=10,k=1.5)",0.043
Norovirus,1.0,1500,0,P*E*rare,KDE(p=80),0.2532
Norovirus,1.0,1500,0,P*E,Wavelet(t=1.5),0.1924
Norovirus,1.0,1500,0,P*E,FreqThresh(p=85),0.3244
Norovirus,1.0,1500,0,P*E,"SWAN(w=10,k=1.5)",0.2047
Norovirus,1.0,1500,0,P*E,KDE(p=80),0.2532
Norovirus,1.0,1500,0,H-score,Wavelet(t=1.5),0.1816
Norovirus,1.0,1500,0,H-score,FreqThresh(p=85),0.3244
Norovirus,1.0,1500,0,H-score,"SWAN(w=10,k=1.5)",0.265
Norovirus,1.0,1500,0,H-score,KDE(p=80),-0.0006
Norovirus,1.0,1500,0,E_only,Wavelet(t=1.5),0.1416
Norovirus,1.0,1500,0,E_only,FreqThresh(p=85),0.3415
Norovirus,1.0,1500,0,E_only,"SWAN(w=10,k=1.5)",0.3108
Norovirus,1.0,1500,0,E_only,KDE(p=80),0.1122
Norovirus,1.0,1500,1,E*rare,Wavelet(t=1.5),0.1692
Norovirus,1.0,1500,1,E*rare,FreqThresh(p=85),0.1996
Norovirus,1.0,1500,1,E*rare,"SWAN(w=10,k=1.5)",0.0507
Norovirus,1.0,1500,1,E*rare,KDE(p=80),0.2532
Norovirus,1.0,1500,1,P*E*rare,Wavelet(t=1.5),0.1074
Norovirus,1.0,1500,1,P*E*rare,FreqThresh(p=85),0.2421
Norovirus,1.0,1500,1,P*E*rare,"SWAN(w=10,k=1.5)",0.043
Norovirus,1.0,1500,1,P*E*rare,KDE(p=80),0.2532
Norovirus,1.0,1500,1,P*E,Wavelet(t=1.5),0.1924
Norovirus,1.0,1500,1,P*E,FreqThresh(p=85),0.3244
Norovirus,1.0,1500,1,P*E,"SWAN(w=10,k=1.5)",0.2047
Norovirus,1.0,1500,1,P*E,KDE(p=80),0.2532
Norovirus,1.0,1500,1,H-score,Wavelet(t=1.5),0.1816
Norovirus,1.0,1500,1,H-score,FreqThresh(p=85),0.3244
Norovirus,1.0,1500,1,H-score,"SWAN(w=10,k=1.5)",0.265
Norovirus,1.0,1500,1,H-score,KDE(p=80),-0.0006
Norovirus,1.0,1500,1,E_only,Wavelet(t=1.5),0.1416
Norovirus,1.0,1500,1,E_only,FreqThresh(p=85),0.3415
Norovirus,1.0,1500,1,E_only,"SWAN(w=10,k=1.5)",0.3108
Norovirus,1.0,1500,1,E_only,KDE(p=80),0.1122
Norovirus,1.0,1500,2,E*rare,Wavelet(t=1.5),0.1692
Norovirus,1.0,1500,2,E*rare,FreqThresh(p=85),0.1996
Norovirus,1.0,1500,2,E*rare,"SWAN(w=10,k=1.5)",0.0507
Norovirus,1.0,1500,2,E*rare,KDE(p=80),0.2532
Norovirus,1.0,1500,2,P*E*rare,Wavelet(t=1.5),0.1074
Norovirus,1.0,1500,2,P*E*rare,FreqThresh(p=85),0.2421
Norovirus,1.0,1500,2,P*E*rare,"SWAN(w=10,k=1.5)",0.043
Norovirus,1.0,1500,2,P*E*rare,KDE(p=80),0.2532
Norovirus,1.0,1500,2,P*E,Wavelet(t=1.5),0.1924
Norovirus,1.0,1500,2,P*E,FreqThresh(p=85),0.3244
Norovirus,1.0,1500,2,P*E,"SWAN(w=10,k=1.5)",0.2047
Norovirus,1.0,1500,2,P*E,KDE(p=80),0.2532
Norovirus,1.0,1500,2,H-score,Wavelet(t=1.5),0.1816
Norovirus,1.0,1500,2,H-score,FreqThresh(p=85),0.3244
Norovirus,1.0,1500,2,H-score,"SWAN(w=10,k=1.5)",0.265
Norovirus,1.0,1500,2,H-score,KDE(p=80),-0.0006
Norovirus,1.0,1500,2,E_only,Wavelet(t=1.5),0.1416
Norovirus,1.0,1500,2,E_only,FreqThresh(p=85),0.3415
Norovirus,1.0,1500,2,E_only,"SWAN(w=10,k=1.5)",0.3108
Norovirus,1.0,1500,2,E_only,KDE(p=80),0.1122
Norovirus,1.0,1500,3,E*rare,Wavelet(t=1.5),0.1692
Norovirus,1.0,1500,3,E*rare,FreqThresh(p=85),0.1996
Norovirus,1.0,1500,3,E*rare,"SWAN(w=10,k=1.5)",0.0507
Norovirus,1.0,1500,3,E*rare,KDE(p=80),0.2532
Norovirus,1.0,1500,3,P*E*rare,Wavelet(t=1.5),0.1074
Norovirus,1.0,1500,3,P*E*rare,FreqThresh(p=85),0.2421
Norovirus,1.0,1500,3,P*E*rare,"SWAN(w=10,k=1.5)",0.043
Norovirus,1.0,1500,3,P*E*rare,KDE(p=80),0.2532
Norovirus,1.0,1500,3,P*E,Wavelet(t=1.5),0.1924
Norovirus,1.0,1500,3,P*E,FreqThresh(p=85),0.3244
Norovirus,1.0,1500,3,P*E,"SWAN(w=10,k=1.5)",0.2047
Norovirus,1.0,1500,3,P*E,KDE(p=80),0.2532
Norovirus,1.0,1500,3,H-score,Wavelet(t=1.5),0.1816
Norovirus,1.0,1500,3,H-score,FreqThresh(p=85),0.3244
Norovirus,1.0,1500,3,H-score,"SWAN(w=10,k=1.5)",0.265
Norovirus,1.0,1500,3,H-score,KDE(p=80),-0.0006
Norovirus,1.0,1500,3,E_only,Wavelet(t=1.5),0.1416
Norovirus,1.0,1500,3,E_only,FreqThresh(p=85),0.3415
Norovirus,1.0,1500,3,E_only,"SWAN(w=10,k=1.5)",0.3108
Norovirus,1.0,1500,3,E_only,KDE(p=80),0.1122
Norovirus,1.0,1500,4,E*rare,Wavelet(t=1.5),0.1692
Norovirus,1.0,1500,4,E*rare,FreqThresh(p=85),0.1996
Norovirus,1.0,1500,4,E*rare,"SWAN(w=10,k=1.5)",0.0507
Norovirus,1.0,1500,4,E*rare,KDE(p=80),0.2532
Norovirus,1.0,1500,4,P*E*rare,Wavelet(t=1.5),0.1074
Norovirus,1.0,1500,4,P*E*rare,FreqThresh(p=85),0.2421
Norovirus,1.0,1500,4,P*E*rare,"SWAN(w=10,k=1.5)",0.043
Norovirus,1.0,1500,4,P*E*rare,KDE(p=80),0.2532
Norovirus,1.0,1500,4,P*E,Wavelet(t=1.5),0.1924
Norovirus,1.0,1500,4,P*E,FreqThresh(p=85),0.3244
Norovirus,1.0,1500,4,P*E,"SWAN(w=10,k=1.5)",0.2047
Norovirus,1.0,1500,4,P*E,KDE(p=80),0.2532
Norovirus,1.0,1500,4,H-score,Wavelet(t=1.5),0.1816
Norovirus,1.0,1500,4,H-score,FreqThresh(p=85),0.3244
Norovirus,1.0,1500,4,H-score,"SWAN(w=10,k=1.5)",0.265
Norovirus,1.0,1500,4,H-score,KDE(p=80),-0.0006
Norovirus,1.0,1500,4,E_only,Wavelet(t=1.5),0.1416
Norovirus,1.0,1500,4,E_only,FreqThresh(p=85),0.3415
Norovirus,1.0,1500,4,E_only,"SWAN(w=10,k=1.5)",0.3108
Norovirus,1.0,1500,4,E_only,KDE(p=80),0.1122
HIV-1,0.25,750,0,E*rare,Wavelet(t=1.5),0.0473
HIV-1,0.25,750,0,E*rare,FreqThresh(p=85),0.1896
HIV-1,0.25,750,0,E*rare,"SWAN(w=10,k=1.5)",-0.035
HIV-1,0.25,750,0,E*rare,KDE(p=80),0.052
HIV-1,0.25,750,0,P*E*rare,Wavelet(t=1.5),0.0793
HIV-1,0.25,750,0,P*E*rare,FreqThresh(p=85),0.1888
HIV-1,0.25,750,0,P*E*rare,KDE(p=80),-0.0718
HIV-1,0.25,750,0,P*E,Wavelet(t=1.5),0.0637
HIV-1,0.25,750,0,P*E,FreqThresh(p=85),-0.0392
HIV-1,0.25,750,0,P*E,KDE(p=80),-0.0979
HIV-1,0.25,750,0,H-score,Wavelet(t=1.5),0.0242
HIV-1,0.25,750,0,H-score,FreqThresh(p=85),-0.0392
HIV-1,0.25,750,0,H-score,KDE(p=80),-0.0979
HIV-1,0.25,750,0,E_only,Wavelet(t=1.5),0.0501
HIV-1,0.25,750,0,E_only,FreqThresh(p=85),-0.1104
HIV-1,0.25,750,0,E_only,KDE(p=80),-0.0979
HIV-1,0.25,750,1,E*rare,Wavelet(t=1.5),0.1043
HIV-1,0.25,750,1,E*rare,FreqThresh(p=85),0.0701
HIV-1,0.25,750,1,E*rare,"SWAN(w=10,k=1.5)",-0.035
HIV-1,0.25,750,1,E*rare,KDE(p=80),0.0103
HIV-1,0.25,750,1,P*E*rare,Wavelet(t=1.5),0.0837
HIV-1,0.25,750,1,P*E*rare,FreqThresh(p=85),0.0473
HIV-1,0.25,750,1,P*E*rare,"SWAN(w=10,k=1.5)",-0.035
HIV-1,0.25,750,1,P*E*rare,KDE(p=80),0.0118
HIV-1,0.25,750,1,P*E,Wavelet(t=1.5),0.0717
HIV-1,0.25,750,1,P*E,FreqThresh(p=85),-0.1104
HIV-1,0.25,750,1,P*E,KDE(p=80),-0.0979
HIV-1,0.25,750,1,H-score,Wavelet(t=1.5),0.0126
HIV-1,0.25,750,1,H-score,FreqThresh(p=85),-0.1104
HIV-1,0.25,750,1,H-score,KDE(p=80),-0.0979
HIV-1,0.25,750,1,E_only,Wavelet(t=1.5),0.0151
HIV-1,0.25,750,1,E_only,FreqThresh(p=85),-0.1063
HIV-1,0.25,750,1,E_only,KDE(p=80),-0.0979
HIV-1,0.25,750,2,E*rare,Wavelet(t=1.5),0.1458
HIV-1,0.25,750,2,E*rare,FreqThresh(p=85),0.1238
HIV-1,0.25,750,2,E*rare,KDE(p=80),-0.0728
HIV-1,0.25,750,2,P*E*rare,Wavelet(t=1.5),0.1438
HIV-1,0.25,750,2,P*E*rare,FreqThresh(p=85),0.156
HIV-1,0.25,750,2,P*E*rare,KDE(p=80),-0.0996
HIV-1,0.25,750,2,P*E,Wavelet(t=1.5),0.0685
HIV-1,0.25,750,2,P*E,FreqThresh(p=85),-0.1038
HIV-1,0.25,750,2,P*E,KDE(p=80),-0.0979
HIV-1,0.25,750,2,H-score,Wavelet(t=1.5),0.0138
HIV-1,0.25,750,2,H-score,FreqThresh(p=85),-0.1038
HIV-1,0.25,750,2,H-score,KDE(p=80),-0.0979
HIV-1,0.25,750,2,E_only,Wavelet(t=1.5),0.0229
HIV-1,0.25,750,2,E_only,FreqThresh(p=85),-0.0962
HIV-1,0.25,750,2,E_only,KDE(p=80),-0.0962
HIV-1,0.25,750,3,E*rare,Wavelet(t=1.5),0.1237
HIV-1,0.25,750,3,E*rare,FreqThresh(p=85),0.0668
HIV-1,0.25,750,3,E*rare,KDE(p=80),0.0133
HIV-1,0.25,750,3,P*E*rare,Wavelet(t=1.5),0.1041
HIV-1,0.25,750,3,P*E*rare,FreqThresh(p=85),-0.0023
HIV-1,0.25,750,3,P*E*rare,KDE(p=80),-0.0697
HIV-1,0.25,750,3,P*E,Wavelet(t=1.5),0.0652
HIV-1,0.25,750,3,P*E,FreqThresh(p=85),-0.1087
HIV-1,0.25,750,3,P*E,KDE(p=80),-0.0979
HIV-1,0.25,750,3,H-score,Wavelet(t=1.5),0.0138
HIV-1,0.25,750,3,H-score,FreqThresh(p=85),-0.1087
HIV-1,0.25,750,3,H-score,KDE(p=80),-0.0979
HIV-1,0.25,750,3,E_only,Wavelet(t=1.5),0.0256
HIV-1,0.25,750,3,E_only,FreqThresh(p=85),-0.1087
HIV-1,0.25,750,3,E_only,KDE(p=80),-0.0962
HIV-1,0.25,750,4,E*rare,Wavelet(t=1.5),0.1458
HIV-1,0.25,750,4,E*rare,FreqThresh(p=85),0.0716
HIV-1,0.25,750,4,E*rare,"SWAN(w=10,k=1.5)",-0.035
HIV-1,0.25,750,4,E*rare,KDE(p=80),0.0656
HIV-1,0.25,750,4,P*E*rare,Wavelet(t=1.5),0.0857
HIV-1,0.25,750,4,P*E*rare,FreqThresh(p=85),0.0925
HIV-1,0.25,750,4,P*E*rare,"SWAN(w=10,k=1.5)",-0.0416
HIV-1,0.25,750,4,P*E*rare,KDE(p=80),0.0396
HIV-1,0.25,750,4,P*E,Wavelet(t=1.5),0.0637
HIV-1,0.25,750,4,P*E,FreqThresh(p=85),-0.0102
HIV-1,0.25,750,4,P*E,KDE(p=80),-0.0979
HIV-1,0.25,750,4,H-score,Wavelet(t=1.5),0.004
HIV-1,0.25,750,4,H-score,FreqThresh(p=85),-0.0102
HIV-1,0.25,750,4,H-score,KDE(p=80),-0.0979
HIV-1,0.25,750,4,E_only,Wavelet(t=1.5),0.0444
HIV-1,0.25,750,4,E_only,FreqThresh(p=85),-0.054
HIV-1,0.25,750,4,E_only,KDE(p=80),-0.0962
HIV-1,0.5,1500,0,E*rare,Wavelet(t=1.5),0.0412
HIV-1,0.5,1500,0,E*rare,FreqThresh(p=85),0.0353
HIV-1,0.5,1500,0,E*rare,"SWAN(w=10,k=1.5)",-0.0431
HIV-1,0.5,1500,0,E*rare,KDE(p=80),-0.0451
HIV-1,0.5,1500,0,P*E*rare,Wavelet(t=1.5),0.0457
HIV-1,0.5,1500,0,P*E*rare,FreqThresh(p=85),0.0427
HIV-1,0.5,1500,0,P*E*rare,"SWAN(w=10,k=1.5)",-0.0416
HIV-1,0.5,1500,0,P*E*rare,KDE(p=80),-0.0718
HIV-1,0.5,1500,0,P*E,Wavelet(t=1.5),0.0717
HIV-1,0.5,1500,0,P*E,FreqThresh(p=85),-0.1038
HIV-1,0.5,1500,0,P*E,KDE(p=80),-0.0979
HIV-1,0.5,1500,0,H-score,Wavelet(t=1.5),0.0256
HIV-1,0.5,1500,0,H-score,FreqThresh(p=85),-0.1038
HIV-1,0.5,1500,0,H-score,KDE(p=80),-0.0979
HIV-1,0.5,1500,0,E_only,Wavelet(t=1.5),0.0368
HIV-1,0.5,1500,0,E_only,FreqThresh(p=85),-0.1079
HIV-1,0.5,1500,0,E_only,KDE(p=80),-0.0979
HIV-1,0.5,1500,1,E*rare,Wavelet(t=1.5),-0.0275
HIV-1,0.5,1500,1,E*rare,FreqThresh(p=85),0.0825
HIV-1,0.5,1500,1,E*rare,"SWAN(w=10,k=1.5)",-0.035
HIV-1,0.5,1500,1,E*rare,KDE(p=80),-0.0451
HIV-1,0.5,1500,1,P*E*rare,Wavelet(t=1.5),-0.037
HIV-1,0.5,1500,1,P*E*rare,FreqThresh(p=85),0.0908
HIV-1,0.5,1500,1,P*E*rare,"SWAN(w=10,k=1.5)",-0.0431
HIV-1,0.5,1500,1,P*E*rare,KDE(p=80),-0.0451
HIV-1,0.5,1500,1,P*E,Wavelet(t=1.5),0.0668
HIV-1,0.5,1500,1,P*E,FreqThresh(p=85),-0.103
HIV-1,0.5,1500,1,P*E,KDE(p=80),-0.0979
HIV-1,0.5,1500,1,H-score,Wavelet(t=1.5),0.0138
HIV-1,0.5,1500,1,H-score,FreqThresh(p=85),-0.103
HIV-1,0.5,1500,1,H-score,KDE(p=80),-0.0979
HIV-1,0.5,1500,1,E_only,Wavelet(t=1.5),0.0444
HIV-1,0.5,1500,1,E_only,FreqThresh(p=85),-0.1079
HIV-1,0.5,1500,1,E_only,KDE(p=80),-0.0979
HIV-1,0.5,1500,2,E*rare,Wavelet(t=1.5),0.0908
HIV-1,0.5,1500,2,E*rare,FreqThresh(p=85),0.0734
HIV-1,0.5,1500,2,E*rare,"SWAN(w=10,k=1.5)",-0.0416
HIV-1,0.5,1500,2,E*rare,KDE(p=80),0.0118
HIV-1,0.5,1500,2,P*E*rare,Wavelet(t=1.5),0.0858
HIV-1,0.5,1500,2,P*E*rare,FreqThresh(p=85),0.056
HIV-1,0.5,1500,2,P*E*rare,KDE(p=80),-0.0996
HIV-1,0.5,1500,2,P*E,Wavelet(t=1.5),0.0701
HIV-1,0.5,1500,2,P*E,FreqThresh(p=85),-0.1046
HIV-1,0.5,1500,2,P*E,KDE(p=80),-0.0979
HIV-1,0.5,1500,2,H-score,Wavelet(t=1.5),0.0089
HIV-1,0.5,1500,2,H-score,FreqThresh(p=85),-0.1046
HIV-1,0.5,1500,2,H-score,KDE(p=80),-0.0979
HIV-1,0.5,1500,2,E_only,Wavelet(t=1.5),0.0229
HIV-1,0.5,1500,2,E_only,FreqThresh(p=85),-0.1054
HIV-1,0.5,1500,2,E_only,KDE(p=80),-0.0979
HIV-1,0.5,1500,3,E*rare,Wavelet(t=1.5),-0.0037
HIV-1,0.5,1500,3,E*rare,FreqThresh(p=85),-0.0323
HIV-1,0.5,1500,3,E*rare,"SWAN(w=10,k=1.5)",-0.0631
HIV-1,0.5,1500,3,E*rare,KDE(p=80),0.038
HIV-1,0.5,1500,3,P*E*rare,Wavelet(t=1.5),-0.0023
HIV-1,0.5,1500,3,P*E*rare,FreqThresh(p=85),-0.053
HIV-1,0.5,1500,3,P*E*rare,"SWAN(w=10,k=1.5)",-0.0631
HIV-1,0.5,1500,3,P*E*rare,KDE(p=80),0.0118
HIV-1,0.5,1500,3,P*E,Wavelet(t=1.5),0.0685
HIV-1,0.5,1500,3,P*E,FreqThresh(p=85),-0.1038
HIV-1,0.5,1500,3,P*E,KDE(p=80),-0.0979
HIV-1,0.5,1500,3,H-score,Wavelet(t=1.5),0.019
HIV-1,0.5,1500,3,H-score,FreqThresh(p=85),-0.1038
HIV-1,0.5,1500,3,H-score,KDE(p=80),-0.0979
HIV-1,0.5,1500,3,E_only,Wavelet(t=1.5),0.0473
HIV-1,0.5,1500,3,E_only,FreqThresh(p=85),-0.1054
HIV-1,0.5,1500,3,E_only,KDE(p=80),-0.0979
HIV-1,0.5,1500,4,E*rare,Wavelet(t=1.5),0.038
HIV-1,0.5,1500,4,E*rare,FreqThresh(p=85),0.1008
HIV-1,0.5,1500,4,E*rare,KDE(p=80),-0.0718
HIV-1,0.5,1500,4,P*E*rare,Wavelet(t=1.5),0.1025
HIV-1,0.5,1500,4,P*E*rare,FreqThresh(p=85),0.053
HIV-1,0.5,1500,4,P*E*rare,KDE(p=80),-0.0718
HIV-1,0.5,1500,4,P*E,Wavelet(t=1.5),0.0734
HIV-1,0.5,1500,4,P*E,FreqThresh(p=85),-0.0615
HIV-1,0.5,1500,4,P*E,KDE(p=80),-0.0979
HIV-1,0.5,1500,4,H-score,Wavelet(t=1.5),0.019
HIV-1,0.5,1500,4,H-score,FreqThresh(p=85),-0.0615
HIV-1,0.5,1500,4,H-score,KDE(p=80),-0.0979
HIV-1,0.5,1500,4,E_only,Wavelet(t=1.5),0.053
HIV-1,0.5,1500,4,E_only,FreqThresh(p=85),-0.1079
HIV-1,0.5,1500,4,E_only,KDE(p=80),-0.0979
HIV-1,0.75,2250,0,E*rare,Wavelet(t=1.5),0.0674
HIV-1,0.75,2250,0,E*rare,FreqThresh(p=85),0.0325
HIV-1,0.75,2250,0,E*rare,KDE(p=80),-0.0174
HIV-1,0.75,2250,0,P*E*rare,Wavelet(t=1.5),0.1051
HIV-1,0.75,2250,0,P*E*rare,FreqThresh(p=85),-0.0127
HIV-1,0.75,2250,0,P*E*rare,KDE(p=80),-0.0451
HIV-1,0.75,2250,0,P*E,Wavelet(t=1.5),0.0668
HIV-1,0.75,2250,0,P*E,FreqThresh(p=85),-0.1071
HIV-1,0.75,2250,0,P*E,KDE(p=80),-0.0979
HIV-1,0.75,2250,0,H-score,Wavelet(t=1.5),0.0177
HIV-1,0.75,2250,0,H-score,FreqThresh(p=85),-0.1071
HIV-1,0.75,2250,0,H-score,KDE(p=80),-0.0979
HIV-1,0.75,2250,0,E_only,Wavelet(t=1.5),0.0458
HIV-1,0.75,2250,0,E_only,FreqThresh(p=85),-0.112
HIV-1,0.75,2250,0,E_only,KDE(p=80),-0.0979
HIV-1,0.75,2250,1,E*rare,Wavelet(t=1.5),-0.0238
HIV-1,0.75,2250,1,E*rare,FreqThresh(p=85),0.0339
HIV-1,0.75,2250,1,E*rare,KDE(p=80),-0.0728
HIV-1,0.75,2250,1,P*E*rare,Wavelet(t=1.5),0.0442
HIV-1,0.75,2250,1,P*E*rare,FreqThresh(p=85),0.0311
HIV-1,0.75,2250,1,P*E*rare,KDE(p=80),-0.1005
HIV-1,0.75,2250,1,P*E,Wavelet(t=1.5),0.0637
HIV-1,0.75,2250,1,P*E,FreqThresh(p=85),-0.1063
HIV-1,0.75,2250,1,P*E,KDE(p=80),-0.0979
HIV-1,0.75,2250,1,H-score,Wavelet(t=1.5),0.0126
HIV-1,0.75,2250,1,H-score,FreqThresh(p=85),-0.1063
HIV-1,0.75,2250,1,H-score,KDE(p=80),-0.0979
HIV-1,0.75,2250,1,E_only,Wavelet(t=1.5),0.0458
HIV-1,0.75,2250,1,E_only,FreqThresh(p=85),-0.112
HIV-1,0.75,2250,1,E_only,KDE(p=80),-0.0979
HIV-1,0.75,2250,2,E*rare,Wavelet(t=1.5),0.059
HIV-1,0.75,2250,2,E*rare,FreqThresh(p=85),0.0487
HIV-1,0.75,2250,2,E*rare,KDE(p=80),-0.1005
HIV-1,0.75,2250,2,P*E*rare,Wavelet(t=1.5),0.1058
HIV-1,0.75,2250,2,P*E*rare,FreqThresh(p=85),0.0716
HIV-1,0.75,2250,2,P*E*rare,KDE(p=80),-0.0988
HIV-1,0.75,2250,2,P*E,Wavelet(t=1.5),0.0685
HIV-1,0.75,2250,2,P*E,FreqThresh(p=85),-0.1071
HIV-1,0.75,2250,2,P*E,KDE(p=80),-0.0979
HIV-1,0.75,2250,2,H-score,Wavelet(t=1.5),0.0151
HIV-1,0.75,2250,2,H-score,FreqThresh(p=85),-0.1071
HIV-1,0.75,2250,2,H-score,KDE(p=80),-0.0979
HIV-1,0.75,2250,2,E_only,Wavelet(t=1.5),0.0376
HIV-1,0.75,2250,2,E_only,FreqThresh(p=85),-0.1087
HIV-1,0.75,2250,2,E_only,KDE(p=80),-0.0979
HIV-1,0.75,2250,3,E*rare,Wavelet(t=1.5),0.024
HIV-1,0.75,2250,3,E*rare,FreqThresh(p=85),-0.0127
HIV-1,0.75,2250,3,E*rare,KDE(p=80),-0.0174
HIV-1,0.75,2250,3,P*E*rare,Wavelet(t=1.5),0.1145
HIV-1,0.75,2250,3,P*E*rare,FreqThresh(p=85),-0.0164
HIV-1,0.75,2250,3,P*E*rare,KDE(p=80),-0.0996
HIV-1,0.75,2250,3,P*E,Wavelet(t=1.5),0.0668
HIV-1,0.75,2250,3,P*E,FreqThresh(p=85),-0.0347
HIV-1,0.75,2250,3,P*E,KDE(p=80),-0.0979
HIV-1,0.75,2250,3,H-score,Wavelet(t=1.5),0.0229
HIV-1,0.75,2250,3,H-score,FreqThresh(p=85),-0.0347
HIV-1,0.75,2250,3,H-score,KDE(p=80),-0.0979
HIV-1,0.75,2250,3,E_only,Wavelet(t=1.5),0.0458
HIV-1,0.75,2250,3,E_only,FreqThresh(p=85),-0.1087
HIV-1,0.75,2250,3,E_only,KDE(p=80),-0.0979
HIV-1,0.75,2250,4,E*rare,Wavelet(t=1.5),0.0397
HIV-1,0.75,2250,4,E*rare,FreqThresh(p=85),0.0586
HIV-1,0.75,2250,4,E*rare,"SWAN(w=10,k=1.5)",-0.0384
HIV-1,0.75,2250,4,E*rare,KDE(p=80),-0.0728
HIV-1,0.75,2250,4,P*E*rare,Wavelet(t=1.5),0.0269
HIV-1,0.75,2250,4,P*E*rare,FreqThresh(p=85),0.0822
HIV-1,0.75,2250,4,P*E*rare,KDE(p=80),-0.0718
HIV-1,0.75,2250,4,P*E,Wavelet(t=1.5),0.0637
HIV-1,0.75,2250,4,P*E,FreqThresh(p=85),-0.0594
HIV-1,0.75,2250,4,P*E,KDE(p=80),-0.0979
HIV-1,0.75,2250,4,H-score,Wavelet(t=1.5),0.0151
HIV-1,0.75,2250,4,H-score,FreqThresh(p=85),-0.0594
HIV-1,0.75,2250,4,H-score,KDE(p=80),-0.0979
HIV-1,0.75,2250,4,E_only,Wavelet(t=1.5),0.0229
HIV-1,0.75,2250,4,E_only,FreqThresh(p=85),-0.1063
HIV-1,0.75,2250,4,E_only,KDE(p=80),-0.0979
HIV-1,1.0,3000,0,E*rare,Wavelet(t=1.5),0.0768
HIV-1,1.0,3000,0,E*rare,FreqThresh(p=85),0.0283
HIV-1,1.0,3000,0,E*rare,KDE(p=80),-0.0728
HIV-1,1.0,3000,0,P*E*rare,Wavelet(t=1.5),0.0841
HIV-1,1.0,3000,0,P*E*rare,FreqThresh(p=85),0.0297
HIV-1,1.0,3000,0,P*E*rare,KDE(p=80),-0.0718
HIV-1,1.0,3000,0,P*E,Wavelet(t=1.5),0.0685
HIV-1,1.0,3000,0,P*E,FreqThresh(p=85),-0.1038
HIV-1,1.0,3000,0,P*E,KDE(p=80),-0.0979
HIV-1,1.0,3000,0,H-score,Wavelet(t=1.5),0.0138
HIV-1,1.0,3000,0,H-score,FreqThresh(p=85),-0.1038
HIV-1,1.0,3000,0,H-score,KDE(p=80),-0.0979
HIV-1,1.0,3000,0,E_only,Wavelet(t=1.5),0.0458
HIV-1,1.0,3000,0,E_only,FreqThresh(p=85),-0.1087
HIV-1,1.0,3000,0,E_only,KDE(p=80),-0.0979
HIV-1,1.0,3000,1,E*rare,Wavelet(t=1.5),0.0768
HIV-1,1.0,3000,1,E*rare,FreqThresh(p=85),0.0283
HIV-1,1.0,3000,1,E*rare,KDE(p=80),-0.0728
HIV-1,1.0,3000,1,P*E*rare,Wavelet(t=1.5),0.0841
HIV-1,1.0,3000,1,P*E*rare,FreqThresh(p=85),0.0297
HIV-1,1.0,3000,1,P*E*rare,KDE(p=80),-0.0718
HIV-1,1.0,3000,1,P*E,Wavelet(t=1.5),0.0685
HIV-1,1.0,3000,1,P*E,FreqThresh(p=85),-0.1038
HIV-1,1.0,3000,1,P*E,KDE(p=80),-0.0979
HIV-1,1.0,3000,1,H-score,Wavelet(t=1.5),0.0138
HIV-1,1.0,3000,1,H-score,FreqThresh(p=85),-0.1038
HIV-1,1.0,3000,1,H-score,KDE(p=80),-0.0979
HIV-1,1.0,3000,1,E_only,Wavelet(t=1.5),0.0458
HIV-1,1.0,3000,1,E_only,FreqThresh(p=85),-0.1087
HIV-1,1.0,3000,1,E_only,KDE(p=80),-0.0979
HIV-1,1.0,3000,2,E*rare,Wavelet(t=1.5),0.0768
HIV-1,1.0,3000,2,E*rare,FreqThresh(p=85),0.0283
HIV-1,1.0,3000,2,E*rare,KDE(p=80),-0.0728
HIV-1,1.0,3000,2,P*E*rare,Wavelet(t=1.5),0.0841
HIV-1,1.0,3000,2,P*E*rare,FreqThresh(p=85),0.0297
HIV-1,1.0,3000,2,P*E*rare,KDE(p=80),-0.0718
HIV-1,1.0,3000,2,P*E,Wavelet(t=1.5),0.0685
HIV-1,1.0,3000,2,P*E,FreqThresh(p=85),-0.1038
HIV-1,1.0,3000,2,P*E,KDE(p=80),-0.0979
HIV-1,1.0,3000,2,H-score,Wavelet(t=1.5),0.0138
HIV-1,1.0,3000,2,H-score,FreqThresh(p=85),-0.1038
HIV-1,1.0,3000,2,H-score,KDE(p=80),-0.0979
HIV-1,1.0,3000,2,E_only,Wavelet(t=1.5),0.0458
HIV-1,1.0,3000,2,E_only,FreqThresh(p=85),-0.1087
HIV-1,1.0,3000,2,E_only,KDE(p=80),-0.0979
HIV-1,1.0,3000,3,E*rare,Wavelet(t=1.5),0.0768
HIV-1,1.0,3000,3,E*rare,FreqThresh(p=85),0.0283
HIV-1,1.0,3000,3,E*rare,KDE(p=80),-0.0728
HIV-1,1.0,3000,3,P*E*rare,Wavelet(t=1.5),0.0841
HIV-1,1.0,3000,3,P*E*rare,FreqThresh(p=85),0.0297
HIV-1,1.0,3000,3,P*E*rare,KDE(p=80),-0.0718
HIV-1,1.0,3000,3,P*E,Wavelet(t=1.5),0.0685
HIV-1,1.0,3000,3,P*E,FreqThresh(p=85),-0.1038
HIV-1,1.0,3000,3,P*E,KDE(p=80),-0.0979
HIV-1,1.0,3000,3,H-score,Wavelet(t=1.5),0.0138
HIV-1,1.0,3000,3,H-score,FreqThresh(p=85),-0.1038
HIV-1,1.0,3000,3,H-score,KDE(p=80),-0.0979
HIV-1,1.0,3000,3,E_only,Wavelet(t=1.5),0.0458
HIV-1,1.0,3000,3,E_only,FreqThresh(p=85),-0.1087
HIV-1,1.0,3000,3,E_only,KDE(p=80),-0.0979
HIV-1,1.0,3000,4,E*rare,Wavelet(t=1.5),0.0768
HIV-1,1.0,3000,4,E*rare,FreqThresh(p=85),0.0283
HIV-1,1.0,3000,4,E*rare,KDE(p=80),-0.0728
HIV-1,1.0,3000,4,P*E*rare,Wavelet(t=1.5),0.0841
HIV-1,1.0,3000,4,P*E*rare,FreqThresh(p=85),0.0297
HIV-1,1.0,3000,4,P*E*rare,KDE(p=80),-0.0718
HIV-1,1.0,3000,4,P*E,Wavelet(t=1.5),0.0685
HIV-1,1.0,3000,4,P*E,FreqThresh(p=85),-0.1038
HIV-1,1.0,3000,4,P*E,KDE(p=80),-0.0979
HIV-1,1.0,3000,4,H-score,Wavelet(t=1.5),0.0138
HIV-1,1.0,3000,4,H-score,FreqThresh(p=85),-0.1038
HIV-1,1.0,3000,4,H-score,KDE(p=80),-0.0979
HIV-1,1.0,3000,4,E_only,Wavelet(t=1.5),0.0458
HIV-1,1.0,3000,4,E_only,FreqThresh(p=85),-0.1087
HIV-1,1.0,3000,4,E_only,KDE(p=80),-0.0979
Dengue,0.25,500,0,E*rare,Wavelet(t=1.5),0.0563
Dengue,0.25,500,0,E*rare,FreqThresh(p=85),0.0661
Dengue,0.25,500,0,E*rare,KDE(p=80),0.1229
Dengue,0.25,500,0,P*E*rare,Wavelet(t=1.5),0.0965
Dengue,0.25,500,0,P*E*rare,FreqThresh(p=85),0.0965
Dengue,0.25,500,0,P*E*rare,KDE(p=80),0.1466
Dengue,0.25,500,0,P*E,Wavelet(t=1.5),0.1516
Dengue,0.25,500,0,P*E,FreqThresh(p=85),0.1155
Dengue,0.25,500,0,P*E,KDE(p=80),0.1229
Dengue,0.25,500,0,H-score,Wavelet(t=1.5),-0.0088
Dengue,0.25,500,0,H-score,FreqThresh(p=85),0.1155
Dengue,0.25,500,0,H-score,KDE(p=80),0.1229
Dengue,0.25,500,0,E_only,Wavelet(t=1.5),0.0663
Dengue,0.25,500,0,E_only,FreqThresh(p=85),0.1536
Dengue,0.25,500,0,E_only,KDE(p=80),0.1229
Dengue,0.25,500,1,E*rare,Wavelet(t=1.5),0.0805
Dengue,0.25,500,1,E*rare,FreqThresh(p=85),0.1462
Dengue,0.25,500,1,E*rare,"SWAN(w=10,k=1.5)",-0.0344
Dengue,0.25,500,1,E*rare,KDE(p=80),0.1466
Dengue,0.25,500,1,P*E*rare,Wavelet(t=1.5),0.1208
Dengue,0.25,500,1,P*E*rare,FreqThresh(p=85),0.1343
Dengue,0.25,500,1,P*E*rare,KDE(p=80),0.1938
Dengue,0.25,500,1,P*E,Wavelet(t=1.5),0.1668
Dengue,0.25,500,1,P*E,FreqThresh(p=85),0.1062
Dengue,0.25,500,1,P*E,KDE(p=80),0.1229
Dengue,0.25,500,1,H-score,Wavelet(t=1.5),-0.0145
Dengue,0.25,500,1,H-score,FreqThresh(p=85),0.1062
Dengue,0.25,500,1,H-score,KDE(p=80),0.1229
Dengue,0.25,500,1,E_only,Wavelet(t=1.5),0.1591
Dengue,0.25,500,1,E_only,FreqThresh(p=85),0.1099
Dengue,0.25,500,1,E_only,KDE(p=80),0.1466
Dengue,0.25,500,2,E*rare,Wavelet(t=1.5),0.1023
Dengue,0.25,500,2,E*rare,FreqThresh(p=85),0.1957
Dengue,0.25,500,2,E*rare,KDE(p=80),0.052
Dengue,0.25,500,2,P*E*rare,Wavelet(t=1.5),0.142
Dengue,0.25,500,2,P*E*rare,FreqThresh(p=85),0.2263
Dengue,0.25,500,2,P*E*rare,"SWAN(w=10,k=1.5)",0.0341
Dengue,0.25,500,2,P*E*rare,KDE(p=80),0.0993
Dengue,0.25,500,2,P*E,Wavelet(t=1.5),0.1894
Dengue,0.25,500,2,P*E,FreqThresh(p=85),0.1136
Dengue,0.25,500,2,P*E,KDE(p=80),0.1229
Dengue,0.25,500,2,H-score,Wavelet(t=1.5),0.0561
Dengue,0.25,500,2,H-score,FreqThresh(p=85),0.1136
Dengue,0.25,500,2,H-score,KDE(p=80),0.1702
Dengue,0.25,500,2,E_only,Wavelet(t=1.5),0.1707
Dengue,0.25,500,2,E_only,FreqThresh(p=85),0.1062
Dengue,0.25,500,2,E_only,KDE(p=80),0.1702
Dengue,0.25,500,3,E*rare,Wavelet(t=1.5),0.0942
Dengue,0.25,500,3,E*rare,FreqThresh(p=85),0.0517
Dengue,0.25,500,3,E*rare,KDE(p=80),0.0756
Dengue,0.25,500,3,P*E*rare,Wavelet(t=1.5),0.1399
Dengue,0.25,500,3,P*E*rare,FreqThresh(p=85),0.1343
Dengue,0.25,500,3,P*E*rare,KDE(p=80),0.1466
Dengue,0.25,500,3,P*E,Wavelet(t=1.5),0.1815
Dengue,0.25,500,3,P*E,FreqThresh(p=85),0.1155
Dengue,0.25,500,3,P*E,KDE(p=80),0.1229
Dengue,0.25,500,3,H-score,Wavelet(t=1.5),-0.0145
Dengue,0.25,500,3,H-score,FreqThresh(p=85),0.1155
Dengue,0.25,500,3,H-score,KDE(p=80),0.1229
Dengue,0.25,500,3,E_only,Wavelet(t=1.5),0.0563
Dengue,0.25,500,3,E_only,FreqThresh(p=85),0.1662
Dengue,0.25,500,3,E_only,KDE(p=80),0.1466
Dengue,0.25,500,4,E*rare,Wavelet(t=1.5),0.1752
Dengue,0.25,500,4,E*rare,FreqThresh(p=85),0.146
Dengue,0.25,500,4,E*rare,"SWAN(w=10,k=1.5)",-0.0344
Dengue,0.25,500,4,E*rare,KDE(p=80),0.1466
Dengue,0.25,500,4,P*E*rare,Wavelet(t=1.5),0.1684
Dengue,0.25,500,4,P*E*rare,FreqThresh(p=85),0.2449
Dengue,0.25,500,4,P*E*rare,KDE(p=80),0.1938
Dengue,0.25,500,4,P*E,Wavelet(t=1.5),0.1748
Dengue,0.25,500,4,P*E,FreqThresh(p=85),0.1155
Dengue,0.25,500,4,P*E,KDE(p=80),0.1229
Dengue,0.25,500,4,H-score,Wavelet(t=1.5),-0.0253
Dengue,0.25,500,4,H-score,FreqThresh(p=85),0.1155
Dengue,0.25,500,4,H-score,KDE(p=80),0.1466
Dengue,0.25,500,4,E_only,Wavelet(t=1.5),0.1138
Dengue,0.25,500,4,E_only,FreqThresh(p=85),0.1195
Dengue,0.25,500,4,E_only,KDE(p=80),0.1466
Dengue,0.5,1000,0,E*rare,Wavelet(t=1.5),0.0263
Dengue,0.5,1000,0,E*rare,FreqThresh(p=85),0.2605
Dengue,0.5,1000,0,E*rare,KDE(p=80),0.052
Dengue,0.5,1000,0,P*E*rare,Wavelet(t=1.5),0.0457
Dengue,0.5,1000,0,P*E*rare,FreqThresh(p=85),0.2237
Dengue,0.5,1000,0,P*E*rare,KDE(p=80),0.0771
Dengue,0.5,1000,0,P*E,Wavelet(t=1.5),0.1815
Dengue,0.5,1000,0,P*E,FreqThresh(p=85),0.1195
Dengue,0.5,1000,0,P*E,KDE(p=80),0.1229
Dengue,0.5,1000,0,H-score,Wavelet(t=1.5),-0.0274
Dengue,0.5,1000,0,H-score,FreqThresh(p=85),0.1195
Dengue,0.5,1000,0,H-score,KDE(p=80),0.1229
Dengue,0.5,1000,0,E_only,Wavelet(t=1.5),0.0693
Dengue,0.5,1000,0,E_only,FreqThresh(p=85),0.1099
Dengue,0.5,1000,0,E_only,KDE(p=80),0.1229
Dengue,0.5,1000,1,E*rare,Wavelet(t=1.5),0.0507
Dengue,0.5,1000,1,E*rare,FreqThresh(p=85),0.24
Dengue,0.5,1000,1,E*rare,KDE(p=80),0.052
Dengue,0.5,1000,1,P*E*rare,Wavelet(t=1.5),0.1009
Dengue,0.5,1000,1,P*E*rare,FreqThresh(p=85),0.1551
Dengue,0.5,1000,1,P*E*rare,KDE(p=80),0.0284
Dengue,0.5,1000,1,P*E,Wavelet(t=1.5),0.1936
Dengue,0.5,1000,1,P*E,FreqThresh(p=85),0.1136
Dengue,0.5,1000,1,P*E,KDE(p=80),0.1229
Dengue,0.5,1000,1,H-score,Wavelet(t=1.5),-0.0156
Dengue,0.5,1000,1,H-score,FreqThresh(p=85),0.1136
Dengue,0.5,1000,1,H-score,KDE(p=80),0.1229
Dengue,0.5,1000,1,E_only,Wavelet(t=1.5),0.0611
Dengue,0.5,1000,1,E_only,FreqThresh(p=85),0.132
Dengue,0.5,1000,1,E_only,KDE(p=80),0.1229
Dengue,0.5,1000,2,E*rare,Wavelet(t=1.5),0.1477
Dengue,0.5,1000,2,E*rare,FreqThresh(p=85),0.1597
Dengue,0.5,1000,2,E*rare,KDE(p=80),0.1702
Dengue,0.5,1000,2,P*E*rare,Wavelet(t=1.5),0.1477
Dengue,0.5,1000,2,P*E*rare,FreqThresh(p=85),0.1729
Dengue,0.5,1000,2,P*E*rare,"SWAN(w=10,k=1.5)",0.1679
Dengue,0.5,1000,2,P*E*rare,KDE(p=80),0.1938
Dengue,0.5,1000,2,P*E,Wavelet(t=1.5),0.1728
Dengue,0.5,1000,2,P*E,FreqThresh(p=85),0.1155
Dengue,0.5,1000,2,P*E,KDE(p=80),0.1229
Dengue,0.5,1000,2,H-score,Wavelet(t=1.5),-0.0325
Dengue,0.5,1000,2,H-score,FreqThresh(p=85),0.1155
Dengue,0.5,1000,2,H-score,KDE(p=80),0.1702
Dengue,0.5,1000,2,E_only,Wavelet(t=1.5),0.0627
Dengue,0.5,1000,2,E_only,FreqThresh(p=85),0.1195
Dengue,0.5,1000,2,E_only,KDE(p=80),0.1702
Dengue,0.5,1000,3,E*rare,Wavelet(t=1.5),0.2091
Dengue,0.5,1000,3,E*rare,FreqThresh(p=85),0.1849
Dengue,0.5,1000,3,E*rare,KDE(p=80),0.1938
Dengue,0.5,1000,3,P*E*rare,Wavelet(t=1.5),0.2091
Dengue,0.5,1000,3,P*E*rare,FreqThresh(p=85),0.1972
Dengue,0.5,1000,3,P*E*rare,KDE(p=80),0.1702
Dengue,0.5,1000,3,P*E,Wavelet(t=1.5),0.179
Dengue,0.5,1000,3,P*E,FreqThresh(p=85),0.1099
Dengue,0.5,1000,3,P*E,KDE(p=80),0.1229
Dengue,0.5,1000,3,H-score,Wavelet(t=1.5),-0.0253
Dengue,0.5,1000,3,H-score,FreqThresh(p=85),0.1099
Dengue,0.5,1000,3,H-score,KDE(p=80),0.1702
Dengue,0.5,1000,3,E_only,Wavelet(t=1.5),0.0909
Dengue,0.5,1000,3,E_only,FreqThresh(p=85),0.0712
Dengue,0.5,1000,3,E_only,KDE(p=80),0.1466
Dengue,0.5,1000,4,E*rare,Wavelet(t=1.5),0.0627
Dengue,0.5,1000,4,E*rare,FreqThresh(p=85),0.2072
Dengue,0.5,1000,4,E*rare,KDE(p=80),0.1702
Dengue,0.5,1000,4,P*E*rare,Wavelet(t=1.5),0.0576
Dengue,0.5,1000,4,P*E*rare,FreqThresh(p=85),0.1485
Dengue,0.5,1000,4,P*E*rare,KDE(p=80),0.0993
Dengue,0.5,1000,4,P*E,Wavelet(t=1.5),0.1854
Dengue,0.5,1000,4,P*E,FreqThresh(p=85),0.1195
Dengue,0.5,1000,4,P*E,KDE(p=80),0.1229
Dengue,0.5,1000,4,H-score,Wavelet(t=1.5),-0.0156
Dengue,0.5,1000,4,H-score,FreqThresh(p=85),0.1195
Dengue,0.5,1000,4,H-score,KDE(p=80),0.1229
Dengue,0.5,1000,4,E_only,Wavelet(t=1.5),0.0805
Dengue,0.5,1000,4,E_only,FreqThresh(p=85),0.1195
Dengue,0.5,1000,4,E_only,KDE(p=80),0.1466
Dengue,0.75,1500,0,E*rare,Wavelet(t=1.5),-0.0051
Dengue,0.75,1500,0,E*rare,FreqThresh(p=85),0.1996
Dengue,0.75,1500,0,E*rare,KDE(p=80),0.1229
Dengue,0.75,1500,0,P*E*rare,Wavelet(t=1.5),-0.0618
Dengue,0.75,1500,0,P*E*rare,FreqThresh(p=85),0.1824
Dengue,0.75,1500,0,P*E*rare,KDE(p=80),0.0756
Dengue,0.75,1500,0,P*E,Wavelet(t=1.5),0.2187
Dengue,0.75,1500,0,P*E,FreqThresh(p=85),0.1155
Dengue,0.75,1500,0,P*E,KDE(p=80),0.1229
Dengue,0.75,1500,0,H-score,Wavelet(t=1.5),-0.0123
Dengue,0.75,1500,0,H-score,FreqThresh(p=85),0.1155
Dengue,0.75,1500,0,H-score,KDE(p=80),0.1702
Dengue,0.75,1500,0,E_only,Wavelet(t=1.5),0.0627
Dengue,0.75,1500,0,E_only,FreqThresh(p=85),0.1215
Dengue,0.75,1500,0,E_only,KDE(p=80),0.1466
Dengue,0.75,1500,1,E*rare,Wavelet(t=1.5),0.1195
Dengue,0.75,1500,1,E*rare,FreqThresh(p=85),0.1996
Dengue,0.75,1500,1,E*rare,KDE(p=80),0.1466
Dengue,0.75,1500,1,P*E*rare,Wavelet(t=1.5),0.1528
Dengue,0.75,1500,1,P*E*rare,FreqThresh(p=85),0.2476
Dengue,0.75,1500,1,P*E*rare,KDE(p=80),0.1702
Dengue,0.75,1500,1,P*E,Wavelet(t=1.5),0.2
Dengue,0.75,1500,1,P*E,FreqThresh(p=85),0.1155
Dengue,0.75,1500,1,P*E,KDE(p=80),0.1229
Dengue,0.75,1500,1,H-score,Wavelet(t=1.5),-0.0221
Dengue,0.75,1500,1,H-score,FreqThresh(p=85),0.1155
Dengue,0.75,1500,1,H-score,KDE(p=80),0.1229
Dengue,0.75,1500,1,E_only,Wavelet(t=1.5),0.0822
Dengue,0.75,1500,1,E_only,FreqThresh(p=85),0.1215
Dengue,0.75,1500,1,E_only,KDE(p=80),0.1466
Dengue,0.75,1500,2,E*rare,Wavelet(t=1.5),0.0788
Dengue,0.75,1500,2,E*rare,FreqThresh(p=85),0.1752
Dengue,0.75,1500,2,E*rare,KDE(p=80),0.0993
Dengue,0.75,1500,2,P*E*rare,Wavelet(t=1.5),0.0034
Dengue,0.75,1500,2,P*E*rare,FreqThresh(p=85),0.1235
Dengue,0.75,1500,2,P*E*rare,KDE(p=80),0.2215
Dengue,0.75,1500,2,P*E,Wavelet(t=1.5),0.1834
Dengue,0.75,1500,2,P*E,FreqThresh(p=85),0.1195
Dengue,0.75,1500,2,P*E,KDE(p=80),0.1229
Dengue,0.75,1500,2,H-score,Wavelet(t=1.5),-0.0156
Dengue,0.75,1500,2,H-score,FreqThresh(p=85),0.1195
Dengue,0.75,1500,2,H-score,KDE(p=80),0.1229
Dengue,0.75,1500,2,E_only,Wavelet(t=1.5),0.0839
Dengue,0.75,1500,2,E_only,FreqThresh(p=85),0.1215
Dengue,0.75,1500,2,E_only,KDE(p=80),0.1466
Dengue,0.75,1500,3,E*rare,Wavelet(t=1.5),-0.0126
Dengue,0.75,1500,3,E*rare,FreqThresh(p=85),0.2207
Dengue,0.75,1500,3,E*rare,KDE(p=80),0.0993
Dengue,0.75,1500,3,P*E*rare,Wavelet(t=1.5),0.0067
Dengue,0.75,1500,3,P*E*rare,FreqThresh(p=85),0.2098
Dengue,0.75,1500,3,P*E*rare,"SWAN(w=10,k=1.5)",0.0034
Dengue,0.75,1500,3,P*E*rare,KDE(p=80),0.1229
Dengue,0.75,1500,3,P*E,Wavelet(t=1.5),0.1978
Dengue,0.75,1500,3,P*E,FreqThresh(p=85),0.1155
Dengue,0.75,1500,3,P*E,KDE(p=80),0.1229
Dengue,0.75,1500,3,H-score,Wavelet(t=1.5),-0.0263
Dengue,0.75,1500,3,H-score,FreqThresh(p=85),0.1155
Dengue,0.75,1500,3,H-score,KDE(p=80),0.1702
Dengue,0.75,1500,3,E_only,Wavelet(t=1.5),0.0839
Dengue,0.75,1500,3,E_only,FreqThresh(p=85),0.1195
Dengue,0.75,1500,3,E_only,KDE(p=80),0.1466
Dengue,0.75,1500,4,E*rare,Wavelet(t=1.5),0.0633
Dengue,0.75,1500,4,E*rare,FreqThresh(p=85),0.2098
Dengue,0.75,1500,4,E*rare,KDE(p=80),0.1262
Dengue,0.75,1500,4,P*E*rare,Wavelet(t=1.5),0.0804
Dengue,0.75,1500,4,P*E*rare,FreqThresh(p=85),0.18
Dengue,0.75,1500,4,P*E*rare,"SWAN(w=10,k=1.5)",0.1476
Dengue,0.75,1500,4,P*E*rare,KDE(p=80),0.0284
Dengue,0.75,1500,4,P*E,Wavelet(t=1.5),0.1874
Dengue,0.75,1500,4,P*E,FreqThresh(p=85),0.1155
Dengue,0.75,1500,4,P*E,KDE(p=80),0.1229
Dengue,0.75,1500,4,H-score,Wavelet(t=1.5),-0.02
Dengue,0.75,1500,4,H-score,FreqThresh(p=85),0.1155
Dengue,0.75,1500,4,H-score,KDE(p=80),0.1229
Dengue,0.75,1500,4,E_only,Wavelet(t=1.5),0.0822
Dengue,0.75,1500,4,E_only,FreqThresh(p=85),0.1195
Dengue,0.75,1500,4,E_only,KDE(p=80),0.1229
Dengue,1.0,2000,0,E*rare,Wavelet(t=1.5),-0.0224
Dengue,1.0,2000,0,E*rare,FreqThresh(p=85),0.2503
Dengue,1.0,2000,0,E*rare,KDE(p=80),0.0962
Dengue,1.0,2000,0,P*E*rare,Wavelet(t=1.5),-0.009
Dengue,1.0,2000,0,P*E*rare,FreqThresh(p=85),0.1776
Dengue,1.0,2000,0,P*E*rare,KDE(p=80),0.0284
Dengue,1.0,2000,0,P*E,Wavelet(t=1.5),0.2
Dengue,1.0,2000,0,P*E,FreqThresh(p=85),0.1155
Dengue,1.0,2000,0,P*E,KDE(p=80),0.1229
Dengue,1.0,2000,0,H-score,Wavelet(t=1.5),-0.0123
Dengue,1.0,2000,0,H-score,FreqThresh(p=85),0.1155
Dengue,1.0,2000,0,H-score,KDE(p=80),0.1466
Dengue,1.0,2000,0,E_only,Wavelet(t=1.5),0.0627
Dengue,1.0,2000,0,E_only,FreqThresh(p=85),0.1215
Dengue,1.0,2000,0,E_only,KDE(p=80),0.1466
Dengue,1.0,2000,1,E*rare,Wavelet(t=1.5),-0.0224
Dengue,1.0,2000,1,E*rare,FreqThresh(p=85),0.2503
Dengue,1.0,2000,1,E*rare,KDE(p=80),0.0962
Dengue,1.0,2000,1,P*E*rare,Wavelet(t=1.5),-0.009
Dengue,1.0,2000,1,P*E*rare,FreqThresh(p=85),0.1776
Dengue,1.0,2000,1,P*E*rare,KDE(p=80),0.0284
Dengue,1.0,2000,1,P*E,Wavelet(t=1.5),0.2
Dengue,1.0,2000,1,P*E,FreqThresh(p=85),0.1155
Dengue,1.0,2000,1,P*E,KDE(p=80),0.1229
Dengue,1.0,2000,1,H-score,Wavelet(t=1.5),-0.0123
Dengue,1.0,2000,1,H-score,FreqThresh(p=85),0.1155
Dengue,1.0,2000,1,H-score,KDE(p=80),0.1466
Dengue,1.0,2000,1,E_only,Wavelet(t=1.5),0.0627
Dengue,1.0,2000,1,E_only,FreqThresh(p=85),0.1215
Dengue,1.0,2000,1,E_only,KDE(p=80),0.1466
Dengue,1.0,2000,2,E*rare,Wavelet(t=1.5),-0.0224
Dengue,1.0,2000,2,E*rare,FreqThresh(p=85),0.2503
Dengue,1.0,2000,2,E*rare,KDE(p=80),0.0962
Dengue,1.0,2000,2,P*E*rare,Wavelet(t=1.5),-0.009
Dengue,1.0,2000,2,P*E*rare,FreqThresh(p=85),0.1776
Dengue,1.0,2000,2,P*E*rare,KDE(p=80),0.0284
Dengue,1.0,2000,2,P*E,Wavelet(t=1.5),0.2
Dengue,1.0,2000,2,P*E,FreqThresh(p=85),0.1155
Dengue,1.0,2000,2,P*E,KDE(p=80),0.1229
Dengue,1.0,2000,2,H-score,Wavelet(t=1.5),-0.0123
Dengue,1.0,2000,2,H-score,FreqThresh(p=85),0.1155
Dengue,1.0,2000,2,H-score,KDE(p=80),0.1466
Dengue,1.0,2000,2,E_only,Wavelet(t=1.5),0.0627
Dengue,1.0,2000,2,E_only,FreqThresh(p=85),0.1215
Dengue,1.0,2000,2,E_only,KDE(p=80),0.1466
Dengue,1.0,2000,3,E*rare,Wavelet(t=1.5),-0.0224
Dengue,1.0,2000,3,E*rare,FreqThresh(p=85),0.2503
Dengue,1.0,2000,3,E*rare,KDE(p=80),0.0962
Dengue,1.0,2000,3,P*E*rare,Wavelet(t=1.5),-0.009
Dengue,1.0,2000,3,P*E*rare,FreqThresh(p=85),0.1776
Dengue,1.0,2000,3,P*E*rare,KDE(p=80),0.0284
Dengue,1.0,2000,3,P*E,Wavelet(t=1.5),0.2
Dengue,1.0,2000,3,P*E,FreqThresh(p=85),0.1155
Dengue,1.0,2000,3,P*E,KDE(p=80),0.1229
Dengue,1.0,2000,3,H-score,Wavelet(t=1.5),-0.0123
Dengue,1.0,2000,3,H-score,FreqThresh(p=85),0.1155
Dengue,1.0,2000,3,H-score,KDE(p=80),0.1466
Dengue,1.0,2000,3,E_only,Wavelet(t=1.5),0.0627
Dengue,1.0,2000,3,E_only,FreqThresh(p=85),0.1215
Dengue,1.0,2000,3,E_only,KDE(p=80),0.1466
Dengue,1.0,2000,4,E*rare,Wavelet(t=1.5),-0.0224
Dengue,1.0,2000,4,E*rare,FreqThresh(p=85),0.2503
Dengue,1.0,2000,4,E*rare,KDE(p=80),0.0962
Dengue,1.0,2000,4,P*E*rare,Wavelet(t=1.5),-0.009
Dengue,1.0,2000,4,P*E*rare,FreqThresh(p=85),0.1776
Dengue,1.0,2000,4,P*E*rare,KDE(p=80),0.0284
Dengue,1.0,2000,4,P*E,Wavelet(t=1.5),0.2
Dengue,1.0,2000,4,P*E,FreqThresh(p=85),0.1155
Dengue,1.0,2000,4,P*E,KDE(p=80),0.1229
Dengue,1.0,2000,4,H-score,Wavelet(t=1.5),-0.0123
Dengue,1.0,2000,4,H-score,FreqThresh(p=85),0.1155
Dengue,1.0,2000,4,H-score,KDE(p=80),0.1466
Dengue,1.0,2000,4,E_only,Wavelet(t=1.5),0.0627
Dengue,1.0,2000,4,E_only,FreqThresh(p=85),0.1215
Dengue,1.0,2000,4,E_only,KDE(p=80),0.1466
RSV,0.25,1267,0,E*rare,Wavelet(t=1.5),0.0018
RSV,0.25,1267,0,E*rare,FreqThresh(p=85),-0.0692
RSV,0.25,1267,0,E*rare,KDE(p=80),-0.0971
RSV,0.25,1267,0,P*E*rare,Wavelet(t=1.5),-0.0126
RSV,0.25,1267,0,P*E*rare,FreqThresh(p=85),-0.0046
RSV,0.25,1267,0,P*E*rare,KDE(p=80),-0.0971
RSV,0.25,1267,0,P*E,Wavelet(t=1.5),-0.0015
RSV,0.25,1267,0,P*E,FreqThresh(p=85),0.0582
RSV,0.25,1267,0,P*E,KDE(p=80),-0.0722
RSV,0.25,1267,0,H-score,Wavelet(t=1.5),-0.0342
RSV,0.25,1267,0,H-score,FreqThresh(p=85),0.0582
RSV,0.25,1267,0,H-score,"SWAN(w=10,k=1.5)",-0.0278
RSV,0.25,1267,0,H-score,KDE(p=80),-0.0971
RSV,0.25,1267,0,E_only,Wavelet(t=1.5),-0.0187
RSV,0.25,1267,0,E_only,FreqThresh(p=85),0.0582
RSV,0.25,1267,0,E_only,KDE(p=80),-0.0971
RSV,0.25,1267,1,E*rare,Wavelet(t=1.5),-0.0927
RSV,0.25,1267,1,E*rare,FreqThresh(p=85),-0.0187
RSV,0.25,1267,1,E*rare,KDE(p=80),-0.0971
RSV,0.25,1267,1,P*E*rare,Wavelet(t=1.5),-0.0938
RSV,0.25,1267,1,P*E*rare,FreqThresh(p=85),0.0582
RSV,0.25,1267,1,P*E*rare,KDE(p=80),-0.0971
RSV,0.25,1267,1,P*E,Wavelet(t=1.5),-0.0342
RSV,0.25,1267,1,P*E,FreqThresh(p=85),0.0582
RSV,0.25,1267,1,P*E,KDE(p=80),-0.0971
RSV,0.25,1267,1,H-score,Wavelet(t=1.5),-0.0293
RSV,0.25,1267,1,H-score,FreqThresh(p=85),0.0582
RSV,0.25,1267,1,H-score,KDE(p=80),-0.0971
RSV,0.25,1267,1,E_only,Wavelet(t=1.5),-0.0197
RSV,0.25,1267,1,E_only,FreqThresh(p=85),0.0582
RSV,0.25,1267,1,E_only,KDE(p=80),-0.0971
RSV,0.25,1267,2,E*rare,Wavelet(t=1.5),-0.0724
RSV,0.25,1267,2,E*rare,FreqThresh(p=85),-0.013
RSV,0.25,1267,2,E*rare,"SWAN(w=10,k=1.5)",-0.0325
RSV,0.25,1267,2,E*rare,KDE(p=80),-0.0971
RSV,0.25,1267,2,P*E*rare,Wavelet(t=1.5),-0.0754
RSV,0.25,1267,2,P*E*rare,FreqThresh(p=85),0.0582
RSV,0.25,1267,2,P*E*rare,"SWAN(w=10,k=1.5)",-0.0278
RSV,0.25,1267,2,P*E*rare,KDE(p=80),-0.0971
RSV,0.25,1267,2,P*E,Wavelet(t=1.5),0.0088
RSV,0.25,1267,2,P*E,FreqThresh(p=85),0.0582
RSV,0.25,1267,2,P*E,KDE(p=80),-0.0971
RSV,0.25,1267,2,H-score,Wavelet(t=1.5),-0.0301
RSV,0.25,1267,2,H-score,FreqThresh(p=85),0.0582
RSV,0.25,1267,2,H-score,"SWAN(w=10,k=1.5)",-0.0278
RSV,0.25,1267,2,H-score,KDE(p=80),-0.0971
RSV,0.25,1267,2,E_only,Wavelet(t=1.5),-0.0224
RSV,0.25,1267,2,E_only,FreqThresh(p=85),0.0582
RSV,0.25,1267,2,E_only,KDE(p=80),-0.0971
RSV,0.25,1267,3,E*rare,Wavelet(t=1.5),-0.0819
RSV,0.25,1267,3,E*rare,FreqThresh(p=85),-0.0078
RSV,0.25,1267,3,E*rare,KDE(p=80),-0.0971
RSV,0.25,1267,3,P*E*rare,Wavelet(t=1.5),-0.0831
RSV,0.25,1267,3,P*E*rare,FreqThresh(p=85),0.0536
RSV,0.25,1267,3,P*E*rare,KDE(p=80),-0.0971
RSV,0.25,1267,3,P*E,Wavelet(t=1.5),-0.025
RSV,0.25,1267,3,P*E,FreqThresh(p=85),0.0582
RSV,0.25,1267,3,P*E,KDE(p=80),-0.0971
RSV,0.25,1267,3,H-score,Wavelet(t=1.5),-0.0293
RSV,0.25,1267,3,H-score,FreqThresh(p=85),0.0582
RSV,0.25,1267,3,H-score,"SWAN(w=10,k=1.5)",-0.0278
RSV,0.25,1267,3,H-score,KDE(p=80),-0.0971
RSV,0.25,1267,3,E_only,Wavelet(t=1.5),-0.0242
RSV,0.25,1267,3,E_only,FreqThresh(p=85),0.0582
RSV,0.25,1267,3,E_only,KDE(p=80),-0.0971
RSV,0.25,1267,4,E*rare,Wavelet(t=1.5),-0.0206
RSV,0.25,1267,4,E*rare,FreqThresh(p=85),-0.012
RSV,0.25,1267,4,E*rare,KDE(p=80),-0.0971
RSV,0.25,1267,4,P*E*rare,Wavelet(t=1.5),-0.0268
RSV,0.25,1267,4,P*E*rare,FreqThresh(p=85),0.0582
RSV,0.25,1267,4,P*E*rare,KDE(p=80),-0.0971
RSV,0.25,1267,4,P*E,Wavelet(t=1.5),-0.0015
RSV,0.25,1267,4,P*E,FreqThresh(p=85),0.0582
RSV,0.25,1267,4,P*E,KDE(p=80),-0.096
RSV,0.25,1267,4,H-score,Wavelet(t=1.5),-0.035
RSV,0.25,1267,4,H-score,FreqThresh(p=85),0.0582
RSV,0.25,1267,4,H-score,"SWAN(w=10,k=1.5)",-0.0278
RSV,0.25,1267,4,H-score,KDE(p=80),-0.0971
RSV,0.25,1267,4,E_only,Wavelet(t=1.5),-0.0242
RSV,0.25,1267,4,E_only,FreqThresh(p=85),0.0582
RSV,0.25,1267,4,E_only,KDE(p=80),-0.0971
RSV,0.5,2535,0,E*rare,Wavelet(t=1.5),0.0348
RSV,0.5,2535,0,E*rare,FreqThresh(p=85),-0.0109
RSV,0.5,2535,0,E*rare,KDE(p=80),-0.0966
RSV,0.5,2535,0,P*E*rare,Wavelet(t=1.5),0.0289
RSV,0.5,2535,0,P*E*rare,FreqThresh(p=85),0.0582
RSV,0.5,2535,0,P*E*rare,KDE(p=80),-0.0971
RSV,0.5,2535,0,P*E,Wavelet(t=1.5),-0.0276
RSV,0.5,2535,0,P*E,FreqThresh(p=85),0.0582
RSV,0.5,2535,0,P*E,KDE(p=80),-0.0971
RSV,0.5,2535,0,H-score,Wavelet(t=1.5),-0.0301
RSV,0.5,2535,0,H-score,FreqThresh(p=85),0.0582
RSV,0.5,2535,0,H-score,KDE(p=80),-0.0971
RSV,0.5,2535,0,E_only,Wavelet(t=1.5),-0.0178
RSV,0.5,2535,0,E_only,FreqThresh(p=85),0.0582
RSV,0.5,2535,0,E_only,KDE(p=80),-0.0971
RSV,0.5,2535,1,E*rare,Wavelet(t=1.5),0.0181
RSV,0.5,2535,1,E*rare,FreqThresh(p=85),-0.0109
RSV,0.5,2535,1,E*rare,KDE(p=80),0.0243
RSV,0.5,2535,1,P*E*rare,Wavelet(t=1.5),-0.0126
RSV,0.5,2535,1,P*E*rare,FreqThresh(p=85),0.0536
RSV,0.5,2535,1,P*E*rare,KDE(p=80),0.0243
RSV,0.5,2535,1,P*E,Wavelet(t=1.5),-0.0276
RSV,0.5,2535,1,P*E,FreqThresh(p=85),0.0582
RSV,0.5,2535,1,P*E,KDE(p=80),-0.0971
RSV,0.5,2535,1,H-score,Wavelet(t=1.5),-0.0293
RSV,0.5,2535,1,H-score,FreqThresh(p=85),0.0582
RSV,0.5,2535,1,H-score,"SWAN(w=10,k=1.5)",-0.0264
RSV,0.5,2535,1,H-score,KDE(p=80),-0.0971
RSV,0.5,2535,1,E_only,Wavelet(t=1.5),-0.0197
RSV,0.5,2535,1,E_only,FreqThresh(p=85),0.0582
RSV,0.5,2535,1,E_only,KDE(p=80),-0.0971
RSV,0.5,2535,2,E*rare,Wavelet(t=1.5),0.0589
RSV,0.5,2535,2,E*rare,FreqThresh(p=85),-0.0109
RSV,0.5,2535,2,E*rare,KDE(p=80),-0.0971
RSV,0.5,2535,2,P*E*rare,Wavelet(t=1.5),0.0223
RSV,0.5,2535,2,P*E*rare,FreqThresh(p=85),0.0582
RSV,0.5,2535,2,P*E*rare,KDE(p=80),-0.0971
RSV,0.5,2535,2,P*E,Wavelet(t=1.5),0.013
RSV,0.5,2535,2,P*E,FreqThresh(p=85),0.0582
RSV,0.5,2535,2,P*E,KDE(p=80),-0.0971
RSV,0.5,2535,2,H-score,Wavelet(t=1.5),-0.0293
RSV,0.5,2535,2,H-score,FreqThresh(p=85),0.0582
RSV,0.5,2535,2,H-score,KDE(p=80),-0.096
RSV,0.5,2535,2,E_only,Wavelet(t=1.5),-0.0215
RSV,0.5,2535,2,E_only,FreqThresh(p=85),0.0582
RSV,0.5,2535,2,E_only,KDE(p=80),-0.0971
RSV,0.5,2535,3,E*rare,Wavelet(t=1.5),-0.0242
RSV,0.5,2535,3,E*rare,FreqThresh(p=85),-0.0109
RSV,0.5,2535,3,E*rare,"SWAN(w=10,k=1.5)",-0.0278
RSV,0.5,2535,3,E*rare,KDE(p=80),-0.0971
RSV,0.5,2535,3,P*E*rare,Wavelet(t=1.5),0.0312
RSV,0.5,2535,3,P*E*rare,FreqThresh(p=85),0.0582
RSV,0.5,2535,3,P*E*rare,"SWAN(w=10,k=1.5)",-0.0264
RSV,0.5,2535,3,P*E*rare,KDE(p=80),-0.0982
RSV,0.5,2535,3,P*E,Wavelet(t=1.5),-0.0005
RSV,0.5,2535,3,P*E,FreqThresh(p=85),0.0582
RSV,0.5,2535,3,P*E,KDE(p=80),-0.0728
RSV,0.5,2535,3,H-score,Wavelet(t=1.5),-0.0293
RSV,0.5,2535,3,H-score,FreqThresh(p=85),0.0582
RSV,0.5,2535,3,H-score,"SWAN(w=10,k=1.5)",-0.0278
RSV,0.5,2535,3,H-score,KDE(p=80),-0.096
RSV,0.5,2535,3,E_only,Wavelet(t=1.5),-0.0178
RSV,0.5,2535,3,E_only,FreqThresh(p=85),0.0582
RSV,0.5,2535,3,E_only,KDE(p=80),-0.0971
RSV,0.5,2535,4,E*rare,Wavelet(t=1.5),0.0099
RSV,0.5,2535,4,E*rare,FreqThresh(p=85),-0.0139
RSV,0.5,2535,4,E*rare,KDE(p=80),-0.0971
RSV,0.5,2535,4,P*E*rare,Wavelet(t=1.5),-0.009
RSV,0.5,2535,4,P*E*rare,FreqThresh(p=85),0.0582
RSV,0.5,2535,4,P*E*rare,KDE(p=80),-0.0971
RSV,0.5,2535,4,P*E,Wavelet(t=1.5),-0.0276
RSV,0.5,2535,4,P*E,FreqThresh(p=85),0.0582
RSV,0.5,2535,4,P*E,KDE(p=80),-0.0971
RSV,0.5,2535,4,H-score,Wavelet(t=1.5),-0.0301
RSV,0.5,2535,4,H-score,FreqThresh(p=85),0.0582
RSV,0.5,2535,4,H-score,KDE(p=80),-0.0971
RSV,0.5,2535,4,E_only,Wavelet(t=1.5),-0.0159
RSV,0.5,2535,4,E_only,FreqThresh(p=85),0.0582
RSV,0.5,2535,4,E_only,KDE(p=80),-0.0971
RSV,0.75,3802,0,E*rare,Wavelet(t=1.5),-0.0342
RSV,0.75,3802,0,E*rare,FreqThresh(p=85),-0.0109
RSV,0.75,3802,0,E*rare,KDE(p=80),-0.0971
RSV,0.75,3802,0,P*E*rare,Wavelet(t=1.5),-0.0405
RSV,0.75,3802,0,P*E*rare,FreqThresh(p=85),0.0582
RSV,0.75,3802,0,P*E*rare,KDE(p=80),-0.0971
RSV,0.75,3802,0,P*E,Wavelet(t=1.5),-0.0268
RSV,0.75,3802,0,P*E,FreqThresh(p=85),0.0582
RSV,0.75,3802,0,P*E,KDE(p=80),-0.0971
RSV,0.75,3802,0,H-score,Wavelet(t=1.5),-0.0293
RSV,0.75,3802,0,H-score,FreqThresh(p=85),0.0582
RSV,0.75,3802,0,H-score,"SWAN(w=10,k=1.5)",-0.0264
RSV,0.75,3802,0,H-score,KDE(p=80),-0.0971
RSV,0.75,3802,0,E_only,Wavelet(t=1.5),-0.0197
RSV,0.75,3802,0,E_only,FreqThresh(p=85),0.0582
RSV,0.75,3802,0,E_only,KDE(p=80),-0.0971
RSV,0.75,3802,1,E*rare,Wavelet(t=1.5),-0.0899
RSV,0.75,3802,1,E*rare,FreqThresh(p=85),-0.0109
RSV,0.75,3802,1,E*rare,KDE(p=80),-0.0971
RSV,0.75,3802,1,P*E*rare,Wavelet(t=1.5),-0.0982
RSV,0.75,3802,1,P*E*rare,FreqThresh(p=85),0.0582
RSV,0.75,3802,1,P*E*rare,KDE(p=80),-0.0971
RSV,0.75,3802,1,P*E,Wavelet(t=1.5),0.0191
RSV,0.75,3802,1,P*E,FreqThresh(p=85),0.0582
RSV,0.75,3802,1,P*E,KDE(p=80),-0.0971
RSV,0.75,3802,1,H-score,Wavelet(t=1.5),-0.0293
RSV,0.75,3802,1,H-score,FreqThresh(p=85),0.0582
RSV,0.75,3802,1,H-score,KDE(p=80),-0.0971
RSV,0.75,3802,1,E_only,Wavelet(t=1.5),-0.0197
RSV,0.75,3802,1,E_only,FreqThresh(p=85),0.0582
RSV,0.75,3802,1,E_only,KDE(p=80),-0.0971
RSV,0.75,3802,2,E*rare,Wavelet(t=1.5),-0.0813
RSV,0.75,3802,2,E*rare,FreqThresh(p=85),-0.0067
RSV,0.75,3802,2,E*rare,KDE(p=80),-0.0971
RSV,0.75,3802,2,P*E*rare,Wavelet(t=1.5),-0.0865
RSV,0.75,3802,2,P*E*rare,FreqThresh(p=85),0.0582
RSV,0.75,3802,2,P*E*rare,KDE(p=80),-0.0971
RSV,0.75,3802,2,P*E,Wavelet(t=1.5),-0.0301
RSV,0.75,3802,2,P*E,FreqThresh(p=85),0.0582
RSV,0.75,3802,2,P*E,KDE(p=80),-0.096
RSV,0.75,3802,2,H-score,Wavelet(t=1.5),-0.0301
RSV,0.75,3802,2,H-score,FreqThresh(p=85),0.0582
RSV,0.75,3802,2,H-score,KDE(p=80),-0.0971
RSV,0.75,3802,2,E_only,Wavelet(t=1.5),-0.0178
RSV,0.75,3802,2,E_only,FreqThresh(p=85),0.0582
RSV,0.75,3802,2,E_only,KDE(p=80),-0.0971
RSV,0.75,3802,3,E*rare,Wavelet(t=1.5),-0.0899
RSV,0.75,3802,3,E*rare,FreqThresh(p=85),-0.0159
RSV,0.75,3802,3,E*rare,KDE(p=80),-0.0971
RSV,0.75,3802,3,P*E*rare,Wavelet(t=1.5),-0.0888
RSV,0.75,3802,3,P*E*rare,FreqThresh(p=85),0.0582
RSV,0.75,3802,3,P*E*rare,KDE(p=80),-0.0971
RSV,0.75,3802,3,P*E,Wavelet(t=1.5),-0.0053
RSV,0.75,3802,3,P*E,FreqThresh(p=85),0.0582
RSV,0.75,3802,3,P*E,KDE(p=80),-0.0971
RSV,0.75,3802,3,H-score,Wavelet(t=1.5),-0.031
RSV,0.75,3802,3,H-score,FreqThresh(p=85),0.0582
RSV,0.75,3802,3,H-score,KDE(p=80),-0.0971
RSV,0.75,3802,3,E_only,Wavelet(t=1.5),-0.0178
RSV,0.75,3802,3,E_only,FreqThresh(p=85),0.0582
RSV,0.75,3802,3,E_only,KDE(p=80),-0.0971
RSV,0.75,3802,4,E*rare,Wavelet(t=1.5),0.0181
RSV,0.75,3802,4,E*rare,FreqThresh(p=85),-0.0109
RSV,0.75,3802,4,E*rare,KDE(p=80),-0.0966
RSV,0.75,3802,4,P*E*rare,Wavelet(t=1.5),0.0375
RSV,0.75,3802,4,P*E*rare,FreqThresh(p=85),0.0582
RSV,0.75,3802,4,P*E*rare,KDE(p=80),-0.0971
RSV,0.75,3802,4,P*E,Wavelet(t=1.5),-0.0034
RSV,0.75,3802,4,P*E,FreqThresh(p=85),0.0582
RSV,0.75,3802,4,P*E,KDE(p=80),-0.0971
RSV,0.75,3802,4,H-score,Wavelet(t=1.5),-0.0301
RSV,0.75,3802,4,H-score,FreqThresh(p=85),0.0582
RSV,0.75,3802,4,H-score,KDE(p=80),-0.096
RSV,0.75,3802,4,E_only,Wavelet(t=1.5),-0.0197
RSV,0.75,3802,4,E_only,FreqThresh(p=85),0.0582
RSV,0.75,3802,4,E_only,KDE(p=80),-0.0971
RSV,1.0,5070,0,E*rare,Wavelet(t=1.5),-0.009
RSV,1.0,5070,0,E*rare,FreqThresh(p=85),-0.0109
RSV,1.0,5070,0,E*rare,KDE(p=80),-0.0971
RSV,1.0,5070,0,P*E*rare,Wavelet(t=1.5),-0.0152
RSV,1.0,5070,0,P*E*rare,FreqThresh(p=85),0.0582
RSV,1.0,5070,0,P*E*rare,KDE(p=80),-0.0971
RSV,1.0,5070,0,P*E,Wavelet(t=1.5),-0.0293
RSV,1.0,5070,0,P*E,FreqThresh(p=85),0.0582
RSV,1.0,5070,0,P*E,KDE(p=80),-0.096
RSV,1.0,5070,0,H-score,Wavelet(t=1.5),-0.0293
RSV,1.0,5070,0,H-score,FreqThresh(p=85),0.0582
RSV,1.0,5070,0,H-score,KDE(p=80),-0.0971
RSV,1.0,5070,0,E_only,Wavelet(t=1.5),-0.0197
RSV,1.0,5070,0,E_only,FreqThresh(p=85),0.0582
RSV,1.0,5070,0,E_only,KDE(p=80),-0.0971
RSV,1.0,5070,1,E*rare,Wavelet(t=1.5),-0.009
RSV,1.0,5070,1,E*rare,FreqThresh(p=85),-0.0109
RSV,1.0,5070,1,E*rare,KDE(p=80),-0.0971
RSV,1.0,5070,1,P*E*rare,Wavelet(t=1.5),-0.0152
RSV,1.0,5070,1,P*E*rare,FreqThresh(p=85),0.0582
RSV,1.0,5070,1,P*E*rare,KDE(p=80),-0.0971
RSV,1.0,5070,1,P*E,Wavelet(t=1.5),-0.0293
RSV,1.0,5070,1,P*E,FreqThresh(p=85),0.0582
RSV,1.0,5070,1,P*E,KDE(p=80),-0.096
RSV,1.0,5070,1,H-score,Wavelet(t=1.5),-0.0293
RSV,1.0,5070,1,H-score,FreqThresh(p=85),0.0582
RSV,1.0,5070,1,H-score,KDE(p=80),-0.0971
RSV,1.0,5070,1,E_only,Wavelet(t=1.5),-0.0197
RSV,1.0,5070,1,E_only,FreqThresh(p=85),0.0582
RSV,1.0,5070,1,E_only,KDE(p=80),-0.0971
RSV,1.0,5070,2,E*rare,Wavelet(t=1.5),-0.009
RSV,1.0,5070,2,E*rare,FreqThresh(p=85),-0.0109
RSV,1.0,5070,2,E*rare,KDE(p=80),-0.0971
RSV,1.0,5070,2,P*E*rare,Wavelet(t=1.5),-0.0152
RSV,1.0,5070,2,P*E*rare,FreqThresh(p=85),0.0582
RSV,1.0,5070,2,P*E*rare,KDE(p=80),-0.0971
RSV,1.0,5070,2,P*E,Wavelet(t=1.5),-0.0293
RSV,1.0,5070,2,P*E,FreqThresh(p=85),0.0582
RSV,1.0,5070,2,P*E,KDE(p=80),-0.096
RSV,1.0,5070,2,H-score,Wavelet(t=1.5),-0.0293
RSV,1.0,5070,2,H-score,FreqThresh(p=85),0.0582
RSV,1.0,5070,2,H-score,KDE(p=80),-0.0971
RSV,1.0,5070,2,E_only,Wavelet(t=1.5),-0.0197
RSV,1.0,5070,2,E_only,FreqThresh(p=85),0.0582
RSV,1.0,5070,2,E_only,KDE(p=80),-0.0971
RSV,1.0,5070,3,E*rare,Wavelet(t=1.5),-0.009
RSV,1.0,5070,3,E*rare,FreqThresh(p=85),-0.0109
RSV,1.0,5070,3,E*rare,KDE(p=80),-0.0971
RSV,1.0,5070,3,P*E*rare,Wavelet(t=1.5),-0.0152
RSV,1.0,5070,3,P*E*rare,FreqThresh(p=85),0.0582
RSV,1.0,5070,3,P*E*rare,KDE(p=80),-0.0971
RSV,1.0,5070,3,P*E,Wavelet(t=1.5),-0.0293
RSV,1.0,5070,3,P*E,FreqThresh(p=85),0.0582
RSV,1.0,5070,3,P*E,KDE(p=80),-0.096
RSV,1.0,5070,3,H-score,Wavelet(t=1.5),-0.0293
RSV,1.0,5070,3,H-score,FreqThresh(p=85),0.0582
RSV,1.0,5070,3,H-score,KDE(p=80),-0.0971
RSV,1.0,5070,3,E_only,Wavelet(t=1.5),-0.0197
RSV,1.0,5070,3,E_only,FreqThresh(p=85),0.0582
RSV,1.0,5070,3,E_only,KDE(p=80),-0.0971
RSV,1.0,5070,4,E*rare,Wavelet(t=1.5),-0.009
RSV,1.0,5070,4,E*rare,FreqThresh(p=85),-0.0109
RSV,1.0,5070,4,E*rare,KDE(p=80),-0.0971
RSV,1.0,5070,4,P*E*rare,Wavelet(t=1.5),-0.0152
RSV,1.0,5070,4,P*E*rare,FreqThresh(p=85),0.0582
RSV,1.0,5070,4,P*E*rare,KDE(p=80),-0.0971
RSV,1.0,5070,4,P*E,Wavelet(t=1.5),-0.0293
RSV,1.0,5070,4,P*E,FreqThresh(p=85),0.0582
RSV,1.0,5070,4,P*E,KDE(p=80),-0.096
RSV,1.0,5070,4,H-score,Wavelet(t=1.5),-0.0293
RSV,1.0,5070,4,H-score,FreqThresh(p=85),0.0582
RSV,1.0,5070,4,H-score,KDE(p=80),-0.0971
RSV,1.0,5070,4,E_only,Wavelet(t=1.5),-0.0197
RSV,1.0,5070,4,E_only,FreqThresh(p=85),0.0582
RSV,1.0,5070,4,E_only,KDE(p=80),-0.0971
Influenza_B,0.25,1331,0,E*rare,Wavelet(t=1.5),0.2491
Influenza_B,0.25,1331,0,E*rare,FreqThresh(p=85),-0.0411
Influenza_B,0.25,1331,0,E*rare,KDE(p=80),-0.0104
Influenza_B,0.25,1331,0,P*E*rare,Wavelet(t=1.5),0.136
Influenza_B,0.25,1331,0,P*E*rare,FreqThresh(p=85),0.0221
Influenza_B,0.25,1331,0,P*E*rare,KDE(p=80),-0.0104
Influenza_B,0.25,1331,0,P*E,Wavelet(t=1.5),0.336
Influenza_B,0.25,1331,0,P*E,FreqThresh(p=85),0.0103
Influenza_B,0.25,1331,0,P*E,KDE(p=80),-0.0624
Influenza_B,0.25,1331,0,H-score,Wavelet(t=1.5),0.3406
Influenza_B,0.25,1331,0,H-score,FreqThresh(p=85),0.0103
Influenza_B,0.25,1331,0,H-score,KDE(p=80),-0.0885
Influenza_B,0.25,1331,0,E_only,Wavelet(t=1.5),0.3279
Influenza_B,0.25,1331,0,E_only,FreqThresh(p=85),0.0103
Influenza_B,0.25,1331,0,E_only,KDE(p=80),-0.0364
Influenza_B,0.25,1331,1,E*rare,Wavelet(t=1.5),0.2755
Influenza_B,0.25,1331,1,E*rare,FreqThresh(p=85),0.0491
Influenza_B,0.25,1331,1,E*rare,"SWAN(w=10,k=1.5)",-0.0283
Influenza_B,0.25,1331,1,E*rare,KDE(p=80),-0.0104
Influenza_B,0.25,1331,1,P*E*rare,Wavelet(t=1.5),0.1622
Influenza_B,0.25,1331,1,P*E*rare,FreqThresh(p=85),-0.039
Influenza_B,0.25,1331,1,P*E*rare,"SWAN(w=10,k=1.5)",-0.0262
Influenza_B,0.25,1331,1,P*E*rare,KDE(p=80),-0.0104
Influenza_B,0.25,1331,1,P*E,Wavelet(t=1.5),0.336
Influenza_B,0.25,1331,1,P*E,FreqThresh(p=85),-0.0458
Influenza_B,0.25,1331,1,P*E,KDE(p=80),-0.0624
Influenza_B,0.25,1331,1,H-score,Wavelet(t=1.5),0.3406
Influenza_B,0.25,1331,1,H-score,FreqThresh(p=85),-0.0458
Influenza_B,0.25,1331,1,H-score,KDE(p=80),-0.0885
Influenza_B,0.25,1331,1,E_only,Wavelet(t=1.5),0.3279
Influenza_B,0.25,1331,1,E_only,FreqThresh(p=85),-0.0438
Influenza_B,0.25,1331,1,E_only,KDE(p=80),-0.0624
Influenza_B,0.25,1331,2,E*rare,Wavelet(t=1.5),0.2401
Influenza_B,0.25,1331,2,E*rare,FreqThresh(p=85),0.0287
Influenza_B,0.25,1331,2,E*rare,KDE(p=80),-0.0104
Influenza_B,0.25,1331,2,P*E*rare,Wavelet(t=1.5),0.0729
Influenza_B,0.25,1331,2,P*E*rare,FreqThresh(p=85),0.0232
Influenza_B,0.25,1331,2,P*E*rare,KDE(p=80),-0.0104
Influenza_B,0.25,1331,2,P*E,Wavelet(t=1.5),0.3251
Influenza_B,0.25,1331,2,P*E,FreqThresh(p=85),0.0094
Influenza_B,0.25,1331,2,P*E,KDE(p=80),-0.0624
Influenza_B,0.25,1331,2,H-score,Wavelet(t=1.5),0.3424
Influenza_B,0.25,1331,2,H-score,FreqThresh(p=85),0.0094
Influenza_B,0.25,1331,2,H-score,KDE(p=80),-0.0885
Influenza_B,0.25,1331,2,E_only,Wavelet(t=1.5),0.3579
Influenza_B,0.25,1331,2,E_only,FreqThresh(p=85),0.0049
Influenza_B,0.25,1331,2,E_only,KDE(p=80),-0.0624
Influenza_B,0.25,1331,3,E*rare,Wavelet(t=1.5),0.1233
Influenza_B,0.25,1331,3,E*rare,FreqThresh(p=85),0.0242
Influenza_B,0.25,1331,3,E*rare,KDE(p=80),-0.0104
Influenza_B,0.25,1331,3,P*E*rare,Wavelet(t=1.5),0.0952
Influenza_B,0.25,1331,3,P*E*rare,FreqThresh(p=85),0.0232
Influenza_B,0.25,1331,3,P*E*rare,KDE(p=80),-0.0104
Influenza_B,0.25,1331,3,P*E,Wavelet(t=1.5),0.3251
Influenza_B,0.25,1331,3,P*E,FreqThresh(p=85),0.0067
Influenza_B,0.25,1331,3,P*E,KDE(p=80),-0.0624
Influenza_B,0.25,1331,3,H-score,Wavelet(t=1.5),0.3424
Influenza_B,0.25,1331,3,H-score,FreqThresh(p=85),0.0067
Influenza_B,0.25,1331,3,H-score,KDE(p=80),-0.0885
Influenza_B,0.25,1331,3,E_only,Wavelet(t=1.5),0.3298
Influenza_B,0.25,1331,3,E_only,FreqThresh(p=85),0.0067
Influenza_B,0.25,1331,3,E_only,KDE(p=80),-0.0364
Influenza_B,0.25,1331,4,E*rare,Wavelet(t=1.5),0.2083
Influenza_B,0.25,1331,4,E*rare,FreqThresh(p=85),-0.0452
Influenza_B,0.25,1331,4,E*rare,KDE(p=80),-0.0104
Influenza_B,0.25,1331,4,P*E*rare,Wavelet(t=1.5),0.1493
Influenza_B,0.25,1331,4,P*E*rare,FreqThresh(p=85),-0.0418
Influenza_B,0.25,1331,4,P*E*rare,KDE(p=80),-0.0104
Influenza_B,0.25,1331,4,P*E,Wavelet(t=1.5),0.3338
Influenza_B,0.25,1331,4,P*E,FreqThresh(p=85),-0.0504
Influenza_B,0.25,1331,4,P*E,KDE(p=80),-0.0624
Influenza_B,0.25,1331,4,H-score,Wavelet(t=1.5),0.3406
Influenza_B,0.25,1331,4,H-score,FreqThresh(p=85),-0.0504
Influenza_B,0.25,1331,4,H-score,KDE(p=80),-0.0885
Influenza_B,0.25,1331,4,E_only,Wavelet(t=1.5),0.326
Influenza_B,0.25,1331,4,E_only,FreqThresh(p=85),-0.0472
Influenza_B,0.25,1331,4,E_only,KDE(p=80),-0.0364
Influenza_B,0.5,2662,0,E*rare,Wavelet(t=1.5),0.2454
Influenza_B,0.5,2662,0,E*rare,FreqThresh(p=85),-0.0425
Influenza_B,0.5,2662,0,E*rare,"SWAN(w=10,k=1.5)",-0.025
Influenza_B,0.5,2662,0,E*rare,KDE(p=80),-0.0104
Influenza_B,0.5,2662,0,P*E*rare,Wavelet(t=1.5),0.188
Influenza_B,0.5,2662,0,P*E*rare,FreqThresh(p=85),-0.0432
Influenza_B,0.5,2662,0,P*E*rare,KDE(p=80),-0.0104
Influenza_B,0.5,2662,0,P*E,Wavelet(t=1.5),0.336
Influenza_B,0.5,2662,0,P*E,FreqThresh(p=85),-0.0465
Influenza_B,0.5,2662,0,P*E,KDE(p=80),-0.0624
Influenza_B,0.5,2662,0,H-score,Wavelet(t=1.5),0.3406
Influenza_B,0.5,2662,0,H-score,FreqThresh(p=85),-0.0465
Influenza_B,0.5,2662,0,H-score,KDE(p=80),-0.0885
Influenza_B,0.5,2662,0,E_only,Wavelet(t=1.5),0.3317
Influenza_B,0.5,2662,0,E_only,FreqThresh(p=85),-0.0458
Influenza_B,0.5,2662,0,E_only,KDE(p=80),-0.0624
Influenza_B,0.5,2662,1,E*rare,Wavelet(t=1.5),0.2037
Influenza_B,0.5,2662,1,E*rare,FreqThresh(p=85),0.0434
Influenza_B,0.5,2662,1,E*rare,KDE(p=80),-0.0112
Influenza_B,0.5,2662,1,P*E*rare,Wavelet(t=1.5),0.1376
Influenza_B,0.5,2662,1,P*E*rare,FreqThresh(p=85),-0.0397
Influenza_B,0.5,2662,1,P*E*rare,KDE(p=80),-0.0104
Influenza_B,0.5,2662,1,P*E,Wavelet(t=1.5),0.336
Influenza_B,0.5,2662,1,P*E,FreqThresh(p=85),-0.0484
Influenza_B,0.5,2662,1,P*E,KDE(p=80),-0.0624
Influenza_B,0.5,2662,1,H-score,Wavelet(t=1.5),0.3424
Influenza_B,0.5,2662,1,H-score,FreqThresh(p=85),-0.0484
Influenza_B,0.5,2662,1,H-score,KDE(p=80),-0.0885
Influenza_B,0.5,2662,1,E_only,Wavelet(t=1.5),0.326
Influenza_B,0.5,2662,1,E_only,FreqThresh(p=85),-0.0445
Influenza_B,0.5,2662,1,E_only,KDE(p=80),-0.0364
Influenza_B,0.5,2662,2,E*rare,Wavelet(t=1.5),0.1908
Influenza_B,0.5,2662,2,E*rare,FreqThresh(p=85),-0.0369
Influenza_B,0.5,2662,2,E*rare,KDE(p=80),-0.0104
Influenza_B,0.5,2662,2,P*E*rare,Wavelet(t=1.5),0.1493
Influenza_B,0.5,2662,2,P*E*rare,FreqThresh(p=85),-0.0354
Influenza_B,0.5,2662,2,P*E*rare,KDE(p=80),-0.0097
Influenza_B,0.5,2662,2,P*E,Wavelet(t=1.5),0.3273
Influenza_B,0.5,2662,2,P*E,FreqThresh(p=85),-0.0445
Influenza_B,0.5,2662,2,P*E,KDE(p=80),-0.0624
Influenza_B,0.5,2662,2,H-score,Wavelet(t=1.5),0.3406
Influenza_B,0.5,2662,2,H-score,FreqThresh(p=85),-0.0445
Influenza_B,0.5,2662,2,H-score,KDE(p=80),-0.0885
Influenza_B,0.5,2662,2,E_only,Wavelet(t=1.5),0.3336
Influenza_B,0.5,2662,2,E_only,FreqThresh(p=85),-0.0452
Influenza_B,0.5,2662,2,E_only,KDE(p=80),-0.0624
Influenza_B,0.5,2662,3,E*rare,Wavelet(t=1.5),0.2454
Influenza_B,0.5,2662,3,E*rare,FreqThresh(p=85),0.0287
Influenza_B,0.5,2662,3,E*rare,"SWAN(w=10,k=1.5)",-0.025
Influenza_B,0.5,2662,3,E*rare,KDE(p=80),-0.0104
Influenza_B,0.5,2662,3,P*E*rare,Wavelet(t=1.5),0.1409
Influenza_B,0.5,2662,3,P*E*rare,FreqThresh(p=85),0.0322
Influenza_B,0.5,2662,3,P*E*rare,KDE(p=80),-0.0104
Influenza_B,0.5,2662,3,P*E,Wavelet(t=1.5),0.336
Influenza_B,0.5,2662,3,P*E,FreqThresh(p=85),0.0103
Influenza_B,0.5,2662,3,P*E,KDE(p=80),-0.0364
Influenza_B,0.5,2662,3,H-score,Wavelet(t=1.5),0.3424
Influenza_B,0.5,2662,3,H-score,FreqThresh(p=85),0.0103
Influenza_B,0.5,2662,3,H-score,KDE(p=80),-0.0624
Influenza_B,0.5,2662,3,E_only,Wavelet(t=1.5),0.3336
Influenza_B,0.5,2662,3,E_only,FreqThresh(p=85),0.0094
Influenza_B,0.5,2662,3,E_only,KDE(p=80),-0.0624
Influenza_B,0.5,2662,4,E*rare,Wavelet(t=1.5),0.2418
Influenza_B,0.5,2662,4,E*rare,FreqThresh(p=85),-0.0445
Influenza_B,0.5,2662,4,E*rare,KDE(p=80),-0.0104
Influenza_B,0.5,2662,4,P*E*rare,Wavelet(t=1.5),0.2078
Influenza_B,0.5,2662,4,P*E*rare,FreqThresh(p=85),-0.0432
Influenza_B,0.5,2662,4,P*E*rare,KDE(p=80),-0.0104
Influenza_B,0.5,2662,4,P*E,Wavelet(t=1.5),0.336
Influenza_B,0.5,2662,4,P*E,FreqThresh(p=85),-0.0484
Influenza_B,0.5,2662,4,P*E,KDE(p=80),-0.0624
Influenza_B,0.5,2662,4,H-score,Wavelet(t=1.5),0.3406
Influenza_B,0.5,2662,4,H-score,FreqThresh(p=85),-0.0484
Influenza_B,0.5,2662,4,H-score,KDE(p=80),-0.0885
Influenza_B,0.5,2662,4,E_only,Wavelet(t=1.5),0.3336
Influenza_B,0.5,2662,4,E_only,FreqThresh(p=85),-0.0445
Influenza_B,0.5,2662,4,E_only,KDE(p=80),-0.0885
Influenza_B,0.75,3993,0,E*rare,Wavelet(t=1.5),0.2436
Influenza_B,0.75,3993,0,E*rare,FreqThresh(p=85),-0.0404
Influenza_B,0.75,3993,0,E*rare,KDE(p=80),-0.0104
Influenza_B,0.75,3993,0,P*E*rare,Wavelet(t=1.5),0.1862
Influenza_B,0.75,3993,0,P*E*rare,FreqThresh(p=85),-0.0361
Influenza_B,0.75,3993,0,P*E*rare,KDE(p=80),-0.0104
Influenza_B,0.75,3993,0,P*E,Wavelet(t=1.5),0.3338
Influenza_B,0.75,3993,0,P*E,FreqThresh(p=85),-0.0458
Influenza_B,0.75,3993,0,P*E,KDE(p=80),-0.0624
Influenza_B,0.75,3993,0,H-score,Wavelet(t=1.5),0.3424
Influenza_B,0.75,3993,0,H-score,FreqThresh(p=85),-0.0458
Influenza_B,0.75,3993,0,H-score,KDE(p=80),-0.0885
Influenza_B,0.75,3993,0,E_only,Wavelet(t=1.5),0.3279
Influenza_B,0.75,3993,0,E_only,FreqThresh(p=85),-0.0458
Influenza_B,0.75,3993,0,E_only,KDE(p=80),-0.0364
Influenza_B,0.75,3993,1,E*rare,Wavelet(t=1.5),0.1712
Influenza_B,0.75,3993,1,E*rare,FreqThresh(p=85),0.0434
Influenza_B,0.75,3993,1,E*rare,KDE(p=80),-0.0104
Influenza_B,0.75,3993,1,P*E*rare,Wavelet(t=1.5),0.1957
Influenza_B,0.75,3993,1,P*E*rare,FreqThresh(p=85),-0.039
Influenza_B,0.75,3993,1,P*E*rare,KDE(p=80),-0.0104
Influenza_B,0.75,3993,1,P*E,Wavelet(t=1.5),0.336
Influenza_B,0.75,3993,1,P*E,FreqThresh(p=85),-0.0458
Influenza_B,0.75,3993,1,P*E,KDE(p=80),-0.0624
Influenza_B,0.75,3993,1,H-score,Wavelet(t=1.5),0.3424
Influenza_B,0.75,3993,1,H-score,FreqThresh(p=85),-0.0458
Influenza_B,0.75,3993,1,H-score,KDE(p=80),-0.0885
Influenza_B,0.75,3993,1,E_only,Wavelet(t=1.5),0.326
Influenza_B,0.75,3993,1,E_only,FreqThresh(p=85),-0.0458
Influenza_B,0.75,3993,1,E_only,KDE(p=80),-0.0364
Influenza_B,0.75,3993,2,E*rare,Wavelet(t=1.5),0.1808
Influenza_B,0.75,3993,2,E*rare,FreqThresh(p=85),-0.0445
Influenza_B,0.75,3993,2,E*rare,KDE(p=80),-0.0104
Influenza_B,0.75,3993,2,P*E*rare,Wavelet(t=1.5),0.2324
Influenza_B,0.75,3993,2,P*E*rare,FreqThresh(p=85),-0.0418
Influenza_B,0.75,3993,2,P*E*rare,KDE(p=80),-0.0104
Influenza_B,0.75,3993,2,P*E,Wavelet(t=1.5),0.336
Influenza_B,0.75,3993,2,P*E,FreqThresh(p=85),-0.0452
Influenza_B,0.75,3993,2,P*E,KDE(p=80),-0.0624
Influenza_B,0.75,3993,2,H-score,Wavelet(t=1.5),0.3406
Influenza_B,0.75,3993,2,H-score,FreqThresh(p=85),-0.0452
Influenza_B,0.75,3993,2,H-score,KDE(p=80),-0.0885
Influenza_B,0.75,3993,2,E_only,Wavelet(t=1.5),0.3298
Influenza_B,0.75,3993,2,E_only,FreqThresh(p=85),0.0103
Influenza_B,0.75,3993,2,E_only,KDE(p=80),-0.0624
Influenza_B,0.75,3993,3,E*rare,Wavelet(t=1.5),0.1622
Influenza_B,0.75,3993,3,E*rare,FreqThresh(p=85),0.0434
Influenza_B,0.75,3993,3,E*rare,KDE(p=80),-0.0112
Influenza_B,0.75,3993,3,P*E*rare,Wavelet(t=1.5),0.2338
Influenza_B,0.75,3993,3,P*E*rare,FreqThresh(p=85),-0.0369
Influenza_B,0.75,3993,3,P*E*rare,KDE(p=80),-0.0104
Influenza_B,0.75,3993,3,P*E,Wavelet(t=1.5),0.3429
Influenza_B,0.75,3993,3,P*E,FreqThresh(p=85),-0.0458
Influenza_B,0.75,3993,3,P*E,KDE(p=80),-0.0624
Influenza_B,0.75,3993,3,H-score,Wavelet(t=1.5),0.3424
Influenza_B,0.75,3993,3,H-score,FreqThresh(p=85),-0.0458
Influenza_B,0.75,3993,3,H-score,KDE(p=80),-0.0885
Influenza_B,0.75,3993,3,E_only,Wavelet(t=1.5),0.3279
Influenza_B,0.75,3993,3,E_only,FreqThresh(p=85),-0.0458
Influenza_B,0.75,3993,3,E_only,KDE(p=80),-0.0364
Influenza_B,0.75,3993,4,E*rare,Wavelet(t=1.5),0.1924
Influenza_B,0.75,3993,4,E*rare,FreqThresh(p=85),0.0445
Influenza_B,0.75,3993,4,E*rare,KDE(p=80),-0.0104
Influenza_B,0.75,3993,4,P*E*rare,Wavelet(t=1.5),0.1409
Influenza_B,0.75,3993,4,P*E*rare,FreqThresh(p=85),-0.0361
Influenza_B,0.75,3993,4,P*E*rare,KDE(p=80),-0.0104
Influenza_B,0.75,3993,4,P*E,Wavelet(t=1.5),0.3294
Influenza_B,0.75,3993,4,P*E,FreqThresh(p=85),-0.0472
Influenza_B,0.75,3993,4,P*E,KDE(p=80),-0.0624
Influenza_B,0.75,3993,4,H-score,Wavelet(t=1.5),0.3406
Influenza_B,0.75,3993,4,H-score,FreqThresh(p=85),-0.0472
Influenza_B,0.75,3993,4,H-score,KDE(p=80),-0.0885
Influenza_B,0.75,3993,4,E_only,Wavelet(t=1.5),0.3336
Influenza_B,0.75,3993,4,E_only,FreqThresh(p=85),0.0094
Influenza_B,0.75,3993,4,E_only,KDE(p=80),-0.0624
Influenza_B,1.0,5325,0,E*rare,Wavelet(t=1.5),0.2317
Influenza_B,1.0,5325,0,E*rare,FreqThresh(p=85),-0.0458
Influenza_B,1.0,5325,0,E*rare,KDE(p=80),-0.0104
Influenza_B,1.0,5325,0,P*E*rare,Wavelet(t=1.5),0.1572
Influenza_B,1.0,5325,0,P*E*rare,FreqThresh(p=85),-0.0432
Influenza_B,1.0,5325,0,P*E*rare,KDE(p=80),-0.0104
Influenza_B,1.0,5325,0,P*E,Wavelet(t=1.5),0.3294
Influenza_B,1.0,5325,0,P*E,FreqThresh(p=85),-0.0458
Influenza_B,1.0,5325,0,P*E,KDE(p=80),-0.0624
Influenza_B,1.0,5325,0,H-score,Wavelet(t=1.5),0.3424
Influenza_B,1.0,5325,0,H-score,FreqThresh(p=85),-0.0458
Influenza_B,1.0,5325,0,H-score,KDE(p=80),-0.0885
Influenza_B,1.0,5325,0,E_only,Wavelet(t=1.5),0.3279
Influenza_B,1.0,5325,0,E_only,FreqThresh(p=85),-0.0458
Influenza_B,1.0,5325,0,E_only,KDE(p=80),-0.0624
Influenza_B,1.0,5325,1,E*rare,Wavelet(t=1.5),0.2317
Influenza_B,1.0,5325,1,E*rare,FreqThresh(p=85),-0.0458
Influenza_B,1.0,5325,1,E*rare,KDE(p=80),-0.0104
Influenza_B,1.0,5325,1,P*E*rare,Wavelet(t=1.5),0.1572
Influenza_B,1.0,5325,1,P*E*rare,FreqThresh(p=85),-0.0432
Influenza_B,1.0,5325,1,P*E*rare,KDE(p=80),-0.0104
Influenza_B,1.0,5325,1,P*E,Wavelet(t=1.5),0.3294
Influenza_B,1.0,5325,1,P*E,FreqThresh(p=85),-0.0458
Influenza_B,1.0,5325,1,P*E,KDE(p=80),-0.0624
Influenza_B,1.0,5325,1,H-score,Wavelet(t=1.5),0.3424
Influenza_B,1.0,5325,1,H-score,FreqThresh(p=85),-0.0458
Influenza_B,1.0,5325,1,H-score,KDE(p=80),-0.0885
Influenza_B,1.0,5325,1,E_only,Wavelet(t=1.5),0.3279
Influenza_B,1.0,5325,1,E_only,FreqThresh(p=85),-0.0458
Influenza_B,1.0,5325,1,E_only,KDE(p=80),-0.0624
Influenza_B,1.0,5325,2,E*rare,Wavelet(t=1.5),0.2317
Influenza_B,1.0,5325,2,E*rare,FreqThresh(p=85),-0.0458
Influenza_B,1.0,5325,2,E*rare,KDE(p=80),-0.0104
Influenza_B,1.0,5325,2,P*E*rare,Wavelet(t=1.5),0.1572
Influenza_B,1.0,5325,2,P*E*rare,FreqThresh(p=85),-0.0432
Influenza_B,1.0,5325,2,P*E*rare,KDE(p=80),-0.0104
Influenza_B,1.0,5325,2,P*E,Wavelet(t=1.5),0.3294
Influenza_B,1.0,5325,2,P*E,FreqThresh(p=85),-0.0458
Influenza_B,1.0,5325,2,P*E,KDE(p=80),-0.0624
Influenza_B,1.0,5325,2,H-score,Wavelet(t=1.5),0.3424
Influenza_B,1.0,5325,2,H-score,FreqThresh(p=85),-0.0458
Influenza_B,1.0,5325,2,H-score,KDE(p=80),-0.0885
Influenza_B,1.0,5325,2,E_only,Wavelet(t=1.5),0.3279
Influenza_B,1.0,5325,2,E_only,FreqThresh(p=85),-0.0458
Influenza_B,1.0,5325,2,E_only,KDE(p=80),-0.0624
Influenza_B,1.0,5325,3,E*rare,Wavelet(t=1.5),0.2317
Influenza_B,1.0,5325,3,E*rare,FreqThresh(p=85),-0.0458
Influenza_B,1.0,5325,3,E*rare,KDE(p=80),-0.0104
Influenza_B,1.0,5325,3,P*E*rare,Wavelet(t=1.5),0.1572
Influenza_B,1.0,5325,3,P*E*rare,FreqThresh(p=85),-0.0432
Influenza_B,1.0,5325,3,P*E*rare,KDE(p=80),-0.0104
Influenza_B,1.0,5325,3,P*E,Wavelet(t=1.5),0.3294
Influenza_B,1.0,5325,3,P*E,FreqThresh(p=85),-0.0458
Influenza_B,1.0,5325,3,P*E,KDE(p=80),-0.0624
Influenza_B,1.0,5325,3,H-score,Wavelet(t=1.5),0.3424
Influenza_B,1.0,5325,3,H-score,FreqThresh(p=85),-0.0458
Influenza_B,1.0,5325,3,H-score,KDE(p=80),-0.0885
Influenza_B,1.0,5325,3,E_only,Wavelet(t=1.5),0.3279
Influenza_B,1.0,5325,3,E_only,FreqThresh(p=85),-0.0458
Influenza_B,1.0,5325,3,E_only,KDE(p=80),-0.0624
Influenza_B,1.0,5325,4,E*rare,Wavelet(t=1.5),0.2317
Influenza_B,1.0,5325,4,E*rare,FreqThresh(p=85),-0.0458
Influenza_B,1.0,5325,4,E*rare,KDE(p=80),-0.0104
Influenza_B,1.0,5325,4,P*E*rare,Wavelet(t=1.5),0.1572
Influenza_B,1.0,5325,4,P*E*rare,FreqThresh(p=85),-0.0432
Influenza_B,1.0,5325,4,P*E*rare,KDE(p=80),-0.0104
Influenza_B,1.0,5325,4,P*E,Wavelet(t=1.5),0.3294
Influenza_B,1.0,5325,4,P*E,FreqThresh(p=85),-0.0458
Influenza_B,1.0,5325,4,P*E,KDE(p=80),-0.0624
Influenza_B,1.0,5325,4,H-score,Wavelet(t=1.5),0.3424
Influenza_B,1.0,5325,4,H-score,FreqThresh(p=85),-0.0458
Influenza_B,1.0,5325,4,H-score,KDE(p=80),-0.0885
Influenza_B,1.0,5325,4,E_only,Wavelet(t=1.5),0.3279
Influenza_B,1.0,5325,4,E_only,FreqThresh(p=85),-0.0458
Influenza_B,1.0,5325,4,E_only,KDE(p=80),-0.0624
MERS,0.25,327,0,E*rare,Wavelet(t=1.5),0.0425
MERS,0.25,327,0,E*rare,FreqThresh(p=85),-0.0348
MERS,0.25,327,0,E*rare,"SWAN(w=10,k=1.5)",-0.0156
MERS,0.25,327,0,E*rare,KDE(p=80),-0.0413
MERS,0.25,327,0,P*E*rare,Wavelet(t=1.5),-0.0067
MERS,0.25,327,0,P*E*rare,FreqThresh(p=85),-0.0328
MERS,0.25,327,0,P*E*rare,"SWAN(w=10,k=1.5)",-0.0153
MERS,0.25,327,0,P*E*rare,KDE(p=80),-0.0413
MERS,0.25,327,0,P*E,Wavelet(t=1.5),-0.037
MERS,0.25,327,0,P*E,FreqThresh(p=85),-0.0338
MERS,0.25,327,0,P*E,"SWAN(w=10,k=1.5)",-0.0072
MERS,0.25,327,0,P*E,KDE(p=80),-0.0413
MERS,0.25,327,0,H-score,Wavelet(t=1.5),-0.0329
MERS,0.25,327,0,H-score,FreqThresh(p=85),-0.0338
MERS,0.25,327,0,H-score,KDE(p=80),0.0734
MERS,0.25,327,0,E_only,Wavelet(t=1.5),-0.0356
MERS,0.25,327,0,E_only,FreqThresh(p=85),-0.0338
MERS,0.25,327,0,E_only,KDE(p=80),-0.0183
MERS,0.25,327,1,E*rare,Wavelet(t=1.5),0.0142
MERS,0.25,327,1,E*rare,FreqThresh(p=85),0.0463
MERS,0.25,327,1,E*rare,KDE(p=80),-0.0413
MERS,0.25,327,1,P*E*rare,Wavelet(t=1.5),-0.0109
MERS,0.25,327,1,P*E*rare,FreqThresh(p=85),0.0189
MERS,0.25,327,1,P*E*rare,"SWAN(w=10,k=1.5)",-0.0082
MERS,0.25,327,1,P*E*rare,KDE(p=80),-0.0413
MERS,0.25,327,1,P*E,Wavelet(t=1.5),-0.0343
MERS,0.25,327,1,P*E,FreqThresh(p=85),-0.0337
MERS,0.25,327,1,P*E,"SWAN(w=10,k=1.5)",-0.0082
MERS,0.25,327,1,P*E,KDE(p=80),-0.0413
MERS,0.25,327,1,H-score,Wavelet(t=1.5),-0.0279
MERS,0.25,327,1,H-score,FreqThresh(p=85),-0.0337
MERS,0.25,327,1,H-score,KDE(p=80),0.1422
MERS,0.25,327,1,E_only,Wavelet(t=1.5),-0.0353
MERS,0.25,327,1,E_only,FreqThresh(p=85),-0.0323
MERS,0.25,327,1,E_only,KDE(p=80),0.0734
MERS,0.25,327,2,E*rare,Wavelet(t=1.5),-0.0098
MERS,0.25,327,2,E*rare,FreqThresh(p=85),-0.0081
MERS,0.25,327,2,E*rare,"SWAN(w=10,k=1.5)",-0.0099
MERS,0.25,327,2,E*rare,KDE(p=80),-0.0413
MERS,0.25,327,2,P*E*rare,Wavelet(t=1.5),-0.0341
MERS,0.25,327,2,P*E*rare,FreqThresh(p=85),-0.0329
MERS,0.25,327,2,P*E*rare,"SWAN(w=10,k=1.5)",-0.0099
MERS,0.25,327,2,P*E*rare,KDE(p=80),-0.0413
MERS,0.25,327,2,P*E,Wavelet(t=1.5),-0.0378
MERS,0.25,327,2,P*E,FreqThresh(p=85),-0.0348
MERS,0.25,327,2,P*E,KDE(p=80),-0.0413
MERS,0.25,327,2,H-score,Wavelet(t=1.5),-0.0276
MERS,0.25,327,2,H-score,FreqThresh(p=85),-0.0348
MERS,0.25,327,2,H-score,KDE(p=80),0.0734
MERS,0.25,327,2,E_only,Wavelet(t=1.5),-0.0351
MERS,0.25,327,2,E_only,FreqThresh(p=85),-0.0112
MERS,0.25,327,2,E_only,KDE(p=80),0.0734
MERS,0.25,327,3,E*rare,Wavelet(t=1.5),-0.0357
MERS,0.25,327,3,E*rare,FreqThresh(p=85),-0.0326
MERS,0.25,327,3,E*rare,"SWAN(w=10,k=1.5)",-0.0099
MERS,0.25,327,3,E*rare,KDE(p=80),-0.0413
MERS,0.25,327,3,P*E*rare,Wavelet(t=1.5),-0.0353
MERS,0.25,327,3,P*E*rare,FreqThresh(p=85),-0.0345
MERS,0.25,327,3,P*E*rare,"SWAN(w=10,k=1.5)",-0.0125
MERS,0.25,327,3,P*E*rare,KDE(p=80),-0.0413
MERS,0.25,327,3,P*E,Wavelet(t=1.5),-0.0405
MERS,0.25,327,3,P*E,FreqThresh(p=85),-0.0339
MERS,0.25,327,3,P*E,KDE(p=80),-0.0413
MERS,0.25,327,3,H-score,Wavelet(t=1.5),-0.0293
MERS,0.25,327,3,H-score,FreqThresh(p=85),-0.0339
MERS,0.25,327,3,H-score,KDE(p=80),0.0275
MERS,0.25,327,3,E_only,Wavelet(t=1.5),-0.0363
MERS,0.25,327,3,E_only,FreqThresh(p=85),-0.0335
MERS,0.25,327,3,E_only,KDE(p=80),0.0275
MERS,0.25,327,4,E*rare,Wavelet(t=1.5),-0.0089
MERS,0.25,327,4,E*rare,FreqThresh(p=85),0.049
MERS,0.25,327,4,E*rare,"SWAN(w=10,k=1.5)",-0.0091
MERS,0.25,327,4,E*rare,KDE(p=80),0.0734
MERS,0.25,327,4,P*E*rare,Wavelet(t=1.5),0.0168
MERS,0.25,327,4,P*E*rare,FreqThresh(p=85),0.049
MERS,0.25,327,4,P*E*rare,"SWAN(w=10,k=1.5)",-0.0117
MERS,0.25,327,4,P*E*rare,KDE(p=80),0.0734
MERS,0.25,327,4,P*E,Wavelet(t=1.5),-0.0373
MERS,0.25,327,4,P*E,FreqThresh(p=85),-0.0366
MERS,0.25,327,4,P*E,"SWAN(w=10,k=1.5)",-0.0075
MERS,0.25,327,4,P*E,KDE(p=80),-0.0413
MERS,0.25,327,4,H-score,Wavelet(t=1.5),-0.0296
MERS,0.25,327,4,H-score,FreqThresh(p=85),-0.0366
MERS,0.25,327,4,H-score,KDE(p=80),-0.0413
MERS,0.25,327,4,E_only,Wavelet(t=1.5),-0.0365
MERS,0.25,327,4,E_only,FreqThresh(p=85),-0.0086
MERS,0.25,327,4,E_only,KDE(p=80),-0.0413
MERS,0.5,655,0,E*rare,Wavelet(t=1.5),0.0392
MERS,0.5,655,0,E*rare,FreqThresh(p=85),-0.0095
MERS,0.5,655,0,E*rare,"SWAN(w=10,k=1.5)",-0.014
MERS,0.5,655,0,E*rare,KDE(p=80),-0.0413
MERS,0.5,655,0,P*E*rare,Wavelet(t=1.5),0.0124
MERS,0.5,655,0,P*E*rare,FreqThresh(p=85),-0.0336
MERS,0.5,655,0,P*E*rare,"SWAN(w=10,k=1.5)",-0.0112
MERS,0.5,655,0,P*E*rare,KDE(p=80),-0.0413
MERS,0.5,655,0,P*E,Wavelet(t=1.5),-0.0391
MERS,0.5,655,0,P*E,FreqThresh(p=85),-0.0349
MERS,0.5,655,0,P*E,KDE(p=80),-0.0413
MERS,0.5,655,0,H-score,Wavelet(t=1.5),-0.0302
MERS,0.5,655,0,H-score,FreqThresh(p=85),-0.0349
MERS,0.5,655,0,H-score,KDE(p=80),-0.0183
MERS,0.5,655,0,E_only,Wavelet(t=1.5),-0.0342
MERS,0.5,655,0,E_only,FreqThresh(p=85),-0.0339
MERS,0.5,655,0,E_only,KDE(p=80),0.0046
MERS,0.5,655,1,E*rare,Wavelet(t=1.5),0.015
MERS,0.5,655,1,E*rare,FreqThresh(p=85),-0.0076
MERS,0.5,655,1,E*rare,"SWAN(w=10,k=1.5)",-0.0173
MERS,0.5,655,1,E*rare,KDE(p=80),-0.0413
MERS,0.5,655,1,P*E*rare,Wavelet(t=1.5),0.0146
MERS,0.5,655,1,P*E*rare,FreqThresh(p=85),-0.0091
MERS,0.5,655,1,P*E*rare,"SWAN(w=10,k=1.5)",-0.0099
MERS,0.5,655,1,P*E*rare,KDE(p=80),-0.0413
MERS,0.5,655,1,P*E,Wavelet(t=1.5),-0.0378
MERS,0.5,655,1,P*E,FreqThresh(p=85),-0.0346
MERS,0.5,655,1,P*E,"SWAN(w=10,k=1.5)",-0.0072
MERS,0.5,655,1,P*E,KDE(p=80),-0.0413
MERS,0.5,655,1,H-score,Wavelet(t=1.5),-0.0288
MERS,0.5,655,1,H-score,FreqThresh(p=85),-0.0346
MERS,0.5,655,1,H-score,KDE(p=80),0.0734
MERS,0.5,655,1,E_only,Wavelet(t=1.5),-0.0361
MERS,0.5,655,1,E_only,FreqThresh(p=85),-0.0339
MERS,0.5,655,1,E_only,KDE(p=80),0.0504
MERS,0.5,655,2,E*rare,Wavelet(t=1.5),0.0502
MERS,0.5,655,2,E*rare,FreqThresh(p=85),-0.0101
MERS,0.5,655,2,E*rare,"SWAN(w=10,k=1.5)",-0.0128
MERS,0.5,655,2,E*rare,KDE(p=80),-0.0413
MERS,0.5,655,2,P*E*rare,Wavelet(t=1.5),0.013
MERS,0.5,655,2,P*E*rare,FreqThresh(p=85),-0.0348
MERS,0.5,655,2,P*E*rare,"SWAN(w=10,k=1.5)",-0.0105
MERS,0.5,655,2,P*E*rare,KDE(p=80),-0.0413
MERS,0.5,655,2,P*E,Wavelet(t=1.5),-0.037
MERS,0.5,655,2,P*E,FreqThresh(p=85),-0.0352
MERS,0.5,655,2,P*E,"SWAN(w=10,k=1.5)",-0.0075
MERS,0.5,655,2,P*E,KDE(p=80),-0.0413
MERS,0.5,655,2,H-score,Wavelet(t=1.5),-0.0303
MERS,0.5,655,2,H-score,FreqThresh(p=85),-0.0352
MERS,0.5,655,2,H-score,KDE(p=80),0.0734
MERS,0.5,655,2,E_only,Wavelet(t=1.5),-0.0347
MERS,0.5,655,2,E_only,FreqThresh(p=85),-0.035
MERS,0.5,655,2,E_only,KDE(p=80),0.0734
MERS,0.5,655,3,E*rare,Wavelet(t=1.5),-0.035
MERS,0.5,655,3,E*rare,FreqThresh(p=85),-0.0316
MERS,0.5,655,3,E*rare,"SWAN(w=10,k=1.5)",-0.0145
MERS,0.5,655,3,E*rare,KDE(p=80),-0.0413
MERS,0.5,655,3,P*E*rare,Wavelet(t=1.5),-0.0091
MERS,0.5,655,3,P*E*rare,FreqThresh(p=85),-0.0331
MERS,0.5,655,3,P*E*rare,"SWAN(w=10,k=1.5)",-0.0091
MERS,0.5,655,3,P*E*rare,KDE(p=80),-0.0413
MERS,0.5,655,3,P*E,Wavelet(t=1.5),-0.0351
MERS,0.5,655,3,P*E,FreqThresh(p=85),-0.0362
MERS,0.5,655,3,P*E,"SWAN(w=10,k=1.5)",-0.0075
MERS,0.5,655,3,P*E,KDE(p=80),-0.0413
MERS,0.5,655,3,H-score,Wavelet(t=1.5),-0.0316
MERS,0.5,655,3,H-score,FreqThresh(p=85),-0.0362
MERS,0.5,655,3,H-score,KDE(p=80),0.0734
MERS,0.5,655,3,E_only,Wavelet(t=1.5),-0.037
MERS,0.5,655,3,E_only,FreqThresh(p=85),-0.0341
MERS,0.5,655,3,E_only,KDE(p=80),0.0734
MERS,0.5,655,4,E*rare,Wavelet(t=1.5),0.0219
MERS,0.5,655,4,E*rare,FreqThresh(p=85),-0.0053
MERS,0.5,655,4,E*rare,"SWAN(w=10,k=1.5)",-0.013
MERS,0.5,655,4,E*rare,KDE(p=80),-0.0413
MERS,0.5,655,4,P*E*rare,Wavelet(t=1.5),0.0115
MERS,0.5,655,4,P*E*rare,FreqThresh(p=85),-0.0339
MERS,0.5,655,4,P*E*rare,"SWAN(w=10,k=1.5)",-0.0091
MERS,0.5,655,4,P*E*rare,KDE(p=80),-0.0413
MERS,0.5,655,4,P*E,Wavelet(t=1.5),-0.0371
MERS,0.5,655,4,P*E,FreqThresh(p=85),-0.0337
MERS,0.5,655,4,P*E,KDE(p=80),-0.0413
MERS,0.5,655,4,H-score,Wavelet(t=1.5),-0.0291
MERS,0.5,655,4,H-score,FreqThresh(p=85),-0.0337
MERS,0.5,655,4,H-score,KDE(p=80),-0.0413
MERS,0.5,655,4,E_only,Wavelet(t=1.5),-0.0346
MERS,0.5,655,4,E_only,FreqThresh(p=85),-0.0312
MERS,0.5,655,4,E_only,KDE(p=80),0.0734
MERS,0.75,983,0,E*rare,Wavelet(t=1.5),0.0196
MERS,0.75,983,0,E*rare,FreqThresh(p=85),-0.0068
MERS,0.75,983,0,E*rare,"SWAN(w=10,k=1.5)",-0.0165
MERS,0.75,983,0,E*rare,KDE(p=80),-0.0413
MERS,0.75,983,0,P*E*rare,Wavelet(t=1.5),0.0203
MERS,0.75,983,0,P*E*rare,FreqThresh(p=85),-0.0347
MERS,0.75,983,0,P*E*rare,"SWAN(w=10,k=1.5)",-0.0134
MERS,0.75,983,0,P*E*rare,KDE(p=80),-0.0413
MERS,0.75,983,0,P*E,Wavelet(t=1.5),-0.0386
MERS,0.75,983,0,P*E,FreqThresh(p=85),-0.0355
MERS,0.75,983,0,P*E,"SWAN(w=10,k=1.5)",-0.0075
MERS,0.75,983,0,P*E,KDE(p=80),-0.0413
MERS,0.75,983,0,H-score,Wavelet(t=1.5),-0.0293
MERS,0.75,983,0,H-score,FreqThresh(p=85),-0.0355
MERS,0.75,983,0,H-score,KDE(p=80),0.0734
MERS,0.75,983,0,E_only,Wavelet(t=1.5),-0.0358
MERS,0.75,983,0,E_only,FreqThresh(p=85),-0.0343
MERS,0.75,983,0,E_only,KDE(p=80),0.0275
MERS,0.75,983,1,E*rare,Wavelet(t=1.5),0.0198
MERS,0.75,983,1,E*rare,FreqThresh(p=85),-0.0091
MERS,0.75,983,1,E*rare,"SWAN(w=10,k=1.5)",0.0248
MERS,0.75,983,1,E*rare,KDE(p=80),-0.0413
MERS,0.75,983,1,P*E*rare,Wavelet(t=1.5),0.0134
MERS,0.75,983,1,P*E*rare,FreqThresh(p=85),-0.0357
MERS,0.75,983,1,P*E*rare,"SWAN(w=10,k=1.5)",-0.0088
MERS,0.75,983,1,P*E*rare,KDE(p=80),-0.0413
MERS,0.75,983,1,P*E,Wavelet(t=1.5),-0.0376
MERS,0.75,983,1,P*E,FreqThresh(p=85),-0.0362
MERS,0.75,983,1,P*E,"SWAN(w=10,k=1.5)",-0.0075
MERS,0.75,983,1,P*E,KDE(p=80),-0.0413
MERS,0.75,983,1,H-score,Wavelet(t=1.5),-0.0306
MERS,0.75,983,1,H-score,FreqThresh(p=85),-0.0362
MERS,0.75,983,1,H-score,KDE(p=80),0.0734
MERS,0.75,983,1,E_only,Wavelet(t=1.5),-0.0343
MERS,0.75,983,1,E_only,FreqThresh(p=85),-0.0337
MERS,0.75,983,1,E_only,KDE(p=80),0.0734
MERS,0.75,983,2,E*rare,Wavelet(t=1.5),0.0256
MERS,0.75,983,2,E*rare,FreqThresh(p=85),-0.0328
MERS,0.75,983,2,E*rare,"SWAN(w=10,k=1.5)",-0.0181
MERS,0.75,983,2,E*rare,KDE(p=80),-0.0413
MERS,0.75,983,2,P*E*rare,Wavelet(t=1.5),-0.0083
MERS,0.75,983,2,P*E*rare,FreqThresh(p=85),-0.035
MERS,0.75,983,2,P*E*rare,"SWAN(w=10,k=1.5)",-0.0151
MERS,0.75,983,2,P*E*rare,KDE(p=80),-0.0413
MERS,0.75,983,2,P*E,Wavelet(t=1.5),-0.0384
MERS,0.75,983,2,P*E,FreqThresh(p=85),-0.0358
MERS,0.75,983,2,P*E,"SWAN(w=10,k=1.5)",-0.0075
MERS,0.75,983,2,P*E,KDE(p=80),-0.0413
MERS,0.75,983,2,H-score,Wavelet(t=1.5),-0.0307
MERS,0.75,983,2,H-score,FreqThresh(p=85),-0.0358
MERS,0.75,983,2,H-score,KDE(p=80),0.0734
MERS,0.75,983,2,E_only,Wavelet(t=1.5),-0.0346
MERS,0.75,983,2,E_only,FreqThresh(p=85),-0.0354
MERS,0.75,983,2,E_only,KDE(p=80),0.0734
MERS,0.75,983,3,E*rare,Wavelet(t=1.5),0.0219
MERS,0.75,983,3,E*rare,FreqThresh(p=85),-0.0083
MERS,0.75,983,3,E*rare,"SWAN(w=10,k=1.5)",-0.016
MERS,0.75,983,3,E*rare,KDE(p=80),-0.0413
MERS,0.75,983,3,P*E*rare,Wavelet(t=1.5),0.0128
MERS,0.75,983,3,P*E*rare,FreqThresh(p=85),-0.0353
MERS,0.75,983,3,P*E*rare,"SWAN(w=10,k=1.5)",-0.0128
MERS,0.75,983,3,P*E*rare,KDE(p=80),-0.0413
MERS,0.75,983,3,P*E,Wavelet(t=1.5),-0.0376
MERS,0.75,983,3,P*E,FreqThresh(p=85),-0.0353
MERS,0.75,983,3,P*E,"SWAN(w=10,k=1.5)",-0.0072
MERS,0.75,983,3,P*E,KDE(p=80),-0.0413
MERS,0.75,983,3,H-score,Wavelet(t=1.5),-0.0286
MERS,0.75,983,3,H-score,FreqThresh(p=85),-0.0353
MERS,0.75,983,3,H-score,KDE(p=80),0.0504
MERS,0.75,983,3,E_only,Wavelet(t=1.5),-0.0351
MERS,0.75,983,3,E_only,FreqThresh(p=85),-0.0348
MERS,0.75,983,3,E_only,KDE(p=80),0.0734
MERS,0.75,983,4,E*rare,Wavelet(t=1.5),0.0138
MERS,0.75,983,4,E*rare,FreqThresh(p=85),-0.004
MERS,0.75,983,4,E*rare,"SWAN(w=10,k=1.5)",-0.0153
MERS,0.75,983,4,E*rare,KDE(p=80),-0.0413
MERS,0.75,983,4,P*E*rare,Wavelet(t=1.5),-0.0116
MERS,0.75,983,4,P*E*rare,FreqThresh(p=85),-0.0331
MERS,0.75,983,4,P*E*rare,"SWAN(w=10,k=1.5)",-0.0097
MERS,0.75,983,4,P*E*rare,KDE(p=80),-0.0413
MERS,0.75,983,4,P*E,Wavelet(t=1.5),-0.0378
MERS,0.75,983,4,P*E,FreqThresh(p=85),-0.0356
MERS,0.75,983,4,P*E,"SWAN(w=10,k=1.5)",-0.0075
MERS,0.75,983,4,P*E,KDE(p=80),-0.0413
MERS,0.75,983,4,H-score,Wavelet(t=1.5),-0.0304
MERS,0.75,983,4,H-score,FreqThresh(p=85),-0.0356
MERS,0.75,983,4,H-score,KDE(p=80),0.0734
MERS,0.75,983,4,E_only,Wavelet(t=1.5),-0.0353
MERS,0.75,983,4,E_only,FreqThresh(p=85),-0.0338
MERS,0.75,983,4,E_only,KDE(p=80),0.0734
MERS,1.0,1311,0,E*rare,Wavelet(t=1.5),0.0219
MERS,1.0,1311,0,E*rare,FreqThresh(p=85),-0.0068
MERS,1.0,1311,0,E*rare,"SWAN(w=10,k=1.5)",-0.017
MERS,1.0,1311,0,E*rare,KDE(p=80),-0.0413
MERS,1.0,1311,0,P*E*rare,Wavelet(t=1.5),0.0136
MERS,1.0,1311,0,P*E*rare,FreqThresh(p=85),-0.0103
MERS,1.0,1311,0,P*E*rare,"SWAN(w=10,k=1.5)",-0.0138
MERS,1.0,1311,0,P*E*rare,KDE(p=80),-0.0413
MERS,1.0,1311,0,P*E,Wavelet(t=1.5),-0.0377
MERS,1.0,1311,0,P*E,FreqThresh(p=85),-0.0357
MERS,1.0,1311,0,P*E,"SWAN(w=10,k=1.5)",-0.0075
MERS,1.0,1311,0,P*E,KDE(p=80),-0.0413
MERS,1.0,1311,0,H-score,Wavelet(t=1.5),-0.0302
MERS,1.0,1311,0,H-score,FreqThresh(p=85),-0.0357
MERS,1.0,1311,0,H-score,KDE(p=80),0.0734
MERS,1.0,1311,0,E_only,Wavelet(t=1.5),-0.0349
MERS,1.0,1311,0,E_only,FreqThresh(p=85),-0.034
MERS,1.0,1311,0,E_only,KDE(p=80),0.0504
MERS,1.0,1311,1,E*rare,Wavelet(t=1.5),0.0219
MERS,1.0,1311,1,E*rare,FreqThresh(p=85),-0.0068
MERS,1.0,1311,1,E*rare,"SWAN(w=10,k=1.5)",-0.017
MERS,1.0,1311,1,E*rare,KDE(p=80),-0.0413
MERS,1.0,1311,1,P*E*rare,Wavelet(t=1.5),0.0136
MERS,1.0,1311,1,P*E*rare,FreqThresh(p=85),-0.0103
MERS,1.0,1311,1,P*E*rare,"SWAN(w=10,k=1.5)",-0.0138
MERS,1.0,1311,1,P*E*rare,KDE(p=80),-0.0413
MERS,1.0,1311,1,P*E,Wavelet(t=1.5),-0.0377
MERS,1.0,1311,1,P*E,FreqThresh(p=85),-0.0357
MERS,1.0,1311,1,P*E,"SWAN(w=10,k=1.5)",-0.0075
MERS,1.0,1311,1,P*E,KDE(p=80),-0.0413
MERS,1.0,1311,1,H-score,Wavelet(t=1.5),-0.0302
MERS,1.0,1311,1,H-score,FreqThresh(p=85),-0.0357
MERS,1.0,1311,1,H-score,KDE(p=80),0.0734
MERS,1.0,1311,1,E_only,Wavelet(t=1.5),-0.0349
MERS,1.0,1311,1,E_only,FreqThresh(p=85),-0.034
MERS,1.0,1311,1,E_only,KDE(p=80),0.0504
MERS,1.0,1311,2,E*rare,Wavelet(t=1.5),0.0219
MERS,1.0,1311,2,E*rare,FreqThresh(p=85),-0.0068
MERS,1.0,1311,2,E*rare,"SWAN(w=10,k=1.5)",-0.017
MERS,1.0,1311,2,E*rare,KDE(p=80),-0.0413
MERS,1.0,1311,2,P*E*rare,Wavelet(t=1.5),0.0136
MERS,1.0,1311,2,P*E*rare,FreqThresh(p=85),-0.0103
MERS,1.0,1311,2,P*E*rare,"SWAN(w=10,k=1.5)",-0.0138
MERS,1.0,1311,2,P*E*rare,KDE(p=80),-0.0413
MERS,1.0,1311,2,P*E,Wavelet(t=1.5),-0.0377
MERS,1.0,1311,2,P*E,FreqThresh(p=85),-0.0357
MERS,1.0,1311,2,P*E,"SWAN(w=10,k=1.5)",-0.0075
MERS,1.0,1311,2,P*E,KDE(p=80),-0.0413
MERS,1.0,1311,2,H-score,Wavelet(t=1.5),-0.0302
MERS,1.0,1311,2,H-score,FreqThresh(p=85),-0.0357
MERS,1.0,1311,2,H-score,KDE(p=80),0.0734
MERS,1.0,1311,2,E_only,Wavelet(t=1.5),-0.0349
MERS,1.0,1311,2,E_only,FreqThresh(p=85),-0.034
MERS,1.0,1311,2,E_only,KDE(p=80),0.0504
MERS,1.0,1311,3,E*rare,Wavelet(t=1.5),0.0219
MERS,1.0,1311,3,E*rare,FreqThresh(p=85),-0.0068
MERS,1.0,1311,3,E*rare,"SWAN(w=10,k=1.5)",-0.017
MERS,1.0,1311,3,E*rare,KDE(p=80),-0.0413
MERS,1.0,1311,3,P*E*rare,Wavelet(t=1.5),0.0136
MERS,1.0,1311,3,P*E*rare,FreqThresh(p=85),-0.0103
MERS,1.0,1311,3,P*E*rare,"SWAN(w=10,k=1.5)",-0.0138
MERS,1.0,1311,3,P*E*rare,KDE(p=80),-0.0413
MERS,1.0,1311,3,P*E,Wavelet(t=1.5),-0.0377
MERS,1.0,1311,3,P*E,FreqThresh(p=85),-0.0357
MERS,1.0,1311,3,P*E,"SWAN(w=10,k=1.5)",-0.0075
MERS,1.0,1311,3,P*E,KDE(p=80),-0.0413
MERS,1.0,1311,3,H-score,Wavelet(t=1.5),-0.0302
MERS,1.0,1311,3,H-score,FreqThresh(p=85),-0.0357
MERS,1.0,1311,3,H-score,KDE(p=80),0.0734
MERS,1.0,1311,3,E_only,Wavelet(t=1.5),-0.0349
MERS,1.0,1311,3,E_only,FreqThresh(p=85),-0.034
MERS,1.0,1311,3,E_only,KDE(p=80),0.0504
MERS,1.0,1311,4,E*rare,Wavelet(t=1.5),0.0219
MERS,1.0,1311,4,E*rare,FreqThresh(p=85),-0.0068
MERS,1.0,1311,4,E*rare,"SWAN(w=10,k=1.5)",-0.017
MERS,1.0,1311,4,E*rare,KDE(p=80),-0.0413
MERS,1.0,1311,4,P*E*rare,Wavelet(t=1.5),0.0136
MERS,1.0,1311,4,P*E*rare,FreqThresh(p=85),-0.0103
MERS,1.0,1311,4,P*E*rare,"SWAN(w=10,k=1.5)",-0.0138
MERS,1.0,1311,4,P*E*rare,KDE(p=80),-0.0413
MERS,1.0,1311,4,P*E,Wavelet(t=1.5),-0.0377
MERS,1.0,1311,4,P*E,FreqThresh(p=85),-0.0357
MERS,1.0,1311,4,P*E,"SWAN(w=10,k=1.5)",-0.0075
MERS,1.0,1311,4,P*E,KDE(p=80),-0.0413
MERS,1.0,1311,4,H-score,Wavelet(t=1.5),-0.0302
MERS,1.0,1311,4,H-score,FreqThresh(p=85),-0.0357
MERS,1.0,1311,4,H-score,KDE(p=80),0.0734
MERS,1.0,1311,4,E_only,Wavelet(t=1.5),-0.0349
MERS,1.0,1311,4,E_only,FreqThresh(p=85),-0.034
MERS,1.0,1311,4,E_only,KDE(p=80),0.0504
HCV,0.25,340,0,E*rare,Wavelet(t=1.5),-0.1518
HCV,0.25,340,0,E*rare,FreqThresh(p=85),-0.1228
HCV,0.25,340,0,E*rare,KDE(p=80),-0.2173
HCV,0.25,340,0,P*E*rare,Wavelet(t=1.5),-0.1401
HCV,0.25,340,0,P*E*rare,FreqThresh(p=85),-0.1675
HCV,0.25,340,0,P*E*rare,KDE(p=80),-0.2173
HCV,0.25,340,0,P*E,Wavelet(t=1.5),0.0661
HCV,0.25,340,0,P*E,FreqThresh(p=85),0.2097
HCV,0.25,340,0,P*E,KDE(p=80),-0.2173
HCV,0.25,340,0,H-score,Wavelet(t=1.5),0.2765
HCV,0.25,340,0,H-score,FreqThresh(p=85),0.2097
HCV,0.25,340,0,H-score,KDE(p=80),-0.2173
HCV,0.25,340,0,E_only,Wavelet(t=1.5),0.191
HCV,0.25,340,0,E_only,FreqThresh(p=85),0.0241
HCV,0.25,340,0,E_only,KDE(p=80),-0.2173
HCV,0.25,340,1,E*rare,Wavelet(t=1.5),-0.0668
HCV,0.25,340,1,E*rare,FreqThresh(p=85),-0.1062
HCV,0.25,340,1,E*rare,KDE(p=80),-0.2173
HCV,0.25,340,1,P*E*rare,Wavelet(t=1.5),-0.0536
HCV,0.25,340,1,P*E*rare,FreqThresh(p=85),-0.0837
HCV,0.25,340,1,P*E*rare,KDE(p=80),-0.2173
HCV,0.25,340,1,P*E,Wavelet(t=1.5),0.2102
HCV,0.25,340,1,P*E,FreqThresh(p=85),0.3119
HCV,0.25,340,1,P*E,KDE(p=80),-0.2173
HCV,0.25,340,1,H-score,Wavelet(t=1.5),0.3808
HCV,0.25,340,1,H-score,FreqThresh(p=85),0.3119
HCV,0.25,340,1,H-score,KDE(p=80),-0.2173
HCV,0.25,340,1,E_only,Wavelet(t=1.5),0.2185
HCV,0.25,340,1,E_only,FreqThresh(p=85),0.1841
HCV,0.25,340,1,E_only,KDE(p=80),-0.2173
HCV,0.25,340,2,E*rare,Wavelet(t=1.5),-0.1762
HCV,0.25,340,2,E*rare,FreqThresh(p=85),-0.1519
HCV,0.25,340,2,E*rare,KDE(p=80),-0.2173
HCV,0.25,340,2,P*E*rare,Wavelet(t=1.5),0.0478
HCV,0.25,340,2,P*E*rare,FreqThresh(p=85),-0.0379
HCV,0.25,340,2,P*E*rare,KDE(p=80),-0.2173
HCV,0.25,340,2,P*E,Wavelet(t=1.5),0.1414
HCV,0.25,340,2,P*E,FreqThresh(p=85),0.2347
HCV,0.25,340,2,P*E,KDE(p=80),-0.2173
HCV,0.25,340,2,H-score,Wavelet(t=1.5),0.4145
HCV,0.25,340,2,H-score,FreqThresh(p=85),0.2347
HCV,0.25,340,2,H-score,KDE(p=80),-0.2153
HCV,0.25,340,2,E_only,Wavelet(t=1.5),0.2259
HCV,0.25,340,2,E_only,FreqThresh(p=85),0.199
HCV,0.25,340,2,E_only,KDE(p=80),-0.2173
HCV,0.25,340,3,E*rare,Wavelet(t=1.5),-0.1427
HCV,0.25,340,3,E*rare,FreqThresh(p=85),-0.0504
HCV,0.25,340,3,E*rare,KDE(p=80),-0.2173
HCV,0.25,340,3,P*E*rare,Wavelet(t=1.5),-0.1176
HCV,0.25,340,3,P*E*rare,FreqThresh(p=85),-0.0442
HCV,0.25,340,3,P*E*rare,KDE(p=80),-0.2173
HCV,0.25,340,3,P*E,Wavelet(t=1.5),0.1194
HCV,0.25,340,3,P*E,FreqThresh(p=85),0.2682
HCV,0.25,340,3,P*E,KDE(p=80),-0.2133
HCV,0.25,340,3,H-score,Wavelet(t=1.5),0.3322
HCV,0.25,340,3,H-score,FreqThresh(p=85),0.2682
HCV,0.25,340,3,H-score,KDE(p=80),-0.2173
HCV,0.25,340,3,E_only,Wavelet(t=1.5),0.2347
HCV,0.25,340,3,E_only,FreqThresh(p=85),0.1195
HCV,0.25,340,3,E_only,KDE(p=80),-0.2173
HCV,0.25,340,4,E*rare,Wavelet(t=1.5),-0.193
HCV,0.25,340,4,E*rare,FreqThresh(p=85),-0.0259
HCV,0.25,340,4,E*rare,KDE(p=80),-0.2173
HCV,0.25,340,4,P*E*rare,Wavelet(t=1.5),0.0428
HCV,0.25,340,4,P*E*rare,FreqThresh(p=85),-0.1202
HCV,0.25,340,4,P*E*rare,KDE(p=80),-0.2173
HCV,0.25,340,4,P*E,Wavelet(t=1.5),0.146
HCV,0.25,340,4,P*E,FreqThresh(p=85),0.2513
HCV,0.25,340,4,P*E,KDE(p=80),-0.2133
HCV,0.25,340,4,H-score,Wavelet(t=1.5),0.2592
HCV,0.25,340,4,H-score,FreqThresh(p=85),0.2513
HCV,0.25,340,4,H-score,KDE(p=80),-0.2173
HCV,0.25,340,4,E_only,Wavelet(t=1.5),0.1152
HCV,0.25,340,4,E_only,FreqThresh(p=85),0.178
HCV,0.25,340,4,E_only,KDE(p=80),-0.2173
HCV,0.5,681,0,E*rare,Wavelet(t=1.5),-0.2052
HCV,0.5,681,0,E*rare,FreqThresh(p=85),-0.1448
HCV,0.5,681,0,E*rare,KDE(p=80),-0.2173
HCV,0.5,681,0,P*E*rare,Wavelet(t=1.5),-0.1888
HCV,0.5,681,0,P*E*rare,FreqThresh(p=85),-0.0778
HCV,0.5,681,0,P*E*rare,KDE(p=80),-0.2173
HCV,0.5,681,0,P*E,Wavelet(t=1.5),0.1194
HCV,0.5,681,0,P*E,FreqThresh(p=85),0.2689
HCV,0.5,681,0,P*E,KDE(p=80),-0.2133
HCV,0.5,681,0,H-score,Wavelet(t=1.5),0.3616
HCV,0.5,681,0,H-score,FreqThresh(p=85),0.2689
HCV,0.5,681,0,H-score,KDE(p=80),-0.2173
HCV,0.5,681,0,E_only,Wavelet(t=1.5),0.2094
HCV,0.5,681,0,E_only,FreqThresh(p=85),0.178
HCV,0.5,681,0,E_only,KDE(p=80),-0.2173
HCV,0.5,681,1,E*rare,Wavelet(t=1.5),-0.1991
HCV,0.5,681,1,E*rare,FreqThresh(p=85),-0.13
HCV,0.5,681,1,E*rare,KDE(p=80),-0.2173
HCV,0.5,681,1,P*E*rare,Wavelet(t=1.5),-0.1609
HCV,0.5,681,1,P*E*rare,FreqThresh(p=85),-0.0072
HCV,0.5,681,1,P*E*rare,KDE(p=80),-0.2173
HCV,0.5,681,1,P*E,Wavelet(t=1.5),0.2626
HCV,0.5,681,1,P*E,FreqThresh(p=85),0.2347
HCV,0.5,681,1,P*E,KDE(p=80),-0.2173
HCV,0.5,681,1,H-score,Wavelet(t=1.5),0.3622
HCV,0.5,681,1,H-score,FreqThresh(p=85),0.2347
HCV,0.5,681,1,H-score,KDE(p=80),-0.2173
HCV,0.5,681,1,E_only,Wavelet(t=1.5),0.2513
HCV,0.5,681,1,E_only,FreqThresh(p=85),0.0974
HCV,0.5,681,1,E_only,KDE(p=80),-0.2173
HCV,0.5,681,2,E*rare,Wavelet(t=1.5),-0.1867
HCV,0.5,681,2,E*rare,FreqThresh(p=85),-0.0867
HCV,0.5,681,2,E*rare,KDE(p=80),-0.2173
HCV,0.5,681,2,P*E*rare,Wavelet(t=1.5),-0.0536
HCV,0.5,681,2,P*E*rare,FreqThresh(p=85),-0.0248
HCV,0.5,681,2,P*E*rare,KDE(p=80),-0.2173
HCV,0.5,681,2,P*E,Wavelet(t=1.5),0.1194
HCV,0.5,681,2,P*E,FreqThresh(p=85),0.2689
HCV,0.5,681,2,P*E,KDE(p=80),-0.2173
HCV,0.5,681,2,H-score,Wavelet(t=1.5),0.4088
HCV,0.5,681,2,H-score,FreqThresh(p=85),0.2689
HCV,0.5,681,2,H-score,KDE(p=80),-0.2173
HCV,0.5,681,2,E_only,Wavelet(t=1.5),0.139
HCV,0.5,681,2,E_only,FreqThresh(p=85),0.1441
HCV,0.5,681,2,E_only,KDE(p=80),-0.2173
HCV,0.5,681,3,E*rare,Wavelet(t=1.5),-0.1804
HCV,0.5,681,3,E*rare,FreqThresh(p=85),-0.1325
HCV,0.5,681,3,E*rare,KDE(p=80),-0.2173
HCV,0.5,681,3,P*E*rare,Wavelet(t=1.5),-0.1564
HCV,0.5,681,3,P*E*rare,FreqThresh(p=85),-0.0477
HCV,0.5,681,3,P*E*rare,KDE(p=80),-0.2173
HCV,0.5,681,3,P*E,Wavelet(t=1.5),0.1542
HCV,0.5,681,3,P*E,FreqThresh(p=85),0.2513
HCV,0.5,681,3,P*E,KDE(p=80),-0.2173
HCV,0.5,681,3,H-score,Wavelet(t=1.5),0.4016
HCV,0.5,681,3,H-score,FreqThresh(p=85),0.2513
HCV,0.5,681,3,H-score,KDE(p=80),-0.2173
HCV,0.5,681,3,E_only,Wavelet(t=1.5),0.2192
HCV,0.5,681,3,E_only,FreqThresh(p=85),0.1883
HCV,0.5,681,3,E_only,KDE(p=80),-0.2133
HCV,0.5,681,4,E*rare,Wavelet(t=1.5),-0.0302
HCV,0.5,681,4,E*rare,FreqThresh(p=85),-0.2011
HCV,0.5,681,4,E*rare,KDE(p=80),-0.2173
HCV,0.5,681,4,P*E*rare,Wavelet(t=1.5),-0.1376
HCV,0.5,681,4,P*E*rare,FreqThresh(p=85),-0.0747
HCV,0.5,681,4,P*E*rare,KDE(p=80),-0.2133
HCV,0.5,681,4,P*E,Wavelet(t=1.5),0.1241
HCV,0.5,681,4,P*E,FreqThresh(p=85),0.2347
HCV,0.5,681,4,P*E,KDE(p=80),-0.2173
HCV,0.5,681,4,H-score,Wavelet(t=1.5),0.3435
HCV,0.5,681,4,H-score,FreqThresh(p=85),0.2347
HCV,0.5,681,4,H-score,KDE(p=80),-0.2173
HCV,0.5,681,4,E_only,Wavelet(t=1.5),0.2243
HCV,0.5,681,4,E_only,FreqThresh(p=85),0.129
HCV,0.5,681,4,E_only,KDE(p=80),-0.2173
HCV,0.75,1021,0,E*rare,Wavelet(t=1.5),-0.2052
HCV,0.75,1021,0,E*rare,FreqThresh(p=85),-0.1218
HCV,0.75,1021,0,E*rare,KDE(p=80),-0.2173
HCV,0.75,1021,0,P*E*rare,Wavelet(t=1.5),-0.1541
HCV,0.75,1021,0,P*E*rare,FreqThresh(p=85),-0.0837
HCV,0.75,1021,0,P*E*rare,KDE(p=80),-0.2173
HCV,0.75,1021,0,P*E,Wavelet(t=1.5),0.1284
HCV,0.75,1021,0,P*E,FreqThresh(p=85),0.2513
HCV,0.75,1021,0,P*E,KDE(p=80),-0.2173
HCV,0.75,1021,0,H-score,Wavelet(t=1.5),0.4088
HCV,0.75,1021,0,H-score,FreqThresh(p=85),0.2513
HCV,0.75,1021,0,H-score,KDE(p=80),-0.2173
HCV,0.75,1021,0,E_only,Wavelet(t=1.5),0.257
HCV,0.75,1021,0,E_only,FreqThresh(p=85),0.1883
HCV,0.75,1021,0,E_only,KDE(p=80),-0.2173
HCV,0.75,1021,1,E*rare,Wavelet(t=1.5),-0.1587
HCV,0.75,1021,1,E*rare,FreqThresh(p=85),-0.1037
HCV,0.75,1021,1,E*rare,KDE(p=80),-0.2173
HCV,0.75,1021,1,P*E*rare,Wavelet(t=1.5),-0.1327
HCV,0.75,1021,1,P*E*rare,FreqThresh(p=85),-0.0867
HCV,0.75,1021,1,P*E*rare,KDE(p=80),-0.2173
HCV,0.75,1021,1,P*E,Wavelet(t=1.5),0.1854
HCV,0.75,1021,1,P*E,FreqThresh(p=85),0.2513
HCV,0.75,1021,1,P*E,KDE(p=80),-0.2173
HCV,0.75,1021,1,H-score,Wavelet(t=1.5),0.3945
HCV,0.75,1021,1,H-score,FreqThresh(p=85),0.2513
HCV,0.75,1021,1,H-score,KDE(p=80),-0.2173
HCV,0.75,1021,1,E_only,Wavelet(t=1.5),0.2569
HCV,0.75,1021,1,E_only,FreqThresh(p=85),0.1831
HCV,0.75,1021,1,E_only,KDE(p=80),-0.2173
HCV,0.75,1021,2,E*rare,Wavelet(t=1.5),-0.1804
HCV,0.75,1021,2,E*rare,FreqThresh(p=85),-0.1519
HCV,0.75,1021,2,E*rare,KDE(p=80),-0.2173
HCV,0.75,1021,2,P*E*rare,Wavelet(t=1.5),-0.1472
HCV,0.75,1021,2,P*E*rare,FreqThresh(p=85),-0.1008
HCV,0.75,1021,2,P*E*rare,KDE(p=80),-0.2173
HCV,0.75,1021,2,P*E,Wavelet(t=1.5),0.2102
HCV,0.75,1021,2,P*E,FreqThresh(p=85),0.2689
HCV,0.75,1021,2,P*E,KDE(p=80),-0.2173
HCV,0.75,1021,2,H-score,Wavelet(t=1.5),0.4399
HCV,0.75,1021,2,H-score,FreqThresh(p=85),0.2689
HCV,0.75,1021,2,H-score,KDE(p=80),-0.2173
HCV,0.75,1021,2,E_only,Wavelet(t=1.5),0.286
HCV,0.75,1021,2,E_only,FreqThresh(p=85),0.1603
HCV,0.75,1021,2,E_only,KDE(p=80),-0.2173
HCV,0.75,1021,3,E*rare,Wavelet(t=1.5),-0.2011
HCV,0.75,1021,3,E*rare,FreqThresh(p=85),-0.1703
HCV,0.75,1021,3,E*rare,KDE(p=80),-0.2173
HCV,0.75,1021,3,P*E*rare,Wavelet(t=1.5),-0.1564
HCV,0.75,1021,3,P*E*rare,FreqThresh(p=85),-0.0924
HCV,0.75,1021,3,P*E*rare,KDE(p=80),-0.2173
HCV,0.75,1021,3,P*E,Wavelet(t=1.5),0.1108
HCV,0.75,1021,3,P*E,FreqThresh(p=85),0.2513
HCV,0.75,1021,3,P*E,KDE(p=80),-0.2173
HCV,0.75,1021,3,H-score,Wavelet(t=1.5),0.3945
HCV,0.75,1021,3,H-score,FreqThresh(p=85),0.2513
HCV,0.75,1021,3,H-score,KDE(p=80),-0.2173
HCV,0.75,1021,3,E_only,Wavelet(t=1.5),0.274
HCV,0.75,1021,3,E_only,FreqThresh(p=85),0.199
HCV,0.75,1021,3,E_only,KDE(p=80),-0.2173
HCV,0.75,1021,4,E*rare,Wavelet(t=1.5),-0.193
HCV,0.75,1021,4,E*rare,FreqThresh(p=85),-0.101
HCV,0.75,1021,4,E*rare,KDE(p=80),-0.2173
HCV,0.75,1021,4,P*E*rare,Wavelet(t=1.5),-0.1472
HCV,0.75,1021,4,P*E*rare,FreqThresh(p=85),-0.1035
HCV,0.75,1021,4,P*E*rare,KDE(p=80),-0.2173
HCV,0.75,1021,4,P*E,Wavelet(t=1.5),0.1921
HCV,0.75,1021,4,P*E,FreqThresh(p=85),0.2689
HCV,0.75,1021,4,P*E,KDE(p=80),-0.2173
HCV,0.75,1021,4,H-score,Wavelet(t=1.5),0.3876
HCV,0.75,1021,4,H-score,FreqThresh(p=85),0.2689
HCV,0.75,1021,4,H-score,KDE(p=80),-0.2173
HCV,0.75,1021,4,E_only,Wavelet(t=1.5),0.286
HCV,0.75,1021,4,E_only,FreqThresh(p=85),0.1441
HCV,0.75,1021,4,E_only,KDE(p=80),-0.2173
HCV,1.0,1362,0,E*rare,Wavelet(t=1.5),-0.1609
HCV,1.0,1362,0,E*rare,FreqThresh(p=85),-0.1424
HCV,1.0,1362,0,E*rare,KDE(p=80),-0.2173
HCV,1.0,1362,0,P*E*rare,Wavelet(t=1.5),-0.1401
HCV,1.0,1362,0,P*E*rare,FreqThresh(p=85),-0.0716
HCV,1.0,1362,0,P*E*rare,KDE(p=80),-0.2173
HCV,1.0,1362,0,P*E,Wavelet(t=1.5),0.1414
HCV,1.0,1362,0,P*E,FreqThresh(p=85),0.2513
HCV,1.0,1362,0,P*E,KDE(p=80),-0.2173
HCV,1.0,1362,0,H-score,Wavelet(t=1.5),0.3945
HCV,1.0,1362,0,H-score,FreqThresh(p=85),0.2513
HCV,1.0,1362,0,H-score,KDE(p=80),-0.2173
HCV,1.0,1362,0,E_only,Wavelet(t=1.5),0.274
HCV,1.0,1362,0,E_only,FreqThresh(p=85),0.199
HCV,1.0,1362,0,E_only,KDE(p=80),-0.2173
HCV,1.0,1362,1,E*rare,Wavelet(t=1.5),-0.1609
HCV,1.0,1362,1,E*rare,FreqThresh(p=85),-0.1424
HCV,1.0,1362,1,E*rare,KDE(p=80),-0.2173
HCV,1.0,1362,1,P*E*rare,Wavelet(t=1.5),-0.1401
HCV,1.0,1362,1,P*E*rare,FreqThresh(p=85),-0.0716
HCV,1.0,1362,1,P*E*rare,KDE(p=80),-0.2173
HCV,1.0,1362,1,P*E,Wavelet(t=1.5),0.1414
HCV,1.0,1362,1,P*E,FreqThresh(p=85),0.2513
HCV,1.0,1362,1,P*E,KDE(p=80),-0.2173
HCV,1.0,1362,1,H-score,Wavelet(t=1.5),0.3945
HCV,1.0,1362,1,H-score,FreqThresh(p=85),0.2513
HCV,1.0,1362,1,H-score,KDE(p=80),-0.2173
HCV,1.0,1362,1,E_only,Wavelet(t=1.5),0.274
HCV,1.0,1362,1,E_only,FreqThresh(p=85),0.199
HCV,1.0,1362,1,E_only,KDE(p=80),-0.2173
HCV,1.0,1362,2,E*rare,Wavelet(t=1.5),-0.1609
HCV,1.0,1362,2,E*rare,FreqThresh(p=85),-0.1424
HCV,1.0,1362,2,E*rare,KDE(p=80),-0.2173
HCV,1.0,1362,2,P*E*rare,Wavelet(t=1.5),-0.1401
HCV,1.0,1362,2,P*E*rare,FreqThresh(p=85),-0.0716
HCV,1.0,1362,2,P*E*rare,KDE(p=80),-0.2173
HCV,1.0,1362,2,P*E,Wavelet(t=1.5),0.1414
HCV,1.0,1362,2,P*E,FreqThresh(p=85),0.2513
HCV,1.0,1362,2,P*E,KDE(p=80),-0.2173
HCV,1.0,1362,2,H-score,Wavelet(t=1.5),0.3945
HCV,1.0,1362,2,H-score,FreqThresh(p=85),0.2513
HCV,1.0,1362,2,H-score,KDE(p=80),-0.2173
HCV,1.0,1362,2,E_only,Wavelet(t=1.5),0.274
HCV,1.0,1362,2,E_only,FreqThresh(p=85),0.199
HCV,1.0,1362,2,E_only,KDE(p=80),-0.2173
HCV,1.0,1362,3,E*rare,Wavelet(t=1.5),-0.1609
HCV,1.0,1362,3,E*rare,FreqThresh(p=85),-0.1424
HCV,1.0,1362,3,E*rare,KDE(p=80),-0.2173
HCV,1.0,1362,3,P*E*rare,Wavelet(t=1.5),-0.1401
HCV,1.0,1362,3,P*E*rare,FreqThresh(p=85),-0.0716
HCV,1.0,1362,3,P*E*rare,KDE(p=80),-0.2173
HCV,1.0,1362,3,P*E,Wavelet(t=1.5),0.1414
HCV,1.0,1362,3,P*E,FreqThresh(p=85),0.2513
HCV,1.0,1362,3,P*E,KDE(p=80),-0.2173
HCV,1.0,1362,3,H-score,Wavelet(t=1.5),0.3945
HCV,1.0,1362,3,H-score,FreqThresh(p=85),0.2513
HCV,1.0,1362,3,H-score,KDE(p=80),-0.2173
HCV,1.0,1362,3,E_only,Wavelet(t=1.5),0.274
HCV,1.0,1362,3,E_only,FreqThresh(p=85),0.199
HCV,1.0,1362,3,E_only,KDE(p=80),-0.2173
HCV,1.0,1362,4,E*rare,Wavelet(t=1.5),-0.1609
HCV,1.0,1362,4,E*rare,FreqThresh(p=85),-0.1424
HCV,1.0,1362,4,E*rare,KDE(p=80),-0.2173
HCV,1.0,1362,4,P*E*rare,Wavelet(t=1.5),-0.1401
HCV,1.0,1362,4,P*E*rare,FreqThresh(p=85),-0.0716
HCV,1.0,1362,4,P*E*rare,KDE(p=80),-0.2173
HCV,1.0,1362,4,P*E,Wavelet(t=1.5),0.1414
HCV,1.0,1362,4,P*E,FreqThresh(p=85),0.2513
HCV,1.0,1362,4,P*E,KDE(p=80),-0.2173
HCV,1.0,1362,4,H-score,Wavelet(t=1.5),0.3945
HCV,1.0,1362,4,H-score,FreqThresh(p=85),0.2513
HCV,1.0,1362,4,H-score,KDE(p=80),-0.2173
HCV,1.0,1362,4,E_only,Wavelet(t=1.5),0.274
HCV,1.0,1362,4,E_only,FreqThresh(p=85),0.199
HCV,1.0,1362,4,E_only,KDE(p=80),-0.2173
