pathogen,scoring,detector,family,n_detected,n_escape,n_overlap,enrichment,p_value
SARS-CoV-2,freq,Wavelet(t=1.0),Wavelet,125,30,2,0.6715,0.8165031722240529
SARS-CoV-2,freq,Wavelet(t=1.5),Wavelet,81,30,1,0.5181,0.8672302326268662
SARS-CoV-2,freq,Wavelet(t=2.0),Wavelet,50,30,1,0.8393,0.7077795134791244
SARS-CoV-2,freq,KDE(p=75),KDE,315,30,17,2.2649,0.0001808450178665988
SARS-CoV-2,freq,KDE(p=80),KDE,252,30,12,1.9984,0.00877114300314456
SARS-CoV-2,freq,KDE(p=85),KDE,189,30,4,0.8882,0.6819252953673234
SARS-CoV-2,freq,SlidingTest(p=0.01),SlidingTest,21,30,1,1.9984,0.39984798104933955
SARS-CoV-2,freq,SlidingTest(p=0.05),SlidingTest,21,30,1,1.9984,0.39984798104933955
SARS-CoV-2,freq,GradPeak(p=0.2),GradPeak,0,30,0,0.0,1.0
SARS-CoV-2,freq,GradPeak(p=0.5),GradPeak,0,30,0,0.0,1.0
SARS-CoV-2,freq,LocalContrast(z=1.0),LocalContrast,46,30,2,1.8246,0.30042257592124366
SARS-CoV-2,freq,LocalContrast(z=1.5),LocalContrast,45,30,2,1.8652,0.29140829307183125
SARS-CoV-2,freq,LocalContrast(z=2.0),LocalContrast,37,30,1,1.1342,0.5956592190434712
SARS-CoV-2,freq,"CUSUM(d=0.3,h=3.0)",CUSUM,1,30,0,0.0,1.0
SARS-CoV-2,freq,"CUSUM(d=0.5,h=4.0)",CUSUM,1,30,0,0.0,1.0
SARS-CoV-2,freq,"CUSUM(d=0.5,h=5.0)",CUSUM,1,30,0,0.0,1.0
SARS-CoV-2,freq,AdaptiveKnee,AdaptiveKnee,5,30,1,8.3933,0.11377018402013124
SARS-CoV-2,freq,ScoreDBSCAN(ep=8),ScoreDBSCAN,6,30,1,6.9944,0.13497185425888408
SARS-CoV-2,freq,ScoreDBSCAN(ep=15),ScoreDBSCAN,17,30,1,2.4686,0.33810483883145837
SARS-CoV-2,freq,Spectral(z=1.5),Spectral,11,30,1,3.8152,0.23383564903301646
SARS-CoV-2,freq,Spectral(z=2.0),Spectral,9,30,1,4.663,0.1956763183022881
SARS-CoV-2,freq,Bayes(prior=0.1),Bayes,12,30,1,3.4972,0.2522530613158766
SARS-CoV-2,freq,Bayes(prior=0.15),Bayes,48,30,2,1.7486,0.3184095781270273
SARS-CoV-2,freq,AdaptWin(s=90),AdaptWin,5,30,1,8.3933,0.11377018402013124
SARS-CoV-2,freq,AdaptWin(s=85),AdaptWin,12,30,1,3.4972,0.2522530613158766
SARS-CoV-2,freq,FreqThresh(p=80),FreqThresh,12,30,1,3.4972,0.2522530613158766
SARS-CoV-2,freq,FreqThresh(p=85),FreqThresh,12,30,1,3.4972,0.2522530613158766
SARS-CoV-2,freq,FreqThresh(p=90),FreqThresh,5,30,1,8.3933,0.11377018402013124
SARS-CoV-2,freq,FreqThresh(p=95),FreqThresh,3,30,0,0.0,1.0
SARS-CoV-2,freq,"SWAN(w=10,k=1.0)",SWAN,1,30,0,0.0,1.0
SARS-CoV-2,freq,"SWAN(w=10,k=1.5)",SWAN,1,30,0,0.0,1.0
SARS-CoV-2,freq,"SWAN(w=10,k=2.0)",SWAN,1,30,0,0.0,1.0
SARS-CoV-2,freq,"SWAN(w=20,k=1.0)",SWAN,1,30,0,0.0,1.0
SARS-CoV-2,freq,"SWAN(w=20,k=1.5)",SWAN,1,30,0,0.0,1.0
SARS-CoV-2,freq,"SWAN(w=20,k=2.0)",SWAN,1,30,0,0.0,1.0
SARS-CoV-2,freq,"SWAN(w=50,k=1.0)",SWAN,2,30,0,0.0,1.0
SARS-CoV-2,freq,"SWAN(w=50,k=1.5)",SWAN,2,30,0,0.0,1.0
SARS-CoV-2,freq,"SWAN(w=50,k=2.0)",SWAN,2,30,0,0.0,1.0
SARS-CoV-2,freq,MutClust-Orig(g=10),MutClust-Orig,0,30,0,0.0,1.0
SARS-CoV-2,entropy,Wavelet(t=1.0),Wavelet,117,30,2,0.7174,0.7852122940021142
SARS-CoV-2,entropy,Wavelet(t=1.5),Wavelet,74,30,1,0.5671,0.8410522421137145
SARS-CoV-2,entropy,Wavelet(t=2.0),Wavelet,48,30,1,0.8743,0.6927384139382711
SARS-CoV-2,entropy,KDE(p=75),KDE,315,30,20,2.6646,1.332716466640608e-06
SARS-CoV-2,entropy,KDE(p=80),KDE,252,30,13,2.1649,0.0027883791854313605
SARS-CoV-2,entropy,KDE(p=85),KDE,189,30,7,1.5543,0.15046955163615938
SARS-CoV-2,entropy,SlidingTest(p=0.01),SlidingTest,21,30,1,1.9984,0.39984798104933955
SARS-CoV-2,entropy,SlidingTest(p=0.05),SlidingTest,21,30,1,1.9984,0.39984798104933955
SARS-CoV-2,entropy,GradPeak(p=0.2),GradPeak,0,30,0,0.0,1.0
SARS-CoV-2,entropy,GradPeak(p=0.5),GradPeak,0,30,0,0.0,1.0
SARS-CoV-2,entropy,LocalContrast(z=1.0),LocalContrast,46,30,2,1.8246,0.30042257592124366
SARS-CoV-2,entropy,LocalContrast(z=1.5),LocalContrast,45,30,2,1.8652,0.29140829307183125
SARS-CoV-2,entropy,LocalContrast(z=2.0),LocalContrast,40,30,1,1.0492,0.62473693333387
SARS-CoV-2,entropy,"CUSUM(d=0.3,h=3.0)",CUSUM,1,30,0,0.0,1.0
SARS-CoV-2,entropy,"CUSUM(d=0.5,h=4.0)",CUSUM,1,30,0,0.0,1.0
SARS-CoV-2,entropy,"CUSUM(d=0.5,h=5.0)",CUSUM,1,30,0,0.0,1.0
SARS-CoV-2,entropy,AdaptiveKnee,AdaptiveKnee,13,30,1,3.2282,0.2702421616851818
SARS-CoV-2,entropy,ScoreDBSCAN(ep=8),ScoreDBSCAN,6,30,1,6.9944,0.13497185425888408
SARS-CoV-2,entropy,ScoreDBSCAN(ep=15),ScoreDBSCAN,12,30,1,3.4972,0.2522530613158766
SARS-CoV-2,entropy,Spectral(z=1.5),Spectral,14,30,1,2.9976,0.28781257512775366
SARS-CoV-2,entropy,Spectral(z=2.0),Spectral,8,30,1,5.2458,0.17591406568072274
SARS-CoV-2,entropy,Bayes(prior=0.1),Bayes,48,30,2,1.7486,0.3184095781270273
SARS-CoV-2,entropy,Bayes(prior=0.15),Bayes,48,30,2,1.7486,0.3184095781270273
SARS-CoV-2,entropy,AdaptWin(s=90),AdaptWin,6,30,0,0.0,1.0
SARS-CoV-2,entropy,AdaptWin(s=85),AdaptWin,8,30,1,5.2458,0.17591406568072274
SARS-CoV-2,entropy,FreqThresh(p=80),FreqThresh,12,30,1,3.4972,0.2522530613158766
SARS-CoV-2,entropy,FreqThresh(p=85),FreqThresh,8,30,1,5.2458,0.17591406568072274
SARS-CoV-2,entropy,FreqThresh(p=90),FreqThresh,6,30,0,0.0,1.0
SARS-CoV-2,entropy,FreqThresh(p=95),FreqThresh,3,30,0,0.0,1.0
SARS-CoV-2,entropy,"SWAN(w=10,k=1.0)",SWAN,5,30,1,8.3933,0.11377018402013124
SARS-CoV-2,entropy,"SWAN(w=10,k=1.5)",SWAN,1,30,0,0.0,1.0
SARS-CoV-2,entropy,"SWAN(w=10,k=2.0)",SWAN,1,30,0,0.0,1.0
SARS-CoV-2,entropy,"SWAN(w=20,k=1.0)",SWAN,5,30,0,0.0,1.0
SARS-CoV-2,entropy,"SWAN(w=20,k=1.5)",SWAN,1,30,0,0.0,1.0
SARS-CoV-2,entropy,"SWAN(w=20,k=2.0)",SWAN,1,30,0,0.0,1.0
SARS-CoV-2,entropy,"SWAN(w=50,k=1.0)",SWAN,2,30,0,0.0,1.0
SARS-CoV-2,entropy,"SWAN(w=50,k=1.5)",SWAN,2,30,0,0.0,1.0
SARS-CoV-2,entropy,"SWAN(w=50,k=2.0)",SWAN,2,30,0,0.0,1.0
SARS-CoV-2,entropy,MutClust-Orig(g=10),MutClust-Orig,0,30,0,0.0,1.0
SARS-CoV-2,rare_freq,Wavelet(t=1.0),Wavelet,178,30,18,4.2438,4.271757088749265e-09
SARS-CoV-2,rare_freq,Wavelet(t=1.5),Wavelet,97,30,13,5.6244,6.150699559257674e-08
SARS-CoV-2,rare_freq,Wavelet(t=2.0),Wavelet,49,30,6,5.1388,0.0007418538582121586
SARS-CoV-2,rare_freq,KDE(p=75),KDE,315,30,15,1.9984,0.0024692037388812775
SARS-CoV-2,rare_freq,KDE(p=80),KDE,252,30,8,1.3323,0.23777090823701585
SARS-CoV-2,rare_freq,KDE(p=85),KDE,189,30,6,1.3323,0.28863885536749434
SARS-CoV-2,rare_freq,SlidingTest(p=0.01),SlidingTest,81,30,5,2.5905,0.0388392255906117
SARS-CoV-2,rare_freq,SlidingTest(p=0.05),SlidingTest,91,30,5,2.3059,0.05955604322452164
SARS-CoV-2,rare_freq,GradPeak(p=0.2),GradPeak,0,30,0,0.0,1.0
SARS-CoV-2,rare_freq,GradPeak(p=0.5),GradPeak,0,30,0,0.0,1.0
SARS-CoV-2,rare_freq,LocalContrast(z=1.0),LocalContrast,45,30,2,1.8652,0.29140829307183125
SARS-CoV-2,rare_freq,LocalContrast(z=1.5),LocalContrast,44,30,2,1.9076,0.28238624074497715
SARS-CoV-2,rare_freq,LocalContrast(z=2.0),LocalContrast,35,30,1,1.199,0.5750765978997829
SARS-CoV-2,rare_freq,"CUSUM(d=0.3,h=3.0)",CUSUM,46,30,2,1.8246,0.30042257592124366
SARS-CoV-2,rare_freq,"CUSUM(d=0.5,h=4.0)",CUSUM,17,30,1,2.4686,0.33810483883145837
SARS-CoV-2,rare_freq,"CUSUM(d=0.5,h=5.0)",CUSUM,16,30,1,2.6229,0.3217348018693345
SARS-CoV-2,rare_freq,AdaptiveKnee,AdaptiveKnee,1259,30,30,1.0,1.0
SARS-CoV-2,rare_freq,ScoreDBSCAN(ep=8),ScoreDBSCAN,6,30,1,6.9944,0.13497185425888408
SARS-CoV-2,rare_freq,ScoreDBSCAN(ep=15),ScoreDBSCAN,12,30,1,3.4972,0.2522530613158766
SARS-CoV-2,rare_freq,Spectral(z=1.5),Spectral,72,30,3,1.7486,0.2434390131255469
SARS-CoV-2,rare_freq,Spectral(z=2.0),Spectral,56,30,2,1.4988,0.3892210962974487
SARS-CoV-2,rare_freq,Bayes(prior=0.1),Bayes,46,30,2,1.8246,0.30042257592124366
SARS-CoV-2,rare_freq,Bayes(prior=0.15),Bayes,46,30,2,1.8246,0.30042257592124366
SARS-CoV-2,rare_freq,AdaptWin(s=90),AdaptWin,5,30,1,8.3933,0.11377018402013124
SARS-CoV-2,rare_freq,AdaptWin(s=85),AdaptWin,10,30,1,4.1967,0.21498008666303314
SARS-CoV-2,rare_freq,FreqThresh(p=80),FreqThresh,10,30,1,4.1967,0.21498008666303314
SARS-CoV-2,rare_freq,FreqThresh(p=85),FreqThresh,10,30,1,4.1967,0.21498008666303314
SARS-CoV-2,rare_freq,FreqThresh(p=90),FreqThresh,5,30,1,8.3933,0.11377018402013124
SARS-CoV-2,rare_freq,FreqThresh(p=95),FreqThresh,3,30,1,13.9889,0.0698496292354446
SARS-CoV-2,rare_freq,"SWAN(w=10,k=1.0)",SWAN,36,30,2,2.3315,0.21055897354910655
SARS-CoV-2,rare_freq,"SWAN(w=10,k=1.5)",SWAN,36,30,2,2.3315,0.21055897354910655
SARS-CoV-2,rare_freq,"SWAN(w=10,k=2.0)",SWAN,24,30,2,3.4972,0.109604526446587
SARS-CoV-2,rare_freq,"SWAN(w=20,k=1.0)",SWAN,35,30,2,2.3981,0.2017129391506384
SARS-CoV-2,rare_freq,"SWAN(w=20,k=1.5)",SWAN,35,30,2,2.3981,0.2017129391506384
SARS-CoV-2,rare_freq,"SWAN(w=20,k=2.0)",SWAN,19,30,1,2.2088,0.3697068434160899
SARS-CoV-2,rare_freq,"SWAN(w=50,k=1.0)",SWAN,23,30,1,1.8246,0.42859355902802787
SARS-CoV-2,rare_freq,"SWAN(w=50,k=1.5)",SWAN,19,30,1,2.2088,0.3697068434160899
SARS-CoV-2,rare_freq,"SWAN(w=50,k=2.0)",SWAN,15,30,1,2.7978,0.3049737178957597
SARS-CoV-2,rare_freq,MutClust-Orig(g=10),MutClust-Orig,0,30,0,0.0,1.0
SARS-CoV-2,homoplasy,Wavelet(t=1.0),Wavelet,173,30,10,2.4258,0.00465305216177687
SARS-CoV-2,homoplasy,Wavelet(t=1.5),Wavelet,105,30,7,2.7978,0.00936704825941534
SARS-CoV-2,homoplasy,Wavelet(t=2.0),Wavelet,76,30,6,3.3132,0.00736127500685058
SARS-CoV-2,homoplasy,KDE(p=75),KDE,315,30,10,1.3323,0.19475223959760757
SARS-CoV-2,homoplasy,KDE(p=80),KDE,252,30,3,0.4996,0.9577780649799685
SARS-CoV-2,homoplasy,KDE(p=85),KDE,189,30,0,0.0,1.0
SARS-CoV-2,homoplasy,SlidingTest(p=0.01),SlidingTest,104,30,7,2.8247,0.008891029970738568
SARS-CoV-2,homoplasy,SlidingTest(p=0.05),SlidingTest,128,30,7,2.2951,0.026373315886044923
SARS-CoV-2,homoplasy,GradPeak(p=0.2),GradPeak,8,30,0,0.0,1.0
SARS-CoV-2,homoplasy,GradPeak(p=0.5),GradPeak,0,30,0,0.0,1.0
SARS-CoV-2,homoplasy,LocalContrast(z=1.0),LocalContrast,157,30,2,0.5346,0.9057053941471928
SARS-CoV-2,homoplasy,LocalContrast(z=1.5),LocalContrast,123,30,2,0.6824,0.80906722262083
SARS-CoV-2,homoplasy,LocalContrast(z=2.0),LocalContrast,85,30,1,0.4937,0.8802631956900486
SARS-CoV-2,homoplasy,"CUSUM(d=0.3,h=3.0)",CUSUM,40,30,1,1.0492,0.62473693333387
SARS-CoV-2,homoplasy,"CUSUM(d=0.5,h=4.0)",CUSUM,22,30,1,1.9076,0.41439124483651235
SARS-CoV-2,homoplasy,"CUSUM(d=0.5,h=5.0)",CUSUM,15,30,1,2.7978,0.3049737178957597
SARS-CoV-2,homoplasy,AdaptiveKnee,AdaptiveKnee,1259,30,30,1.0,1.0
SARS-CoV-2,homoplasy,ScoreDBSCAN(ep=8),ScoreDBSCAN,151,30,1,0.2779,0.9793640936533736
SARS-CoV-2,homoplasy,ScoreDBSCAN(ep=15),ScoreDBSCAN,182,30,2,0.4612,0.9459257899784873
SARS-CoV-2,homoplasy,Spectral(z=1.5),Spectral,72,30,2,1.1657,0.5206348655727486
SARS-CoV-2,homoplasy,Spectral(z=2.0),Spectral,47,30,1,0.8929,0.6849398965255369
SARS-CoV-2,homoplasy,Bayes(prior=0.1),Bayes,30,30,1,1.3989,0.5190911329076224
SARS-CoV-2,homoplasy,Bayes(prior=0.15),Bayes,73,30,1,0.5749,0.8369273003000565
SARS-CoV-2,homoplasy,AdaptWin(s=90),AdaptWin,39,30,1,1.0761,0.6152765198885055
SARS-CoV-2,homoplasy,AdaptWin(s=85),AdaptWin,103,30,1,0.4074,0.9251191080604471
SARS-CoV-2,homoplasy,FreqThresh(p=80),FreqThresh,73,30,1,0.5749,0.8369273003000565
SARS-CoV-2,homoplasy,FreqThresh(p=85),FreqThresh,73,30,1,0.5749,0.8369273003000565
SARS-CoV-2,homoplasy,FreqThresh(p=90),FreqThresh,30,30,1,1.3989,0.5190911329076224
SARS-CoV-2,homoplasy,FreqThresh(p=95),FreqThresh,17,30,1,2.4686,0.33810483883145837
SARS-CoV-2,homoplasy,"SWAN(w=10,k=1.0)",SWAN,143,30,2,0.5869,0.8729685159646108
SARS-CoV-2,homoplasy,"SWAN(w=10,k=1.5)",SWAN,87,30,2,0.9648,0.6266929920934813
SARS-CoV-2,homoplasy,"SWAN(w=10,k=2.0)",SWAN,78,30,2,1.0761,0.5652160862044441
SARS-CoV-2,homoplasy,"SWAN(w=20,k=1.0)",SWAN,132,30,3,0.9538,0.6249342981234948
SARS-CoV-2,homoplasy,"SWAN(w=20,k=1.5)",SWAN,116,30,3,1.0853,0.5329090079383896
SARS-CoV-2,homoplasy,"SWAN(w=20,k=2.0)",SWAN,72,30,2,1.1657,0.5206348655727486
SARS-CoV-2,homoplasy,"SWAN(w=50,k=1.0)",SWAN,117,30,3,1.0761,0.5389865585733264
SARS-CoV-2,homoplasy,"SWAN(w=50,k=1.5)",SWAN,115,30,3,1.0948,0.5267917402734409
SARS-CoV-2,homoplasy,"SWAN(w=50,k=2.0)",SWAN,97,30,3,1.2979,0.4109910606170625
SARS-CoV-2,homoplasy,MutClust-Orig(g=10),MutClust-Orig,70,30,3,1.7986,0.23046508512996922
SARS-CoV-2,esm2_llr,Wavelet(t=1.0),Wavelet,162,30,2,0.5181,0.9154281789737483
SARS-CoV-2,esm2_llr,Wavelet(t=1.5),Wavelet,83,30,1,0.5056,0.87390938964045
SARS-CoV-2,esm2_llr,Wavelet(t=2.0),Wavelet,50,30,1,0.8393,0.7077795134791244
SARS-CoV-2,esm2_llr,KDE(p=75),KDE,315,30,26,3.4639,1.0017630464196145e-12
SARS-CoV-2,esm2_llr,KDE(p=80),KDE,252,30,21,3.4972,2.6147999567559733e-09
SARS-CoV-2,esm2_llr,KDE(p=85),KDE,189,30,16,3.5527,7.740361412112464e-07
SARS-CoV-2,esm2_llr,SlidingTest(p=0.01),SlidingTest,77,30,1,0.545,0.8528308745399923
SARS-CoV-2,esm2_llr,SlidingTest(p=0.05),SlidingTest,156,30,3,0.8071,0.7397965770091022
SARS-CoV-2,esm2_llr,GradPeak(p=0.2),GradPeak,56,30,1,0.7494,0.7487545785049771
SARS-CoV-2,esm2_llr,GradPeak(p=0.5),GradPeak,15,30,0,0.0,1.0
SARS-CoV-2,esm2_llr,LocalContrast(z=1.0),LocalContrast,157,30,5,1.3365,0.3159954510204048
SARS-CoV-2,esm2_llr,LocalContrast(z=1.5),LocalContrast,104,30,1,0.4035,0.927062383802823
SARS-CoV-2,esm2_llr,LocalContrast(z=2.0),LocalContrast,71,30,1,0.5911,0.8283647439121236
SARS-CoV-2,esm2_llr,"CUSUM(d=0.3,h=3.0)",CUSUM,24,30,0,0.0,1.0
SARS-CoV-2,esm2_llr,"CUSUM(d=0.5,h=4.0)",CUSUM,8,30,0,0.0,1.0
SARS-CoV-2,esm2_llr,"CUSUM(d=0.5,h=5.0)",CUSUM,6,30,0,0.0,1.0
SARS-CoV-2,esm2_llr,AdaptiveKnee,AdaptiveKnee,75,30,0,0.0,1.0
SARS-CoV-2,esm2_llr,ScoreDBSCAN(ep=8),ScoreDBSCAN,692,30,17,1.031,0.500785797424923
SARS-CoV-2,esm2_llr,ScoreDBSCAN(ep=15),ScoreDBSCAN,1089,30,28,1.079,0.20641014088109597
SARS-CoV-2,esm2_llr,Spectral(z=1.5),Spectral,63,30,1,0.6661,0.7895590533168599
SARS-CoV-2,esm2_llr,Spectral(z=2.0),Spectral,40,30,1,1.0492,0.62473693333387
SARS-CoV-2,esm2_llr,Bayes(prior=0.1),Bayes,4,30,0,0.0,1.0
SARS-CoV-2,esm2_llr,Bayes(prior=0.15),Bayes,21,30,0,0.0,1.0
SARS-CoV-2,esm2_llr,AdaptWin(s=90),AdaptWin,281,30,2,0.2987,0.9954250722836401
SARS-CoV-2,esm2_llr,AdaptWin(s=85),AdaptWin,695,30,24,1.4492,0.0038846907298013046
SARS-CoV-2,esm2_llr,FreqThresh(p=80),FreqThresh,252,30,8,1.3323,0.23777090823701585
SARS-CoV-2,esm2_llr,FreqThresh(p=85),FreqThresh,189,30,5,1.1102,0.4771498445452899
SARS-CoV-2,esm2_llr,FreqThresh(p=90),FreqThresh,126,30,0,0.0,1.0
SARS-CoV-2,esm2_llr,FreqThresh(p=95),FreqThresh,63,30,0,0.0,1.0
SARS-CoV-2,esm2_llr,"SWAN(w=10,k=1.0)",SWAN,283,30,7,1.038,0.527188141730412
SARS-CoV-2,esm2_llr,"SWAN(w=10,k=1.5)",SWAN,168,30,2,0.4996,0.92590043742825
SARS-CoV-2,esm2_llr,"SWAN(w=10,k=2.0)",SWAN,94,30,1,0.4465,0.9052240684610457
SARS-CoV-2,esm2_llr,"SWAN(w=20,k=1.0)",SWAN,364,30,13,1.4988,0.06296026812224158
SARS-CoV-2,esm2_llr,"SWAN(w=20,k=1.5)",SWAN,236,30,6,1.0669,0.5040586994961068
SARS-CoV-2,esm2_llr,"SWAN(w=20,k=2.0)",SWAN,165,30,6,1.5261,0.18982225710261255
SARS-CoV-2,esm2_llr,"SWAN(w=50,k=1.0)",SWAN,373,30,15,1.6877,0.01403402110612437
SARS-CoV-2,esm2_llr,"SWAN(w=50,k=1.5)",SWAN,348,30,13,1.5677,0.04506708857900168
SARS-CoV-2,esm2_llr,"SWAN(w=50,k=2.0)",SWAN,273,30,10,1.5372,0.09353854831527796
SARS-CoV-2,esm2_llr,MutClust-Orig(g=10),MutClust-Orig,1259,30,30,1.0,1.0
SARS-CoV-2,plddt_inv,Wavelet(t=1.0),Wavelet,220,30,2,0.3815,0.9779998695194548
SARS-CoV-2,plddt_inv,Wavelet(t=1.5),Wavelet,116,30,1,0.3618,0.9468954471218726
SARS-CoV-2,plddt_inv,Wavelet(t=2.0),Wavelet,63,30,0,0.0,1.0
SARS-CoV-2,plddt_inv,KDE(p=75),KDE,315,30,1,0.1332,0.9998424621198289
SARS-CoV-2,plddt_inv,KDE(p=80),KDE,252,30,1,0.1665,0.9988730929812368
SARS-CoV-2,plddt_inv,KDE(p=85),KDE,189,30,1,0.222,0.9928587023368178
SARS-CoV-2,plddt_inv,SlidingTest(p=0.01),SlidingTest,370,30,3,0.3403,0.9976216193024365
SARS-CoV-2,plddt_inv,SlidingTest(p=0.05),SlidingTest,388,30,3,0.3245,0.9985532832621372
SARS-CoV-2,plddt_inv,GradPeak(p=0.2),GradPeak,108,30,2,0.7772,0.7448084809910265
SARS-CoV-2,plddt_inv,GradPeak(p=0.5),GradPeak,94,30,2,0.8929,0.6699528299576556
SARS-CoV-2,plddt_inv,LocalContrast(z=1.0),LocalContrast,176,30,6,1.4307,0.23326490166833105
SARS-CoV-2,plddt_inv,LocalContrast(z=1.5),LocalContrast,65,30,4,2.5826,0.0645038567051214
SARS-CoV-2,plddt_inv,LocalContrast(z=2.0),LocalContrast,15,30,1,2.7978,0.3049737178957597
SARS-CoV-2,plddt_inv,"CUSUM(d=0.3,h=3.0)",CUSUM,103,30,1,0.4074,0.9251191080604471
SARS-CoV-2,plddt_inv,"CUSUM(d=0.5,h=4.0)",CUSUM,63,30,1,0.6661,0.7895590533168599
SARS-CoV-2,plddt_inv,"CUSUM(d=0.5,h=5.0)",CUSUM,53,30,1,0.7918,0.7290147124404978
SARS-CoV-2,plddt_inv,AdaptiveKnee,AdaptiveKnee,470,30,11,0.9822,0.5994432613778136
SARS-CoV-2,plddt_inv,ScoreDBSCAN(ep=8),ScoreDBSCAN,269,30,2,0.312,0.9936935367931925
SARS-CoV-2,plddt_inv,ScoreDBSCAN(ep=15),ScoreDBSCAN,787,30,15,0.7999,0.9459313059713503
SARS-CoV-2,plddt_inv,Spectral(z=1.5),Spectral,100,30,2,0.8393,0.7038982230262079
SARS-CoV-2,plddt_inv,Spectral(z=2.0),Spectral,62,30,2,1.3538,0.4404143495878466
SARS-CoV-2,plddt_inv,Bayes(prior=0.1),Bayes,0,30,0,0.0,1.0
SARS-CoV-2,plddt_inv,Bayes(prior=0.15),Bayes,0,30,0,0.0,1.0
SARS-CoV-2,plddt_inv,AdaptWin(s=90),AdaptWin,382,30,3,0.3296,0.9982895751022691
SARS-CoV-2,plddt_inv,AdaptWin(s=85),AdaptWin,425,30,3,0.2962,0.9995045605819142
SARS-CoV-2,plddt_inv,FreqThresh(p=80),FreqThresh,252,30,3,0.4996,0.9577780649799685
SARS-CoV-2,plddt_inv,FreqThresh(p=85),FreqThresh,189,30,3,0.6661,0.8522045232910216
SARS-CoV-2,plddt_inv,FreqThresh(p=90),FreqThresh,126,30,2,0.6661,0.8201277342622495
SARS-CoV-2,plddt_inv,FreqThresh(p=95),FreqThresh,63,30,0,0.0,1.0
SARS-CoV-2,plddt_inv,"SWAN(w=10,k=1.0)",SWAN,417,30,3,0.3019,0.9993717715414856
SARS-CoV-2,plddt_inv,"SWAN(w=10,k=1.5)",SWAN,405,30,3,0.3109,0.9991083296957223
SARS-CoV-2,plddt_inv,"SWAN(w=10,k=2.0)",SWAN,393,30,3,0.3204,0.9987433823500316
SARS-CoV-2,plddt_inv,"SWAN(w=20,k=1.0)",SWAN,405,30,3,0.3109,0.9991083296957223
SARS-CoV-2,plddt_inv,"SWAN(w=20,k=1.5)",SWAN,403,30,3,0.3124,0.999055393720086
SARS-CoV-2,plddt_inv,"SWAN(w=20,k=2.0)",SWAN,392,30,3,0.3212,0.9987073482922507
SARS-CoV-2,plddt_inv,"SWAN(w=50,k=1.0)",SWAN,410,30,3,0.3071,0.9992287194431457
SARS-CoV-2,plddt_inv,"SWAN(w=50,k=1.5)",SWAN,409,30,3,0.3078,0.9992059391462369
SARS-CoV-2,plddt_inv,"SWAN(w=50,k=2.0)",SWAN,404,30,3,0.3116,0.9990822206649299
SARS-CoV-2,plddt_inv,MutClust-Orig(g=10),MutClust-Orig,1258,30,30,1.0008,0.9761715647339158
SARS-CoV-2,sasa,Wavelet(t=1.0),Wavelet,198,30,1,0.212,0.9944766900063907
SARS-CoV-2,sasa,Wavelet(t=1.5),Wavelet,131,30,0,0.0,1.0
SARS-CoV-2,sasa,Wavelet(t=2.0),Wavelet,78,30,0,0.0,1.0
SARS-CoV-2,sasa,KDE(p=75),KDE,315,30,25,3.3307,1.7128358539680134e-11
SARS-CoV-2,sasa,KDE(p=80),KDE,252,30,16,2.6646,4.157401269751871e-05
SARS-CoV-2,sasa,KDE(p=85),KDE,189,30,10,2.2205,0.008892595110463367
SARS-CoV-2,sasa,SlidingTest(p=0.01),SlidingTest,242,30,5,0.8671,0.7127455726479608
SARS-CoV-2,sasa,SlidingTest(p=0.05),SlidingTest,316,30,6,0.7968,0.8040041552118118
SARS-CoV-2,sasa,GradPeak(p=0.2),GradPeak,30,30,0,0.0,1.0
SARS-CoV-2,sasa,GradPeak(p=0.5),GradPeak,9,30,0,0.0,1.0
SARS-CoV-2,sasa,LocalContrast(z=1.0),LocalContrast,184,30,5,1.1404,0.45211579566759813
SARS-CoV-2,sasa,LocalContrast(z=1.5),LocalContrast,105,30,0,0.0,1.0
SARS-CoV-2,sasa,LocalContrast(z=2.0),LocalContrast,48,30,0,0.0,1.0
SARS-CoV-2,sasa,"CUSUM(d=0.3,h=3.0)",CUSUM,71,30,2,1.1822,0.5129349807825483
SARS-CoV-2,sasa,"CUSUM(d=0.5,h=4.0)",CUSUM,42,30,1,0.9992,0.6429877446155348
SARS-CoV-2,sasa,"CUSUM(d=0.5,h=5.0)",CUSUM,31,30,1,1.3538,0.530830161396452
SARS-CoV-2,sasa,AdaptiveKnee,AdaptiveKnee,424,30,10,0.9898,0.5853740819747002
SARS-CoV-2,sasa,ScoreDBSCAN(ep=8),ScoreDBSCAN,124,30,2,0.6769,0.8128165797064176
SARS-CoV-2,sasa,ScoreDBSCAN(ep=15),ScoreDBSCAN,412,30,9,0.9167,0.6919552100178118
SARS-CoV-2,sasa,Spectral(z=1.5),Spectral,125,30,3,1.0072,0.5860911398718565
SARS-CoV-2,sasa,Spectral(z=2.0),Spectral,77,30,2,1.09,0.557982062907193
SARS-CoV-2,sasa,Bayes(prior=0.1),Bayes,0,30,0,0.0,1.0
SARS-CoV-2,sasa,Bayes(prior=0.15),Bayes,65,30,1,0.6456,0.7999881910658186
SARS-CoV-2,sasa,AdaptWin(s=90),AdaptWin,192,30,2,0.4372,0.9570587732545041
SARS-CoV-2,sasa,AdaptWin(s=85),AdaptWin,269,30,6,0.9361,0.645626370259381
SARS-CoV-2,sasa,FreqThresh(p=80),FreqThresh,190,30,3,0.6626,0.8548673435427745
SARS-CoV-2,sasa,FreqThresh(p=85),FreqThresh,142,30,2,0.5911,0.8702859523053754
SARS-CoV-2,sasa,FreqThresh(p=90),FreqThresh,95,30,1,0.4418,0.9076646503890874
SARS-CoV-2,sasa,FreqThresh(p=95),FreqThresh,48,30,0,0.0,1.0
SARS-CoV-2,sasa,"SWAN(w=10,k=1.0)",SWAN,335,30,8,1.0022,0.5677341698576929
SARS-CoV-2,sasa,"SWAN(w=10,k=1.5)",SWAN,316,30,7,0.9296,0.6589342188876615
SARS-CoV-2,sasa,"SWAN(w=10,k=2.0)",SWAN,270,30,3,0.4663,0.9715732292671796
SARS-CoV-2,sasa,"SWAN(w=20,k=1.0)",SWAN,339,30,8,0.9904,0.5833569476985394
SARS-CoV-2,sasa,"SWAN(w=20,k=1.5)",SWAN,324,30,8,1.0362,0.5238692838643445
SARS-CoV-2,sasa,"SWAN(w=20,k=2.0)",SWAN,315,30,6,0.7994,0.8012496627499607
SARS-CoV-2,sasa,"SWAN(w=50,k=1.0)",SWAN,371,30,11,1.2443,0.2461763883195875
SARS-CoV-2,sasa,"SWAN(w=50,k=1.5)",SWAN,344,30,8,0.976,0.6025918403832107
SARS-CoV-2,sasa,"SWAN(w=50,k=2.0)",SWAN,279,30,8,1.2033,0.34010896898988485
SARS-CoV-2,sasa,MutClust-Orig(g=10),MutClust-Orig,886,30,24,1.1368,0.1672927712000711
SARS-CoV-2,grantham,Wavelet(t=1.0),Wavelet,137,30,5,1.5316,0.22093125080168463
SARS-CoV-2,grantham,Wavelet(t=1.5),Wavelet,94,30,3,1.3394,0.39091741648199874
SARS-CoV-2,grantham,Wavelet(t=2.0),Wavelet,53,30,1,0.7918,0.7290147124404978
SARS-CoV-2,grantham,KDE(p=75),KDE,315,30,6,0.7994,0.8012496627499607
SARS-CoV-2,grantham,KDE(p=80),KDE,252,30,2,0.3331,0.990162032590798
SARS-CoV-2,grantham,KDE(p=85),KDE,189,30,0,0.0,1.0
SARS-CoV-2,grantham,SlidingTest(p=0.01),SlidingTest,50,30,0,0.0,1.0
SARS-CoV-2,grantham,SlidingTest(p=0.05),SlidingTest,111,30,4,1.5123,0.26873154968356694
SARS-CoV-2,grantham,GradPeak(p=0.2),GradPeak,33,30,1,1.2717,0.5534828707657248
SARS-CoV-2,grantham,GradPeak(p=0.5),GradPeak,33,30,1,1.2717,0.5534828707657248
SARS-CoV-2,grantham,LocalContrast(z=1.0),LocalContrast,40,30,2,2.0983,0.24632039551928528
SARS-CoV-2,grantham,LocalContrast(z=1.5),LocalContrast,37,30,2,2.2685,0.21944943961199892
SARS-CoV-2,grantham,LocalContrast(z=2.0),LocalContrast,33,30,1,1.2717,0.5534828707657248
SARS-CoV-2,grantham,"CUSUM(d=0.3,h=3.0)",CUSUM,31,30,1,1.3538,0.530830161396452
SARS-CoV-2,grantham,"CUSUM(d=0.5,h=4.0)",CUSUM,27,30,1,1.5543,0.4821452837586835
SARS-CoV-2,grantham,"CUSUM(d=0.5,h=5.0)",CUSUM,15,30,1,2.7978,0.3049737178957597
SARS-CoV-2,grantham,AdaptiveKnee,AdaptiveKnee,1259,30,30,1.0,1.0
SARS-CoV-2,grantham,ScoreDBSCAN(ep=8),ScoreDBSCAN,0,30,0,0.0,1.0
SARS-CoV-2,grantham,ScoreDBSCAN(ep=15),ScoreDBSCAN,0,30,0,0.0,1.0
SARS-CoV-2,grantham,Spectral(z=1.5),Spectral,60,30,2,1.3989,0.4235750428178981
SARS-CoV-2,grantham,Spectral(z=2.0),Spectral,44,30,1,0.9538,0.6603791227149014
SARS-CoV-2,grantham,Bayes(prior=0.1),Bayes,38,30,2,2.2088,0.2283774949340225
SARS-CoV-2,grantham,Bayes(prior=0.15),Bayes,46,30,2,1.8246,0.30042257592124366
SARS-CoV-2,grantham,AdaptWin(s=90),AdaptWin,6,30,0,0.0,1.0
SARS-CoV-2,grantham,AdaptWin(s=85),AdaptWin,8,30,0,0.0,1.0
SARS-CoV-2,grantham,FreqThresh(p=80),FreqThresh,10,30,1,4.1967,0.21498008666303314
SARS-CoV-2,grantham,FreqThresh(p=85),FreqThresh,7,30,0,0.0,1.0
SARS-CoV-2,grantham,FreqThresh(p=90),FreqThresh,5,30,0,0.0,1.0
SARS-CoV-2,grantham,FreqThresh(p=95),FreqThresh,3,30,0,0.0,1.0
SARS-CoV-2,grantham,"SWAN(w=10,k=1.0)",SWAN,36,30,2,2.3315,0.21055897354910655
SARS-CoV-2,grantham,"SWAN(w=10,k=1.5)",SWAN,27,30,2,3.1086,0.13346505087799654
SARS-CoV-2,grantham,"SWAN(w=10,k=2.0)",SWAN,21,30,1,1.9984,0.39984798104933955
SARS-CoV-2,grantham,"SWAN(w=20,k=1.0)",SWAN,38,30,2,2.2088,0.2283774949340225
SARS-CoV-2,grantham,"SWAN(w=20,k=1.5)",SWAN,25,30,2,3.3573,0.11742062807224027
SARS-CoV-2,grantham,"SWAN(w=20,k=2.0)",SWAN,21,30,2,3.9968,0.08711367837033543
SARS-CoV-2,grantham,"SWAN(w=50,k=1.0)",SWAN,33,30,2,2.5434,0.18418298944414357
SARS-CoV-2,grantham,"SWAN(w=50,k=1.5)",SWAN,20,30,0,0.0,1.0
SARS-CoV-2,grantham,"SWAN(w=50,k=2.0)",SWAN,12,30,0,0.0,1.0
SARS-CoV-2,grantham,MutClust-Orig(g=10),MutClust-Orig,46,30,2,1.8246,0.30042257592124366
SARS-CoV-2,dnds_proxy,Wavelet(t=1.0),Wavelet,125,30,2,0.6715,0.8165031722240529
SARS-CoV-2,dnds_proxy,Wavelet(t=1.5),Wavelet,81,30,1,0.5181,0.8672302326268662
SARS-CoV-2,dnds_proxy,Wavelet(t=2.0),Wavelet,50,30,1,0.8393,0.7077795134791244
SARS-CoV-2,dnds_proxy,KDE(p=75),KDE,315,30,19,2.5313,7.857364926143172e-06
SARS-CoV-2,dnds_proxy,KDE(p=80),KDE,252,30,13,2.1649,0.0027883791854313605
SARS-CoV-2,dnds_proxy,KDE(p=85),KDE,189,30,4,0.8882,0.6819252953673234
SARS-CoV-2,dnds_proxy,SlidingTest(p=0.01),SlidingTest,21,30,1,1.9984,0.39984798104933955
SARS-CoV-2,dnds_proxy,SlidingTest(p=0.05),SlidingTest,21,30,1,1.9984,0.39984798104933955
SARS-CoV-2,dnds_proxy,GradPeak(p=0.2),GradPeak,5,30,0,0.0,1.0
SARS-CoV-2,dnds_proxy,GradPeak(p=0.5),GradPeak,1,30,0,0.0,1.0
SARS-CoV-2,dnds_proxy,LocalContrast(z=1.0),LocalContrast,44,30,2,1.9076,0.28238624074497715
SARS-CoV-2,dnds_proxy,LocalContrast(z=1.5),LocalContrast,41,30,2,2.0472,0.25532292184957467
SARS-CoV-2,dnds_proxy,LocalContrast(z=2.0),LocalContrast,33,30,1,1.2717,0.5534828707657248
SARS-CoV-2,dnds_proxy,"CUSUM(d=0.3,h=3.0)",CUSUM,1,30,0,0.0,1.0
SARS-CoV-2,dnds_proxy,"CUSUM(d=0.5,h=4.0)",CUSUM,1,30,0,0.0,1.0
SARS-CoV-2,dnds_proxy,"CUSUM(d=0.5,h=5.0)",CUSUM,1,30,0,0.0,1.0
SARS-CoV-2,dnds_proxy,AdaptiveKnee,AdaptiveKnee,7,30,1,5.9952,0.1556828234306586
SARS-CoV-2,dnds_proxy,ScoreDBSCAN(ep=8),ScoreDBSCAN,6,30,1,6.9944,0.13497185425888408
SARS-CoV-2,dnds_proxy,ScoreDBSCAN(ep=15),ScoreDBSCAN,17,30,1,2.4686,0.33810483883145837
SARS-CoV-2,dnds_proxy,Spectral(z=1.5),Spectral,11,30,1,3.8152,0.23383564903301646
SARS-CoV-2,dnds_proxy,Spectral(z=2.0),Spectral,9,30,1,4.663,0.1956763183022881
SARS-CoV-2,dnds_proxy,Bayes(prior=0.1),Bayes,11,30,1,3.8152,0.23383564903301646
SARS-CoV-2,dnds_proxy,Bayes(prior=0.15),Bayes,46,30,2,1.8246,0.30042257592124366
SARS-CoV-2,dnds_proxy,AdaptWin(s=90),AdaptWin,5,30,0,0.0,1.0
SARS-CoV-2,dnds_proxy,AdaptWin(s=85),AdaptWin,7,30,1,5.9952,0.1556828234306586
SARS-CoV-2,dnds_proxy,FreqThresh(p=80),FreqThresh,11,30,1,3.8152,0.23383564903301646
SARS-CoV-2,dnds_proxy,FreqThresh(p=85),FreqThresh,7,30,1,5.9952,0.1556828234306586
SARS-CoV-2,dnds_proxy,FreqThresh(p=90),FreqThresh,5,30,0,0.0,1.0
SARS-CoV-2,dnds_proxy,FreqThresh(p=95),FreqThresh,3,30,0,0.0,1.0
SARS-CoV-2,dnds_proxy,"SWAN(w=10,k=1.0)",SWAN,1,30,0,0.0,1.0
SARS-CoV-2,dnds_proxy,"SWAN(w=10,k=1.5)",SWAN,1,30,0,0.0,1.0
SARS-CoV-2,dnds_proxy,"SWAN(w=10,k=2.0)",SWAN,1,30,0,0.0,1.0
SARS-CoV-2,dnds_proxy,"SWAN(w=20,k=1.0)",SWAN,1,30,0,0.0,1.0
SARS-CoV-2,dnds_proxy,"SWAN(w=20,k=1.5)",SWAN,1,30,0,0.0,1.0
SARS-CoV-2,dnds_proxy,"SWAN(w=20,k=2.0)",SWAN,1,30,0,0.0,1.0
SARS-CoV-2,dnds_proxy,"SWAN(w=50,k=1.0)",SWAN,2,30,0,0.0,1.0
SARS-CoV-2,dnds_proxy,"SWAN(w=50,k=1.5)",SWAN,2,30,0,0.0,1.0
SARS-CoV-2,dnds_proxy,"SWAN(w=50,k=2.0)",SWAN,2,30,0,0.0,1.0
SARS-CoV-2,dnds_proxy,MutClust-Orig(g=10),MutClust-Orig,46,30,2,1.8246,0.30042257592124366
SARS-CoV-2,semantic_change,Wavelet(t=1.0),Wavelet,159,30,10,2.6394,0.0024477137058323386
SARS-CoV-2,semantic_change,Wavelet(t=1.5),Wavelet,91,30,6,2.767,0.017414379046455392
SARS-CoV-2,semantic_change,Wavelet(t=2.0),Wavelet,59,30,4,2.8452,0.04788783654175806
SARS-CoV-2,semantic_change,KDE(p=75),KDE,315,30,2,0.2665,0.9982154315541265
SARS-CoV-2,semantic_change,KDE(p=80),KDE,252,30,0,0.0,1.0
SARS-CoV-2,semantic_change,KDE(p=85),KDE,189,30,0,0.0,1.0
SARS-CoV-2,semantic_change,SlidingTest(p=0.01),SlidingTest,76,30,6,3.3132,0.00736127500685058
SARS-CoV-2,semantic_change,SlidingTest(p=0.05),SlidingTest,98,30,6,2.5694,0.024423498545069266
SARS-CoV-2,semantic_change,GradPeak(p=0.2),GradPeak,0,30,0,0.0,1.0
SARS-CoV-2,semantic_change,GradPeak(p=0.5),GradPeak,0,30,0,0.0,1.0
SARS-CoV-2,semantic_change,LocalContrast(z=1.0),LocalContrast,45,30,2,1.8652,0.29140829307183125
SARS-CoV-2,semantic_change,LocalContrast(z=1.5),LocalContrast,43,30,2,1.9519,0.2733612517770577
SARS-CoV-2,semantic_change,LocalContrast(z=2.0),LocalContrast,42,30,2,1.9984,0.2643383828441322
SARS-CoV-2,semantic_change,"CUSUM(d=0.3,h=3.0)",CUSUM,37,30,2,2.2685,0.21944943961199892
SARS-CoV-2,semantic_change,"CUSUM(d=0.5,h=4.0)",CUSUM,27,30,2,3.1086,0.13346505087799654
SARS-CoV-2,semantic_change,"CUSUM(d=0.5,h=5.0)",CUSUM,17,30,2,4.9373,0.05981421047535276
SARS-CoV-2,semantic_change,AdaptiveKnee,AdaptiveKnee,1259,30,30,1.0,1.0
SARS-CoV-2,semantic_change,ScoreDBSCAN(ep=8),ScoreDBSCAN,0,30,0,0.0,1.0
SARS-CoV-2,semantic_change,ScoreDBSCAN(ep=15),ScoreDBSCAN,6,30,0,0.0,1.0
SARS-CoV-2,semantic_change,Spectral(z=1.5),Spectral,63,30,3,1.9984,0.18641808512424296
SARS-CoV-2,semantic_change,Spectral(z=2.0),Spectral,49,30,3,2.5694,0.10775301197891618
SARS-CoV-2,semantic_change,Bayes(prior=0.1),Bayes,46,30,2,1.8246,0.30042257592124366
SARS-CoV-2,semantic_change,Bayes(prior=0.15),Bayes,46,30,2,1.8246,0.30042257592124366
SARS-CoV-2,semantic_change,AdaptWin(s=90),AdaptWin,5,30,1,8.3933,0.11377018402013124
SARS-CoV-2,semantic_change,AdaptWin(s=85),AdaptWin,7,30,1,5.9952,0.1556828234306586
SARS-CoV-2,semantic_change,FreqThresh(p=80),FreqThresh,10,30,1,4.1967,0.21498008666303314
SARS-CoV-2,semantic_change,FreqThresh(p=85),FreqThresh,7,30,1,5.9952,0.1556828234306586
SARS-CoV-2,semantic_change,FreqThresh(p=90),FreqThresh,5,30,1,8.3933,0.11377018402013124
SARS-CoV-2,semantic_change,FreqThresh(p=95),FreqThresh,3,30,1,13.9889,0.0698496292354446
SARS-CoV-2,semantic_change,"SWAN(w=10,k=1.0)",SWAN,38,30,2,2.2088,0.2283774949340225
SARS-CoV-2,semantic_change,"SWAN(w=10,k=1.5)",SWAN,29,30,2,2.8943,0.14999057423645154
SARS-CoV-2,semantic_change,"SWAN(w=10,k=2.0)",SWAN,29,30,2,2.8943,0.14999057423645154
SARS-CoV-2,semantic_change,"SWAN(w=20,k=1.0)",SWAN,37,30,2,2.2685,0.21944943961199892
SARS-CoV-2,semantic_change,"SWAN(w=20,k=1.5)",SWAN,25,30,2,3.3573,0.11742062807224027
SARS-CoV-2,semantic_change,"SWAN(w=20,k=2.0)",SWAN,18,30,2,4.663,0.06631213980089791
SARS-CoV-2,semantic_change,"SWAN(w=50,k=1.0)",SWAN,25,30,2,3.3573,0.11742062807224027
SARS-CoV-2,semantic_change,"SWAN(w=50,k=1.5)",SWAN,20,30,2,4.1967,0.07997531176058255
SARS-CoV-2,semantic_change,"SWAN(w=50,k=2.0)",SWAN,16,30,1,2.6229,0.3217348018693345
SARS-CoV-2,semantic_change,MutClust-Orig(g=10),MutClust-Orig,0,30,0,0.0,1.0
SARS-CoV-2,EVEscape_composite,Wavelet(t=1.0),Wavelet,157,30,8,2.1384,0.025595663831799172
SARS-CoV-2,EVEscape_composite,Wavelet(t=1.5),Wavelet,77,30,4,2.1801,0.1057752541202254
SARS-CoV-2,EVEscape_composite,Wavelet(t=2.0),Wavelet,40,30,3,3.1475,0.06664402932772559
SARS-CoV-2,EVEscape_composite,KDE(p=75),KDE,315,30,22,2.931,2.457765536150348e-08
SARS-CoV-2,EVEscape_composite,KDE(p=80),KDE,252,30,16,2.6646,4.157401269751871e-05
SARS-CoV-2,EVEscape_composite,KDE(p=85),KDE,189,30,9,1.9984,0.026329138356033895
SARS-CoV-2,EVEscape_composite,SlidingTest(p=0.01),SlidingTest,63,30,3,1.9984,0.18641808512424296
SARS-CoV-2,EVEscape_composite,SlidingTest(p=0.05),SlidingTest,107,30,7,2.7455,0.01037588505503025
SARS-CoV-2,EVEscape_composite,GradPeak(p=0.2),GradPeak,0,30,0,0.0,1.0
SARS-CoV-2,EVEscape_composite,GradPeak(p=0.5),GradPeak,0,30,0,0.0,1.0
SARS-CoV-2,EVEscape_composite,LocalContrast(z=1.0),LocalContrast,23,30,1,1.8246,0.42859355902802787
SARS-CoV-2,EVEscape_composite,LocalContrast(z=1.5),LocalContrast,23,30,1,1.8246,0.42859355902802787
SARS-CoV-2,EVEscape_composite,LocalContrast(z=2.0),LocalContrast,19,30,1,2.2088,0.3697068434160899
SARS-CoV-2,EVEscape_composite,"CUSUM(d=0.3,h=3.0)",CUSUM,8,30,1,5.2458,0.17591406568072274
SARS-CoV-2,EVEscape_composite,"CUSUM(d=0.5,h=4.0)",CUSUM,8,30,1,5.2458,0.17591406568072274
SARS-CoV-2,EVEscape_composite,"CUSUM(d=0.5,h=5.0)",CUSUM,7,30,1,5.9952,0.1556828234306586
SARS-CoV-2,EVEscape_composite,AdaptiveKnee,AdaptiveKnee,31,30,2,2.7075,0.1669202782427407
SARS-CoV-2,EVEscape_composite,ScoreDBSCAN(ep=8),ScoreDBSCAN,0,30,0,0.0,1.0
SARS-CoV-2,EVEscape_composite,ScoreDBSCAN(ep=15),ScoreDBSCAN,0,30,0,0.0,1.0
SARS-CoV-2,EVEscape_composite,Spectral(z=1.5),Spectral,31,30,3,4.0613,0.03500294559952038
SARS-CoV-2,EVEscape_composite,Spectral(z=2.0),Spectral,26,30,3,4.8423,0.021936242329352214
SARS-CoV-2,EVEscape_composite,Bayes(prior=0.1),Bayes,18,30,1,2.3315,0.35409264465678547
SARS-CoV-2,EVEscape_composite,Bayes(prior=0.15),Bayes,24,30,1,1.7486,0.44246264740113384
SARS-CoV-2,EVEscape_composite,AdaptWin(s=90),AdaptWin,4,30,0,0.0,1.0
SARS-CoV-2,EVEscape_composite,AdaptWin(s=85),AdaptWin,5,30,0,0.0,1.0
SARS-CoV-2,EVEscape_composite,FreqThresh(p=80),FreqThresh,7,30,1,5.9952,0.1556828234306586
SARS-CoV-2,EVEscape_composite,FreqThresh(p=85),FreqThresh,5,30,0,0.0,1.0
SARS-CoV-2,EVEscape_composite,FreqThresh(p=90),FreqThresh,4,30,0,0.0,1.0
SARS-CoV-2,EVEscape_composite,FreqThresh(p=95),FreqThresh,2,30,0,0.0,1.0
SARS-CoV-2,EVEscape_composite,"SWAN(w=10,k=1.0)",SWAN,15,30,1,2.7978,0.3049737178957597
SARS-CoV-2,EVEscape_composite,"SWAN(w=10,k=1.5)",SWAN,14,30,1,2.9976,0.28781257512775366
SARS-CoV-2,EVEscape_composite,"SWAN(w=10,k=2.0)",SWAN,13,30,1,3.2282,0.2702421616851818
SARS-CoV-2,EVEscape_composite,"SWAN(w=20,k=1.0)",SWAN,15,30,1,2.7978,0.3049737178957597
SARS-CoV-2,EVEscape_composite,"SWAN(w=20,k=1.5)",SWAN,15,30,1,2.7978,0.3049737178957597
SARS-CoV-2,EVEscape_composite,"SWAN(w=20,k=2.0)",SWAN,7,30,0,0.0,1.0
SARS-CoV-2,EVEscape_composite,"SWAN(w=50,k=1.0)",SWAN,16,30,0,0.0,1.0
SARS-CoV-2,EVEscape_composite,"SWAN(w=50,k=1.5)",SWAN,16,30,0,0.0,1.0
SARS-CoV-2,EVEscape_composite,"SWAN(w=50,k=2.0)",SWAN,10,30,0,0.0,1.0
SARS-CoV-2,EVEscape_composite,MutClust-Orig(g=10),MutClust-Orig,0,30,0,0.0,1.0
SARS-CoV-2,EqualWeight,Wavelet(t=1.0),Wavelet,170,30,5,1.2343,0.38128015337998594
SARS-CoV-2,EqualWeight,Wavelet(t=1.5),Wavelet,91,30,1,0.4612,0.8975223275418392
SARS-CoV-2,EqualWeight,Wavelet(t=2.0),Wavelet,47,30,0,0.0,1.0
SARS-CoV-2,EqualWeight,KDE(p=75),KDE,315,30,1,0.1332,0.9998424621198289
SARS-CoV-2,EqualWeight,KDE(p=80),KDE,252,30,0,0.0,1.0
SARS-CoV-2,EqualWeight,KDE(p=85),KDE,189,30,0,0.0,1.0
SARS-CoV-2,EqualWeight,SlidingTest(p=0.01),SlidingTest,258,30,5,0.8133,0.7685645888731677
SARS-CoV-2,EqualWeight,SlidingTest(p=0.05),SlidingTest,352,30,7,0.8346,0.7777299555830616
SARS-CoV-2,EqualWeight,GradPeak(p=0.2),GradPeak,0,30,0,0.0,1.0
SARS-CoV-2,EqualWeight,GradPeak(p=0.5),GradPeak,0,30,0,0.0,1.0
SARS-CoV-2,EqualWeight,LocalContrast(z=1.0),LocalContrast,172,30,3,0.732,0.8005130990464497
SARS-CoV-2,EqualWeight,LocalContrast(z=1.5),LocalContrast,104,30,2,0.8071,0.724961706595725
SARS-CoV-2,EqualWeight,LocalContrast(z=2.0),LocalContrast,55,30,2,1.5261,0.3805059609764605
SARS-CoV-2,EqualWeight,"CUSUM(d=0.3,h=3.0)",CUSUM,64,30,3,1.9672,0.19255944992650456
SARS-CoV-2,EqualWeight,"CUSUM(d=0.5,h=4.0)",CUSUM,32,30,2,2.6229,0.1755142412813869
SARS-CoV-2,EqualWeight,"CUSUM(d=0.5,h=5.0)",CUSUM,24,30,1,1.7486,0.44246264740113384
SARS-CoV-2,EqualWeight,AdaptiveKnee,AdaptiveKnee,96,30,2,0.8743,0.6815858304654612
SARS-CoV-2,EqualWeight,ScoreDBSCAN(ep=8),ScoreDBSCAN,405,30,5,0.5181,0.9840324928667488
SARS-CoV-2,EqualWeight,ScoreDBSCAN(ep=15),ScoreDBSCAN,989,30,21,0.8911,0.9120329069235438
SARS-CoV-2,EqualWeight,Spectral(z=1.5),Spectral,75,30,5,2.7978,0.028949873006246324
SARS-CoV-2,EqualWeight,Spectral(z=2.0),Spectral,58,30,4,2.8943,0.04538692903056742
SARS-CoV-2,EqualWeight,Bayes(prior=0.1),Bayes,0,30,0,0.0,1.0
SARS-CoV-2,EqualWeight,Bayes(prior=0.15),Bayes,5,30,0,0.0,1.0
SARS-CoV-2,EqualWeight,AdaptWin(s=90),AdaptWin,413,30,7,0.7113,0.9091918648861725
SARS-CoV-2,EqualWeight,AdaptWin(s=85),AdaptWin,614,30,14,0.9569,0.6612251827466271
SARS-CoV-2,EqualWeight,FreqThresh(p=80),FreqThresh,252,30,4,0.6661,0.8806733801922793
SARS-CoV-2,EqualWeight,FreqThresh(p=85),FreqThresh,189,30,2,0.4441,0.9539622971972956
SARS-CoV-2,EqualWeight,FreqThresh(p=90),FreqThresh,126,30,2,0.6661,0.8201277342622495
SARS-CoV-2,EqualWeight,FreqThresh(p=95),FreqThresh,63,30,2,1.3323,0.4487420959637026
SARS-CoV-2,EqualWeight,"SWAN(w=10,k=1.0)",SWAN,438,30,9,0.8623,0.7709715706399058
SARS-CoV-2,EqualWeight,"SWAN(w=10,k=1.5)",SWAN,388,30,8,0.8653,0.7531849957287083
SARS-CoV-2,EqualWeight,"SWAN(w=10,k=2.0)",SWAN,319,30,7,0.9209,0.6699484377209999
SARS-CoV-2,EqualWeight,"SWAN(w=20,k=1.0)",SWAN,440,30,9,0.8584,0.7764854516899923
SARS-CoV-2,EqualWeight,"SWAN(w=20,k=1.5)",SWAN,391,30,8,0.8587,0.7620187498661867
SARS-CoV-2,EqualWeight,"SWAN(w=20,k=2.0)",SWAN,379,30,8,0.8858,0.7255061511746634
SARS-CoV-2,EqualWeight,"SWAN(w=50,k=1.0)",SWAN,421,30,8,0.7975,0.8392870979580603
SARS-CoV-2,EqualWeight,"SWAN(w=50,k=1.5)",SWAN,395,30,8,0.85,0.773486819410221
SARS-CoV-2,EqualWeight,"SWAN(w=50,k=2.0)",SWAN,388,30,8,0.8653,0.7531849957287083
SARS-CoV-2,EqualWeight,MutClust-Orig(g=10),MutClust-Orig,771,30,17,0.9253,0.7629532824866987
SARS-CoV-2,tranception,Wavelet(t=1.0),Wavelet,155,30,0,0.0,1.0
SARS-CoV-2,tranception,Wavelet(t=1.5),Wavelet,98,30,0,0.0,1.0
SARS-CoV-2,tranception,Wavelet(t=2.0),Wavelet,77,30,0,0.0,1.0
SARS-CoV-2,tranception,KDE(p=75),KDE,315,30,25,3.3307,1.7128358539680134e-11
SARS-CoV-2,tranception,KDE(p=80),KDE,252,30,25,4.1634,6.833230077842335e-14
SARS-CoV-2,tranception,KDE(p=85),KDE,189,30,23,5.1071,2.68604812281398e-14
SARS-CoV-2,tranception,SlidingTest(p=0.01),SlidingTest,209,30,8,1.6064,0.10905418494849745
SARS-CoV-2,tranception,SlidingTest(p=0.05),SlidingTest,566,30,26,1.9278,2.0849123047542688e-06
SARS-CoV-2,tranception,GradPeak(p=0.2),GradPeak,131,30,3,0.9611,0.6195274576158283
SARS-CoV-2,tranception,GradPeak(p=0.5),GradPeak,69,30,3,1.8246,0.2240350421521107
SARS-CoV-2,tranception,LocalContrast(z=1.0),LocalContrast,192,30,4,0.8743,0.6947037131739942
SARS-CoV-2,tranception,LocalContrast(z=1.5),LocalContrast,101,30,2,0.831,0.709280013414248
SARS-CoV-2,tranception,LocalContrast(z=2.0),LocalContrast,45,30,0,0.0,1.0
SARS-CoV-2,tranception,"CUSUM(d=0.3,h=3.0)",CUSUM,40,30,2,2.0983,0.24632039551928528
SARS-CoV-2,tranception,"CUSUM(d=0.5,h=4.0)",CUSUM,5,30,0,0.0,1.0
SARS-CoV-2,tranception,"CUSUM(d=0.5,h=5.0)",CUSUM,5,30,0,0.0,1.0
SARS-CoV-2,tranception,AdaptiveKnee,AdaptiveKnee,94,30,0,0.0,1.0
SARS-CoV-2,tranception,ScoreDBSCAN(ep=8),ScoreDBSCAN,210,30,11,2.1983,0.006157406207175421
SARS-CoV-2,tranception,ScoreDBSCAN(ep=15),ScoreDBSCAN,699,30,21,1.2608,0.07485566250393283
SARS-CoV-2,tranception,Spectral(z=1.5),Spectral,106,30,0,0.0,1.0
SARS-CoV-2,tranception,Spectral(z=2.0),Spectral,62,30,0,0.0,1.0
SARS-CoV-2,tranception,Bayes(prior=0.1),Bayes,0,30,0,0.0,1.0
SARS-CoV-2,tranception,Bayes(prior=0.15),Bayes,0,30,0,0.0,1.0
SARS-CoV-2,tranception,AdaptWin(s=90),AdaptWin,802,30,28,1.4652,0.000185473849357509
SARS-CoV-2,tranception,AdaptWin(s=85),AdaptWin,893,30,28,1.3159,0.0026505740989969905
SARS-CoV-2,tranception,FreqThresh(p=80),FreqThresh,252,30,8,1.3323,0.23777090823701585
SARS-CoV-2,tranception,FreqThresh(p=85),FreqThresh,189,30,4,0.8882,0.6819252953673234
SARS-CoV-2,tranception,FreqThresh(p=90),FreqThresh,126,30,0,0.0,1.0
SARS-CoV-2,tranception,FreqThresh(p=95),FreqThresh,63,30,0,0.0,1.0
SARS-CoV-2,tranception,"SWAN(w=10,k=1.0)",SWAN,633,30,26,1.7237,2.789286842084119e-05
SARS-CoV-2,tranception,"SWAN(w=10,k=1.5)",SWAN,534,30,25,1.9647,3.9976192251614955e-06
SARS-CoV-2,tranception,"SWAN(w=10,k=2.0)",SWAN,287,30,6,0.8774,0.7131287501071291
SARS-CoV-2,tranception,"SWAN(w=20,k=1.0)",SWAN,640,30,26,1.7049,3.5820434313101026e-05
SARS-CoV-2,tranception,"SWAN(w=20,k=1.5)",SWAN,619,30,26,1.7627,1.6723518781245913e-05
SARS-CoV-2,tranception,"SWAN(w=20,k=2.0)",SWAN,579,30,26,1.8845,3.553177817248669e-06
SARS-CoV-2,tranception,"SWAN(w=50,k=1.0)",SWAN,610,30,26,1.7887,1.1939136389118673e-05
SARS-CoV-2,tranception,"SWAN(w=50,k=1.5)",SWAN,600,30,26,1.8186,8.147328351475213e-06
SARS-CoV-2,tranception,"SWAN(w=50,k=2.0)",SWAN,599,30,26,1.8216,7.838309532043895e-06
SARS-CoV-2,tranception,MutClust-Orig(g=10),MutClust-Orig,1259,30,30,1.0,1.0
SARS-CoV-2,stability,Wavelet(t=1.0),Wavelet,142,30,6,1.7732,0.11235680391585284
SARS-CoV-2,stability,Wavelet(t=1.5),Wavelet,92,30,2,0.9123,0.6579983157175422
SARS-CoV-2,stability,Wavelet(t=2.0),Wavelet,74,30,2,1.1342,0.535806547903028
SARS-CoV-2,stability,KDE(p=75),KDE,315,30,6,0.7994,0.8012496627499607
SARS-CoV-2,stability,KDE(p=80),KDE,252,30,2,0.3331,0.990162032590798
SARS-CoV-2,stability,KDE(p=85),KDE,189,30,0,0.0,1.0
SARS-CoV-2,stability,SlidingTest(p=0.01),SlidingTest,48,30,0,0.0,1.0
SARS-CoV-2,stability,SlidingTest(p=0.05),SlidingTest,124,30,1,0.3384,0.957102183413862
SARS-CoV-2,stability,GradPeak(p=0.2),GradPeak,22,30,1,1.9076,0.41439124483651235
SARS-CoV-2,stability,GradPeak(p=0.5),GradPeak,10,30,1,4.1967,0.21498008666303314
SARS-CoV-2,stability,LocalContrast(z=1.0),LocalContrast,24,30,1,1.7486,0.44246264740113384
SARS-CoV-2,stability,LocalContrast(z=1.5),LocalContrast,22,30,1,1.9076,0.41439124483651235
SARS-CoV-2,stability,LocalContrast(z=2.0),LocalContrast,20,30,1,2.0983,0.3849558713979588
SARS-CoV-2,stability,"CUSUM(d=0.3,h=3.0)",CUSUM,16,30,1,2.6229,0.3217348018693345
SARS-CoV-2,stability,"CUSUM(d=0.5,h=4.0)",CUSUM,15,30,1,2.7978,0.3049737178957597
SARS-CoV-2,stability,"CUSUM(d=0.5,h=5.0)",CUSUM,15,30,1,2.7978,0.3049737178957597
SARS-CoV-2,stability,AdaptiveKnee,AdaptiveKnee,1250,30,29,0.9736,0.9821839552918006
SARS-CoV-2,stability,ScoreDBSCAN(ep=8),ScoreDBSCAN,0,30,0,0.0,1.0
SARS-CoV-2,stability,ScoreDBSCAN(ep=15),ScoreDBSCAN,3,30,0,0.0,1.0
SARS-CoV-2,stability,Spectral(z=1.5),Spectral,63,30,3,1.9984,0.18641808512424296
SARS-CoV-2,stability,Spectral(z=2.0),Spectral,44,30,3,2.8614,0.08383648345075005
SARS-CoV-2,stability,Bayes(prior=0.1),Bayes,33,30,2,2.5434,0.18418298944414357
SARS-CoV-2,stability,Bayes(prior=0.15),Bayes,33,30,2,2.5434,0.18418298944414357
SARS-CoV-2,stability,AdaptWin(s=90),AdaptWin,7,30,0,0.0,1.0
SARS-CoV-2,stability,AdaptWin(s=85),AdaptWin,7,30,0,0.0,1.0
SARS-CoV-2,stability,FreqThresh(p=80),FreqThresh,6,30,0,0.0,1.0
SARS-CoV-2,stability,FreqThresh(p=85),FreqThresh,6,30,0,0.0,1.0
SARS-CoV-2,stability,FreqThresh(p=90),FreqThresh,6,30,0,0.0,1.0
SARS-CoV-2,stability,FreqThresh(p=95),FreqThresh,6,30,0,0.0,1.0
SARS-CoV-2,stability,"SWAN(w=10,k=1.0)",SWAN,19,30,1,2.2088,0.3697068434160899
SARS-CoV-2,stability,"SWAN(w=10,k=1.5)",SWAN,19,30,1,2.2088,0.3697068434160899
SARS-CoV-2,stability,"SWAN(w=10,k=2.0)",SWAN,12,30,0,0.0,1.0
SARS-CoV-2,stability,"SWAN(w=20,k=1.0)",SWAN,21,30,1,1.9984,0.39984798104933955
SARS-CoV-2,stability,"SWAN(w=20,k=1.5)",SWAN,13,30,0,0.0,1.0
SARS-CoV-2,stability,"SWAN(w=20,k=2.0)",SWAN,9,30,0,0.0,1.0
SARS-CoV-2,stability,"SWAN(w=50,k=1.0)",SWAN,17,30,0,0.0,1.0
SARS-CoV-2,stability,"SWAN(w=50,k=1.5)",SWAN,10,30,0,0.0,1.0
SARS-CoV-2,stability,"SWAN(w=50,k=2.0)",SWAN,4,30,0,0.0,1.0
SARS-CoV-2,stability,MutClust-Orig(g=10),MutClust-Orig,0,30,0,0.0,1.0
SARS-CoV-2,stability_structural,Wavelet(t=1.0),Wavelet,174,30,2,0.4824,0.9351871134540123
SARS-CoV-2,stability_structural,Wavelet(t=1.5),Wavelet,110,30,1,0.3815,0.9377378800243135
SARS-CoV-2,stability_structural,Wavelet(t=2.0),Wavelet,58,30,1,0.7236,0.7611343585899285
SARS-CoV-2,stability_structural,KDE(p=75),KDE,315,30,9,1.199,0.3259186821179435
SARS-CoV-2,stability_structural,KDE(p=80),KDE,252,30,6,0.9992,0.5750861157000076
SARS-CoV-2,stability_structural,KDE(p=85),KDE,189,30,1,0.222,0.9928587023368178
SARS-CoV-2,stability_structural,SlidingTest(p=0.01),SlidingTest,28,30,0,0.0,1.0
SARS-CoV-2,stability_structural,SlidingTest(p=0.05),SlidingTest,116,30,0,0.0,1.0
SARS-CoV-2,stability_structural,GradPeak(p=0.2),GradPeak,0,30,0,0.0,1.0
SARS-CoV-2,stability_structural,GradPeak(p=0.5),GradPeak,0,30,0,0.0,1.0
SARS-CoV-2,stability_structural,LocalContrast(z=1.0),LocalContrast,23,30,1,1.8246,0.42859355902802787
SARS-CoV-2,stability_structural,LocalContrast(z=1.5),LocalContrast,22,30,1,1.9076,0.41439124483651235
SARS-CoV-2,stability_structural,LocalContrast(z=2.0),LocalContrast,20,30,1,2.0983,0.3849558713979588
SARS-CoV-2,stability_structural,"CUSUM(d=0.3,h=3.0)",CUSUM,19,30,1,2.2088,0.3697068434160899
SARS-CoV-2,stability_structural,"CUSUM(d=0.5,h=4.0)",CUSUM,17,30,0,0.0,1.0
SARS-CoV-2,stability_structural,"CUSUM(d=0.5,h=5.0)",CUSUM,10,30,0,0.0,1.0
SARS-CoV-2,stability_structural,AdaptiveKnee,AdaptiveKnee,1250,30,29,0.9736,0.9821839552918006
SARS-CoV-2,stability_structural,ScoreDBSCAN(ep=8),ScoreDBSCAN,0,30,0,0.0,1.0
SARS-CoV-2,stability_structural,ScoreDBSCAN(ep=15),ScoreDBSCAN,0,30,0,0.0,1.0
SARS-CoV-2,stability_structural,Spectral(z=1.5),Spectral,59,30,3,2.1339,0.16245652679978187
SARS-CoV-2,stability_structural,Spectral(z=2.0),Spectral,42,30,2,1.9984,0.2643383828441322
SARS-CoV-2,stability_structural,Bayes(prior=0.1),Bayes,33,30,2,2.5434,0.18418298944414357
SARS-CoV-2,stability_structural,Bayes(prior=0.15),Bayes,33,30,2,2.5434,0.18418298944414357
SARS-CoV-2,stability_structural,AdaptWin(s=90),AdaptWin,3,30,0,0.0,1.0
SARS-CoV-2,stability_structural,AdaptWin(s=85),AdaptWin,4,30,0,0.0,1.0
SARS-CoV-2,stability_structural,FreqThresh(p=80),FreqThresh,6,30,0,0.0,1.0
SARS-CoV-2,stability_structural,FreqThresh(p=85),FreqThresh,4,30,0,0.0,1.0
SARS-CoV-2,stability_structural,FreqThresh(p=90),FreqThresh,3,30,0,0.0,1.0
SARS-CoV-2,stability_structural,FreqThresh(p=95),FreqThresh,2,30,0,0.0,1.0
SARS-CoV-2,stability_structural,"SWAN(w=10,k=1.0)",SWAN,19,30,0,0.0,1.0
SARS-CoV-2,stability_structural,"SWAN(w=10,k=1.5)",SWAN,15,30,0,0.0,1.0
SARS-CoV-2,stability_structural,"SWAN(w=10,k=2.0)",SWAN,14,30,0,0.0,1.0
SARS-CoV-2,stability_structural,"SWAN(w=20,k=1.0)",SWAN,16,30,0,0.0,1.0
SARS-CoV-2,stability_structural,"SWAN(w=20,k=1.5)",SWAN,14,30,0,0.0,1.0
SARS-CoV-2,stability_structural,"SWAN(w=20,k=2.0)",SWAN,10,30,0,0.0,1.0
SARS-CoV-2,stability_structural,"SWAN(w=50,k=1.0)",SWAN,15,30,0,0.0,1.0
SARS-CoV-2,stability_structural,"SWAN(w=50,k=1.5)",SWAN,13,30,0,0.0,1.0
SARS-CoV-2,stability_structural,"SWAN(w=50,k=2.0)",SWAN,8,30,0,0.0,1.0
SARS-CoV-2,stability_structural,MutClust-Orig(g=10),MutClust-Orig,0,30,0,0.0,1.0
SARS-CoV-2,freq_with_indel,Wavelet(t=1.0),Wavelet,125,30,2,0.6715,0.8165031722240529
SARS-CoV-2,freq_with_indel,Wavelet(t=1.5),Wavelet,81,30,1,0.5181,0.8672302326268662
SARS-CoV-2,freq_with_indel,Wavelet(t=2.0),Wavelet,50,30,1,0.8393,0.7077795134791244
SARS-CoV-2,freq_with_indel,KDE(p=75),KDE,315,30,17,2.2649,0.0001808450178665988
SARS-CoV-2,freq_with_indel,KDE(p=80),KDE,252,30,12,1.9984,0.00877114300314456
SARS-CoV-2,freq_with_indel,KDE(p=85),KDE,189,30,4,0.8882,0.6819252953673234
SARS-CoV-2,freq_with_indel,SlidingTest(p=0.01),SlidingTest,21,30,1,1.9984,0.39984798104933955
SARS-CoV-2,freq_with_indel,SlidingTest(p=0.05),SlidingTest,21,30,1,1.9984,0.39984798104933955
SARS-CoV-2,freq_with_indel,GradPeak(p=0.2),GradPeak,0,30,0,0.0,1.0
SARS-CoV-2,freq_with_indel,GradPeak(p=0.5),GradPeak,0,30,0,0.0,1.0
SARS-CoV-2,freq_with_indel,LocalContrast(z=1.0),LocalContrast,46,30,2,1.8246,0.30042257592124366
SARS-CoV-2,freq_with_indel,LocalContrast(z=1.5),LocalContrast,45,30,2,1.8652,0.29140829307183125
SARS-CoV-2,freq_with_indel,LocalContrast(z=2.0),LocalContrast,37,30,1,1.1342,0.5956592190434712
SARS-CoV-2,freq_with_indel,"CUSUM(d=0.3,h=3.0)",CUSUM,1,30,0,0.0,1.0
SARS-CoV-2,freq_with_indel,"CUSUM(d=0.5,h=4.0)",CUSUM,1,30,0,0.0,1.0
SARS-CoV-2,freq_with_indel,"CUSUM(d=0.5,h=5.0)",CUSUM,1,30,0,0.0,1.0
SARS-CoV-2,freq_with_indel,AdaptiveKnee,AdaptiveKnee,5,30,1,8.3933,0.11377018402013124
SARS-CoV-2,freq_with_indel,ScoreDBSCAN(ep=8),ScoreDBSCAN,6,30,1,6.9944,0.13497185425888408
SARS-CoV-2,freq_with_indel,ScoreDBSCAN(ep=15),ScoreDBSCAN,17,30,1,2.4686,0.33810483883145837
SARS-CoV-2,freq_with_indel,Spectral(z=1.5),Spectral,11,30,1,3.8152,0.23383564903301646
SARS-CoV-2,freq_with_indel,Spectral(z=2.0),Spectral,9,30,1,4.663,0.1956763183022881
SARS-CoV-2,freq_with_indel,Bayes(prior=0.1),Bayes,12,30,1,3.4972,0.2522530613158766
SARS-CoV-2,freq_with_indel,Bayes(prior=0.15),Bayes,48,30,2,1.7486,0.3184095781270273
SARS-CoV-2,freq_with_indel,AdaptWin(s=90),AdaptWin,5,30,1,8.3933,0.11377018402013124
SARS-CoV-2,freq_with_indel,AdaptWin(s=85),AdaptWin,12,30,1,3.4972,0.2522530613158766
SARS-CoV-2,freq_with_indel,FreqThresh(p=80),FreqThresh,12,30,1,3.4972,0.2522530613158766
SARS-CoV-2,freq_with_indel,FreqThresh(p=85),FreqThresh,12,30,1,3.4972,0.2522530613158766
SARS-CoV-2,freq_with_indel,FreqThresh(p=90),FreqThresh,5,30,1,8.3933,0.11377018402013124
SARS-CoV-2,freq_with_indel,FreqThresh(p=95),FreqThresh,3,30,0,0.0,1.0
SARS-CoV-2,freq_with_indel,"SWAN(w=10,k=1.0)",SWAN,1,30,0,0.0,1.0
SARS-CoV-2,freq_with_indel,"SWAN(w=10,k=1.5)",SWAN,1,30,0,0.0,1.0
SARS-CoV-2,freq_with_indel,"SWAN(w=10,k=2.0)",SWAN,1,30,0,0.0,1.0
SARS-CoV-2,freq_with_indel,"SWAN(w=20,k=1.0)",SWAN,1,30,0,0.0,1.0
SARS-CoV-2,freq_with_indel,"SWAN(w=20,k=1.5)",SWAN,1,30,0,0.0,1.0
SARS-CoV-2,freq_with_indel,"SWAN(w=20,k=2.0)",SWAN,1,30,0,0.0,1.0
SARS-CoV-2,freq_with_indel,"SWAN(w=50,k=1.0)",SWAN,2,30,0,0.0,1.0
SARS-CoV-2,freq_with_indel,"SWAN(w=50,k=1.5)",SWAN,2,30,0,0.0,1.0
SARS-CoV-2,freq_with_indel,"SWAN(w=50,k=2.0)",SWAN,2,30,0,0.0,1.0
SARS-CoV-2,freq_with_indel,MutClust-Orig(g=10),MutClust-Orig,0,30,0,0.0,1.0
SARS-CoV-2,entropy_with_indel,Wavelet(t=1.0),Wavelet,117,30,2,0.7174,0.7852122940021142
SARS-CoV-2,entropy_with_indel,Wavelet(t=1.5),Wavelet,74,30,1,0.5671,0.8410522421137145
SARS-CoV-2,entropy_with_indel,Wavelet(t=2.0),Wavelet,48,30,1,0.8743,0.6927384139382711
SARS-CoV-2,entropy_with_indel,KDE(p=75),KDE,315,30,20,2.6646,1.332716466640608e-06
SARS-CoV-2,entropy_with_indel,KDE(p=80),KDE,252,30,13,2.1649,0.0027883791854313605
SARS-CoV-2,entropy_with_indel,KDE(p=85),KDE,189,30,7,1.5543,0.15046955163615938
SARS-CoV-2,entropy_with_indel,SlidingTest(p=0.01),SlidingTest,21,30,1,1.9984,0.39984798104933955
SARS-CoV-2,entropy_with_indel,SlidingTest(p=0.05),SlidingTest,21,30,1,1.9984,0.39984798104933955
SARS-CoV-2,entropy_with_indel,GradPeak(p=0.2),GradPeak,0,30,0,0.0,1.0
SARS-CoV-2,entropy_with_indel,GradPeak(p=0.5),GradPeak,0,30,0,0.0,1.0
SARS-CoV-2,entropy_with_indel,LocalContrast(z=1.0),LocalContrast,46,30,2,1.8246,0.30042257592124366
SARS-CoV-2,entropy_with_indel,LocalContrast(z=1.5),LocalContrast,45,30,2,1.8652,0.29140829307183125
SARS-CoV-2,entropy_with_indel,LocalContrast(z=2.0),LocalContrast,40,30,1,1.0492,0.62473693333387
SARS-CoV-2,entropy_with_indel,"CUSUM(d=0.3,h=3.0)",CUSUM,1,30,0,0.0,1.0
SARS-CoV-2,entropy_with_indel,"CUSUM(d=0.5,h=4.0)",CUSUM,1,30,0,0.0,1.0
SARS-CoV-2,entropy_with_indel,"CUSUM(d=0.5,h=5.0)",CUSUM,1,30,0,0.0,1.0
SARS-CoV-2,entropy_with_indel,AdaptiveKnee,AdaptiveKnee,13,30,1,3.2282,0.2702421616851818
SARS-CoV-2,entropy_with_indel,ScoreDBSCAN(ep=8),ScoreDBSCAN,6,30,1,6.9944,0.13497185425888408
SARS-CoV-2,entropy_with_indel,ScoreDBSCAN(ep=15),ScoreDBSCAN,12,30,1,3.4972,0.2522530613158766
SARS-CoV-2,entropy_with_indel,Spectral(z=1.5),Spectral,14,30,1,2.9976,0.28781257512775366
SARS-CoV-2,entropy_with_indel,Spectral(z=2.0),Spectral,8,30,1,5.2458,0.17591406568072274
SARS-CoV-2,entropy_with_indel,Bayes(prior=0.1),Bayes,48,30,2,1.7486,0.3184095781270273
SARS-CoV-2,entropy_with_indel,Bayes(prior=0.15),Bayes,48,30,2,1.7486,0.3184095781270273
SARS-CoV-2,entropy_with_indel,AdaptWin(s=90),AdaptWin,6,30,0,0.0,1.0
SARS-CoV-2,entropy_with_indel,AdaptWin(s=85),AdaptWin,8,30,1,5.2458,0.17591406568072274
SARS-CoV-2,entropy_with_indel,FreqThresh(p=80),FreqThresh,12,30,1,3.4972,0.2522530613158766
SARS-CoV-2,entropy_with_indel,FreqThresh(p=85),FreqThresh,8,30,1,5.2458,0.17591406568072274
SARS-CoV-2,entropy_with_indel,FreqThresh(p=90),FreqThresh,6,30,0,0.0,1.0
SARS-CoV-2,entropy_with_indel,FreqThresh(p=95),FreqThresh,3,30,0,0.0,1.0
SARS-CoV-2,entropy_with_indel,"SWAN(w=10,k=1.0)",SWAN,5,30,1,8.3933,0.11377018402013124
SARS-CoV-2,entropy_with_indel,"SWAN(w=10,k=1.5)",SWAN,1,30,0,0.0,1.0
SARS-CoV-2,entropy_with_indel,"SWAN(w=10,k=2.0)",SWAN,1,30,0,0.0,1.0
SARS-CoV-2,entropy_with_indel,"SWAN(w=20,k=1.0)",SWAN,5,30,0,0.0,1.0
SARS-CoV-2,entropy_with_indel,"SWAN(w=20,k=1.5)",SWAN,1,30,0,0.0,1.0
SARS-CoV-2,entropy_with_indel,"SWAN(w=20,k=2.0)",SWAN,1,30,0,0.0,1.0
SARS-CoV-2,entropy_with_indel,"SWAN(w=50,k=1.0)",SWAN,2,30,0,0.0,1.0
SARS-CoV-2,entropy_with_indel,"SWAN(w=50,k=1.5)",SWAN,2,30,0,0.0,1.0
SARS-CoV-2,entropy_with_indel,"SWAN(w=50,k=2.0)",SWAN,2,30,0,0.0,1.0
SARS-CoV-2,entropy_with_indel,MutClust-Orig(g=10),MutClust-Orig,0,30,0,0.0,1.0
SARS-CoV-2,fubar,Wavelet(t=1.0),Wavelet,208,30,10,2.0176,0.017361693853471576
SARS-CoV-2,fubar,Wavelet(t=1.5),Wavelet,114,30,7,2.5769,0.014549141849663536
SARS-CoV-2,fubar,Wavelet(t=2.0),Wavelet,55,30,5,3.8152,0.00817654209146076
SARS-CoV-2,fubar,KDE(p=75),KDE,315,30,8,1.0658,0.48724524978398276
SARS-CoV-2,fubar,KDE(p=80),KDE,252,30,0,0.0,1.0
SARS-CoV-2,fubar,KDE(p=85),KDE,189,30,0,0.0,1.0
SARS-CoV-2,fubar,SlidingTest(p=0.01),SlidingTest,109,30,6,2.3101,0.038983649148309645
SARS-CoV-2,fubar,SlidingTest(p=0.05),SlidingTest,154,30,8,2.1801,0.02299037648739759
SARS-CoV-2,fubar,GradPeak(p=0.2),GradPeak,26,30,1,1.6141,0.46923120105939864
SARS-CoV-2,fubar,GradPeak(p=0.5),GradPeak,2,30,0,0.0,1.0
SARS-CoV-2,fubar,LocalContrast(z=1.0),LocalContrast,165,30,6,1.5261,0.18982225710261255
SARS-CoV-2,fubar,LocalContrast(z=1.5),LocalContrast,119,30,4,1.4106,0.3131850573774025
SARS-CoV-2,fubar,LocalContrast(z=2.0),LocalContrast,81,30,2,1.0362,0.5864377742137108
SARS-CoV-2,fubar,"CUSUM(d=0.3,h=3.0)",CUSUM,47,30,2,1.7858,0.3094244731113411
SARS-CoV-2,fubar,"CUSUM(d=0.5,h=4.0)",CUSUM,25,30,2,3.3573,0.11742062807224027
SARS-CoV-2,fubar,"CUSUM(d=0.5,h=5.0)",CUSUM,18,30,1,2.3315,0.35409264465678547
SARS-CoV-2,fubar,AdaptiveKnee,AdaptiveKnee,188,30,8,1.7858,0.06591990429673406
SARS-CoV-2,fubar,ScoreDBSCAN(ep=8),ScoreDBSCAN,694,30,14,0.8466,0.8702250133112621
SARS-CoV-2,fubar,ScoreDBSCAN(ep=15),ScoreDBSCAN,892,30,16,0.7528,0.9880178989187779
SARS-CoV-2,fubar,Spectral(z=1.5),Spectral,102,30,4,1.6458,0.22063854261206783
SARS-CoV-2,fubar,Spectral(z=2.0),Spectral,67,30,4,2.5055,0.07065079845048622
SARS-CoV-2,fubar,Bayes(prior=0.1),Bayes,0,30,0,0.0,1.0
SARS-CoV-2,fubar,Bayes(prior=0.15),Bayes,75,30,4,2.2382,0.09818308002489357
SARS-CoV-2,fubar,AdaptWin(s=90),AdaptWin,161,30,6,1.564,0.1749613201161195
SARS-CoV-2,fubar,AdaptWin(s=85),AdaptWin,300,30,12,1.6787,0.03438592695795012
SARS-CoV-2,fubar,FreqThresh(p=80),FreqThresh,252,30,9,1.4988,0.1264410842978931
SARS-CoV-2,fubar,FreqThresh(p=85),FreqThresh,210,30,9,1.7986,0.048675395618036445
SARS-CoV-2,fubar,FreqThresh(p=90),FreqThresh,126,30,5,1.6653,0.17362515603150494
SARS-CoV-2,fubar,FreqThresh(p=95),FreqThresh,63,30,4,2.6646,0.058659485034765695
SARS-CoV-2,fubar,"SWAN(w=10,k=1.0)",SWAN,168,30,9,2.2482,0.012630495739392834
SARS-CoV-2,fubar,"SWAN(w=10,k=1.5)",SWAN,121,30,7,2.4278,0.019834241811061998
SARS-CoV-2,fubar,"SWAN(w=10,k=2.0)",SWAN,107,30,7,2.7455,0.01037588505503025
SARS-CoV-2,fubar,"SWAN(w=20,k=1.0)",SWAN,173,30,11,2.6684,0.0012351115450806194
SARS-CoV-2,fubar,"SWAN(w=20,k=1.5)",SWAN,125,30,8,2.6859,0.006740976654753015
SARS-CoV-2,fubar,"SWAN(w=20,k=2.0)",SWAN,103,30,8,3.2595,0.001962626455090117
SARS-CoV-2,fubar,"SWAN(w=50,k=1.0)",SWAN,199,30,11,2.3198,0.003997831820214944
SARS-CoV-2,fubar,"SWAN(w=50,k=1.5)",SWAN,165,30,8,2.0347,0.033574728124139384
SARS-CoV-2,fubar,"SWAN(w=50,k=2.0)",SWAN,151,30,8,2.2234,0.020583516045092405
SARS-CoV-2,fubar,MutClust-Orig(g=10),MutClust-Orig,1212,30,30,1.0388,0.31506010347446317
SARS-CoV-2,fubar_pos_sel,Wavelet(t=1.0),Wavelet,175,30,12,2.8777,0.00031980962023291006
SARS-CoV-2,fubar_pos_sel,Wavelet(t=1.5),Wavelet,90,30,8,3.7304,0.0007924774811379581
SARS-CoV-2,fubar_pos_sel,Wavelet(t=2.0),Wavelet,44,30,3,2.8614,0.08383648345075005
SARS-CoV-2,fubar_pos_sel,KDE(p=75),KDE,315,30,25,3.3307,1.7128358539680134e-11
SARS-CoV-2,fubar_pos_sel,KDE(p=80),KDE,252,30,20,3.3307,2.403603718813358e-08
SARS-CoV-2,fubar_pos_sel,KDE(p=85),KDE,189,30,17,3.7748,1.023520771688599e-07
SARS-CoV-2,fubar_pos_sel,SlidingTest(p=0.01),SlidingTest,88,30,7,3.3383,0.003475860511301334
SARS-CoV-2,fubar_pos_sel,SlidingTest(p=0.05),SlidingTest,127,30,10,3.3045,0.0003991490045877715
SARS-CoV-2,fubar_pos_sel,GradPeak(p=0.2),GradPeak,33,30,1,1.2717,0.5534828707657248
SARS-CoV-2,fubar_pos_sel,GradPeak(p=0.5),GradPeak,26,30,1,1.6141,0.46923120105939864
SARS-CoV-2,fubar_pos_sel,LocalContrast(z=1.0),LocalContrast,46,30,2,1.8246,0.30042257592124366
SARS-CoV-2,fubar_pos_sel,LocalContrast(z=1.5),LocalContrast,42,30,2,1.9984,0.2643383828441322
SARS-CoV-2,fubar_pos_sel,LocalContrast(z=2.0),LocalContrast,38,30,2,2.2088,0.2283774949340225
SARS-CoV-2,fubar_pos_sel,"CUSUM(d=0.3,h=3.0)",CUSUM,21,30,2,3.9968,0.08711367837033543
SARS-CoV-2,fubar_pos_sel,"CUSUM(d=0.5,h=4.0)",CUSUM,16,30,2,5.2458,0.05355745829213575
SARS-CoV-2,fubar_pos_sel,"CUSUM(d=0.5,h=5.0)",CUSUM,12,30,2,6.9944,0.031244113921554358
SARS-CoV-2,fubar_pos_sel,AdaptiveKnee,AdaptiveKnee,64,30,4,2.6229,0.0615436674782572
SARS-CoV-2,fubar_pos_sel,ScoreDBSCAN(ep=8),ScoreDBSCAN,0,30,0,0.0,1.0
SARS-CoV-2,fubar_pos_sel,ScoreDBSCAN(ep=15),ScoreDBSCAN,3,30,0,0.0,1.0
SARS-CoV-2,fubar_pos_sel,Spectral(z=1.5),Spectral,54,30,2,1.5543,0.3717455522252338
SARS-CoV-2,fubar_pos_sel,Spectral(z=2.0),Spectral,41,30,2,2.0472,0.25532292184957467
SARS-CoV-2,fubar_pos_sel,Bayes(prior=0.1),Bayes,36,30,3,3.4972,0.051330354376677434
SARS-CoV-2,fubar_pos_sel,Bayes(prior=0.15),Bayes,40,30,3,3.1475,0.06664402932772559
SARS-CoV-2,fubar_pos_sel,AdaptWin(s=90),AdaptWin,9,30,1,4.663,0.1956763183022881
SARS-CoV-2,fubar_pos_sel,AdaptWin(s=85),AdaptWin,13,30,2,6.4564,0.036383856884213014
SARS-CoV-2,fubar_pos_sel,FreqThresh(p=80),FreqThresh,15,30,2,5.5956,0.04755657637567064
SARS-CoV-2,fubar_pos_sel,FreqThresh(p=85),FreqThresh,11,30,2,7.6303,0.026424462963201292
SARS-CoV-2,fubar_pos_sel,FreqThresh(p=90),FreqThresh,8,30,1,5.2458,0.17591406568072274
SARS-CoV-2,fubar_pos_sel,FreqThresh(p=95),FreqThresh,4,30,1,10.4917,0.09206659669001202
SARS-CoV-2,fubar_pos_sel,"SWAN(w=10,k=1.0)",SWAN,37,30,4,4.5369,0.01001510622945672
SARS-CoV-2,fubar_pos_sel,"SWAN(w=10,k=1.5)",SWAN,34,30,4,4.9373,0.007392850526192555
SARS-CoV-2,fubar_pos_sel,"SWAN(w=10,k=2.0)",SWAN,34,30,4,4.9373,0.007392850526192555
SARS-CoV-2,fubar_pos_sel,"SWAN(w=20,k=1.0)",SWAN,37,30,4,4.5369,0.01001510622945672
SARS-CoV-2,fubar_pos_sel,"SWAN(w=20,k=1.5)",SWAN,32,30,4,5.2458,0.005926703985433817
SARS-CoV-2,fubar_pos_sel,"SWAN(w=20,k=2.0)",SWAN,27,30,4,6.2173,0.0031439652758722078
SARS-CoV-2,fubar_pos_sel,"SWAN(w=50,k=1.0)",SWAN,41,30,4,4.0943,0.014367394482820022
SARS-CoV-2,fubar_pos_sel,"SWAN(w=50,k=1.5)",SWAN,40,30,4,4.1967,0.013183276076098167
SARS-CoV-2,fubar_pos_sel,"SWAN(w=50,k=2.0)",SWAN,35,30,4,4.7962,0.00820885629592006
SARS-CoV-2,fubar_pos_sel,MutClust-Orig(g=10),MutClust-Orig,73,30,4,2.2995,0.09086842317988104
SARS-CoV-2,fubar_bf,Wavelet(t=1.0),Wavelet,160,30,11,2.8852,0.0006229876894923589
SARS-CoV-2,fubar_bf,Wavelet(t=1.5),Wavelet,73,30,5,2.8744,0.02605880404563383
SARS-CoV-2,fubar_bf,Wavelet(t=2.0),Wavelet,43,30,2,1.9519,0.2733612517770577
SARS-CoV-2,fubar_bf,KDE(p=75),KDE,315,30,23,3.0642,2.621966769719543e-09
SARS-CoV-2,fubar_bf,KDE(p=80),KDE,252,30,20,3.3307,2.403603718813358e-08
SARS-CoV-2,fubar_bf,KDE(p=85),KDE,189,30,10,2.2205,0.008892595110463367
SARS-CoV-2,fubar_bf,SlidingTest(p=0.01),SlidingTest,42,30,3,2.9976,0.07501370195843081
SARS-CoV-2,fubar_bf,SlidingTest(p=0.05),SlidingTest,87,30,3,1.4471,0.34370466959923607
SARS-CoV-2,fubar_bf,GradPeak(p=0.2),GradPeak,116,30,3,1.0853,0.5329090079383896
SARS-CoV-2,fubar_bf,GradPeak(p=0.5),GradPeak,78,30,2,1.0761,0.5652160862044441
SARS-CoV-2,fubar_bf,LocalContrast(z=1.0),LocalContrast,121,30,2,0.6937,0.8013772912074293
SARS-CoV-2,fubar_bf,LocalContrast(z=1.5),LocalContrast,96,30,2,0.8743,0.6815858304654612
SARS-CoV-2,fubar_bf,LocalContrast(z=2.0),LocalContrast,76,30,2,1.1044,0.5506687452448698
SARS-CoV-2,fubar_bf,"CUSUM(d=0.3,h=3.0)",CUSUM,7,30,1,5.9952,0.1556828234306586
SARS-CoV-2,fubar_bf,"CUSUM(d=0.5,h=4.0)",CUSUM,6,30,1,6.9944,0.13497185425888408
SARS-CoV-2,fubar_bf,"CUSUM(d=0.5,h=5.0)",CUSUM,6,30,1,6.9944,0.13497185425888408
SARS-CoV-2,fubar_bf,AdaptiveKnee,AdaptiveKnee,34,30,2,2.4686,0.19291846787670963
SARS-CoV-2,fubar_bf,ScoreDBSCAN(ep=8),ScoreDBSCAN,1206,30,26,0.9048,0.9930236836505794
SARS-CoV-2,fubar_bf,ScoreDBSCAN(ep=15),ScoreDBSCAN,1228,30,28,0.9569,0.9649970544004797
SARS-CoV-2,fubar_bf,Spectral(z=1.5),Spectral,34,30,2,2.4686,0.19291846787670963
SARS-CoV-2,fubar_bf,Spectral(z=2.0),Spectral,25,30,1,1.6787,0.4560060648731711
SARS-CoV-2,fubar_bf,Bayes(prior=0.1),Bayes,15,30,2,5.5956,0.04755657637567064
SARS-CoV-2,fubar_bf,Bayes(prior=0.15),Bayes,33,30,2,2.5434,0.18418298944414357
SARS-CoV-2,fubar_bf,AdaptWin(s=90),AdaptWin,146,30,6,1.7247,0.12436724380928939
SARS-CoV-2,fubar_bf,AdaptWin(s=85),AdaptWin,286,30,11,1.6141,0.05720910031287598
SARS-CoV-2,fubar_bf,FreqThresh(p=80),FreqThresh,252,30,9,1.4988,0.1264410842978931
SARS-CoV-2,fubar_bf,FreqThresh(p=85),FreqThresh,210,30,9,1.7986,0.048675395618036445
SARS-CoV-2,fubar_bf,FreqThresh(p=90),FreqThresh,126,30,5,1.6653,0.17362515603150494
SARS-CoV-2,fubar_bf,FreqThresh(p=95),FreqThresh,63,30,4,2.6646,0.058659485034765695
SARS-CoV-2,fubar_bf,"SWAN(w=10,k=1.0)",SWAN,30,30,3,4.1967,0.03212585731002248
SARS-CoV-2,fubar_bf,"SWAN(w=10,k=1.5)",SWAN,26,30,1,1.6141,0.46923120105939864
SARS-CoV-2,fubar_bf,"SWAN(w=10,k=2.0)",SWAN,21,30,1,1.9984,0.39984798104933955
SARS-CoV-2,fubar_bf,"SWAN(w=20,k=1.0)",SWAN,33,30,1,1.2717,0.5534828707657248
SARS-CoV-2,fubar_bf,"SWAN(w=20,k=1.5)",SWAN,25,30,1,1.6787,0.4560060648731711
SARS-CoV-2,fubar_bf,"SWAN(w=20,k=2.0)",SWAN,22,30,1,1.9076,0.41439124483651235
SARS-CoV-2,fubar_bf,"SWAN(w=50,k=1.0)",SWAN,37,30,4,4.5369,0.01001510622945672
SARS-CoV-2,fubar_bf,"SWAN(w=50,k=1.5)",SWAN,26,30,4,6.4564,0.002723242655271911
SARS-CoV-2,fubar_bf,"SWAN(w=50,k=2.0)",SWAN,26,30,4,6.4564,0.002723242655271911
SARS-CoV-2,fubar_bf,MutClust-Orig(g=10),MutClust-Orig,1258,30,30,1.0008,0.9761715647339158
H3N2,freq,Wavelet(t=1.0),Wavelet,104,29,6,1.0802,0.49224106785976374
H3N2,freq,Wavelet(t=1.5),Wavelet,55,29,1,0.3404,0.9586028483532756
H3N2,freq,Wavelet(t=2.0),Wavelet,18,29,0,0.0,1.0
H3N2,freq,KDE(p=75),KDE,136,29,29,3.9926,3.13367440258411e-19
H3N2,freq,KDE(p=80),KDE,109,29,29,4.9817,2.119133487095204e-22
H3N2,freq,KDE(p=85),KDE,82,29,27,6.1653,3.415072224514865e-22
H3N2,freq,SlidingTest(p=0.01),SlidingTest,51,29,13,4.7728,2.1396536833829576e-07
H3N2,freq,SlidingTest(p=0.05),SlidingTest,72,29,14,3.6408,2.4100215382183657e-06
H3N2,freq,GradPeak(p=0.2),GradPeak,2,29,0,0.0,1.0
H3N2,freq,GradPeak(p=0.5),GradPeak,0,29,0,0.0,1.0
H3N2,freq,LocalContrast(z=1.0),LocalContrast,43,29,5,2.1772,0.06959164092823579
H3N2,freq,LocalContrast(z=1.5),LocalContrast,33,29,4,2.2696,0.09102024620782442
H3N2,freq,LocalContrast(z=2.0),LocalContrast,27,29,3,2.0805,0.1688618782641048
H3N2,freq,"CUSUM(d=0.3,h=3.0)",CUSUM,17,29,4,4.4057,0.009656084432271634
H3N2,freq,"CUSUM(d=0.5,h=4.0)",CUSUM,11,29,2,3.4044,0.11233274398191055
H3N2,freq,"CUSUM(d=0.5,h=5.0)",CUSUM,9,29,2,4.1609,0.07854888499486878
H3N2,freq,AdaptiveKnee,AdaptiveKnee,50,29,8,2.9959,0.002806421756530146
H3N2,freq,ScoreDBSCAN(ep=8),ScoreDBSCAN,450,29,18,0.749,0.9986686071116637
H3N2,freq,ScoreDBSCAN(ep=15),ScoreDBSCAN,477,29,22,0.8636,0.9835479663315424
H3N2,freq,Spectral(z=1.5),Spectral,36,29,5,2.6006,0.035604480790414776
H3N2,freq,Spectral(z=2.0),Spectral,27,29,4,2.7739,0.04887323951714042
H3N2,freq,Bayes(prior=0.1),Bayes,0,29,0,0.0,1.0
H3N2,freq,Bayes(prior=0.15),Bayes,9,29,2,4.1609,0.07854888499486878
H3N2,freq,AdaptWin(s=90),AdaptWin,411,29,26,1.1845,0.04928157092610721
H3N2,freq,AdaptWin(s=85),AdaptWin,460,29,26,1.0583,0.3266595771586127
H3N2,freq,FreqThresh(p=80),FreqThresh,108,29,9,1.5603,0.09945000086508671
H3N2,freq,FreqThresh(p=85),FreqThresh,81,29,8,1.8493,0.05198245748473606
H3N2,freq,FreqThresh(p=90),FreqThresh,54,29,8,2.7739,0.004683774414310727
H3N2,freq,FreqThresh(p=95),FreqThresh,27,29,4,2.7739,0.04887323951714042
H3N2,freq,"SWAN(w=10,k=1.0)",SWAN,49,29,8,3.057,0.0024469001259542662
H3N2,freq,"SWAN(w=10,k=1.5)",SWAN,38,29,6,2.9564,0.011282411273068666
H3N2,freq,"SWAN(w=10,k=2.0)",SWAN,33,29,6,3.4044,0.005478515129678118
H3N2,freq,"SWAN(w=20,k=1.0)",SWAN,50,29,8,2.9959,0.002806421756530146
H3N2,freq,"SWAN(w=20,k=1.5)",SWAN,42,29,8,3.5665,0.0008303281428523999
H3N2,freq,"SWAN(w=20,k=2.0)",SWAN,28,29,8,5.3498,3.653310336589896e-05
H3N2,freq,"SWAN(w=50,k=1.0)",SWAN,47,29,8,3.1871,0.0018379701487532601
H3N2,freq,"SWAN(w=50,k=1.5)",SWAN,47,29,8,3.1871,0.0018379701487532601
H3N2,freq,"SWAN(w=50,k=2.0)",SWAN,33,29,8,4.5392,0.00013598934949130044
H3N2,freq,MutClust-Orig(g=10),MutClust-Orig,420,29,29,1.2929,0.00046338375307909067
H3N2,entropy,Wavelet(t=1.0),Wavelet,85,29,0,0.0,1.0
H3N2,entropy,Wavelet(t=1.5),Wavelet,63,29,0,0.0,1.0
H3N2,entropy,Wavelet(t=2.0),Wavelet,44,29,0,0.0,1.0
H3N2,entropy,KDE(p=75),KDE,136,29,29,3.9926,3.13367440258411e-19
H3N2,entropy,KDE(p=80),KDE,109,29,29,4.9817,2.119133487095204e-22
H3N2,entropy,KDE(p=85),KDE,82,29,29,6.622,1.1680553128212558e-26
H3N2,entropy,SlidingTest(p=0.01),SlidingTest,53,29,11,3.8861,2.457901006005831e-05
H3N2,entropy,SlidingTest(p=0.05),SlidingTest,86,29,13,2.8304,0.00013127412229828336
H3N2,entropy,GradPeak(p=0.2),GradPeak,15,29,3,3.7448,0.04041044910371303
H3N2,entropy,GradPeak(p=0.5),GradPeak,4,29,0,0.0,1.0
H3N2,entropy,LocalContrast(z=1.0),LocalContrast,53,29,6,2.1197,0.05277515652351505
H3N2,entropy,LocalContrast(z=1.5),LocalContrast,39,29,5,2.4005,0.04849119404994224
H3N2,entropy,LocalContrast(z=2.0),LocalContrast,26,29,3,2.1605,0.15552980729221996
H3N2,entropy,"CUSUM(d=0.3,h=3.0)",CUSUM,18,29,4,4.1609,0.011955536740528924
H3N2,entropy,"CUSUM(d=0.5,h=4.0)",CUSUM,10,29,3,5.6172,0.012783978203415149
H3N2,entropy,"CUSUM(d=0.5,h=5.0)",CUSUM,7,29,1,2.6749,0.32050299268167065
H3N2,entropy,AdaptiveKnee,AdaptiveKnee,55,29,8,2.7235,0.005279477499000276
H3N2,entropy,ScoreDBSCAN(ep=8),ScoreDBSCAN,423,29,18,0.7968,0.9868799371472826
H3N2,entropy,ScoreDBSCAN(ep=15),ScoreDBSCAN,461,29,20,0.8123,0.9937602806595357
H3N2,entropy,Spectral(z=1.5),Spectral,52,29,7,2.5206,0.014614573778908468
H3N2,entropy,Spectral(z=2.0),Spectral,32,29,4,2.3405,0.08303421512604381
H3N2,entropy,Bayes(prior=0.1),Bayes,0,29,0,0.0,1.0
H3N2,entropy,Bayes(prior=0.15),Bayes,0,29,0,0.0,1.0
H3N2,entropy,AdaptWin(s=90),AdaptWin,411,29,26,1.1845,0.04928157092610721
H3N2,entropy,AdaptWin(s=85),AdaptWin,460,29,26,1.0583,0.3266595771586127
H3N2,entropy,FreqThresh(p=80),FreqThresh,108,29,10,1.7337,0.043047205702100994
H3N2,entropy,FreqThresh(p=85),FreqThresh,81,29,8,1.8493,0.05198245748473606
H3N2,entropy,FreqThresh(p=90),FreqThresh,54,29,8,2.7739,0.004683774414310727
H3N2,entropy,FreqThresh(p=95),FreqThresh,27,29,4,2.7739,0.04887323951714042
H3N2,entropy,"SWAN(w=10,k=1.0)",SWAN,72,29,10,2.6006,0.0022468652339723864
H3N2,entropy,"SWAN(w=10,k=1.5)",SWAN,63,29,10,2.9721,0.0007388555387322945
H3N2,entropy,"SWAN(w=10,k=2.0)",SWAN,52,29,8,2.8806,0.0036507773325240877
H3N2,entropy,"SWAN(w=20,k=1.0)",SWAN,72,29,10,2.6006,0.0022468652339723864
H3N2,entropy,"SWAN(w=20,k=1.5)",SWAN,70,29,10,2.6749,0.0017861531731898342
H3N2,entropy,"SWAN(w=20,k=2.0)",SWAN,60,29,10,3.1207,0.0004847828860753494
H3N2,entropy,"SWAN(w=50,k=1.0)",SWAN,65,29,10,2.8806,0.0009638020673370929
H3N2,entropy,"SWAN(w=50,k=1.5)",SWAN,65,29,10,2.8806,0.0009638020673370929
H3N2,entropy,"SWAN(w=50,k=2.0)",SWAN,57,29,10,3.2849,0.00030869439545368416
H3N2,entropy,MutClust-Orig(g=10),MutClust-Orig,539,29,29,1.0074,0.8023820492491543
H3N2,rare_freq,Wavelet(t=1.0),Wavelet,74,29,2,0.5061,0.9258827123459388
H3N2,rare_freq,Wavelet(t=1.5),Wavelet,36,29,0,0.0,1.0
H3N2,rare_freq,Wavelet(t=2.0),Wavelet,20,29,0,0.0,1.0
H3N2,rare_freq,KDE(p=75),KDE,136,29,29,3.9926,3.13367440258411e-19
H3N2,rare_freq,KDE(p=80),KDE,109,29,22,3.7792,3.3044741944124176e-11
H3N2,rare_freq,KDE(p=85),KDE,82,29,19,4.3385,2.128886015509557e-10
H3N2,rare_freq,SlidingTest(p=0.01),SlidingTest,41,29,2,0.9134,0.6620921232961348
H3N2,rare_freq,SlidingTest(p=0.05),SlidingTest,81,29,6,1.387,0.25372455210696604
H3N2,rare_freq,GradPeak(p=0.2),GradPeak,0,29,0,0.0,1.0
H3N2,rare_freq,GradPeak(p=0.5),GradPeak,0,29,0,0.0,1.0
H3N2,rare_freq,LocalContrast(z=1.0),LocalContrast,92,29,5,1.0176,0.5634728130854083
H3N2,rare_freq,LocalContrast(z=1.5),LocalContrast,49,29,2,0.7643,0.7585488996568219
H3N2,rare_freq,LocalContrast(z=2.0),LocalContrast,29,29,2,1.2913,0.46793808025789146
H3N2,rare_freq,"CUSUM(d=0.3,h=3.0)",CUSUM,18,29,3,3.1207,0.06501982077723573
H3N2,rare_freq,"CUSUM(d=0.5,h=4.0)",CUSUM,8,29,1,2.3405,0.3572668233015055
H3N2,rare_freq,"CUSUM(d=0.5,h=5.0)",CUSUM,6,29,1,3.1207,0.2817128091930258
H3N2,rare_freq,AdaptiveKnee,AdaptiveKnee,89,29,6,1.2623,0.3341107002431086
H3N2,rare_freq,ScoreDBSCAN(ep=8),ScoreDBSCAN,152,29,8,0.9855,0.5929913235926345
H3N2,rare_freq,ScoreDBSCAN(ep=15),ScoreDBSCAN,366,29,20,1.0232,0.5161638333343728
H3N2,rare_freq,Spectral(z=1.5),Spectral,38,29,3,1.4782,0.3311003511531883
H3N2,rare_freq,Spectral(z=2.0),Spectral,24,29,2,1.5603,0.37128857847987784
H3N2,rare_freq,Bayes(prior=0.1),Bayes,0,29,0,0.0,1.0
H3N2,rare_freq,Bayes(prior=0.15),Bayes,24,29,3,2.3405,0.13002006987425585
H3N2,rare_freq,AdaptWin(s=90),AdaptWin,65,29,6,1.7284,0.11961150554196584
H3N2,rare_freq,AdaptWin(s=85),AdaptWin,110,29,8,1.3618,0.215018872868666
H3N2,rare_freq,FreqThresh(p=80),FreqThresh,93,29,6,1.208,0.3760041290155492
H3N2,rare_freq,FreqThresh(p=85),FreqThresh,68,29,6,1.6521,0.14119109591839882
H3N2,rare_freq,FreqThresh(p=90),FreqThresh,46,29,5,2.0352,0.0883825024949024
H3N2,rare_freq,FreqThresh(p=95),FreqThresh,24,29,3,2.3405,0.13002006987425585
H3N2,rare_freq,"SWAN(w=10,k=1.0)",SWAN,120,29,9,1.4043,0.16688618975085312
H3N2,rare_freq,"SWAN(w=10,k=1.5)",SWAN,89,29,6,1.2623,0.3341107002431086
H3N2,rare_freq,"SWAN(w=10,k=2.0)",SWAN,80,29,6,1.4043,0.24414555412744682
H3N2,rare_freq,"SWAN(w=20,k=1.0)",SWAN,132,29,10,1.4185,0.1385967855924479
H3N2,rare_freq,"SWAN(w=20,k=1.5)",SWAN,114,29,8,1.314,0.24698434688048412
H3N2,rare_freq,"SWAN(w=20,k=2.0)",SWAN,88,29,6,1.2766,0.32376908151992956
H3N2,rare_freq,"SWAN(w=50,k=1.0)",SWAN,141,29,13,1.7263,0.018668242307315973
H3N2,rare_freq,"SWAN(w=50,k=1.5)",SWAN,136,29,13,1.7898,0.013622670768767137
H3N2,rare_freq,"SWAN(w=50,k=2.0)",SWAN,109,29,10,1.7178,0.045640437663617556
H3N2,rare_freq,MutClust-Orig(g=10),MutClust-Orig,0,29,0,0.0,1.0
H3N2,homoplasy,Wavelet(t=1.0),Wavelet,82,29,0,0.0,1.0
H3N2,homoplasy,Wavelet(t=1.5),Wavelet,65,29,0,0.0,1.0
H3N2,homoplasy,Wavelet(t=2.0),Wavelet,48,29,0,0.0,1.0
H3N2,homoplasy,KDE(p=75),KDE,136,29,29,3.9926,3.13367440258411e-19
H3N2,homoplasy,KDE(p=80),KDE,109,29,29,4.9817,2.119133487095204e-22
H3N2,homoplasy,KDE(p=85),KDE,82,29,22,5.0235,4.123146677757809e-14
H3N2,homoplasy,SlidingTest(p=0.01),SlidingTest,47,29,8,3.1871,0.0018379701487532601
H3N2,homoplasy,SlidingTest(p=0.05),SlidingTest,84,29,10,2.2291,0.007485883832239107
H3N2,homoplasy,GradPeak(p=0.2),GradPeak,11,29,1,1.7022,0.45639818100471796
H3N2,homoplasy,GradPeak(p=0.5),GradPeak,0,29,0,0.0,1.0
H3N2,homoplasy,LocalContrast(z=1.0),LocalContrast,80,29,6,1.4043,0.24414555412744682
H3N2,homoplasy,LocalContrast(z=1.5),LocalContrast,53,29,4,1.4131,0.31088687346025545
H3N2,homoplasy,LocalContrast(z=2.0),LocalContrast,31,29,1,0.604,0.8265261010644773
H3N2,homoplasy,"CUSUM(d=0.3,h=3.0)",CUSUM,21,29,2,1.7833,0.31047702340366035
H3N2,homoplasy,"CUSUM(d=0.5,h=4.0)",CUSUM,12,29,1,1.5603,0.4860306109875434
H3N2,homoplasy,"CUSUM(d=0.5,h=5.0)",CUSUM,9,29,1,2.0805,0.3921065655898351
H3N2,homoplasy,AdaptiveKnee,AdaptiveKnee,104,29,8,1.4403,0.17086357480247313
H3N2,homoplasy,ScoreDBSCAN(ep=8),ScoreDBSCAN,379,29,20,0.9881,0.6292349658539957
H3N2,homoplasy,ScoreDBSCAN(ep=15),ScoreDBSCAN,450,29,23,0.957,0.7873175348579573
H3N2,homoplasy,Spectral(z=1.5),Spectral,45,29,8,3.3287,0.0013569889464845623
H3N2,homoplasy,Spectral(z=2.0),Spectral,27,29,3,2.0805,0.1688618782641048
H3N2,homoplasy,Bayes(prior=0.1),Bayes,0,29,0,0.0,1.0
H3N2,homoplasy,Bayes(prior=0.15),Bayes,2,29,0,0.0,1.0
H3N2,homoplasy,AdaptWin(s=90),AdaptWin,258,29,20,1.4515,0.0139952757404655
H3N2,homoplasy,AdaptWin(s=85),AdaptWin,508,29,29,1.0689,0.13728901933378343
H3N2,homoplasy,FreqThresh(p=80),FreqThresh,156,29,9,1.0802,0.46100247099170105
H3N2,homoplasy,FreqThresh(p=85),FreqThresh,104,29,8,1.4403,0.17086357480247313
H3N2,homoplasy,FreqThresh(p=90),FreqThresh,76,29,7,1.7246,0.0949324085630022
H3N2,homoplasy,FreqThresh(p=95),FreqThresh,35,29,5,2.6749,0.031852812818331834
H3N2,homoplasy,"SWAN(w=10,k=1.0)",SWAN,91,29,5,1.0288,0.5527116410413816
H3N2,homoplasy,"SWAN(w=10,k=1.5)",SWAN,90,29,5,1.0402,0.5418465817454159
H3N2,homoplasy,"SWAN(w=10,k=2.0)",SWAN,64,29,4,1.1703,0.4531256979054216
H3N2,homoplasy,"SWAN(w=20,k=1.0)",SWAN,96,29,8,1.5603,0.12007816207791293
H3N2,homoplasy,"SWAN(w=20,k=1.5)",SWAN,90,29,7,1.4563,0.18848142248891425
H3N2,homoplasy,"SWAN(w=20,k=2.0)",SWAN,87,29,5,1.0761,0.50868917199382
H3N2,homoplasy,"SWAN(w=50,k=1.0)",SWAN,121,29,9,1.3927,0.17339977674643406
H3N2,homoplasy,"SWAN(w=50,k=1.5)",SWAN,105,29,9,1.6049,0.08577587178720461
H3N2,homoplasy,"SWAN(w=50,k=2.0)",SWAN,91,29,9,1.8518,0.03821842632296951
H3N2,homoplasy,MutClust-Orig(g=10),MutClust-Orig,542,29,29,1.0018,0.9465930018416207
H3N2,esm2_llr,Wavelet(t=1.0),Wavelet,98,29,13,2.4838,0.0005489741219678904
H3N2,esm2_llr,Wavelet(t=1.5),Wavelet,56,29,10,3.3436,0.00026365956041933953
H3N2,esm2_llr,Wavelet(t=2.0),Wavelet,21,29,3,2.6749,0.09512777760165535
H3N2,esm2_llr,KDE(p=75),KDE,136,29,25,3.4419,1.4609933444448405e-12
H3N2,esm2_llr,KDE(p=80),KDE,109,29,19,3.2638,4.873900597118436e-08
H3N2,esm2_llr,KDE(p=85),KDE,82,29,19,4.3385,2.128886015509557e-10
H3N2,esm2_llr,SlidingTest(p=0.01),SlidingTest,35,29,0,0.0,1.0
H3N2,esm2_llr,SlidingTest(p=0.05),SlidingTest,69,29,0,0.0,1.0
H3N2,esm2_llr,GradPeak(p=0.2),GradPeak,30,29,2,1.2483,0.48630693849124124
H3N2,esm2_llr,GradPeak(p=0.5),GradPeak,13,29,1,1.4403,0.5141005022895421
H3N2,esm2_llr,LocalContrast(z=1.0),LocalContrast,67,29,3,0.8384,0.7193905890602463
H3N2,esm2_llr,LocalContrast(z=1.5),LocalContrast,49,29,3,1.1464,0.4969091293690699
H3N2,esm2_llr,LocalContrast(z=2.0),LocalContrast,35,29,1,0.535,0.8627109806662165
H3N2,esm2_llr,"CUSUM(d=0.3,h=3.0)",CUSUM,13,29,1,1.4403,0.5141005022895421
H3N2,esm2_llr,"CUSUM(d=0.5,h=4.0)",CUSUM,7,29,0,0.0,1.0
H3N2,esm2_llr,"CUSUM(d=0.5,h=5.0)",CUSUM,6,29,0,0.0,1.0
H3N2,esm2_llr,AdaptiveKnee,AdaptiveKnee,62,29,3,0.906,0.6656654844876334
H3N2,esm2_llr,ScoreDBSCAN(ep=8),ScoreDBSCAN,436,29,24,1.0307,0.47668085399368154
H3N2,esm2_llr,ScoreDBSCAN(ep=15),ScoreDBSCAN,493,29,27,1.0255,0.4887907212427327
H3N2,esm2_llr,Spectral(z=1.5),Spectral,26,29,2,1.4403,0.4108142773834977
H3N2,esm2_llr,Spectral(z=2.0),Spectral,15,29,1,1.2483,0.5658671606217864
H3N2,esm2_llr,Bayes(prior=0.1),Bayes,9,29,1,2.0805,0.3921065655898351
H3N2,esm2_llr,Bayes(prior=0.15),Bayes,40,29,2,0.9362,0.6481980854629967
H3N2,esm2_llr,AdaptWin(s=90),AdaptWin,63,29,2,0.5944,0.8726121390456221
H3N2,esm2_llr,AdaptWin(s=85),AdaptWin,116,29,4,0.6457,0.9009365209824957
H3N2,esm2_llr,FreqThresh(p=80),FreqThresh,109,29,5,0.8589,0.7261890899834385
H3N2,esm2_llr,FreqThresh(p=85),FreqThresh,82,29,4,0.9134,0.6632238050438595
H3N2,esm2_llr,FreqThresh(p=90),FreqThresh,55,29,2,0.6809,0.8150627247086548
H3N2,esm2_llr,FreqThresh(p=95),FreqThresh,28,29,1,0.6687,0.7935102572214123
H3N2,esm2_llr,"SWAN(w=10,k=1.0)",SWAN,70,29,3,0.8025,0.7484944644280734
H3N2,esm2_llr,"SWAN(w=10,k=1.5)",SWAN,56,29,2,0.6687,0.8232986334423626
H3N2,esm2_llr,"SWAN(w=10,k=2.0)",SWAN,29,29,2,1.2913,0.46793808025789146
H3N2,esm2_llr,"SWAN(w=20,k=1.0)",SWAN,79,29,5,1.1851,0.4173907128976591
H3N2,esm2_llr,"SWAN(w=20,k=1.5)",SWAN,56,29,3,1.0031,0.5926931888985456
H3N2,esm2_llr,"SWAN(w=20,k=2.0)",SWAN,44,29,3,1.2766,0.4229972306234589
H3N2,esm2_llr,"SWAN(w=50,k=1.0)",SWAN,89,29,5,1.0519,0.5308835933990734
H3N2,esm2_llr,"SWAN(w=50,k=1.5)",SWAN,78,29,5,1.2003,0.40582774487847323
H3N2,esm2_llr,"SWAN(w=50,k=2.0)",SWAN,68,29,5,1.3768,0.2915970611917002
H3N2,esm2_llr,MutClust-Orig(g=10),MutClust-Orig,529,29,29,1.0265,0.45931254406215005
H3N2,plddt_inv,Wavelet(t=1.0),Wavelet,115,29,0,0.0,1.0
H3N2,plddt_inv,Wavelet(t=1.5),Wavelet,55,29,0,0.0,1.0
H3N2,plddt_inv,Wavelet(t=2.0),Wavelet,13,29,0,0.0,1.0
H3N2,plddt_inv,KDE(p=75),KDE,136,29,0,0.0,1.0
H3N2,plddt_inv,KDE(p=80),KDE,109,29,0,0.0,1.0
H3N2,plddt_inv,KDE(p=85),KDE,82,29,0,0.0,1.0
H3N2,plddt_inv,SlidingTest(p=0.01),SlidingTest,216,29,0,0.0,1.0
H3N2,plddt_inv,SlidingTest(p=0.05),SlidingTest,247,29,0,0.0,1.0
H3N2,plddt_inv,GradPeak(p=0.2),GradPeak,45,29,2,0.8322,0.7135196630798686
H3N2,plddt_inv,GradPeak(p=0.5),GradPeak,34,29,2,1.1014,0.5559852624584453
H3N2,plddt_inv,LocalContrast(z=1.0),LocalContrast,61,29,6,1.8417,0.09380713392714005
H3N2,plddt_inv,LocalContrast(z=1.5),LocalContrast,7,29,1,2.6749,0.32050299268167065
H3N2,plddt_inv,LocalContrast(z=2.0),LocalContrast,3,29,0,0.0,1.0
H3N2,plddt_inv,"CUSUM(d=0.3,h=3.0)",CUSUM,41,29,0,0.0,1.0
H3N2,plddt_inv,"CUSUM(d=0.5,h=4.0)",CUSUM,18,29,0,0.0,1.0
H3N2,plddt_inv,"CUSUM(d=0.5,h=5.0)",CUSUM,14,29,0,0.0,1.0
H3N2,plddt_inv,AdaptiveKnee,AdaptiveKnee,246,29,0,0.0,1.0
H3N2,plddt_inv,ScoreDBSCAN(ep=8),ScoreDBSCAN,360,29,11,0.5721,0.9996779917125247
H3N2,plddt_inv,ScoreDBSCAN(ep=15),ScoreDBSCAN,438,29,19,0.8122,0.9869491382210779
H3N2,plddt_inv,Spectral(z=1.5),Spectral,44,29,4,1.7022,0.2006089352357016
H3N2,plddt_inv,Spectral(z=2.0),Spectral,24,29,4,3.1207,0.03312115566753557
H3N2,plddt_inv,Bayes(prior=0.1),Bayes,0,29,0,0.0,1.0
H3N2,plddt_inv,Bayes(prior=0.15),Bayes,0,29,0,0.0,1.0
H3N2,plddt_inv,AdaptWin(s=90),AdaptWin,357,29,0,0.0,1.0
H3N2,plddt_inv,AdaptWin(s=85),AdaptWin,364,29,0,0.0,1.0
H3N2,plddt_inv,FreqThresh(p=80),FreqThresh,122,29,0,0.0,1.0
H3N2,plddt_inv,FreqThresh(p=85),FreqThresh,100,29,0,0.0,1.0
H3N2,plddt_inv,FreqThresh(p=90),FreqThresh,70,29,0,0.0,1.0
H3N2,plddt_inv,FreqThresh(p=95),FreqThresh,44,29,0,0.0,1.0
H3N2,plddt_inv,"SWAN(w=10,k=1.0)",SWAN,298,29,0,0.0,1.0
H3N2,plddt_inv,"SWAN(w=10,k=1.5)",SWAN,289,29,0,0.0,1.0
H3N2,plddt_inv,"SWAN(w=10,k=2.0)",SWAN,257,29,0,0.0,1.0
H3N2,plddt_inv,"SWAN(w=20,k=1.0)",SWAN,310,29,0,0.0,1.0
H3N2,plddt_inv,"SWAN(w=20,k=1.5)",SWAN,293,29,0,0.0,1.0
H3N2,plddt_inv,"SWAN(w=20,k=2.0)",SWAN,288,29,0,0.0,1.0
H3N2,plddt_inv,"SWAN(w=50,k=1.0)",SWAN,312,29,1,0.06,0.9999999999941208
H3N2,plddt_inv,"SWAN(w=50,k=1.5)",SWAN,297,29,1,0.063,0.9999999999590444
H3N2,plddt_inv,"SWAN(w=50,k=2.0)",SWAN,296,29,0,0.0,1.0
H3N2,plddt_inv,MutClust-Orig(g=10),MutClust-Orig,542,29,29,1.0018,0.9465930018416207
H3N2,sasa,Wavelet(t=1.0),Wavelet,46,29,0,0.0,1.0
H3N2,sasa,Wavelet(t=1.5),Wavelet,35,29,0,0.0,1.0
H3N2,sasa,Wavelet(t=2.0),Wavelet,29,29,0,0.0,1.0
H3N2,sasa,KDE(p=75),KDE,136,29,0,0.0,1.0
H3N2,sasa,KDE(p=80),KDE,109,29,0,0.0,1.0
H3N2,sasa,KDE(p=85),KDE,82,29,0,0.0,1.0
H3N2,sasa,SlidingTest(p=0.01),SlidingTest,122,29,0,0.0,1.0
H3N2,sasa,SlidingTest(p=0.05),SlidingTest,134,29,0,0.0,1.0
H3N2,sasa,GradPeak(p=0.2),GradPeak,20,29,3,2.8086,0.08452157914769713
H3N2,sasa,GradPeak(p=0.5),GradPeak,5,29,0,0.0,1.0
H3N2,sasa,LocalContrast(z=1.0),LocalContrast,95,29,8,1.5768,0.11442676184016642
H3N2,sasa,LocalContrast(z=1.5),LocalContrast,50,29,5,1.8724,0.11729312662869379
H3N2,sasa,LocalContrast(z=2.0),LocalContrast,22,29,5,4.2555,0.0042436287806686904
H3N2,sasa,"CUSUM(d=0.3,h=3.0)",CUSUM,30,29,1,0.6241,0.8161320038142084
H3N2,sasa,"CUSUM(d=0.5,h=4.0)",CUSUM,13,29,0,0.0,1.0
H3N2,sasa,"CUSUM(d=0.5,h=5.0)",CUSUM,8,29,0,0.0,1.0
H3N2,sasa,AdaptiveKnee,AdaptiveKnee,126,29,4,0.5944,0.9354117711941801
H3N2,sasa,ScoreDBSCAN(ep=8),ScoreDBSCAN,93,29,7,1.4093,0.21268246514204267
H3N2,sasa,ScoreDBSCAN(ep=15),ScoreDBSCAN,323,29,12,0.6956,0.9866287295235017
H3N2,sasa,Spectral(z=1.5),Spectral,55,29,3,1.0213,0.5796693766059795
H3N2,sasa,Spectral(z=2.0),Spectral,26,29,2,1.4403,0.4108142773834977
H3N2,sasa,Bayes(prior=0.1),Bayes,0,29,0,0.0,1.0
H3N2,sasa,Bayes(prior=0.15),Bayes,0,29,0,0.0,1.0
H3N2,sasa,AdaptWin(s=90),AdaptWin,142,29,5,0.6593,0.9150329978415626
H3N2,sasa,AdaptWin(s=85),AdaptWin,183,29,5,0.5116,0.9873810737288821
H3N2,sasa,FreqThresh(p=80),FreqThresh,100,29,4,0.749,0.8154572612904455
H3N2,sasa,FreqThresh(p=85),FreqThresh,75,29,3,0.749,0.7919055238857278
H3N2,sasa,FreqThresh(p=90),FreqThresh,50,29,3,1.1234,0.5112092787572673
H3N2,sasa,FreqThresh(p=95),FreqThresh,25,29,2,1.4979,0.39117701045339964
H3N2,sasa,"SWAN(w=10,k=1.0)",SWAN,188,29,0,0.0,1.0
H3N2,sasa,"SWAN(w=10,k=1.5)",SWAN,153,29,0,0.0,1.0
H3N2,sasa,"SWAN(w=10,k=2.0)",SWAN,133,29,0,0.0,1.0
H3N2,sasa,"SWAN(w=20,k=1.0)",SWAN,164,29,0,0.0,1.0
H3N2,sasa,"SWAN(w=20,k=1.5)",SWAN,141,29,0,0.0,1.0
H3N2,sasa,"SWAN(w=20,k=2.0)",SWAN,138,29,0,0.0,1.0
H3N2,sasa,"SWAN(w=50,k=1.0)",SWAN,161,29,0,0.0,1.0
H3N2,sasa,"SWAN(w=50,k=1.5)",SWAN,161,29,0,0.0,1.0
H3N2,sasa,"SWAN(w=50,k=2.0)",SWAN,150,29,0,0.0,1.0
H3N2,sasa,MutClust-Orig(g=10),MutClust-Orig,496,29,24,0.906,0.9689156337860308
H3N2,grantham,Wavelet(t=1.0),Wavelet,80,29,0,0.0,1.0
H3N2,grantham,Wavelet(t=1.5),Wavelet,66,29,0,0.0,1.0
H3N2,grantham,Wavelet(t=2.0),Wavelet,50,29,0,0.0,1.0
H3N2,grantham,KDE(p=75),KDE,136,29,4,0.5507,0.9590826101737521
H3N2,grantham,KDE(p=80),KDE,109,29,0,0.0,1.0
H3N2,grantham,KDE(p=85),KDE,82,29,0,0.0,1.0
H3N2,grantham,SlidingTest(p=0.01),SlidingTest,1,29,0,0.0,1.0
H3N2,grantham,SlidingTest(p=0.05),SlidingTest,24,29,5,3.9009,0.006346455689362859
H3N2,grantham,GradPeak(p=0.2),GradPeak,133,29,6,0.8447,0.7558547687490003
H3N2,grantham,GradPeak(p=0.5),GradPeak,131,29,6,0.8576,0.7409961694461442
H3N2,grantham,LocalContrast(z=1.0),LocalContrast,110,29,6,1.0213,0.5538125550035871
H3N2,grantham,LocalContrast(z=1.5),LocalContrast,43,29,4,1.7418,0.1892421380126794
H3N2,grantham,LocalContrast(z=2.0),LocalContrast,11,29,1,1.7022,0.45639818100471796
H3N2,grantham,"CUSUM(d=0.3,h=3.0)",CUSUM,12,29,1,1.5603,0.4860306109875434
H3N2,grantham,"CUSUM(d=0.5,h=4.0)",CUSUM,3,29,0,0.0,1.0
H3N2,grantham,"CUSUM(d=0.5,h=5.0)",CUSUM,0,29,0,0.0,1.0
H3N2,grantham,AdaptiveKnee,AdaptiveKnee,54,29,2,0.6935,0.8065029665958303
H3N2,grantham,ScoreDBSCAN(ep=8),ScoreDBSCAN,82,29,3,0.685,0.8425992206077185
H3N2,grantham,ScoreDBSCAN(ep=15),ScoreDBSCAN,334,29,20,1.1212,0.2601447067056959
H3N2,grantham,Spectral(z=1.5),Spectral,45,29,2,0.8322,0.7135196630798686
H3N2,grantham,Spectral(z=2.0),Spectral,26,29,1,0.7202,0.7682125355112878
H3N2,grantham,Bayes(prior=0.1),Bayes,0,29,0,0.0,1.0
H3N2,grantham,Bayes(prior=0.15),Bayes,0,29,0,0.0,1.0
H3N2,grantham,AdaptWin(s=90),AdaptWin,181,29,9,0.931,0.6755156192092824
H3N2,grantham,AdaptWin(s=85),AdaptWin,321,29,16,0.9333,0.7400395459033622
H3N2,grantham,FreqThresh(p=80),FreqThresh,108,29,6,1.0402,0.5335559830656292
H3N2,grantham,FreqThresh(p=85),FreqThresh,81,29,5,1.1558,0.44046774791493026
H3N2,grantham,FreqThresh(p=90),FreqThresh,54,29,2,0.6935,0.8065029665958303
H3N2,grantham,FreqThresh(p=95),FreqThresh,27,29,1,0.6935,0.7812141534419892
H3N2,grantham,"SWAN(w=10,k=1.0)",SWAN,149,29,9,1.131,0.3978467633600803
H3N2,grantham,"SWAN(w=10,k=1.5)",SWAN,88,29,6,1.2766,0.32376908151992956
H3N2,grantham,"SWAN(w=10,k=2.0)",SWAN,57,29,6,1.971,0.0715186497459523
H3N2,grantham,"SWAN(w=20,k=1.0)",SWAN,189,29,11,1.0898,0.4285102558498937
H3N2,grantham,"SWAN(w=20,k=1.5)",SWAN,77,29,7,1.7022,0.10046130632273677
H3N2,grantham,"SWAN(w=20,k=2.0)",SWAN,17,29,0,0.0,1.0
H3N2,grantham,"SWAN(w=50,k=1.0)",SWAN,198,29,12,1.1348,0.3519309189299825
H3N2,grantham,"SWAN(w=50,k=1.5)",SWAN,72,29,2,0.5201,0.9180199830591369
H3N2,grantham,"SWAN(w=50,k=2.0)",SWAN,31,29,0,0.0,1.0
H3N2,grantham,MutClust-Orig(g=10),MutClust-Orig,539,29,29,1.0074,0.8023820492491543
H3N2,dnds_proxy,Wavelet(t=1.0),Wavelet,105,29,14,2.4966,0.0002702703565512676
H3N2,dnds_proxy,Wavelet(t=1.5),Wavelet,55,29,12,4.0853,4.9399868108698354e-06
H3N2,dnds_proxy,Wavelet(t=2.0),Wavelet,24,29,4,3.1207,0.03312115566753557
H3N2,dnds_proxy,KDE(p=75),KDE,136,29,29,3.9926,3.13367440258411e-19
H3N2,dnds_proxy,KDE(p=80),KDE,109,29,29,4.9817,2.119133487095204e-22
H3N2,dnds_proxy,KDE(p=85),KDE,82,29,29,6.622,1.1680553128212558e-26
H3N2,dnds_proxy,SlidingTest(p=0.01),SlidingTest,49,29,9,3.4391,0.00047561186189815205
H3N2,dnds_proxy,SlidingTest(p=0.05),SlidingTest,73,29,12,3.0779,0.00011512365577807633
H3N2,dnds_proxy,GradPeak(p=0.2),GradPeak,51,29,4,1.4686,0.28544289051223753
H3N2,dnds_proxy,GradPeak(p=0.5),GradPeak,25,29,3,2.2469,0.142571610784375
H3N2,dnds_proxy,LocalContrast(z=1.0),LocalContrast,76,29,4,0.9855,0.5986691943758085
H3N2,dnds_proxy,LocalContrast(z=1.5),LocalContrast,50,29,3,1.1234,0.5112092787572673
H3N2,dnds_proxy,LocalContrast(z=2.0),LocalContrast,27,29,3,2.0805,0.1688618782641048
H3N2,dnds_proxy,"CUSUM(d=0.3,h=3.0)",CUSUM,16,29,3,3.5108,0.04796641655445877
H3N2,dnds_proxy,"CUSUM(d=0.5,h=4.0)",CUSUM,7,29,1,2.6749,0.32050299268167065
H3N2,dnds_proxy,"CUSUM(d=0.5,h=5.0)",CUSUM,6,29,1,3.1207,0.2817128091930258
H3N2,dnds_proxy,AdaptiveKnee,AdaptiveKnee,53,29,7,2.473,0.01620822222190325
H3N2,dnds_proxy,ScoreDBSCAN(ep=8),ScoreDBSCAN,417,29,18,0.8082,0.9804613195729466
H3N2,dnds_proxy,ScoreDBSCAN(ep=15),ScoreDBSCAN,475,29,23,0.9066,0.9426635572870702
H3N2,dnds_proxy,Spectral(z=1.5),Spectral,37,29,5,2.5303,0.03962531429008062
H3N2,dnds_proxy,Spectral(z=2.0),Spectral,21,29,4,3.5665,0.02088438842394794
H3N2,dnds_proxy,Bayes(prior=0.1),Bayes,0,29,0,0.0,1.0
H3N2,dnds_proxy,Bayes(prior=0.15),Bayes,7,29,1,2.6749,0.32050299268167065
H3N2,dnds_proxy,AdaptWin(s=90),AdaptWin,145,29,11,1.4205,0.11897213248559055
H3N2,dnds_proxy,AdaptWin(s=85),AdaptWin,480,29,26,1.0142,0.5596914794166337
H3N2,dnds_proxy,FreqThresh(p=80),FreqThresh,109,29,13,2.2332,0.0016592343595722859
H3N2,dnds_proxy,FreqThresh(p=85),FreqThresh,82,29,9,2.0551,0.020080695457919188
H3N2,dnds_proxy,FreqThresh(p=90),FreqThresh,54,29,7,2.4272,0.017924629342182977
H3N2,dnds_proxy,FreqThresh(p=95),FreqThresh,27,29,5,3.4674,0.010750576289998988
H3N2,dnds_proxy,"SWAN(w=10,k=1.0)",SWAN,78,29,10,2.4005,0.004245034327225905
H3N2,dnds_proxy,"SWAN(w=10,k=1.5)",SWAN,68,29,10,2.7535,0.0014063698808896498
H3N2,dnds_proxy,"SWAN(w=10,k=2.0)",SWAN,43,29,8,3.4836,0.000983082008971842
H3N2,dnds_proxy,"SWAN(w=20,k=1.0)",SWAN,88,29,14,2.9788,3.207239033786476e-05
H3N2,dnds_proxy,"SWAN(w=20,k=1.5)",SWAN,59,29,14,4.443,1.569423829267666e-07
H3N2,dnds_proxy,"SWAN(w=20,k=2.0)",SWAN,58,29,14,4.5196,1.2321457328933136e-07
H3N2,dnds_proxy,"SWAN(w=50,k=1.0)",SWAN,78,29,14,3.3607,6.905341176173662e-06
H3N2,dnds_proxy,"SWAN(w=50,k=1.5)",SWAN,78,29,14,3.3607,6.905341176173662e-06
H3N2,dnds_proxy,"SWAN(w=50,k=2.0)",SWAN,69,29,14,3.7991,1.3624332407927777e-06
H3N2,dnds_proxy,MutClust-Orig(g=10),MutClust-Orig,539,29,29,1.0074,0.8023820492491543
H3N2,semantic_change,Wavelet(t=1.0),Wavelet,72,29,0,0.0,1.0
H3N2,semantic_change,Wavelet(t=1.5),Wavelet,51,29,0,0.0,1.0
H3N2,semantic_change,Wavelet(t=2.0),Wavelet,30,29,0,0.0,1.0
H3N2,semantic_change,KDE(p=75),KDE,136,29,0,0.0,1.0
H3N2,semantic_change,KDE(p=80),KDE,109,29,0,0.0,1.0
H3N2,semantic_change,KDE(p=85),KDE,82,29,0,0.0,1.0
H3N2,semantic_change,SlidingTest(p=0.01),SlidingTest,58,29,1,0.3228,0.9655666108007469
H3N2,semantic_change,SlidingTest(p=0.05),SlidingTest,104,29,8,1.4403,0.17086357480247313
H3N2,semantic_change,GradPeak(p=0.2),GradPeak,0,29,0,0.0,1.0
H3N2,semantic_change,GradPeak(p=0.5),GradPeak,0,29,0,0.0,1.0
H3N2,semantic_change,LocalContrast(z=1.0),LocalContrast,79,29,3,0.711,0.8222485168033554
H3N2,semantic_change,LocalContrast(z=1.5),LocalContrast,42,29,2,0.8916,0.6755675409654756
H3N2,semantic_change,LocalContrast(z=2.0),LocalContrast,21,29,0,0.0,1.0
H3N2,semantic_change,"CUSUM(d=0.3,h=3.0)",CUSUM,18,29,2,2.0805,0.2489023050433239
H3N2,semantic_change,"CUSUM(d=0.5,h=4.0)",CUSUM,7,29,0,0.0,1.0
H3N2,semantic_change,"CUSUM(d=0.5,h=5.0)",CUSUM,4,29,0,0.0,1.0
H3N2,semantic_change,AdaptiveKnee,AdaptiveKnee,35,29,2,1.07,0.5724019085333202
H3N2,semantic_change,ScoreDBSCAN(ep=8),ScoreDBSCAN,338,29,16,0.8863,0.8424980267066218
H3N2,semantic_change,ScoreDBSCAN(ep=15),ScoreDBSCAN,497,29,27,1.0172,0.5470106986412194
H3N2,semantic_change,Spectral(z=1.5),Spectral,35,29,2,1.07,0.5724019085333202
H3N2,semantic_change,Spectral(z=2.0),Spectral,16,29,0,0.0,1.0
H3N2,semantic_change,Bayes(prior=0.1),Bayes,0,29,0,0.0,1.0
H3N2,semantic_change,Bayes(prior=0.15),Bayes,1,29,0,0.0,1.0
H3N2,semantic_change,AdaptWin(s=90),AdaptWin,299,29,18,1.1272,0.2800858791926484
H3N2,semantic_change,AdaptWin(s=85),AdaptWin,474,29,29,1.1456,0.01734819753201566
H3N2,semantic_change,FreqThresh(p=80),FreqThresh,108,29,9,1.5603,0.09945000086508671
H3N2,semantic_change,FreqThresh(p=85),FreqThresh,81,29,6,1.387,0.25372455210696604
H3N2,semantic_change,FreqThresh(p=90),FreqThresh,54,29,3,1.0402,0.5664128681000793
H3N2,semantic_change,FreqThresh(p=95),FreqThresh,27,29,2,1.387,0.43017046931304936
H3N2,semantic_change,"SWAN(w=10,k=1.0)",SWAN,154,29,12,1.459,0.08567144393043323
H3N2,semantic_change,"SWAN(w=10,k=1.5)",SWAN,114,29,11,1.8067,0.024255813879030058
H3N2,semantic_change,"SWAN(w=10,k=2.0)",SWAN,100,29,9,1.6852,0.06579667127421547
H3N2,semantic_change,"SWAN(w=20,k=1.0)",SWAN,162,29,16,1.8493,0.0030344381348050477
H3N2,semantic_change,"SWAN(w=20,k=1.5)",SWAN,134,29,15,2.096,0.0011395401852310981
H3N2,semantic_change,"SWAN(w=20,k=2.0)",SWAN,124,29,12,1.812,0.01717298708783385
H3N2,semantic_change,"SWAN(w=50,k=1.0)",SWAN,183,29,16,1.6371,0.011990156915177705
H3N2,semantic_change,"SWAN(w=50,k=1.5)",SWAN,167,29,10,1.1212,0.3965413028648957
H3N2,semantic_change,"SWAN(w=50,k=2.0)",SWAN,110,29,0,0.0,1.0
H3N2,semantic_change,MutClust-Orig(g=10),MutClust-Orig,189,29,10,0.9907,0.5870003886422792
H3N2,EVEscape_composite,Wavelet(t=1.0),Wavelet,63,29,5,1.486,0.23748725306952692
H3N2,EVEscape_composite,Wavelet(t=1.5),Wavelet,35,29,3,1.6049,0.28511060222301116
H3N2,EVEscape_composite,Wavelet(t=2.0),Wavelet,19,29,3,2.9564,0.07447663425377735
H3N2,EVEscape_composite,KDE(p=75),KDE,136,29,19,2.6159,2.5257530126874213e-06
H3N2,EVEscape_composite,KDE(p=80),KDE,109,29,11,1.8896,0.01737420928308681
H3N2,EVEscape_composite,KDE(p=85),KDE,82,29,5,1.1417,0.45196399795202
H3N2,EVEscape_composite,SlidingTest(p=0.01),SlidingTest,30,29,0,0.0,1.0
H3N2,EVEscape_composite,SlidingTest(p=0.05),SlidingTest,66,29,2,0.5674,0.8897521104321655
H3N2,EVEscape_composite,GradPeak(p=0.2),GradPeak,0,29,0,0.0,1.0
H3N2,EVEscape_composite,GradPeak(p=0.5),GradPeak,0,29,0,0.0,1.0
H3N2,EVEscape_composite,LocalContrast(z=1.0),LocalContrast,48,29,3,1.1703,0.4824306334465531
H3N2,EVEscape_composite,LocalContrast(z=1.5),LocalContrast,38,29,3,1.4782,0.3311003511531883
H3N2,EVEscape_composite,LocalContrast(z=2.0),LocalContrast,29,29,1,0.6457,0.8051378349701095
H3N2,EVEscape_composite,"CUSUM(d=0.3,h=3.0)",CUSUM,11,29,1,1.7022,0.45639818100471796
H3N2,EVEscape_composite,"CUSUM(d=0.5,h=4.0)",CUSUM,6,29,1,3.1207,0.2817128091930258
H3N2,EVEscape_composite,"CUSUM(d=0.5,h=5.0)",CUSUM,5,29,1,3.7448,0.24078878456944577
H3N2,EVEscape_composite,AdaptiveKnee,AdaptiveKnee,49,29,3,1.1464,0.4969091293690699
H3N2,EVEscape_composite,ScoreDBSCAN(ep=8),ScoreDBSCAN,396,29,19,0.8984,0.8712016465516133
H3N2,EVEscape_composite,ScoreDBSCAN(ep=15),ScoreDBSCAN,441,29,19,0.8067,0.989596018596646
H3N2,EVEscape_composite,Spectral(z=1.5),Spectral,30,29,3,1.8724,0.2107740649909857
H3N2,EVEscape_composite,Spectral(z=2.0),Spectral,19,29,2,1.971,0.26942297219503525
H3N2,EVEscape_composite,Bayes(prior=0.1),Bayes,11,29,1,1.7022,0.45639818100471796
H3N2,EVEscape_composite,Bayes(prior=0.15),Bayes,42,29,3,1.3374,0.39258376990931876
H3N2,EVEscape_composite,AdaptWin(s=90),AdaptWin,60,29,3,0.9362,0.6423527638661889
H3N2,EVEscape_composite,AdaptWin(s=85),AdaptWin,91,29,5,1.0288,0.5527116410413816
H3N2,EVEscape_composite,FreqThresh(p=80),FreqThresh,99,29,5,0.9457,0.6354552291883513
H3N2,EVEscape_composite,FreqThresh(p=85),FreqThresh,74,29,5,1.2651,0.35963123549678655
H3N2,EVEscape_composite,FreqThresh(p=90),FreqThresh,50,29,3,1.1234,0.5112092787572673
H3N2,EVEscape_composite,FreqThresh(p=95),FreqThresh,25,29,1,0.749,0.754466448660219
H3N2,EVEscape_composite,"SWAN(w=10,k=1.0)",SWAN,63,29,3,0.8916,0.6769333326828468
H3N2,EVEscape_composite,"SWAN(w=10,k=1.5)",SWAN,48,29,3,1.1703,0.4824306334465531
H3N2,EVEscape_composite,"SWAN(w=10,k=2.0)",SWAN,25,29,3,2.2469,0.142571610784375
H3N2,EVEscape_composite,"SWAN(w=20,k=1.0)",SWAN,65,29,5,1.4403,0.2587541403534205
H3N2,EVEscape_composite,"SWAN(w=20,k=1.5)",SWAN,58,29,2,0.6457,0.8388336553671722
H3N2,EVEscape_composite,"SWAN(w=20,k=2.0)",SWAN,38,29,2,0.9855,0.6191454447253869
H3N2,EVEscape_composite,"SWAN(w=50,k=1.0)",SWAN,85,29,5,1.1014,0.48618205027504013
H3N2,EVEscape_composite,"SWAN(w=50,k=1.5)",SWAN,67,29,5,1.3973,0.2805377990392518
H3N2,EVEscape_composite,"SWAN(w=50,k=2.0)",SWAN,35,29,5,2.6749,0.031852812818331834
H3N2,EVEscape_composite,MutClust-Orig(g=10),MutClust-Orig,64,29,8,2.3405,0.013675688143178549
H3N2,EqualWeight,Wavelet(t=1.0),Wavelet,81,29,0,0.0,1.0
H3N2,EqualWeight,Wavelet(t=1.5),Wavelet,63,29,0,0.0,1.0
H3N2,EqualWeight,Wavelet(t=2.0),Wavelet,40,29,0,0.0,1.0
H3N2,EqualWeight,KDE(p=75),KDE,136,29,0,0.0,1.0
H3N2,EqualWeight,KDE(p=80),KDE,109,29,0,0.0,1.0
H3N2,EqualWeight,KDE(p=85),KDE,82,29,0,0.0,1.0
H3N2,EqualWeight,SlidingTest(p=0.01),SlidingTest,128,29,2,0.2926,0.9965741177519327
H3N2,EqualWeight,SlidingTest(p=0.05),SlidingTest,170,29,4,0.4406,0.9929677022590498
H3N2,EqualWeight,GradPeak(p=0.2),GradPeak,2,29,0,0.0,1.0
H3N2,EqualWeight,GradPeak(p=0.5),GradPeak,0,29,0,0.0,1.0
H3N2,EqualWeight,LocalContrast(z=1.0),LocalContrast,81,29,8,1.8493,0.05198245748473606
H3N2,EqualWeight,LocalContrast(z=1.5),LocalContrast,37,29,5,2.5303,0.03962531429008062
H3N2,EqualWeight,LocalContrast(z=2.0),LocalContrast,17,29,2,2.2028,0.22847091790264726
H3N2,EqualWeight,"CUSUM(d=0.3,h=3.0)",CUSUM,25,29,2,1.4979,0.39117701045339964
H3N2,EqualWeight,"CUSUM(d=0.5,h=4.0)",CUSUM,11,29,1,1.7022,0.45639818100471796
H3N2,EqualWeight,"CUSUM(d=0.5,h=5.0)",CUSUM,9,29,1,2.0805,0.3921065655898351
H3N2,EqualWeight,AdaptiveKnee,AdaptiveKnee,38,29,5,2.4637,0.043919693535082405
H3N2,EqualWeight,ScoreDBSCAN(ep=8),ScoreDBSCAN,233,29,6,0.4822,0.9973372256765574
H3N2,EqualWeight,ScoreDBSCAN(ep=15),ScoreDBSCAN,451,29,20,0.8303,0.9854318412132775
H3N2,EqualWeight,Spectral(z=1.5),Spectral,51,29,7,2.57,0.013138678103433653
H3N2,EqualWeight,Spectral(z=2.0),Spectral,33,29,5,2.837,0.025135489783134853
H3N2,EqualWeight,Bayes(prior=0.1),Bayes,0,29,0,0.0,1.0
H3N2,EqualWeight,Bayes(prior=0.15),Bayes,0,29,0,0.0,1.0
H3N2,EqualWeight,AdaptWin(s=90),AdaptWin,372,29,21,1.057,0.40610525043154805
H3N2,EqualWeight,AdaptWin(s=85),AdaptWin,503,29,26,0.9678,0.8433767511414281
H3N2,EqualWeight,FreqThresh(p=80),FreqThresh,109,29,8,1.3742,0.2073286613705949
H3N2,EqualWeight,FreqThresh(p=85),FreqThresh,82,29,7,1.5984,0.13084591244111937
H3N2,EqualWeight,FreqThresh(p=90),FreqThresh,55,29,6,2.0426,0.061706504066308204
H3N2,EqualWeight,FreqThresh(p=95),FreqThresh,28,29,4,2.6749,0.054919178678809154
H3N2,EqualWeight,"SWAN(w=10,k=1.0)",SWAN,190,29,6,0.5913,0.9728782746175747
H3N2,EqualWeight,"SWAN(w=10,k=1.5)",SWAN,185,29,6,0.6073,0.9657903760318325
H3N2,EqualWeight,"SWAN(w=10,k=2.0)",SWAN,164,29,6,0.685,0.9165024629241382
H3N2,EqualWeight,"SWAN(w=20,k=1.0)",SWAN,196,29,6,0.5732,0.9796798355580323
H3N2,EqualWeight,"SWAN(w=20,k=1.5)",SWAN,188,29,6,0.5976,0.9702115679579979
H3N2,EqualWeight,"SWAN(w=20,k=2.0)",SWAN,186,29,6,0.604,0.9673226233636254
H3N2,EqualWeight,"SWAN(w=50,k=1.0)",SWAN,203,29,8,0.7379,0.9087155052987779
H3N2,EqualWeight,"SWAN(w=50,k=1.5)",SWAN,181,29,0,0.0,1.0
H3N2,EqualWeight,"SWAN(w=50,k=2.0)",SWAN,181,29,0,0.0,1.0
H3N2,EqualWeight,MutClust-Orig(g=10),MutClust-Orig,541,29,29,1.0037,0.8959450367984343
H3N2,tranception,Wavelet(t=1.0),Wavelet,82,29,0,0.0,1.0
H3N2,tranception,Wavelet(t=1.5),Wavelet,57,29,0,0.0,1.0
H3N2,tranception,Wavelet(t=2.0),Wavelet,26,29,0,0.0,1.0
H3N2,tranception,KDE(p=75),KDE,136,29,5,0.6884,0.8922498078714842
H3N2,tranception,KDE(p=80),KDE,109,29,3,0.5153,0.9532757855865032
H3N2,tranception,KDE(p=85),KDE,82,29,0,0.0,1.0
H3N2,tranception,SlidingTest(p=0.01),SlidingTest,105,29,0,0.0,1.0
H3N2,tranception,SlidingTest(p=0.05),SlidingTest,134,29,0,0.0,1.0
H3N2,tranception,GradPeak(p=0.2),GradPeak,58,29,3,0.9685,0.6180194666422976
H3N2,tranception,GradPeak(p=0.5),GradPeak,35,29,3,1.6049,0.28511060222301116
H3N2,tranception,LocalContrast(z=1.0),LocalContrast,88,29,4,0.8511,0.7210236924037141
H3N2,tranception,LocalContrast(z=1.5),LocalContrast,54,29,2,0.6935,0.8065029665958303
H3N2,tranception,LocalContrast(z=2.0),LocalContrast,29,29,1,0.6457,0.8051378349701095
H3N2,tranception,"CUSUM(d=0.3,h=3.0)",CUSUM,26,29,0,0.0,1.0
H3N2,tranception,"CUSUM(d=0.5,h=4.0)",CUSUM,12,29,0,0.0,1.0
H3N2,tranception,"CUSUM(d=0.5,h=5.0)",CUSUM,8,29,0,0.0,1.0
H3N2,tranception,AdaptiveKnee,AdaptiveKnee,187,29,7,0.7009,0.9228831587322971
H3N2,tranception,ScoreDBSCAN(ep=8),ScoreDBSCAN,274,29,20,1.3667,0.03066417930834898
H3N2,tranception,ScoreDBSCAN(ep=15),ScoreDBSCAN,419,29,20,0.8938,0.9013352375125364
H3N2,tranception,Spectral(z=1.5),Spectral,42,29,1,0.4458,0.9092510034752631
H3N2,tranception,Spectral(z=2.0),Spectral,21,29,1,0.8916,0.6911837258036342
H3N2,tranception,Bayes(prior=0.1),Bayes,0,29,0,0.0,1.0
H3N2,tranception,Bayes(prior=0.15),Bayes,21,29,1,0.8916,0.6911837258036342
H3N2,tranception,AdaptWin(s=90),AdaptWin,97,29,1,0.193,0.9971943924464088
H3N2,tranception,AdaptWin(s=85),AdaptWin,149,29,2,0.2513,0.9991301482865083
H3N2,tranception,FreqThresh(p=80),FreqThresh,109,29,3,0.5153,0.9532757855865032
H3N2,tranception,FreqThresh(p=85),FreqThresh,82,29,2,0.4567,0.9509718675108833
H3N2,tranception,FreqThresh(p=90),FreqThresh,55,29,1,0.3404,0.9586028483532756
H3N2,tranception,FreqThresh(p=95),FreqThresh,28,29,1,0.6687,0.7935102572214123
H3N2,tranception,"SWAN(w=10,k=1.0)",SWAN,140,29,0,0.0,1.0
H3N2,tranception,"SWAN(w=10,k=1.5)",SWAN,124,29,0,0.0,1.0
H3N2,tranception,"SWAN(w=10,k=2.0)",SWAN,105,29,0,0.0,1.0
H3N2,tranception,"SWAN(w=20,k=1.0)",SWAN,137,29,4,0.5467,0.960969154333621
H3N2,tranception,"SWAN(w=20,k=1.5)",SWAN,133,29,2,0.2816,0.9975059256265681
H3N2,tranception,"SWAN(w=20,k=2.0)",SWAN,99,29,0,0.0,1.0
H3N2,tranception,"SWAN(w=50,k=1.0)",SWAN,123,29,0,0.0,1.0
H3N2,tranception,"SWAN(w=50,k=1.5)",SWAN,118,29,0,0.0,1.0
H3N2,tranception,"SWAN(w=50,k=2.0)",SWAN,117,29,0,0.0,1.0
H3N2,tranception,MutClust-Orig(g=10),MutClust-Orig,543,29,29,1.0,1.0
H3N2,stability,Wavelet(t=1.0),Wavelet,98,29,5,0.9553,0.6255627074354251
H3N2,stability,Wavelet(t=1.5),Wavelet,38,29,2,0.9855,0.6191454447253869
H3N2,stability,Wavelet(t=2.0),Wavelet,17,29,1,1.1014,0.612289119188212
H3N2,stability,KDE(p=75),KDE,136,29,0,0.0,1.0
H3N2,stability,KDE(p=80),KDE,109,29,0,0.0,1.0
H3N2,stability,KDE(p=85),KDE,82,29,0,0.0,1.0
H3N2,stability,SlidingTest(p=0.01),SlidingTest,2,29,0,0.0,1.0
H3N2,stability,SlidingTest(p=0.05),SlidingTest,26,29,1,0.7202,0.7682125355112878
H3N2,stability,GradPeak(p=0.2),GradPeak,91,29,3,0.6173,0.8925148378341095
H3N2,stability,GradPeak(p=0.5),GradPeak,55,29,1,0.3404,0.9586028483532756
H3N2,stability,LocalContrast(z=1.0),LocalContrast,100,29,6,1.1234,0.4501709704105741
H3N2,stability,LocalContrast(z=1.5),LocalContrast,24,29,2,1.5603,0.37128857847987784
H3N2,stability,LocalContrast(z=2.0),LocalContrast,4,29,0,0.0,1.0
H3N2,stability,"CUSUM(d=0.3,h=3.0)",CUSUM,11,29,1,1.7022,0.45639818100471796
H3N2,stability,"CUSUM(d=0.5,h=4.0)",CUSUM,1,29,0,0.0,1.0
H3N2,stability,"CUSUM(d=0.5,h=5.0)",CUSUM,0,29,0,0.0,1.0
H3N2,stability,AdaptiveKnee,AdaptiveKnee,446,29,23,0.9656,0.7531542615928601
H3N2,stability,ScoreDBSCAN(ep=8),ScoreDBSCAN,160,29,9,1.0532,0.4971072281728069
H3N2,stability,ScoreDBSCAN(ep=15),ScoreDBSCAN,289,29,14,0.9071,0.7705891318547682
H3N2,stability,Spectral(z=1.5),Spectral,55,29,5,1.7022,0.15921186600307016
H3N2,stability,Spectral(z=2.0),Spectral,25,29,4,2.9959,0.037975436533382825
H3N2,stability,Bayes(prior=0.1),Bayes,0,29,0,0.0,1.0
H3N2,stability,Bayes(prior=0.15),Bayes,0,29,0,0.0,1.0
H3N2,stability,AdaptWin(s=90),AdaptWin,88,29,7,1.4894,0.17309345224490755
H3N2,stability,AdaptWin(s=85),AdaptWin,126,29,10,1.486,0.10786859312342795
H3N2,stability,FreqThresh(p=80),FreqThresh,79,29,4,0.9481,0.6317527226826689
H3N2,stability,FreqThresh(p=85),FreqThresh,59,29,4,1.2694,0.3885548251632522
H3N2,stability,FreqThresh(p=90),FreqThresh,42,29,3,1.3374,0.39258376990931876
H3N2,stability,FreqThresh(p=95),FreqThresh,42,29,3,1.3374,0.39258376990931876
H3N2,stability,"SWAN(w=10,k=1.0)",SWAN,164,29,11,1.2559,0.23116896493405828
H3N2,stability,"SWAN(w=10,k=1.5)",SWAN,80,29,2,0.4681,0.945555992052256
H3N2,stability,"SWAN(w=10,k=2.0)",SWAN,46,29,2,0.8141,0.7253619522490089
H3N2,stability,"SWAN(w=20,k=1.0)",SWAN,132,29,5,0.7092,0.8745157988231498
H3N2,stability,"SWAN(w=20,k=1.5)",SWAN,73,29,4,1.026,0.5640909586152772
H3N2,stability,"SWAN(w=20,k=2.0)",SWAN,32,29,2,1.1703,0.5219303293007368
H3N2,stability,"SWAN(w=50,k=1.0)",SWAN,153,29,15,1.8357,0.005044664407013961
H3N2,stability,"SWAN(w=50,k=1.5)",SWAN,76,29,13,3.2028,3.167643777718891e-05
H3N2,stability,"SWAN(w=50,k=2.0)",SWAN,28,29,0,0.0,1.0
H3N2,stability,MutClust-Orig(g=10),MutClust-Orig,392,29,22,1.0508,0.4158588586239132
H3N2,stability_structural,Wavelet(t=1.0),Wavelet,80,29,6,1.4043,0.24414555412744682
H3N2,stability_structural,Wavelet(t=1.5),Wavelet,54,29,5,1.7337,0.15034774219063737
H3N2,stability_structural,Wavelet(t=2.0),Wavelet,28,29,4,2.6749,0.054919178678809154
H3N2,stability_structural,KDE(p=75),KDE,136,29,22,3.0289,4.5275496484725635e-09
H3N2,stability_structural,KDE(p=80),KDE,109,29,18,3.0921,4.0017914077262394e-07
H3N2,stability_structural,KDE(p=85),KDE,82,29,10,2.2834,0.006239719340464247
H3N2,stability_structural,SlidingTest(p=0.01),SlidingTest,48,29,6,2.3405,0.0341869150678906
H3N2,stability_structural,SlidingTest(p=0.05),SlidingTest,84,29,16,3.5665,3.6366468635422396e-07
H3N2,stability_structural,GradPeak(p=0.2),GradPeak,0,29,0,0.0,1.0
H3N2,stability_structural,GradPeak(p=0.5),GradPeak,0,29,0,0.0,1.0
H3N2,stability_structural,LocalContrast(z=1.0),LocalContrast,95,29,6,1.1826,0.39715890920529257
H3N2,stability_structural,LocalContrast(z=1.5),LocalContrast,26,29,2,1.4403,0.4108142773834977
H3N2,stability_structural,LocalContrast(z=2.0),LocalContrast,4,29,0,0.0,1.0
H3N2,stability_structural,"CUSUM(d=0.3,h=3.0)",CUSUM,21,29,4,3.5665,0.02088438842394794
H3N2,stability_structural,"CUSUM(d=0.5,h=4.0)",CUSUM,7,29,0,0.0,1.0
H3N2,stability_structural,"CUSUM(d=0.5,h=5.0)",CUSUM,6,29,1,3.1207,0.2817128091930258
H3N2,stability_structural,AdaptiveKnee,AdaptiveKnee,509,29,24,0.8829,0.9935964507689827
H3N2,stability_structural,ScoreDBSCAN(ep=8),ScoreDBSCAN,108,29,1,0.1734,0.9986724407476444
H3N2,stability_structural,ScoreDBSCAN(ep=15),ScoreDBSCAN,279,29,13,0.8725,0.8202901673687172
H3N2,stability_structural,Spectral(z=1.5),Spectral,39,29,8,3.8408,0.0004834736220624153
H3N2,stability_structural,Spectral(z=2.0),Spectral,24,29,7,5.4612,0.00010862236111473298
H3N2,stability_structural,Bayes(prior=0.1),Bayes,0,29,0,0.0,1.0
H3N2,stability_structural,Bayes(prior=0.15),Bayes,24,29,3,2.3405,0.13002006987425585
H3N2,stability_structural,AdaptWin(s=90),AdaptWin,71,29,11,2.9009,0.0004472973890050702
H3N2,stability_structural,AdaptWin(s=85),AdaptWin,114,29,15,2.4637,0.00016048667350361767
H3N2,stability_structural,FreqThresh(p=80),FreqThresh,77,29,10,2.4317,0.003837431616704077
H3N2,stability_structural,FreqThresh(p=85),FreqThresh,59,29,10,3.1736,0.0004185263852417889
H3N2,stability_structural,FreqThresh(p=90),FreqThresh,39,29,6,2.8806,0.01283349003403565
H3N2,stability_structural,FreqThresh(p=95),FreqThresh,20,29,3,2.8086,0.08452157914769713
H3N2,stability_structural,"SWAN(w=10,k=1.0)",SWAN,136,29,17,2.3405,7.785894260791349e-05
H3N2,stability_structural,"SWAN(w=10,k=1.5)",SWAN,105,29,13,2.3182,0.0011320418467440556
H3N2,stability_structural,"SWAN(w=10,k=2.0)",SWAN,82,29,10,2.2834,0.006239719340464247
H3N2,stability_structural,"SWAN(w=20,k=1.0)",SWAN,147,29,17,2.1654,0.00023366716947863993
H3N2,stability_structural,"SWAN(w=20,k=1.5)",SWAN,104,29,17,3.0607,1.3520059883711983e-06
H3N2,stability_structural,"SWAN(w=20,k=2.0)",SWAN,89,29,11,2.3142,0.0033976350550416236
H3N2,stability_structural,"SWAN(w=50,k=1.0)",SWAN,120,29,17,2.6526,1.232345396087162e-05
H3N2,stability_structural,"SWAN(w=50,k=1.5)",SWAN,115,29,17,2.7679,6.457100601377034e-06
H3N2,stability_structural,"SWAN(w=50,k=2.0)",SWAN,109,29,17,2.9203,2.823970070462988e-06
H3N2,stability_structural,MutClust-Orig(g=10),MutClust-Orig,0,29,0,0.0,1.0
H3N2,freq_with_indel,Wavelet(t=1.0),Wavelet,96,29,3,0.5851,0.9139377936621971
H3N2,freq_with_indel,Wavelet(t=1.5),Wavelet,61,29,1,0.307,0.9713926497918078
H3N2,freq_with_indel,Wavelet(t=2.0),Wavelet,24,29,0,0.0,1.0
H3N2,freq_with_indel,KDE(p=75),KDE,136,29,29,3.9926,3.13367440258411e-19
H3N2,freq_with_indel,KDE(p=80),KDE,109,29,29,4.9817,2.119133487095204e-22
H3N2,freq_with_indel,KDE(p=85),KDE,82,29,27,6.1653,3.415072224514865e-22
H3N2,freq_with_indel,SlidingTest(p=0.01),SlidingTest,47,29,12,4.7806,7.594721410072881e-07
H3N2,freq_with_indel,SlidingTest(p=0.05),SlidingTest,72,29,14,3.6408,2.4100215382183657e-06
H3N2,freq_with_indel,GradPeak(p=0.2),GradPeak,2,29,0,0.0,1.0
H3N2,freq_with_indel,GradPeak(p=0.5),GradPeak,0,29,0,0.0,1.0
H3N2,freq_with_indel,LocalContrast(z=1.0),LocalContrast,42,29,5,2.2291,0.06389204963170798
H3N2,freq_with_indel,LocalContrast(z=1.5),LocalContrast,32,29,4,2.3405,0.08303421512604381
H3N2,freq_with_indel,LocalContrast(z=2.0),LocalContrast,26,29,3,2.1605,0.15552980729221996
H3N2,freq_with_indel,"CUSUM(d=0.3,h=3.0)",CUSUM,17,29,4,4.4057,0.009656084432271634
H3N2,freq_with_indel,"CUSUM(d=0.5,h=4.0)",CUSUM,11,29,2,3.4044,0.11233274398191055
H3N2,freq_with_indel,"CUSUM(d=0.5,h=5.0)",CUSUM,9,29,2,4.1609,0.07854888499486878
H3N2,freq_with_indel,AdaptiveKnee,AdaptiveKnee,50,29,8,2.9959,0.002806421756530146
H3N2,freq_with_indel,ScoreDBSCAN(ep=8),ScoreDBSCAN,454,29,18,0.7424,0.99913058218188
H3N2,freq_with_indel,ScoreDBSCAN(ep=15),ScoreDBSCAN,481,29,20,0.7786,0.9993559543383068
H3N2,freq_with_indel,Spectral(z=1.5),Spectral,36,29,5,2.6006,0.035604480790414776
H3N2,freq_with_indel,Spectral(z=2.0),Spectral,27,29,4,2.7739,0.04887323951714042
H3N2,freq_with_indel,Bayes(prior=0.1),Bayes,0,29,0,0.0,1.0
H3N2,freq_with_indel,Bayes(prior=0.15),Bayes,5,29,1,3.7448,0.24078878456944577
H3N2,freq_with_indel,AdaptWin(s=90),AdaptWin,411,29,26,1.1845,0.04928157092610721
H3N2,freq_with_indel,AdaptWin(s=85),AdaptWin,460,29,26,1.0583,0.3266595771586127
H3N2,freq_with_indel,FreqThresh(p=80),FreqThresh,109,29,9,1.546,0.10429286155321896
H3N2,freq_with_indel,FreqThresh(p=85),FreqThresh,82,29,8,1.8267,0.055431296622770326
H3N2,freq_with_indel,FreqThresh(p=90),FreqThresh,55,29,8,2.7235,0.005279477499000276
H3N2,freq_with_indel,FreqThresh(p=95),FreqThresh,28,29,4,2.6749,0.054919178678809154
H3N2,freq_with_indel,"SWAN(w=10,k=1.0)",SWAN,47,29,8,3.1871,0.0018379701487532601
H3N2,freq_with_indel,"SWAN(w=10,k=1.5)",SWAN,37,29,6,3.0363,0.00987114639255354
H3N2,freq_with_indel,"SWAN(w=10,k=2.0)",SWAN,32,29,6,3.5108,0.004656569577620193
H3N2,freq_with_indel,"SWAN(w=20,k=1.0)",SWAN,49,29,8,3.057,0.0024469001259542662
H3N2,freq_with_indel,"SWAN(w=20,k=1.5)",SWAN,35,29,8,4.2798,0.00021424116724384404
H3N2,freq_with_indel,"SWAN(w=20,k=2.0)",SWAN,27,29,8,5.5479,2.706099094131255e-05
H3N2,freq_with_indel,"SWAN(w=50,k=1.0)",SWAN,46,29,8,3.2564,0.0015828388615400188
H3N2,freq_with_indel,"SWAN(w=50,k=1.5)",SWAN,46,29,8,3.2564,0.0015828388615400188
H3N2,freq_with_indel,"SWAN(w=50,k=2.0)",SWAN,32,29,8,4.681,0.00010685852966775068
H3N2,freq_with_indel,MutClust-Orig(g=10),MutClust-Orig,542,29,29,1.0018,0.9465930018416207
H3N2,entropy_with_indel,Wavelet(t=1.0),Wavelet,87,29,0,0.0,1.0
H3N2,entropy_with_indel,Wavelet(t=1.5),Wavelet,65,29,0,0.0,1.0
H3N2,entropy_with_indel,Wavelet(t=2.0),Wavelet,48,29,0,0.0,1.0
H3N2,entropy_with_indel,KDE(p=75),KDE,136,29,29,3.9926,3.13367440258411e-19
H3N2,entropy_with_indel,KDE(p=80),KDE,109,29,29,4.9817,2.119133487095204e-22
H3N2,entropy_with_indel,KDE(p=85),KDE,82,29,28,6.3936,2.9034826785184664e-24
H3N2,entropy_with_indel,SlidingTest(p=0.01),SlidingTest,49,29,9,3.4391,0.00047561186189815205
H3N2,entropy_with_indel,SlidingTest(p=0.05),SlidingTest,79,29,13,3.0812,4.978016011142956e-05
H3N2,entropy_with_indel,GradPeak(p=0.2),GradPeak,16,29,2,2.3405,0.20820090090678117
H3N2,entropy_with_indel,GradPeak(p=0.5),GradPeak,3,29,0,0.0,1.0
H3N2,entropy_with_indel,LocalContrast(z=1.0),LocalContrast,51,29,5,1.8357,0.12518259564451323
H3N2,entropy_with_indel,LocalContrast(z=1.5),LocalContrast,39,29,5,2.4005,0.04849119404994224
H3N2,entropy_with_indel,LocalContrast(z=2.0),LocalContrast,23,29,3,2.4423,0.11790770559841589
H3N2,entropy_with_indel,"CUSUM(d=0.3,h=3.0)",CUSUM,18,29,4,4.1609,0.011955536740528924
H3N2,entropy_with_indel,"CUSUM(d=0.5,h=4.0)",CUSUM,10,29,3,5.6172,0.012783978203415149
H3N2,entropy_with_indel,"CUSUM(d=0.5,h=5.0)",CUSUM,7,29,1,2.6749,0.32050299268167065
H3N2,entropy_with_indel,AdaptiveKnee,AdaptiveKnee,53,29,8,2.8263,0.004142026867799968
H3N2,entropy_with_indel,ScoreDBSCAN(ep=8),ScoreDBSCAN,422,29,17,0.7543,0.9953576485665522
H3N2,entropy_with_indel,ScoreDBSCAN(ep=15),ScoreDBSCAN,479,29,21,0.8209,0.9963117259032863
H3N2,entropy_with_indel,Spectral(z=1.5),Spectral,51,29,7,2.57,0.013138678103433653
H3N2,entropy_with_indel,Spectral(z=2.0),Spectral,33,29,4,2.2696,0.09102024620782442
H3N2,entropy_with_indel,Bayes(prior=0.1),Bayes,0,29,0,0.0,1.0
H3N2,entropy_with_indel,Bayes(prior=0.15),Bayes,0,29,0,0.0,1.0
H3N2,entropy_with_indel,AdaptWin(s=90),AdaptWin,411,29,26,1.1845,0.04928157092610721
H3N2,entropy_with_indel,AdaptWin(s=85),AdaptWin,453,29,26,1.0747,0.26127854381167676
H3N2,entropy_with_indel,FreqThresh(p=80),FreqThresh,109,29,9,1.546,0.10429286155321896
H3N2,entropy_with_indel,FreqThresh(p=85),FreqThresh,82,29,8,1.8267,0.055431296622770326
H3N2,entropy_with_indel,FreqThresh(p=90),FreqThresh,55,29,8,2.7235,0.005279477499000276
H3N2,entropy_with_indel,FreqThresh(p=95),FreqThresh,28,29,4,2.6749,0.054919178678809154
H3N2,entropy_with_indel,"SWAN(w=10,k=1.0)",SWAN,65,29,9,2.5926,0.004126135672863536
H3N2,entropy_with_indel,"SWAN(w=10,k=1.5)",SWAN,52,29,9,3.2407,0.0007640330554175601
H3N2,entropy_with_indel,"SWAN(w=10,k=2.0)",SWAN,46,29,7,2.8493,0.007346486577220969
H3N2,entropy_with_indel,"SWAN(w=20,k=1.0)",SWAN,65,29,9,2.5926,0.004126135672863536
H3N2,entropy_with_indel,"SWAN(w=20,k=1.5)",SWAN,62,29,9,2.718,0.002924223204483337
H3N2,entropy_with_indel,"SWAN(w=20,k=2.0)",SWAN,43,29,9,3.919,0.00016202997857984121
H3N2,entropy_with_indel,"SWAN(w=50,k=1.0)",SWAN,62,29,9,2.718,0.002924223204483337
H3N2,entropy_with_indel,"SWAN(w=50,k=1.5)",SWAN,54,29,9,3.1207,0.001026978475363099
H3N2,entropy_with_indel,"SWAN(w=50,k=2.0)",SWAN,54,29,9,3.1207,0.001026978475363099
H3N2,entropy_with_indel,MutClust-Orig(g=10),MutClust-Orig,542,29,29,1.0018,0.9465930018416207
H3N2,fubar,Wavelet(t=1.0),Wavelet,94,29,3,0.5976,0.9058537813672456
H3N2,fubar,Wavelet(t=1.5),Wavelet,49,29,0,0.0,1.0
H3N2,fubar,Wavelet(t=2.0),Wavelet,16,29,0,0.0,1.0
H3N2,fubar,KDE(p=75),KDE,136,29,29,3.9926,3.13367440258411e-19
H3N2,fubar,KDE(p=80),KDE,109,29,29,4.9817,2.119133487095204e-22
H3N2,fubar,KDE(p=85),KDE,82,29,29,6.622,1.1680553128212558e-26
H3N2,fubar,SlidingTest(p=0.01),SlidingTest,36,29,0,0.0,1.0
H3N2,fubar,SlidingTest(p=0.05),SlidingTest,69,29,3,0.8141,0.7390520852554407
H3N2,fubar,GradPeak(p=0.2),GradPeak,16,29,2,2.3405,0.20820090090678117
H3N2,fubar,GradPeak(p=0.5),GradPeak,1,29,0,0.0,1.0
H3N2,fubar,LocalContrast(z=1.0),LocalContrast,92,29,5,1.0176,0.5634728130854083
H3N2,fubar,LocalContrast(z=1.5),LocalContrast,60,29,1,0.3121,0.9695653080384211
H3N2,fubar,LocalContrast(z=2.0),LocalContrast,29,29,1,0.6457,0.8051378349701095
H3N2,fubar,"CUSUM(d=0.3,h=3.0)",CUSUM,21,29,1,0.8916,0.6911837258036342
H3N2,fubar,"CUSUM(d=0.5,h=4.0)",CUSUM,6,29,0,0.0,1.0
H3N2,fubar,"CUSUM(d=0.5,h=5.0)",CUSUM,5,29,0,0.0,1.0
H3N2,fubar,AdaptiveKnee,AdaptiveKnee,115,29,6,0.9769,0.6029543385664745
H3N2,fubar,ScoreDBSCAN(ep=8),ScoreDBSCAN,231,29,10,0.8106,0.863782801346535
H3N2,fubar,ScoreDBSCAN(ep=15),ScoreDBSCAN,417,29,23,1.0327,0.47340645003184023
H3N2,fubar,Spectral(z=1.5),Spectral,48,29,4,1.5603,0.24811979325059813
H3N2,fubar,Spectral(z=2.0),Spectral,37,29,3,1.5182,0.3157185342675617
H3N2,fubar,Bayes(prior=0.1),Bayes,0,29,0,0.0,1.0
H3N2,fubar,Bayes(prior=0.15),Bayes,18,29,0,0.0,1.0
H3N2,fubar,AdaptWin(s=90),AdaptWin,67,29,5,1.3973,0.2805377990392518
H3N2,fubar,AdaptWin(s=85),AdaptWin,158,29,10,1.1851,0.32047235973708194
H3N2,fubar,FreqThresh(p=80),FreqThresh,109,29,6,1.0307,0.5437222212486692
H3N2,fubar,FreqThresh(p=85),FreqThresh,82,29,5,1.1417,0.45196399795202
H3N2,fubar,FreqThresh(p=90),FreqThresh,55,29,5,1.7022,0.15921186600307016
H3N2,fubar,FreqThresh(p=95),FreqThresh,28,29,2,1.3374,0.4492193513975657
H3N2,fubar,"SWAN(w=10,k=1.0)",SWAN,120,29,10,1.5603,0.08180549013611925
H3N2,fubar,"SWAN(w=10,k=1.5)",SWAN,105,29,9,1.6049,0.08577587178720461
H3N2,fubar,"SWAN(w=10,k=2.0)",SWAN,71,29,3,0.7912,0.7576802635920977
H3N2,fubar,"SWAN(w=20,k=1.0)",SWAN,113,29,10,1.657,0.05712974587307828
H3N2,fubar,"SWAN(w=20,k=1.5)",SWAN,96,29,9,1.7554,0.05226135922495429
H3N2,fubar,"SWAN(w=20,k=2.0)",SWAN,71,29,7,1.846,0.07005985557831734
H3N2,fubar,"SWAN(w=50,k=1.0)",SWAN,118,29,11,1.7455,0.031119451086151443
H3N2,fubar,"SWAN(w=50,k=1.5)",SWAN,113,29,11,1.8227,0.022736094395120292
H3N2,fubar,"SWAN(w=50,k=2.0)",SWAN,111,29,11,1.8555,0.01991629266206936
H3N2,fubar,MutClust-Orig(g=10),MutClust-Orig,542,29,29,1.0018,0.9465930018416207
H3N2,fubar_pos_sel,Wavelet(t=1.0),Wavelet,66,29,18,5.1066,4.385338786588288e-11
H3N2,fubar_pos_sel,Wavelet(t=1.5),Wavelet,45,29,10,4.1609,3.468190180180602e-05
H3N2,fubar_pos_sel,Wavelet(t=2.0),Wavelet,29,29,9,5.8109,4.732555051122507e-06
H3N2,fubar_pos_sel,KDE(p=75),KDE,136,29,29,3.9926,3.13367440258411e-19
H3N2,fubar_pos_sel,KDE(p=80),KDE,109,29,29,4.9817,2.119133487095204e-22
H3N2,fubar_pos_sel,KDE(p=85),KDE,82,29,28,6.3936,2.9034826785184664e-24
H3N2,fubar_pos_sel,SlidingTest(p=0.01),SlidingTest,43,29,11,4.7899,2.5884168047833526e-06
H3N2,fubar_pos_sel,SlidingTest(p=0.05),SlidingTest,45,29,12,4.9931,4.453484503399734e-07
H3N2,fubar_pos_sel,GradPeak(p=0.2),GradPeak,12,29,1,1.5603,0.4860306109875434
H3N2,fubar_pos_sel,GradPeak(p=0.5),GradPeak,3,29,1,6.2414,0.15208159179150024
H3N2,fubar_pos_sel,LocalContrast(z=1.0),LocalContrast,28,29,1,0.6687,0.7935102572214123
H3N2,fubar_pos_sel,LocalContrast(z=1.5),LocalContrast,23,29,1,0.8141,0.7245746089381102
H3N2,fubar_pos_sel,LocalContrast(z=2.0),LocalContrast,20,29,1,0.9362,0.6730548352131591
H3N2,fubar_pos_sel,"CUSUM(d=0.3,h=3.0)",CUSUM,12,29,1,1.5603,0.4860306109875434
H3N2,fubar_pos_sel,"CUSUM(d=0.5,h=4.0)",CUSUM,7,29,0,0.0,1.0
H3N2,fubar_pos_sel,"CUSUM(d=0.5,h=5.0)",CUSUM,6,29,0,0.0,1.0
H3N2,fubar_pos_sel,AdaptiveKnee,AdaptiveKnee,41,29,5,2.2834,0.058475816273252414
H3N2,fubar_pos_sel,ScoreDBSCAN(ep=8),ScoreDBSCAN,3,29,0,0.0,1.0
H3N2,fubar_pos_sel,ScoreDBSCAN(ep=15),ScoreDBSCAN,13,29,2,2.8806,0.14919191536356075
H3N2,fubar_pos_sel,Spectral(z=1.5),Spectral,24,29,2,1.5603,0.37128857847987784
H3N2,fubar_pos_sel,Spectral(z=2.0),Spectral,20,29,2,1.8724,0.2899675714225171
H3N2,fubar_pos_sel,Bayes(prior=0.1),Bayes,17,29,2,2.2028,0.22847091790264726
H3N2,fubar_pos_sel,Bayes(prior=0.15),Bayes,30,29,3,1.8724,0.2107740649909857
H3N2,fubar_pos_sel,AdaptWin(s=90),AdaptWin,7,29,0,0.0,1.0
H3N2,fubar_pos_sel,AdaptWin(s=85),AdaptWin,10,29,2,3.7448,0.09499011169273215
H3N2,fubar_pos_sel,FreqThresh(p=80),FreqThresh,10,29,1,1.8724,0.42511950491173545
H3N2,fubar_pos_sel,FreqThresh(p=85),FreqThresh,8,29,1,2.3405,0.3572668233015055
H3N2,fubar_pos_sel,FreqThresh(p=90),FreqThresh,5,29,0,0.0,1.0
H3N2,fubar_pos_sel,FreqThresh(p=95),FreqThresh,3,29,0,0.0,1.0
H3N2,fubar_pos_sel,"SWAN(w=10,k=1.0)",SWAN,20,29,4,3.7448,0.01755527985489868
H3N2,fubar_pos_sel,"SWAN(w=10,k=1.5)",SWAN,12,29,3,4.681,0.021789207923277053
H3N2,fubar_pos_sel,"SWAN(w=10,k=2.0)",SWAN,12,29,3,4.681,0.021789207923277053
H3N2,fubar_pos_sel,"SWAN(w=20,k=1.0)",SWAN,24,29,5,3.9009,0.006346455689362859
H3N2,fubar_pos_sel,"SWAN(w=20,k=1.5)",SWAN,14,29,4,5.3498,0.004548004498028346
H3N2,fubar_pos_sel,"SWAN(w=20,k=2.0)",SWAN,14,29,4,5.3498,0.004548004498028346
H3N2,fubar_pos_sel,"SWAN(w=50,k=1.0)",SWAN,24,29,5,3.9009,0.006346455689362859
H3N2,fubar_pos_sel,"SWAN(w=50,k=1.5)",SWAN,21,29,5,4.4581,0.0034065684364393556
H3N2,fubar_pos_sel,"SWAN(w=50,k=2.0)",SWAN,21,29,5,4.4581,0.0034065684364393556
H3N2,fubar_pos_sel,MutClust-Orig(g=10),MutClust-Orig,34,29,5,2.7535,0.028365134705913776
H3N2,fubar_bf,Wavelet(t=1.0),Wavelet,69,29,20,5.4273,3.4665736934687165e-13
H3N2,fubar_bf,Wavelet(t=1.5),Wavelet,29,29,12,7.7479,1.3238676190613682e-09
H3N2,fubar_bf,Wavelet(t=2.0),Wavelet,18,29,9,9.3621,3.374550064745343e-08
H3N2,fubar_bf,KDE(p=75),KDE,136,29,29,3.9926,3.13367440258411e-19
H3N2,fubar_bf,KDE(p=80),KDE,109,29,29,4.9817,2.119133487095204e-22
H3N2,fubar_bf,KDE(p=85),KDE,82,29,26,5.9369,2.5319579526060954e-20
H3N2,fubar_bf,SlidingTest(p=0.01),SlidingTest,21,29,10,8.9163,8.680417791917104e-09
H3N2,fubar_bf,SlidingTest(p=0.05),SlidingTest,21,29,10,8.9163,8.680417791917104e-09
H3N2,fubar_bf,GradPeak(p=0.2),GradPeak,56,29,3,1.0031,0.5926931888985456
H3N2,fubar_bf,GradPeak(p=0.5),GradPeak,39,29,3,1.4403,0.34650078189863265
H3N2,fubar_bf,LocalContrast(z=1.0),LocalContrast,62,29,1,0.302,0.9731138389122177
H3N2,fubar_bf,LocalContrast(z=1.5),LocalContrast,48,29,1,0.3901,0.93666227097516
H3N2,fubar_bf,LocalContrast(z=2.0),LocalContrast,31,29,1,0.604,0.8265261010644773
H3N2,fubar_bf,"CUSUM(d=0.3,h=3.0)",CUSUM,2,29,0,0.0,1.0
H3N2,fubar_bf,"CUSUM(d=0.5,h=4.0)",CUSUM,1,29,0,0.0,1.0
H3N2,fubar_bf,"CUSUM(d=0.5,h=5.0)",CUSUM,1,29,0,0.0,1.0
H3N2,fubar_bf,AdaptiveKnee,AdaptiveKnee,14,29,0,0.0,1.0
H3N2,fubar_bf,ScoreDBSCAN(ep=8),ScoreDBSCAN,519,29,28,1.0102,0.6287114215201222
H3N2,fubar_bf,ScoreDBSCAN(ep=15),ScoreDBSCAN,534,29,29,1.0169,0.607893434410165
H3N2,fubar_bf,Spectral(z=1.5),Spectral,9,29,0,0.0,1.0
H3N2,fubar_bf,Spectral(z=2.0),Spectral,6,29,0,0.0,1.0
H3N2,fubar_bf,Bayes(prior=0.1),Bayes,3,29,0,0.0,1.0
H3N2,fubar_bf,Bayes(prior=0.15),Bayes,22,29,0,0.0,1.0
H3N2,fubar_bf,AdaptWin(s=90),AdaptWin,63,29,5,1.486,0.23748725306952692
H3N2,fubar_bf,AdaptWin(s=85),AdaptWin,103,29,5,0.9089,0.6735866897878972
H3N2,fubar_bf,FreqThresh(p=80),FreqThresh,109,29,6,1.0307,0.5437222212486692
H3N2,fubar_bf,FreqThresh(p=85),FreqThresh,82,29,5,1.1417,0.45196399795202
H3N2,fubar_bf,FreqThresh(p=90),FreqThresh,55,29,5,1.7022,0.15921186600307016
H3N2,fubar_bf,FreqThresh(p=95),FreqThresh,28,29,2,1.3374,0.4492193513975657
H3N2,fubar_bf,"SWAN(w=10,k=1.0)",SWAN,12,29,3,4.681,0.021789207923277053
H3N2,fubar_bf,"SWAN(w=10,k=1.5)",SWAN,6,29,3,9.3621,0.0024665235262442404
H3N2,fubar_bf,"SWAN(w=10,k=2.0)",SWAN,6,29,3,9.3621,0.0024665235262442404
H3N2,fubar_bf,"SWAN(w=20,k=1.0)",SWAN,11,29,4,6.8088,0.0016792097020439914
H3N2,fubar_bf,"SWAN(w=20,k=1.5)",SWAN,11,29,4,6.8088,0.0016792097020439914
H3N2,fubar_bf,"SWAN(w=20,k=2.0)",SWAN,11,29,4,6.8088,0.0016792097020439914
H3N2,fubar_bf,"SWAN(w=50,k=1.0)",SWAN,23,29,5,4.0705,0.005219574377150201
H3N2,fubar_bf,"SWAN(w=50,k=1.5)",SWAN,23,29,5,4.0705,0.005219574377150201
H3N2,fubar_bf,"SWAN(w=50,k=2.0)",SWAN,23,29,5,4.0705,0.005219574377150201
H3N2,fubar_bf,MutClust-Orig(g=10),MutClust-Orig,542,29,29,1.0018,0.9465930018416207
HIV-1,freq,Wavelet(t=1.0),Wavelet,94,45,29,3.0851,1.7593154093298056e-11
HIV-1,freq,Wavelet(t=1.5),Wavelet,32,45,23,7.1875,3.1602957833854608e-19
HIV-1,freq,Wavelet(t=2.0),Wavelet,25,45,16,6.4,7.101828884178431e-12
HIV-1,freq,KDE(p=75),KDE,113,45,16,1.4159,0.06723069864505841
HIV-1,freq,KDE(p=80),KDE,90,45,11,1.2222,0.271132926043649
HIV-1,freq,KDE(p=85),KDE,68,45,5,0.7353,0.8441938817001376
HIV-1,freq,SlidingTest(p=0.01),SlidingTest,122,45,35,2.8689,7.960985838386638e-14
HIV-1,freq,SlidingTest(p=0.05),SlidingTest,189,45,36,1.9048,5.0448043369512214e-08
HIV-1,freq,GradPeak(p=0.2),GradPeak,7,45,0,0.0,1.0
HIV-1,freq,GradPeak(p=0.5),GradPeak,0,45,0,0.0,1.0
HIV-1,freq,LocalContrast(z=1.0),LocalContrast,58,45,3,0.5172,0.9498053801834633
HIV-1,freq,LocalContrast(z=1.5),LocalContrast,34,45,1,0.2941,0.9759708933168455
HIV-1,freq,LocalContrast(z=2.0),LocalContrast,15,45,1,0.6667,0.7994991796101372
HIV-1,freq,"CUSUM(d=0.3,h=3.0)",CUSUM,25,45,8,3.2,0.001582481157497283
HIV-1,freq,"CUSUM(d=0.5,h=4.0)",CUSUM,11,45,4,3.6364,0.01713150850863329
HIV-1,freq,"CUSUM(d=0.5,h=5.0)",CUSUM,8,45,4,5.0,0.004560936755653721
HIV-1,freq,AdaptiveKnee,AdaptiveKnee,291,45,42,1.4433,3.3374170663562065e-06
HIV-1,freq,ScoreDBSCAN(ep=8),ScoreDBSCAN,268,45,21,0.7836,0.9773455233915006
HIV-1,freq,ScoreDBSCAN(ep=15),ScoreDBSCAN,356,45,37,1.0393,0.37443960707097146
HIV-1,freq,Spectral(z=1.5),Spectral,32,45,3,0.9375,0.6422228803699483
HIV-1,freq,Spectral(z=2.0),Spectral,18,45,1,0.5556,0.8556239335909079
HIV-1,freq,Bayes(prior=0.1),Bayes,0,45,0,0.0,1.0
HIV-1,freq,Bayes(prior=0.15),Bayes,0,45,0,0.0,1.0
HIV-1,freq,AdaptWin(s=90),AdaptWin,216,45,43,1.9907,5.948709638544993e-13
HIV-1,freq,AdaptWin(s=85),AdaptWin,322,45,45,1.3975,1.1121102441974602e-07
HIV-1,freq,FreqThresh(p=80),FreqThresh,91,45,28,3.0769,6.14753588179852e-11
HIV-1,freq,FreqThresh(p=85),FreqThresh,68,45,25,3.6765,1.4821967590851724e-11
HIV-1,freq,FreqThresh(p=90),FreqThresh,46,45,18,3.913,1.3152529695012444e-08
HIV-1,freq,FreqThresh(p=95),FreqThresh,32,45,14,4.375,1.7158540540977868e-07
HIV-1,freq,"SWAN(w=10,k=1.0)",SWAN,234,45,40,1.7094,4.119548841134236e-08
HIV-1,freq,"SWAN(w=10,k=1.5)",SWAN,200,45,39,1.95,8.453372170009218e-10
HIV-1,freq,"SWAN(w=10,k=2.0)",SWAN,147,45,39,2.6531,3.244961181201432e-15
HIV-1,freq,"SWAN(w=20,k=1.0)",SWAN,271,45,42,1.5498,1.8427615465238486e-07
HIV-1,freq,"SWAN(w=20,k=1.5)",SWAN,261,45,42,1.6092,3.872329058084069e-08
HIV-1,freq,"SWAN(w=20,k=2.0)",SWAN,200,45,39,1.95,8.453372170009218e-10
HIV-1,freq,"SWAN(w=50,k=1.0)",SWAN,283,45,42,1.4841,1.0842570602840303e-06
HIV-1,freq,"SWAN(w=50,k=1.5)",SWAN,283,45,42,1.4841,1.0842570602840303e-06
HIV-1,freq,"SWAN(w=50,k=2.0)",SWAN,265,45,42,1.5849,7.295498363087419e-08
HIV-1,freq,MutClust-Orig(g=10),MutClust-Orig,444,45,45,1.0135,0.5294593106889125
HIV-1,entropy,Wavelet(t=1.0),Wavelet,99,45,28,2.8283,6.80699795722266e-10
HIV-1,entropy,Wavelet(t=1.5),Wavelet,48,45,22,4.5833,2.218235051160555e-12
HIV-1,entropy,Wavelet(t=2.0),Wavelet,22,45,13,5.9091,4.585007651564662e-09
HIV-1,entropy,KDE(p=75),KDE,113,45,5,0.4425,0.9959780951035251
HIV-1,entropy,KDE(p=80),KDE,90,45,0,0.0,1.0
HIV-1,entropy,KDE(p=85),KDE,68,45,0,0.0,1.0
HIV-1,entropy,SlidingTest(p=0.01),SlidingTest,157,45,33,2.1019,3.304530047091343e-08
HIV-1,entropy,SlidingTest(p=0.05),SlidingTest,243,45,37,1.5226,3.236196902282579e-05
HIV-1,entropy,GradPeak(p=0.2),GradPeak,28,45,4,1.4286,0.3030823193671964
HIV-1,entropy,GradPeak(p=0.5),GradPeak,10,45,1,1.0,0.6552322019082857
HIV-1,entropy,LocalContrast(z=1.0),LocalContrast,62,45,7,1.129,0.4284346267363507
HIV-1,entropy,LocalContrast(z=1.5),LocalContrast,28,45,3,1.0714,0.5462953941344236
HIV-1,entropy,LocalContrast(z=2.0),LocalContrast,17,45,2,1.1765,0.5220223569857422
HIV-1,entropy,"CUSUM(d=0.3,h=3.0)",CUSUM,26,45,7,2.6923,0.00950986813367731
HIV-1,entropy,"CUSUM(d=0.5,h=4.0)",CUSUM,10,45,3,3.0,0.06805324649103672
HIV-1,entropy,"CUSUM(d=0.5,h=5.0)",CUSUM,8,45,3,3.75,0.03664634541328881
HIV-1,entropy,AdaptiveKnee,AdaptiveKnee,297,45,42,1.4141,7.535812476253994e-06
HIV-1,entropy,ScoreDBSCAN(ep=8),ScoreDBSCAN,259,45,18,0.695,0.9960467860092996
HIV-1,entropy,ScoreDBSCAN(ep=15),ScoreDBSCAN,380,45,34,0.8947,0.9690988852726766
HIV-1,entropy,Spectral(z=1.5),Spectral,30,45,1,0.3333,0.9621244773826517
HIV-1,entropy,Spectral(z=2.0),Spectral,20,45,0,0.0,1.0
HIV-1,entropy,Bayes(prior=0.1),Bayes,0,45,0,0.0,1.0
HIV-1,entropy,Bayes(prior=0.15),Bayes,0,45,0,0.0,1.0
HIV-1,entropy,AdaptWin(s=90),AdaptWin,319,45,45,1.4107,7.069008498977096e-08
HIV-1,entropy,AdaptWin(s=85),AdaptWin,322,45,45,1.3975,1.1121102441974602e-07
HIV-1,entropy,FreqThresh(p=80),FreqThresh,89,45,27,3.0337,2.812307760243415e-10
HIV-1,entropy,FreqThresh(p=85),FreqThresh,67,45,21,3.1343,5.412908685450921e-08
HIV-1,entropy,FreqThresh(p=90),FreqThresh,45,45,16,3.5556,5.836500454860189e-07
HIV-1,entropy,FreqThresh(p=95),FreqThresh,23,45,10,4.3478,1.60755822348471e-05
HIV-1,entropy,"SWAN(w=10,k=1.0)",SWAN,292,45,43,1.4726,4.1071318198706264e-07
HIV-1,entropy,"SWAN(w=10,k=1.5)",SWAN,267,45,40,1.4981,5.799672578187582e-06
HIV-1,entropy,"SWAN(w=10,k=2.0)",SWAN,159,45,37,2.327,1.2938880659367072e-11
HIV-1,entropy,"SWAN(w=20,k=1.0)",SWAN,298,45,43,1.443,9.808753564250597e-07
HIV-1,entropy,"SWAN(w=20,k=1.5)",SWAN,294,45,43,1.4626,5.504210705147674e-07
HIV-1,entropy,"SWAN(w=20,k=2.0)",SWAN,257,45,43,1.6732,1.5482437949331418e-09
HIV-1,entropy,"SWAN(w=50,k=1.0)",SWAN,299,45,43,1.4381,1.1314744976958007e-06
HIV-1,entropy,"SWAN(w=50,k=1.5)",SWAN,299,45,43,1.4381,1.1314744976958007e-06
HIV-1,entropy,"SWAN(w=50,k=2.0)",SWAN,299,45,43,1.4381,1.1314744976958007e-06
HIV-1,entropy,MutClust-Orig(g=10),MutClust-Orig,445,45,45,1.0112,0.5890234831414152
HIV-1,rare_freq,Wavelet(t=1.0),Wavelet,57,45,4,0.7018,0.8523650185671711
HIV-1,rare_freq,Wavelet(t=1.5),Wavelet,34,45,0,0.0,1.0
HIV-1,rare_freq,Wavelet(t=2.0),Wavelet,30,45,0,0.0,1.0
HIV-1,rare_freq,KDE(p=75),KDE,113,45,27,2.3894,1.4790691580848227e-07
HIV-1,rare_freq,KDE(p=80),KDE,90,45,22,2.4444,3.666615852334827e-06
HIV-1,rare_freq,KDE(p=85),KDE,68,45,20,2.9412,4.7052177950525897e-07
HIV-1,rare_freq,SlidingTest(p=0.01),SlidingTest,44,45,13,2.9545,9.620118921118914e-05
HIV-1,rare_freq,SlidingTest(p=0.05),SlidingTest,98,45,28,2.8571,5.117539337112165e-10
HIV-1,rare_freq,GradPeak(p=0.2),GradPeak,0,45,0,0.0,1.0
HIV-1,rare_freq,GradPeak(p=0.5),GradPeak,0,45,0,0.0,1.0
HIV-1,rare_freq,LocalContrast(z=1.0),LocalContrast,75,45,6,0.8,0.7972805462811271
HIV-1,rare_freq,LocalContrast(z=1.5),LocalContrast,40,45,4,1.0,0.5855405709556029
HIV-1,rare_freq,LocalContrast(z=2.0),LocalContrast,14,45,2,1.4286,0.41710448379899906
HIV-1,rare_freq,"CUSUM(d=0.3,h=3.0)",CUSUM,15,45,3,2.0,0.18140430491540968
HIV-1,rare_freq,"CUSUM(d=0.5,h=4.0)",CUSUM,7,45,1,1.4286,0.5242021059349637
HIV-1,rare_freq,"CUSUM(d=0.5,h=5.0)",CUSUM,4,45,0,0.0,1.0
HIV-1,rare_freq,AdaptiveKnee,AdaptiveKnee,59,45,8,1.3559,0.22191153257446974
HIV-1,rare_freq,ScoreDBSCAN(ep=8),ScoreDBSCAN,354,45,35,0.9887,0.6445675543658405
HIV-1,rare_freq,ScoreDBSCAN(ep=15),ScoreDBSCAN,365,45,37,1.0137,0.5135175571096039
HIV-1,rare_freq,Spectral(z=1.5),Spectral,45,45,10,2.2222,0.00815358307927487
HIV-1,rare_freq,Spectral(z=2.0),Spectral,23,45,5,2.1739,0.06792372158035548
HIV-1,rare_freq,Bayes(prior=0.1),Bayes,0,45,0,0.0,1.0
HIV-1,rare_freq,Bayes(prior=0.15),Bayes,0,45,0,0.0,1.0
HIV-1,rare_freq,AdaptWin(s=90),AdaptWin,88,45,15,1.7045,0.015380258871178464
HIV-1,rare_freq,AdaptWin(s=85),AdaptWin,225,45,36,1.6,1.3588688231896474e-05
HIV-1,rare_freq,FreqThresh(p=80),FreqThresh,170,45,24,1.4118,0.018655894345336592
HIV-1,rare_freq,FreqThresh(p=85),FreqThresh,59,45,8,1.3559,0.22191153257446974
HIV-1,rare_freq,FreqThresh(p=90),FreqThresh,52,45,7,1.3462,0.25180533877982153
HIV-1,rare_freq,FreqThresh(p=95),FreqThresh,21,45,4,1.9048,0.14735213448713974
HIV-1,rare_freq,"SWAN(w=10,k=1.0)",SWAN,117,45,23,1.9658,0.0001235286318578414
HIV-1,rare_freq,"SWAN(w=10,k=1.5)",SWAN,85,45,21,2.4706,5.930031983130767e-06
HIV-1,rare_freq,"SWAN(w=10,k=2.0)",SWAN,74,45,21,2.8378,4.114859411714029e-07
HIV-1,rare_freq,"SWAN(w=20,k=1.0)",SWAN,126,45,24,1.9048,0.00013643833889626783
HIV-1,rare_freq,"SWAN(w=20,k=1.5)",SWAN,103,45,23,2.233,1.1194201914528342e-05
HIV-1,rare_freq,"SWAN(w=20,k=2.0)",SWAN,80,45,21,2.625,1.8891851855795025e-06
HIV-1,rare_freq,"SWAN(w=50,k=1.0)",SWAN,143,45,24,1.6783,0.0012957957128630585
HIV-1,rare_freq,"SWAN(w=50,k=1.5)",SWAN,113,45,24,2.1239,1.654752153389272e-05
HIV-1,rare_freq,"SWAN(w=50,k=2.0)",SWAN,107,45,24,2.243,5.442840963863873e-06
HIV-1,rare_freq,MutClust-Orig(g=10),MutClust-Orig,0,45,0,0.0,1.0
HIV-1,homoplasy,Wavelet(t=1.0),Wavelet,76,45,23,3.0263,1.7617576111660085e-08
HIV-1,homoplasy,Wavelet(t=1.5),Wavelet,57,45,11,1.9298,0.01659769531784573
HIV-1,homoplasy,Wavelet(t=2.0),Wavelet,28,45,0,0.0,1.0
HIV-1,homoplasy,KDE(p=75),KDE,113,45,0,0.0,1.0
HIV-1,homoplasy,KDE(p=80),KDE,90,45,0,0.0,1.0
HIV-1,homoplasy,KDE(p=85),KDE,68,45,0,0.0,1.0
HIV-1,homoplasy,SlidingTest(p=0.01),SlidingTest,138,45,38,2.7536,3.7711060294924175e-15
HIV-1,homoplasy,SlidingTest(p=0.05),SlidingTest,160,45,39,2.4375,1.1224901960828703e-13
HIV-1,homoplasy,GradPeak(p=0.2),GradPeak,1,45,1,10.0,0.1
HIV-1,homoplasy,GradPeak(p=0.5),GradPeak,1,45,1,10.0,0.1
HIV-1,homoplasy,LocalContrast(z=1.0),LocalContrast,55,45,4,0.7273,0.8307674793372772
HIV-1,homoplasy,LocalContrast(z=1.5),LocalContrast,27,45,3,1.1111,0.5202368504093636
HIV-1,homoplasy,LocalContrast(z=2.0),LocalContrast,15,45,1,0.6667,0.7994991796101372
HIV-1,homoplasy,"CUSUM(d=0.3,h=3.0)",CUSUM,36,45,9,2.5,0.005352641839404311
HIV-1,homoplasy,"CUSUM(d=0.5,h=4.0)",CUSUM,21,45,5,2.381,0.04788465845995229
HIV-1,homoplasy,"CUSUM(d=0.5,h=5.0)",CUSUM,18,45,4,2.2222,0.09403752697924374
HIV-1,homoplasy,AdaptiveKnee,AdaptiveKnee,111,45,30,2.7027,3.0632834980218276e-10
HIV-1,homoplasy,ScoreDBSCAN(ep=8),ScoreDBSCAN,328,45,27,0.8232,0.9847229486014947
HIV-1,homoplasy,ScoreDBSCAN(ep=15),ScoreDBSCAN,401,45,43,1.0723,0.10618599395566933
HIV-1,homoplasy,Spectral(z=1.5),Spectral,28,45,0,0.0,1.0
HIV-1,homoplasy,Spectral(z=2.0),Spectral,21,45,0,0.0,1.0
HIV-1,homoplasy,Bayes(prior=0.1),Bayes,0,45,0,0.0,1.0
HIV-1,homoplasy,Bayes(prior=0.15),Bayes,0,45,0,0.0,1.0
HIV-1,homoplasy,AdaptWin(s=90),AdaptWin,184,45,39,2.1196,3.2283453033236046e-11
HIV-1,homoplasy,AdaptWin(s=85),AdaptWin,205,45,40,1.9512,2.2187248358073574e-10
HIV-1,homoplasy,FreqThresh(p=80),FreqThresh,90,45,21,2.3333,1.6856351507798897e-05
HIV-1,homoplasy,FreqThresh(p=85),FreqThresh,69,45,11,1.5942,0.06359229227702874
HIV-1,homoplasy,FreqThresh(p=90),FreqThresh,46,45,7,1.5217,0.16078419709818942
HIV-1,homoplasy,FreqThresh(p=95),FreqThresh,24,45,4,1.6667,0.21003289207540476
HIV-1,homoplasy,"SWAN(w=10,k=1.0)",SWAN,185,45,39,2.1081,4.0022155284473466e-11
HIV-1,homoplasy,"SWAN(w=10,k=1.5)",SWAN,162,45,39,2.4074,1.8739124874170967e-13
HIV-1,homoplasy,"SWAN(w=10,k=2.0)",SWAN,152,45,39,2.5658,1.3273152315770335e-14
HIV-1,homoplasy,"SWAN(w=20,k=1.0)",SWAN,188,45,39,2.0745,7.556919650417374e-11
HIV-1,homoplasy,"SWAN(w=20,k=1.5)",SWAN,186,45,39,2.0968,4.9540828583614584e-11
HIV-1,homoplasy,"SWAN(w=20,k=2.0)",SWAN,181,45,39,2.1547,1.678793116624703e-11
HIV-1,homoplasy,"SWAN(w=50,k=1.0)",SWAN,190,45,39,2.0526,1.145991292540019e-10
HIV-1,homoplasy,"SWAN(w=50,k=1.5)",SWAN,190,45,39,2.0526,1.145991292540019e-10
HIV-1,homoplasy,"SWAN(w=50,k=2.0)",SWAN,190,45,39,2.0526,1.145991292540019e-10
HIV-1,homoplasy,MutClust-Orig(g=10),MutClust-Orig,446,45,45,1.009,0.6551233752645167
HIV-1,esm2_llr,Wavelet(t=1.0),Wavelet,77,45,2,0.2597,0.9984816827295402
HIV-1,esm2_llr,Wavelet(t=1.5),Wavelet,47,45,0,0.0,1.0
HIV-1,esm2_llr,Wavelet(t=2.0),Wavelet,13,45,0,0.0,1.0
HIV-1,esm2_llr,KDE(p=75),KDE,113,45,17,1.5044,0.03313271886424675
HIV-1,esm2_llr,KDE(p=80),KDE,90,45,1,0.1111,0.9999759651819771
HIV-1,esm2_llr,KDE(p=85),KDE,68,45,0,0.0,1.0
HIV-1,esm2_llr,SlidingTest(p=0.01),SlidingTest,1,45,0,0.0,1.0
HIV-1,esm2_llr,SlidingTest(p=0.05),SlidingTest,39,45,0,0.0,1.0
HIV-1,esm2_llr,GradPeak(p=0.2),GradPeak,29,45,2,0.6897,0.8107928577597363
HIV-1,esm2_llr,GradPeak(p=0.5),GradPeak,10,45,0,0.0,1.0
HIV-1,esm2_llr,LocalContrast(z=1.0),LocalContrast,55,45,5,0.9091,0.6698315549232685
HIV-1,esm2_llr,LocalContrast(z=1.5),LocalContrast,40,45,1,0.25,0.9879634025661542
HIV-1,esm2_llr,LocalContrast(z=2.0),LocalContrast,32,45,1,0.3125,0.9698145127452944
HIV-1,esm2_llr,"CUSUM(d=0.3,h=3.0)",CUSUM,13,45,0,0.0,1.0
HIV-1,esm2_llr,"CUSUM(d=0.5,h=4.0)",CUSUM,6,45,0,0.0,1.0
HIV-1,esm2_llr,"CUSUM(d=0.5,h=5.0)",CUSUM,2,45,0,0.0,1.0
HIV-1,esm2_llr,AdaptiveKnee,AdaptiveKnee,37,45,2,0.5405,0.9061309463757661
HIV-1,esm2_llr,ScoreDBSCAN(ep=8),ScoreDBSCAN,354,45,39,1.1017,0.11412542645574873
HIV-1,esm2_llr,ScoreDBSCAN(ep=15),ScoreDBSCAN,404,45,44,1.0891,0.040260935421671286
HIV-1,esm2_llr,Spectral(z=1.5),Spectral,26,45,0,0.0,1.0
HIV-1,esm2_llr,Spectral(z=2.0),Spectral,14,45,0,0.0,1.0
HIV-1,esm2_llr,Bayes(prior=0.1),Bayes,2,45,0,0.0,1.0
HIV-1,esm2_llr,Bayes(prior=0.15),Bayes,17,45,0,0.0,1.0
HIV-1,esm2_llr,AdaptWin(s=90),AdaptWin,76,45,5,0.6579,0.9090032931899675
HIV-1,esm2_llr,AdaptWin(s=85),AdaptWin,180,45,11,0.6111,0.9932592038535714
HIV-1,esm2_llr,FreqThresh(p=80),FreqThresh,90,45,9,1.0,0.565558250684392
HIV-1,esm2_llr,FreqThresh(p=85),FreqThresh,68,45,5,0.7353,0.8441938817001376
HIV-1,esm2_llr,FreqThresh(p=90),FreqThresh,45,45,3,0.6667,0.8549989747539943
HIV-1,esm2_llr,FreqThresh(p=95),FreqThresh,23,45,0,0.0,1.0
HIV-1,esm2_llr,"SWAN(w=10,k=1.0)",SWAN,104,45,6,0.5769,0.9720686316250897
HIV-1,esm2_llr,"SWAN(w=10,k=1.5)",SWAN,49,45,0,0.0,1.0
HIV-1,esm2_llr,"SWAN(w=10,k=2.0)",SWAN,24,45,0,0.0,1.0
HIV-1,esm2_llr,"SWAN(w=20,k=1.0)",SWAN,102,45,0,0.0,1.0
HIV-1,esm2_llr,"SWAN(w=20,k=1.5)",SWAN,70,45,0,0.0,1.0
HIV-1,esm2_llr,"SWAN(w=20,k=2.0)",SWAN,52,45,0,0.0,1.0
HIV-1,esm2_llr,"SWAN(w=50,k=1.0)",SWAN,98,45,0,0.0,1.0
HIV-1,esm2_llr,"SWAN(w=50,k=1.5)",SWAN,90,45,0,0.0,1.0
HIV-1,esm2_llr,"SWAN(w=50,k=2.0)",SWAN,74,45,0,0.0,1.0
HIV-1,esm2_llr,MutClust-Orig(g=10),MutClust-Orig,450,45,45,1.0,1.0
HIV-1,plddt_inv,Wavelet(t=1.0),Wavelet,42,45,0,0.0,1.0
HIV-1,plddt_inv,Wavelet(t=1.5),Wavelet,37,45,0,0.0,1.0
HIV-1,plddt_inv,Wavelet(t=2.0),Wavelet,32,45,0,0.0,1.0
HIV-1,plddt_inv,KDE(p=75),KDE,113,45,40,3.5398,1.0378562097402282e-21
HIV-1,plddt_inv,KDE(p=80),KDE,90,45,31,3.4444,3.60276125616226e-14
HIV-1,plddt_inv,KDE(p=85),KDE,68,45,20,2.9412,4.7052177950525897e-07
HIV-1,plddt_inv,SlidingTest(p=0.01),SlidingTest,158,45,27,1.7089,0.0002915385257975214
HIV-1,plddt_inv,SlidingTest(p=0.05),SlidingTest,182,45,35,1.9231,9.149073492192009e-08
HIV-1,plddt_inv,GradPeak(p=0.2),GradPeak,39,45,7,1.7949,0.07996711015228658
HIV-1,plddt_inv,GradPeak(p=0.5),GradPeak,28,45,4,1.4286,0.3030823193671964
HIV-1,plddt_inv,LocalContrast(z=1.0),LocalContrast,58,45,9,1.5517,0.1062815891873782
HIV-1,plddt_inv,LocalContrast(z=1.5),LocalContrast,22,45,3,1.3636,0.3806351354789264
HIV-1,plddt_inv,LocalContrast(z=2.0),LocalContrast,5,45,1,2.0,0.41097651685858483
HIV-1,plddt_inv,"CUSUM(d=0.3,h=3.0)",CUSUM,32,45,5,1.5625,0.20525722052716933
HIV-1,plddt_inv,"CUSUM(d=0.5,h=4.0)",CUSUM,15,45,2,1.3333,0.4533660497810898
HIV-1,plddt_inv,"CUSUM(d=0.5,h=5.0)",CUSUM,11,45,2,1.8182,0.30262877204175936
HIV-1,plddt_inv,AdaptiveKnee,AdaptiveKnee,419,45,42,1.0024,0.6239078007577017
HIV-1,plddt_inv,ScoreDBSCAN(ep=8),ScoreDBSCAN,265,45,32,1.2075,0.05335620314567468
HIV-1,plddt_inv,ScoreDBSCAN(ep=15),ScoreDBSCAN,378,45,40,1.0582,0.23917214688015395
HIV-1,plddt_inv,Spectral(z=1.5),Spectral,34,45,2,0.5882,0.877141502926452
HIV-1,plddt_inv,Spectral(z=2.0),Spectral,16,45,1,0.625,0.8202406437883988
HIV-1,plddt_inv,Bayes(prior=0.1),Bayes,0,45,0,0.0,1.0
HIV-1,plddt_inv,Bayes(prior=0.15),Bayes,0,45,0,0.0,1.0
HIV-1,plddt_inv,AdaptWin(s=90),AdaptWin,282,45,40,1.4184,4.0905357243432884e-05
HIV-1,plddt_inv,AdaptWin(s=85),AdaptWin,375,45,40,1.0667,0.2027194537188729
HIV-1,plddt_inv,FreqThresh(p=80),FreqThresh,108,45,13,1.2037,0.26088451213247005
HIV-1,plddt_inv,FreqThresh(p=85),FreqThresh,108,45,13,1.2037,0.26088451213247005
HIV-1,plddt_inv,FreqThresh(p=90),FreqThresh,62,45,7,1.129,0.4284346267363507
HIV-1,plddt_inv,FreqThresh(p=95),FreqThresh,34,45,4,1.1765,0.4488756159768803
HIV-1,plddt_inv,"SWAN(w=10,k=1.0)",SWAN,232,45,40,1.7241,2.9568748222839874e-08
HIV-1,plddt_inv,"SWAN(w=10,k=1.5)",SWAN,224,45,40,1.7857,7.53874311015172e-09
HIV-1,plddt_inv,"SWAN(w=10,k=2.0)",SWAN,206,45,34,1.6505,1.954514081527248e-05
HIV-1,plddt_inv,"SWAN(w=20,k=1.0)",SWAN,221,45,40,1.81,4.438767305446185e-09
HIV-1,plddt_inv,"SWAN(w=20,k=1.5)",SWAN,221,45,40,1.81,4.438767305446185e-09
HIV-1,plddt_inv,"SWAN(w=20,k=2.0)",SWAN,220,45,40,1.8182,3.712348123029363e-09
HIV-1,plddt_inv,"SWAN(w=50,k=1.0)",SWAN,215,45,40,1.8605,1.4941183865874977e-09
HIV-1,plddt_inv,"SWAN(w=50,k=1.5)",SWAN,207,45,40,1.9324,3.280579868277236e-10
HIV-1,plddt_inv,"SWAN(w=50,k=2.0)",SWAN,205,45,40,1.9512,2.2187248358073574e-10
HIV-1,plddt_inv,MutClust-Orig(g=10),MutClust-Orig,449,45,45,1.0022,0.9
HIV-1,sasa,Wavelet(t=1.0),Wavelet,77,45,0,0.0,1.0
HIV-1,sasa,Wavelet(t=1.5),Wavelet,32,45,0,0.0,1.0
HIV-1,sasa,Wavelet(t=2.0),Wavelet,18,45,0,0.0,1.0
HIV-1,sasa,KDE(p=75),KDE,113,45,33,2.9204,6.776898907302799e-13
HIV-1,sasa,KDE(p=80),KDE,90,45,20,2.2222,7.003736567063007e-05
HIV-1,sasa,KDE(p=85),KDE,68,45,14,2.0588,0.0031990202716064542
HIV-1,sasa,SlidingTest(p=0.01),SlidingTest,78,45,0,0.0,1.0
HIV-1,sasa,SlidingTest(p=0.05),SlidingTest,111,45,0,0.0,1.0
HIV-1,sasa,GradPeak(p=0.2),GradPeak,14,45,2,1.4286,0.41710448379899906
HIV-1,sasa,GradPeak(p=0.5),GradPeak,5,45,0,0.0,1.0
HIV-1,sasa,LocalContrast(z=1.0),LocalContrast,76,45,8,1.0526,0.5016373056178458
HIV-1,sasa,LocalContrast(z=1.5),LocalContrast,33,45,4,1.2121,0.4247854228405271
HIV-1,sasa,LocalContrast(z=2.0),LocalContrast,7,45,1,1.4286,0.5242021059349637
HIV-1,sasa,"CUSUM(d=0.3,h=3.0)",CUSUM,22,45,2,0.9091,0.6678347682076679
HIV-1,sasa,"CUSUM(d=0.5,h=4.0)",CUSUM,10,45,0,0.0,1.0
HIV-1,sasa,"CUSUM(d=0.5,h=5.0)",CUSUM,7,45,0,0.0,1.0
HIV-1,sasa,AdaptiveKnee,AdaptiveKnee,63,45,5,0.7937,0.7880429805130988
HIV-1,sasa,ScoreDBSCAN(ep=8),ScoreDBSCAN,116,45,11,0.9483,0.6459713292798319
HIV-1,sasa,ScoreDBSCAN(ep=15),ScoreDBSCAN,347,45,38,1.0951,0.14659507730629864
HIV-1,sasa,Spectral(z=1.5),Spectral,41,45,12,2.9268,0.00021514858979238528
HIV-1,sasa,Spectral(z=2.0),Spectral,15,45,5,3.3333,0.011222571282511128
HIV-1,sasa,Bayes(prior=0.1),Bayes,0,45,0,0.0,1.0
HIV-1,sasa,Bayes(prior=0.15),Bayes,0,45,0,0.0,1.0
HIV-1,sasa,AdaptWin(s=90),AdaptWin,146,45,8,0.5479,0.9936301520969307
HIV-1,sasa,AdaptWin(s=85),AdaptWin,211,45,26,1.2322,0.08303576628767774
HIV-1,sasa,FreqThresh(p=80),FreqThresh,89,45,7,0.7865,0.8274015857498811
HIV-1,sasa,FreqThresh(p=85),FreqThresh,67,45,5,0.7463,0.8340031039046458
HIV-1,sasa,FreqThresh(p=90),FreqThresh,45,45,4,0.8889,0.6841051953627924
HIV-1,sasa,FreqThresh(p=95),FreqThresh,23,45,4,1.7391,0.18827401075406833
HIV-1,sasa,"SWAN(w=10,k=1.0)",SWAN,197,45,19,0.9645,0.6461696434626505
HIV-1,sasa,"SWAN(w=10,k=1.5)",SWAN,149,45,9,0.604,0.9865336393965235
HIV-1,sasa,"SWAN(w=10,k=2.0)",SWAN,114,45,0,0.0,1.0
HIV-1,sasa,"SWAN(w=20,k=1.0)",SWAN,191,45,16,0.8377,0.874326012971362
HIV-1,sasa,"SWAN(w=20,k=1.5)",SWAN,164,45,2,0.122,0.9999999890158602
HIV-1,sasa,"SWAN(w=20,k=2.0)",SWAN,148,45,2,0.1351,0.9999998671247028
HIV-1,sasa,"SWAN(w=50,k=1.0)",SWAN,208,45,23,1.1058,0.2954669401114401
HIV-1,sasa,"SWAN(w=50,k=1.5)",SWAN,208,45,23,1.1058,0.2954669401114401
HIV-1,sasa,"SWAN(w=50,k=2.0)",SWAN,191,45,23,1.2042,0.14003106776332408
HIV-1,sasa,MutClust-Orig(g=10),MutClust-Orig,441,45,45,1.0204,0.38394595696577277
HIV-1,grantham,Wavelet(t=1.0),Wavelet,77,45,0,0.0,1.0
HIV-1,grantham,Wavelet(t=1.5),Wavelet,44,45,0,0.0,1.0
HIV-1,grantham,Wavelet(t=2.0),Wavelet,33,45,0,0.0,1.0
HIV-1,grantham,KDE(p=75),KDE,113,45,0,0.0,1.0
HIV-1,grantham,KDE(p=80),KDE,90,45,0,0.0,1.0
HIV-1,grantham,KDE(p=85),KDE,68,45,0,0.0,1.0
HIV-1,grantham,SlidingTest(p=0.01),SlidingTest,15,45,0,0.0,1.0
HIV-1,grantham,SlidingTest(p=0.05),SlidingTest,54,45,0,0.0,1.0
HIV-1,grantham,GradPeak(p=0.2),GradPeak,111,45,11,0.991,0.5770616976011558
HIV-1,grantham,GradPeak(p=0.5),GradPeak,108,45,10,0.9259,0.6762892581893265
HIV-1,grantham,LocalContrast(z=1.0),LocalContrast,69,45,2,0.2899,0.996287529463116
HIV-1,grantham,LocalContrast(z=1.5),LocalContrast,34,45,2,0.5882,0.877141502926452
HIV-1,grantham,LocalContrast(z=2.0),LocalContrast,19,45,2,1.0526,0.5849188090738604
HIV-1,grantham,"CUSUM(d=0.3,h=3.0)",CUSUM,9,45,0,0.0,1.0
HIV-1,grantham,"CUSUM(d=0.5,h=4.0)",CUSUM,2,45,0,0.0,1.0
HIV-1,grantham,"CUSUM(d=0.5,h=5.0)",CUSUM,1,45,0,0.0,1.0
HIV-1,grantham,AdaptiveKnee,AdaptiveKnee,69,45,3,0.4348,0.9814647841197687
HIV-1,grantham,ScoreDBSCAN(ep=8),ScoreDBSCAN,164,45,22,1.3415,0.049519828246479
HIV-1,grantham,ScoreDBSCAN(ep=15),ScoreDBSCAN,364,45,43,1.1813,0.0034121522755050262
HIV-1,grantham,Spectral(z=1.5),Spectral,45,45,1,0.2222,0.9932898440963881
HIV-1,grantham,Spectral(z=2.0),Spectral,25,45,0,0.0,1.0
HIV-1,grantham,Bayes(prior=0.1),Bayes,0,45,0,0.0,1.0
HIV-1,grantham,Bayes(prior=0.15),Bayes,0,45,0,0.0,1.0
HIV-1,grantham,AdaptWin(s=90),AdaptWin,295,45,26,0.8814,0.9056793841065123
HIV-1,grantham,AdaptWin(s=85),AdaptWin,382,45,43,1.1257,0.020360889401422534
HIV-1,grantham,FreqThresh(p=80),FreqThresh,89,45,3,0.3371,0.9975136983242006
HIV-1,grantham,FreqThresh(p=85),FreqThresh,67,45,3,0.4478,0.9776482420511609
HIV-1,grantham,FreqThresh(p=90),FreqThresh,45,45,1,0.2222,0.9932898440963881
HIV-1,grantham,FreqThresh(p=95),FreqThresh,23,45,0,0.0,1.0
HIV-1,grantham,"SWAN(w=10,k=1.0)",SWAN,127,45,8,0.6299,0.9697870328455841
HIV-1,grantham,"SWAN(w=10,k=1.5)",SWAN,79,45,5,0.6329,0.9266284699895473
HIV-1,grantham,"SWAN(w=10,k=2.0)",SWAN,60,45,5,0.8333,0.7478746894389385
HIV-1,grantham,"SWAN(w=20,k=1.0)",SWAN,130,45,14,1.0769,0.4238033485407045
HIV-1,grantham,"SWAN(w=20,k=1.5)",SWAN,113,45,7,0.6195,0.9644102526220623
HIV-1,grantham,"SWAN(w=20,k=2.0)",SWAN,70,45,0,0.0,1.0
HIV-1,grantham,"SWAN(w=50,k=1.0)",SWAN,158,45,16,1.0127,0.5340625591179018
HIV-1,grantham,"SWAN(w=50,k=1.5)",SWAN,99,45,5,0.5051,0.9853264608863826
HIV-1,grantham,"SWAN(w=50,k=2.0)",SWAN,78,45,4,0.5128,0.9712075777547899
HIV-1,grantham,MutClust-Orig(g=10),MutClust-Orig,444,45,45,1.0135,0.5294593106889125
HIV-1,dnds_proxy,Wavelet(t=1.0),Wavelet,95,45,27,2.8421,1.6639488312466792e-09
HIV-1,dnds_proxy,Wavelet(t=1.5),Wavelet,32,45,23,7.1875,3.1602957833854608e-19
HIV-1,dnds_proxy,Wavelet(t=2.0),Wavelet,23,45,14,6.087,5.603086836874991e-10
HIV-1,dnds_proxy,KDE(p=75),KDE,113,45,13,1.1504,0.32495660363924306
HIV-1,dnds_proxy,KDE(p=80),KDE,90,45,10,1.1111,0.41037137019746106
HIV-1,dnds_proxy,KDE(p=85),KDE,68,45,5,0.7353,0.8441938817001376
HIV-1,dnds_proxy,SlidingTest(p=0.01),SlidingTest,92,45,32,3.4783,5.850239713772042e-15
HIV-1,dnds_proxy,SlidingTest(p=0.05),SlidingTest,186,45,34,1.828,1.0028077349552548e-06
HIV-1,dnds_proxy,GradPeak(p=0.2),GradPeak,37,45,3,0.8108,0.7416524276359582
HIV-1,dnds_proxy,GradPeak(p=0.5),GradPeak,16,45,3,1.875,0.20828787969523563
HIV-1,dnds_proxy,LocalContrast(z=1.0),LocalContrast,68,45,8,1.1765,0.365479244600398
HIV-1,dnds_proxy,LocalContrast(z=1.5),LocalContrast,43,45,6,1.3953,0.2496602149545707
HIV-1,dnds_proxy,LocalContrast(z=2.0),LocalContrast,18,45,3,1.6667,0.2644388944818309
HIV-1,dnds_proxy,"CUSUM(d=0.3,h=3.0)",CUSUM,20,45,6,3.0,0.00945459760549717
HIV-1,dnds_proxy,"CUSUM(d=0.5,h=4.0)",CUSUM,7,45,3,4.2857,0.024614317166675656
HIV-1,dnds_proxy,"CUSUM(d=0.5,h=5.0)",CUSUM,5,45,2,4.0,0.08047705624307752
HIV-1,dnds_proxy,AdaptiveKnee,AdaptiveKnee,94,45,23,2.4468,1.7825216594562176e-06
HIV-1,dnds_proxy,ScoreDBSCAN(ep=8),ScoreDBSCAN,255,45,18,0.7059,0.994247159692561
HIV-1,dnds_proxy,ScoreDBSCAN(ep=15),ScoreDBSCAN,376,45,36,0.9574,0.8157337223053769
HIV-1,dnds_proxy,Spectral(z=1.5),Spectral,39,45,6,1.5385,0.18159182202118726
HIV-1,dnds_proxy,Spectral(z=2.0),Spectral,21,45,5,2.381,0.04788465845995229
HIV-1,dnds_proxy,Bayes(prior=0.1),Bayes,0,45,0,0.0,1.0
HIV-1,dnds_proxy,Bayes(prior=0.15),Bayes,0,45,0,0.0,1.0
HIV-1,dnds_proxy,AdaptWin(s=90),AdaptWin,261,45,36,1.3793,0.0009817652692218275
HIV-1,dnds_proxy,AdaptWin(s=85),AdaptWin,318,45,44,1.3836,1.3770162637192374e-06
HIV-1,dnds_proxy,FreqThresh(p=80),FreqThresh,94,45,23,2.4468,1.7825216594562176e-06
HIV-1,dnds_proxy,FreqThresh(p=85),FreqThresh,68,45,12,1.7647,0.024750099613869692
HIV-1,dnds_proxy,FreqThresh(p=90),FreqThresh,57,45,10,1.7544,0.04284078433512022
HIV-1,dnds_proxy,FreqThresh(p=95),FreqThresh,25,45,7,2.8,0.007518465006964425
HIV-1,dnds_proxy,"SWAN(w=10,k=1.0)",SWAN,222,45,40,1.8018,5.3015883430766525e-09
HIV-1,dnds_proxy,"SWAN(w=10,k=1.5)",SWAN,179,45,38,2.1229,1.1479263184879291e-10
HIV-1,dnds_proxy,"SWAN(w=10,k=2.0)",SWAN,113,45,36,3.1858,2.8528347298516636e-16
HIV-1,dnds_proxy,"SWAN(w=20,k=1.0)",SWAN,239,45,40,1.6736,9.279823199500418e-08
HIV-1,dnds_proxy,"SWAN(w=20,k=1.5)",SWAN,219,45,40,1.8265,3.101422253049311e-09
HIV-1,dnds_proxy,"SWAN(w=20,k=2.0)",SWAN,194,45,40,2.0619,2.3541558898127288e-11
HIV-1,dnds_proxy,"SWAN(w=50,k=1.0)",SWAN,240,45,40,1.6667,1.0885343951120093e-07
HIV-1,dnds_proxy,"SWAN(w=50,k=1.5)",SWAN,240,45,40,1.6667,1.0885343951120093e-07
HIV-1,dnds_proxy,"SWAN(w=50,k=2.0)",SWAN,240,45,40,1.6667,1.0885343951120093e-07
HIV-1,dnds_proxy,MutClust-Orig(g=10),MutClust-Orig,444,45,45,1.0135,0.5294593106889125
HIV-1,semantic_change,Wavelet(t=1.0),Wavelet,76,45,7,0.9211,0.6664767648589983
HIV-1,semantic_change,Wavelet(t=1.5),Wavelet,45,45,0,0.0,1.0
HIV-1,semantic_change,Wavelet(t=2.0),Wavelet,31,45,0,0.0,1.0
HIV-1,semantic_change,KDE(p=75),KDE,113,45,5,0.4425,0.9959780951035251
HIV-1,semantic_change,KDE(p=80),KDE,90,45,1,0.1111,0.9999759651819771
HIV-1,semantic_change,KDE(p=85),KDE,68,45,0,0.0,1.0
HIV-1,semantic_change,SlidingTest(p=0.01),SlidingTest,79,45,20,2.5316,7.506943676937817e-06
HIV-1,semantic_change,SlidingTest(p=0.05),SlidingTest,115,45,27,2.3478,2.282524357367371e-07
HIV-1,semantic_change,GradPeak(p=0.2),GradPeak,0,45,0,0.0,1.0
HIV-1,semantic_change,GradPeak(p=0.5),GradPeak,0,45,0,0.0,1.0
HIV-1,semantic_change,LocalContrast(z=1.0),LocalContrast,53,45,4,0.7547,0.8067321832762658
HIV-1,semantic_change,LocalContrast(z=1.5),LocalContrast,31,45,3,0.9677,0.6195610974791659
HIV-1,semantic_change,LocalContrast(z=2.0),LocalContrast,23,45,2,0.8696,0.6924390981143357
HIV-1,semantic_change,"CUSUM(d=0.3,h=3.0)",CUSUM,19,45,3,1.5789,0.2932828759601336
HIV-1,semantic_change,"CUSUM(d=0.5,h=4.0)",CUSUM,10,45,4,4.0,0.011757857766771608
HIV-1,semantic_change,"CUSUM(d=0.5,h=5.0)",CUSUM,7,45,2,2.8571,0.14857218956782986
HIV-1,semantic_change,AdaptiveKnee,AdaptiveKnee,60,45,7,1.1667,0.3920631401149106
HIV-1,semantic_change,ScoreDBSCAN(ep=8),ScoreDBSCAN,276,45,33,1.1957,0.05473135409161467
HIV-1,semantic_change,ScoreDBSCAN(ep=15),ScoreDBSCAN,402,45,41,1.0199,0.46093232116929583
HIV-1,semantic_change,Spectral(z=1.5),Spectral,32,45,4,1.25,0.4004971962016024
HIV-1,semantic_change,Spectral(z=2.0),Spectral,26,45,3,1.1538,0.4934487586535054
HIV-1,semantic_change,Bayes(prior=0.1),Bayes,0,45,0,0.0,1.0
HIV-1,semantic_change,Bayes(prior=0.15),Bayes,0,45,0,0.0,1.0
HIV-1,semantic_change,AdaptWin(s=90),AdaptWin,358,45,45,1.257,1.839433496321104e-05
HIV-1,semantic_change,AdaptWin(s=85),AdaptWin,386,45,45,1.1658,0.0006778659987774387
HIV-1,semantic_change,FreqThresh(p=80),FreqThresh,89,45,12,1.3483,0.1524910255008891
HIV-1,semantic_change,FreqThresh(p=85),FreqThresh,67,45,9,1.3433,0.2088531701296704
HIV-1,semantic_change,FreqThresh(p=90),FreqThresh,45,45,7,1.5556,0.14740390680968615
HIV-1,semantic_change,FreqThresh(p=95),FreqThresh,23,45,3,1.3043,0.4094893041876551
HIV-1,semantic_change,"SWAN(w=10,k=1.0)",SWAN,143,45,19,1.3287,0.08012093238442833
HIV-1,semantic_change,"SWAN(w=10,k=1.5)",SWAN,106,45,19,1.7925,0.0026655607365406024
HIV-1,semantic_change,"SWAN(w=10,k=2.0)",SWAN,93,45,19,2.043,0.0004279564276704791
HIV-1,semantic_change,"SWAN(w=20,k=1.0)",SWAN,153,45,19,1.2418,0.14451042686541418
HIV-1,semantic_change,"SWAN(w=20,k=1.5)",SWAN,141,45,19,1.3475,0.0702112063382834
HIV-1,semantic_change,"SWAN(w=20,k=2.0)",SWAN,106,45,19,1.7925,0.0026655607365406024
HIV-1,semantic_change,"SWAN(w=50,k=1.0)",SWAN,167,45,19,1.1377,0.2768223670375298
HIV-1,semantic_change,"SWAN(w=50,k=1.5)",SWAN,165,45,19,1.1515,0.2551616611416399
HIV-1,semantic_change,"SWAN(w=50,k=2.0)",SWAN,164,45,19,1.1585,0.24464378335663056
HIV-1,semantic_change,MutClust-Orig(g=10),MutClust-Orig,234,45,27,1.1538,0.16482959715698048
HIV-1,EVEscape_composite,Wavelet(t=1.0),Wavelet,84,45,16,1.9048,0.003540870626347431
HIV-1,EVEscape_composite,Wavelet(t=1.5),Wavelet,50,45,11,2.2,0.005809068814394593
HIV-1,EVEscape_composite,Wavelet(t=2.0),Wavelet,14,45,0,0.0,1.0
HIV-1,EVEscape_composite,KDE(p=75),KDE,113,45,20,1.7699,0.0022589072855651138
HIV-1,EVEscape_composite,KDE(p=80),KDE,90,45,8,0.8889,0.7147095174938478
HIV-1,EVEscape_composite,KDE(p=85),KDE,68,45,0,0.0,1.0
HIV-1,EVEscape_composite,SlidingTest(p=0.01),SlidingTest,42,45,0,0.0,1.0
HIV-1,EVEscape_composite,SlidingTest(p=0.05),SlidingTest,70,45,0,0.0,1.0
HIV-1,EVEscape_composite,GradPeak(p=0.2),GradPeak,0,45,0,0.0,1.0
HIV-1,EVEscape_composite,GradPeak(p=0.5),GradPeak,0,45,0,0.0,1.0
HIV-1,EVEscape_composite,LocalContrast(z=1.0),LocalContrast,50,45,5,1.0,0.5786815842106077
HIV-1,EVEscape_composite,LocalContrast(z=1.5),LocalContrast,39,45,3,0.7692,0.7750108481813389
HIV-1,EVEscape_composite,LocalContrast(z=2.0),LocalContrast,30,45,2,0.6667,0.8261352339427046
HIV-1,EVEscape_composite,"CUSUM(d=0.3,h=3.0)",CUSUM,18,45,0,0.0,1.0
HIV-1,EVEscape_composite,"CUSUM(d=0.5,h=4.0)",CUSUM,9,45,0,0.0,1.0
HIV-1,EVEscape_composite,"CUSUM(d=0.5,h=5.0)",CUSUM,6,45,0,0.0,1.0
HIV-1,EVEscape_composite,AdaptiveKnee,AdaptiveKnee,75,45,4,0.5333,0.962871508960157
HIV-1,EVEscape_composite,ScoreDBSCAN(ep=8),ScoreDBSCAN,296,45,35,1.1824,0.049218415976912476
HIV-1,EVEscape_composite,ScoreDBSCAN(ep=15),ScoreDBSCAN,377,45,40,1.061,0.22654839952705133
HIV-1,EVEscape_composite,Spectral(z=1.5),Spectral,30,45,1,0.3333,0.9621244773826517
HIV-1,EVEscape_composite,Spectral(z=2.0),Spectral,17,45,1,0.5882,0.8388792867135648
HIV-1,EVEscape_composite,Bayes(prior=0.1),Bayes,2,45,0,0.0,1.0
HIV-1,EVEscape_composite,Bayes(prior=0.15),Bayes,31,45,1,0.3226,0.9661825690916533
HIV-1,EVEscape_composite,AdaptWin(s=90),AdaptWin,61,45,1,0.1639,0.9990188001483862
HIV-1,EVEscape_composite,AdaptWin(s=85),AdaptWin,104,45,6,0.5769,0.9720686316250897
HIV-1,EVEscape_composite,FreqThresh(p=80),FreqThresh,88,45,4,0.4545,0.988210869759407
HIV-1,EVEscape_composite,FreqThresh(p=85),FreqThresh,66,45,3,0.4545,0.9754789124898208
HIV-1,EVEscape_composite,FreqThresh(p=90),FreqThresh,44,45,1,0.2273,0.9924533980696221
HIV-1,EVEscape_composite,FreqThresh(p=95),FreqThresh,22,45,1,0.4545,0.907167795481619
HIV-1,EVEscape_composite,"SWAN(w=10,k=1.0)",SWAN,89,45,0,0.0,1.0
HIV-1,EVEscape_composite,"SWAN(w=10,k=1.5)",SWAN,77,45,0,0.0,1.0
HIV-1,EVEscape_composite,"SWAN(w=10,k=2.0)",SWAN,52,45,0,0.0,1.0
HIV-1,EVEscape_composite,"SWAN(w=20,k=1.0)",SWAN,109,45,4,0.367,0.9985390195813878
HIV-1,EVEscape_composite,"SWAN(w=20,k=1.5)",SWAN,79,45,0,0.0,1.0
HIV-1,EVEscape_composite,"SWAN(w=20,k=2.0)",SWAN,73,45,0,0.0,1.0
HIV-1,EVEscape_composite,"SWAN(w=50,k=1.0)",SWAN,117,45,9,0.7692,0.8760594993529434
HIV-1,EVEscape_composite,"SWAN(w=50,k=1.5)",SWAN,110,45,4,0.3636,0.9986864078075421
HIV-1,EVEscape_composite,"SWAN(w=50,k=2.0)",SWAN,77,45,2,0.2597,0.9984816827295402
HIV-1,EVEscape_composite,MutClust-Orig(g=10),MutClust-Orig,39,45,3,0.7692,0.7750108481813389
HIV-1,EqualWeight,Wavelet(t=1.0),Wavelet,81,45,22,2.716,4.431727038913899e-07
HIV-1,EqualWeight,Wavelet(t=1.5),Wavelet,52,45,11,2.1154,0.008037230466169117
HIV-1,EqualWeight,Wavelet(t=2.0),Wavelet,23,45,0,0.0,1.0
HIV-1,EqualWeight,KDE(p=75),KDE,113,45,20,1.7699,0.0022589072855651138
HIV-1,EqualWeight,KDE(p=80),KDE,90,45,18,2.0,0.0008931475799606008
HIV-1,EqualWeight,KDE(p=85),KDE,68,45,14,2.0588,0.0031990202716064542
HIV-1,EqualWeight,SlidingTest(p=0.01),SlidingTest,131,45,36,2.7481,9.401797245996469e-14
HIV-1,EqualWeight,SlidingTest(p=0.05),SlidingTest,168,45,37,2.2024,1.013072848467979e-10
HIV-1,EqualWeight,GradPeak(p=0.2),GradPeak,2,45,1,5.0,0.19020044543429843
HIV-1,EqualWeight,GradPeak(p=0.5),GradPeak,0,45,0,0.0,1.0
HIV-1,EqualWeight,LocalContrast(z=1.0),LocalContrast,61,45,7,1.1475,0.4102420859698308
HIV-1,EqualWeight,LocalContrast(z=1.5),LocalContrast,31,45,4,1.2903,0.3760921992422983
HIV-1,EqualWeight,LocalContrast(z=2.0),LocalContrast,10,45,1,1.0,0.6552322019082857
HIV-1,EqualWeight,"CUSUM(d=0.3,h=3.0)",CUSUM,27,45,9,3.3333,0.0005388251735308974
HIV-1,EqualWeight,"CUSUM(d=0.5,h=4.0)",CUSUM,15,45,5,3.3333,0.011222571282511128
HIV-1,EqualWeight,"CUSUM(d=0.5,h=5.0)",CUSUM,12,45,5,4.1667,0.0037341036408255436
HIV-1,EqualWeight,AdaptiveKnee,AdaptiveKnee,23,45,7,3.0435,0.004487747479697825
HIV-1,EqualWeight,ScoreDBSCAN(ep=8),ScoreDBSCAN,279,45,29,1.0394,0.4270737874748755
HIV-1,EqualWeight,ScoreDBSCAN(ep=15),ScoreDBSCAN,425,45,45,1.0588,0.06646676370895106
HIV-1,EqualWeight,Spectral(z=1.5),Spectral,38,45,3,0.7895,0.7587773097323546
HIV-1,EqualWeight,Spectral(z=2.0),Spectral,15,45,0,0.0,1.0
HIV-1,EqualWeight,Bayes(prior=0.1),Bayes,0,45,0,0.0,1.0
HIV-1,EqualWeight,Bayes(prior=0.15),Bayes,0,45,0,0.0,1.0
HIV-1,EqualWeight,AdaptWin(s=90),AdaptWin,330,45,45,1.3636,3.6426351555938125e-07
HIV-1,EqualWeight,AdaptWin(s=85),AdaptWin,338,45,45,1.3314,1.1572399530976916e-06
HIV-1,EqualWeight,FreqThresh(p=80),FreqThresh,90,45,31,3.4444,3.60276125616226e-14
HIV-1,EqualWeight,FreqThresh(p=85),FreqThresh,68,45,25,3.6765,1.4821967590851724e-11
HIV-1,EqualWeight,FreqThresh(p=90),FreqThresh,45,45,16,3.5556,5.836500454860189e-07
HIV-1,EqualWeight,FreqThresh(p=95),FreqThresh,23,45,7,3.0435,0.004487747479697825
HIV-1,EqualWeight,"SWAN(w=10,k=1.0)",SWAN,214,45,39,1.8224,1.1186961080482831e-08
HIV-1,EqualWeight,"SWAN(w=10,k=1.5)",SWAN,174,45,39,2.2414,3.4505596125509774e-12
HIV-1,EqualWeight,"SWAN(w=10,k=2.0)",SWAN,152,45,39,2.5658,1.3273152315770335e-14
HIV-1,EqualWeight,"SWAN(w=20,k=1.0)",SWAN,230,45,39,1.6957,1.6319707696368848e-07
HIV-1,EqualWeight,"SWAN(w=20,k=1.5)",SWAN,213,45,39,1.831,9.374427066776758e-09
HIV-1,EqualWeight,"SWAN(w=20,k=2.0)",SWAN,182,45,39,2.1429,2.09091315554015e-11
HIV-1,EqualWeight,"SWAN(w=50,k=1.0)",SWAN,232,45,40,1.7241,2.9568748222839874e-08
HIV-1,EqualWeight,"SWAN(w=50,k=1.5)",SWAN,227,45,40,1.7621,1.2682660001376391e-08
HIV-1,EqualWeight,"SWAN(w=50,k=2.0)",SWAN,222,45,40,1.8018,5.3015883430766525e-09
HIV-1,EqualWeight,MutClust-Orig(g=10),MutClust-Orig,450,45,45,1.0,1.0
HIV-1,tranception,Wavelet(t=1.0),Wavelet,54,45,0,0.0,1.0
HIV-1,tranception,Wavelet(t=1.5),Wavelet,44,45,0,0.0,1.0
HIV-1,tranception,Wavelet(t=2.0),Wavelet,35,45,0,0.0,1.0
HIV-1,tranception,KDE(p=75),KDE,113,45,3,0.2655,0.9998356748613345
HIV-1,tranception,KDE(p=80),KDE,90,45,0,0.0,1.0
HIV-1,tranception,KDE(p=85),KDE,68,45,0,0.0,1.0
HIV-1,tranception,SlidingTest(p=0.01),SlidingTest,9,45,0,0.0,1.0
HIV-1,tranception,SlidingTest(p=0.05),SlidingTest,101,45,0,0.0,1.0
HIV-1,tranception,GradPeak(p=0.2),GradPeak,47,45,4,0.8511,0.7188622394328648
HIV-1,tranception,GradPeak(p=0.5),GradPeak,29,45,3,1.0345,0.5715654365364142
HIV-1,tranception,LocalContrast(z=1.0),LocalContrast,73,45,6,0.8219,0.7734516004729487
HIV-1,tranception,LocalContrast(z=1.5),LocalContrast,34,45,3,0.8824,0.6847818851692784
HIV-1,tranception,LocalContrast(z=2.0),LocalContrast,17,45,1,0.5882,0.8388792867135648
HIV-1,tranception,"CUSUM(d=0.3,h=3.0)",CUSUM,8,45,0,0.0,1.0
HIV-1,tranception,"CUSUM(d=0.5,h=4.0)",CUSUM,1,45,0,0.0,1.0
HIV-1,tranception,"CUSUM(d=0.5,h=5.0)",CUSUM,0,45,0,0.0,1.0
HIV-1,tranception,AdaptiveKnee,AdaptiveKnee,38,45,2,0.5263,0.9143172595226223
HIV-1,tranception,ScoreDBSCAN(ep=8),ScoreDBSCAN,213,45,15,0.7042,0.9846323830463037
HIV-1,tranception,ScoreDBSCAN(ep=15),ScoreDBSCAN,401,45,37,0.9227,0.9581269152473224
HIV-1,tranception,Spectral(z=1.5),Spectral,24,45,1,0.4167,0.9256828311285744
HIV-1,tranception,Spectral(z=2.0),Spectral,15,45,0,0.0,1.0
HIV-1,tranception,Bayes(prior=0.1),Bayes,0,45,0,0.0,1.0
HIV-1,tranception,Bayes(prior=0.15),Bayes,0,45,0,0.0,1.0
HIV-1,tranception,AdaptWin(s=90),AdaptWin,323,45,29,0.8978,0.9056436146623962
HIV-1,tranception,AdaptWin(s=85),AdaptWin,367,45,33,0.8992,0.9507151517913432
HIV-1,tranception,FreqThresh(p=80),FreqThresh,90,45,6,0.6667,0.9209809121237512
HIV-1,tranception,FreqThresh(p=85),FreqThresh,68,45,3,0.4412,0.9796391105985774
HIV-1,tranception,FreqThresh(p=90),FreqThresh,45,45,3,0.6667,0.8549989747539943
HIV-1,tranception,FreqThresh(p=95),FreqThresh,23,45,1,0.4348,0.9169281908164955
HIV-1,tranception,"SWAN(w=10,k=1.0)",SWAN,168,45,6,0.3571,0.9999590946427566
HIV-1,tranception,"SWAN(w=10,k=1.5)",SWAN,130,45,1,0.0769,0.9999999177424466
HIV-1,tranception,"SWAN(w=10,k=2.0)",SWAN,38,45,1,0.2632,0.9848261556806184
HIV-1,tranception,"SWAN(w=20,k=1.0)",SWAN,181,45,12,0.663,0.984571779908034
HIV-1,tranception,"SWAN(w=20,k=1.5)",SWAN,161,45,1,0.0621,0.9999999994194051
HIV-1,tranception,"SWAN(w=20,k=2.0)",SWAN,131,45,1,0.0763,0.999999929309915
HIV-1,tranception,"SWAN(w=50,k=1.0)",SWAN,204,45,18,0.8824,0.8197588569823557
HIV-1,tranception,"SWAN(w=50,k=1.5)",SWAN,190,45,14,0.7368,0.9616323579109572
HIV-1,tranception,"SWAN(w=50,k=2.0)",SWAN,156,45,12,0.7692,0.9143180228338561
HIV-1,tranception,MutClust-Orig(g=10),MutClust-Orig,450,45,45,1.0,1.0
HIV-1,stability,Wavelet(t=1.0),Wavelet,63,45,4,0.6349,0.9040451127153929
HIV-1,stability,Wavelet(t=1.5),Wavelet,38,45,3,0.7895,0.7587773097323546
HIV-1,stability,Wavelet(t=2.0),Wavelet,21,45,0,0.0,1.0
HIV-1,stability,KDE(p=75),KDE,113,45,5,0.4425,0.9959780951035251
HIV-1,stability,KDE(p=80),KDE,90,45,5,0.5556,0.9686070265505631
HIV-1,stability,KDE(p=85),KDE,68,45,0,0.0,1.0
HIV-1,stability,SlidingTest(p=0.01),SlidingTest,20,45,0,0.0,1.0
HIV-1,stability,SlidingTest(p=0.05),SlidingTest,68,45,0,0.0,1.0
HIV-1,stability,GradPeak(p=0.2),GradPeak,62,45,4,0.6452,0.8966798979723902
HIV-1,stability,GradPeak(p=0.5),GradPeak,36,45,1,0.2778,0.9808939094393152
HIV-1,stability,LocalContrast(z=1.0),LocalContrast,80,45,5,0.625,0.9318177504945471
HIV-1,stability,LocalContrast(z=1.5),LocalContrast,37,45,3,0.8108,0.7416524276359582
HIV-1,stability,LocalContrast(z=2.0),LocalContrast,8,45,1,1.25,0.5725337204562427
HIV-1,stability,"CUSUM(d=0.3,h=3.0)",CUSUM,11,45,0,0.0,1.0
HIV-1,stability,"CUSUM(d=0.5,h=4.0)",CUSUM,1,45,0,0.0,1.0
HIV-1,stability,"CUSUM(d=0.5,h=5.0)",CUSUM,1,45,0,0.0,1.0
HIV-1,stability,AdaptiveKnee,AdaptiveKnee,400,45,41,1.025,0.4213184157893924
HIV-1,stability,ScoreDBSCAN(ep=8),ScoreDBSCAN,96,45,11,1.1458,0.3554324456341596
HIV-1,stability,ScoreDBSCAN(ep=15),ScoreDBSCAN,272,45,29,1.0662,0.3410151347004623
HIV-1,stability,Spectral(z=1.5),Spectral,42,45,1,0.2381,0.9904634603431287
HIV-1,stability,Spectral(z=2.0),Spectral,23,45,1,0.4348,0.9169281908164955
HIV-1,stability,Bayes(prior=0.1),Bayes,0,45,0,0.0,1.0
HIV-1,stability,Bayes(prior=0.15),Bayes,0,45,0,0.0,1.0
HIV-1,stability,AdaptWin(s=90),AdaptWin,79,45,1,0.1266,0.999898227386297
HIV-1,stability,AdaptWin(s=85),AdaptWin,134,45,1,0.0746,0.9999999552736403
HIV-1,stability,FreqThresh(p=80),FreqThresh,75,45,3,0.4,0.9895918540842589
HIV-1,stability,FreqThresh(p=85),FreqThresh,56,45,1,0.1786,0.998194720967957
HIV-1,stability,FreqThresh(p=90),FreqThresh,38,45,1,0.2632,0.9848261556806184
HIV-1,stability,FreqThresh(p=95),FreqThresh,21,45,0,0.0,1.0
HIV-1,stability,"SWAN(w=10,k=1.0)",SWAN,132,45,5,0.3788,0.9994362931982179
HIV-1,stability,"SWAN(w=10,k=1.5)",SWAN,96,45,0,0.0,1.0
HIV-1,stability,"SWAN(w=10,k=2.0)",SWAN,70,45,0,0.0,1.0
HIV-1,stability,"SWAN(w=20,k=1.0)",SWAN,158,45,7,0.443,0.9994151358113961
HIV-1,stability,"SWAN(w=20,k=1.5)",SWAN,141,45,0,0.0,1.0
HIV-1,stability,"SWAN(w=20,k=2.0)",SWAN,87,45,0,0.0,1.0
HIV-1,stability,"SWAN(w=50,k=1.0)",SWAN,155,45,7,0.4516,0.999195172941921
HIV-1,stability,"SWAN(w=50,k=1.5)",SWAN,132,45,5,0.3788,0.9994362931982179
HIV-1,stability,"SWAN(w=50,k=2.0)",SWAN,113,45,0,0.0,1.0
HIV-1,stability,MutClust-Orig(g=10),MutClust-Orig,373,45,40,1.0724,0.1807578620720165
HIV-1,stability_structural,Wavelet(t=1.0),Wavelet,70,45,4,0.5714,0.9441031661546035
HIV-1,stability_structural,Wavelet(t=1.5),Wavelet,41,45,1,0.2439,0.9892844925284056
HIV-1,stability_structural,Wavelet(t=2.0),Wavelet,27,45,0,0.0,1.0
HIV-1,stability_structural,KDE(p=75),KDE,113,45,5,0.4425,0.9959780951035251
HIV-1,stability_structural,KDE(p=80),KDE,90,45,5,0.5556,0.9686070265505631
HIV-1,stability_structural,KDE(p=85),KDE,68,45,5,0.7353,0.8441938817001376
HIV-1,stability_structural,SlidingTest(p=0.01),SlidingTest,36,45,3,0.8333,0.7236193416955916
HIV-1,stability_structural,SlidingTest(p=0.05),SlidingTest,101,45,4,0.396,0.9966549476003997
HIV-1,stability_structural,GradPeak(p=0.2),GradPeak,0,45,0,0.0,1.0
HIV-1,stability_structural,GradPeak(p=0.5),GradPeak,0,45,0,0.0,1.0
HIV-1,stability_structural,LocalContrast(z=1.0),LocalContrast,78,45,4,0.5128,0.9712075777547899
HIV-1,stability_structural,LocalContrast(z=1.5),LocalContrast,39,45,3,0.7692,0.7750108481813389
HIV-1,stability_structural,LocalContrast(z=2.0),LocalContrast,13,45,1,0.7692,0.7507579837770673
HIV-1,stability_structural,"CUSUM(d=0.3,h=3.0)",CUSUM,14,45,0,0.0,1.0
HIV-1,stability_structural,"CUSUM(d=0.5,h=4.0)",CUSUM,4,45,0,0.0,1.0
HIV-1,stability_structural,"CUSUM(d=0.5,h=5.0)",CUSUM,2,45,0,0.0,1.0
HIV-1,stability_structural,AdaptiveKnee,AdaptiveKnee,405,45,43,1.0617,0.14500102524600567
HIV-1,stability_structural,ScoreDBSCAN(ep=8),ScoreDBSCAN,85,45,13,1.5294,0.058786967209668244
HIV-1,stability_structural,ScoreDBSCAN(ep=15),ScoreDBSCAN,271,45,37,1.3653,0.0008317661196076275
HIV-1,stability_structural,Spectral(z=1.5),Spectral,40,45,1,0.25,0.9879634025661542
HIV-1,stability_structural,Spectral(z=2.0),Spectral,21,45,0,0.0,1.0
HIV-1,stability_structural,Bayes(prior=0.1),Bayes,0,45,0,0.0,1.0
HIV-1,stability_structural,Bayes(prior=0.15),Bayes,3,45,0,0.0,1.0
HIV-1,stability_structural,AdaptWin(s=90),AdaptWin,66,45,0,0.0,1.0
HIV-1,stability_structural,AdaptWin(s=85),AdaptWin,109,45,1,0.0917,0.9999982282789063
HIV-1,stability_structural,FreqThresh(p=80),FreqThresh,77,45,1,0.1299,0.99986833780127
HIV-1,stability_structural,FreqThresh(p=85),FreqThresh,57,45,1,0.1754,0.998400907659434
HIV-1,stability_structural,FreqThresh(p=90),FreqThresh,40,45,0,0.0,1.0
HIV-1,stability_structural,FreqThresh(p=95),FreqThresh,22,45,0,0.0,1.0
HIV-1,stability_structural,"SWAN(w=10,k=1.0)",SWAN,141,45,7,0.4965,0.9967237021342795
HIV-1,stability_structural,"SWAN(w=10,k=1.5)",SWAN,109,45,2,0.1835,0.9999689680366014
HIV-1,stability_structural,"SWAN(w=10,k=2.0)",SWAN,72,45,2,0.2778,0.9973351491866665
HIV-1,stability_structural,"SWAN(w=20,k=1.0)",SWAN,153,45,2,0.1307,0.9999999379667148
HIV-1,stability_structural,"SWAN(w=20,k=1.5)",SWAN,146,45,2,0.137,0.9999998205565978
HIV-1,stability_structural,"SWAN(w=20,k=2.0)",SWAN,118,45,2,0.1695,0.9999905207445113
HIV-1,stability_structural,"SWAN(w=50,k=1.0)",SWAN,144,45,2,0.1389,0.9999997582452551
HIV-1,stability_structural,"SWAN(w=50,k=1.5)",SWAN,143,45,2,0.1399,0.9999997196413057
HIV-1,stability_structural,"SWAN(w=50,k=2.0)",SWAN,106,45,2,0.1887,0.999954342005928
HIV-1,stability_structural,MutClust-Orig(g=10),MutClust-Orig,0,45,0,0.0,1.0
HIV-1,freq_with_indel,Wavelet(t=1.0),Wavelet,104,45,23,2.2115,1.3519026312637996e-05
HIV-1,freq_with_indel,Wavelet(t=1.5),Wavelet,57,45,11,1.9298,0.01659769531784573
HIV-1,freq_with_indel,Wavelet(t=2.0),Wavelet,16,45,0,0.0,1.0
HIV-1,freq_with_indel,KDE(p=75),KDE,113,45,0,0.0,1.0
HIV-1,freq_with_indel,KDE(p=80),KDE,90,45,0,0.0,1.0
HIV-1,freq_with_indel,KDE(p=85),KDE,68,45,0,0.0,1.0
HIV-1,freq_with_indel,SlidingTest(p=0.01),SlidingTest,275,45,29,1.0545,0.37707598990617636
HIV-1,freq_with_indel,SlidingTest(p=0.05),SlidingTest,311,45,37,1.1897,0.029279397248709465
HIV-1,freq_with_indel,GradPeak(p=0.2),GradPeak,3,45,0,0.0,1.0
HIV-1,freq_with_indel,GradPeak(p=0.5),GradPeak,0,45,0,0.0,1.0
HIV-1,freq_with_indel,LocalContrast(z=1.0),LocalContrast,52,45,4,0.7692,0.7937595484388913
HIV-1,freq_with_indel,LocalContrast(z=1.5),LocalContrast,21,45,0,0.0,1.0
HIV-1,freq_with_indel,LocalContrast(z=2.0),LocalContrast,10,45,0,0.0,1.0
HIV-1,freq_with_indel,"CUSUM(d=0.3,h=3.0)",CUSUM,30,45,3,1.0,0.595999591198179
HIV-1,freq_with_indel,"CUSUM(d=0.5,h=4.0)",CUSUM,8,45,1,1.25,0.5725337204562427
HIV-1,freq_with_indel,"CUSUM(d=0.5,h=5.0)",CUSUM,6,45,1,1.6667,0.47054068931108745
HIV-1,freq_with_indel,AdaptiveKnee,AdaptiveKnee,290,45,33,1.1379,0.12426802559085323
HIV-1,freq_with_indel,ScoreDBSCAN(ep=8),ScoreDBSCAN,307,45,33,1.0749,0.2755197426936307
HIV-1,freq_with_indel,ScoreDBSCAN(ep=15),ScoreDBSCAN,400,45,44,1.1,0.02717336071994588
HIV-1,freq_with_indel,Spectral(z=1.5),Spectral,29,45,0,0.0,1.0
HIV-1,freq_with_indel,Spectral(z=2.0),Spectral,24,45,0,0.0,1.0
HIV-1,freq_with_indel,Bayes(prior=0.1),Bayes,0,45,0,0.0,1.0
HIV-1,freq_with_indel,Bayes(prior=0.15),Bayes,0,45,0,0.0,1.0
HIV-1,freq_with_indel,AdaptWin(s=90),AdaptWin,321,45,45,1.4019,9.566911106916044e-08
HIV-1,freq_with_indel,AdaptWin(s=85),AdaptWin,321,45,45,1.4019,9.566911106916044e-08
HIV-1,freq_with_indel,FreqThresh(p=80),FreqThresh,90,45,17,1.8889,0.0027408812613338163
HIV-1,freq_with_indel,FreqThresh(p=85),FreqThresh,69,45,16,2.3188,0.0003182006876924235
HIV-1,freq_with_indel,FreqThresh(p=90),FreqThresh,46,45,10,2.1739,0.009632121108038728
HIV-1,freq_with_indel,FreqThresh(p=95),FreqThresh,25,45,4,1.6,0.23250685400354557
HIV-1,freq_with_indel,"SWAN(w=10,k=1.0)",SWAN,316,45,41,1.2975,0.00045209373534946414
HIV-1,freq_with_indel,"SWAN(w=10,k=1.5)",SWAN,311,45,37,1.1897,0.029279397248709465
HIV-1,freq_with_indel,"SWAN(w=10,k=2.0)",SWAN,237,45,31,1.308,0.015367616953696227
HIV-1,freq_with_indel,"SWAN(w=20,k=1.0)",SWAN,317,45,42,1.3249,9.600301238916525e-05
HIV-1,freq_with_indel,"SWAN(w=20,k=1.5)",SWAN,317,45,42,1.3249,9.600301238916525e-05
HIV-1,freq_with_indel,"SWAN(w=20,k=2.0)",SWAN,317,45,42,1.3249,9.600301238916525e-05
HIV-1,freq_with_indel,"SWAN(w=50,k=1.0)",SWAN,317,45,42,1.3249,9.600301238916525e-05
HIV-1,freq_with_indel,"SWAN(w=50,k=1.5)",SWAN,317,45,42,1.3249,9.600301238916525e-05
HIV-1,freq_with_indel,"SWAN(w=50,k=2.0)",SWAN,317,45,42,1.3249,9.600301238916525e-05
HIV-1,freq_with_indel,MutClust-Orig(g=10),MutClust-Orig,447,45,45,1.0067,0.7284580814508431
HIV-1,entropy_with_indel,Wavelet(t=1.0),Wavelet,102,45,22,2.1569,3.877708049522407e-05
HIV-1,entropy_with_indel,Wavelet(t=1.5),Wavelet,49,45,13,2.6531,0.00033503316644633896
HIV-1,entropy_with_indel,Wavelet(t=2.0),Wavelet,19,45,0,0.0,1.0
HIV-1,entropy_with_indel,KDE(p=75),KDE,113,45,5,0.4425,0.9959780951035251
HIV-1,entropy_with_indel,KDE(p=80),KDE,90,45,3,0.3333,0.9977652595500787
HIV-1,entropy_with_indel,KDE(p=85),KDE,68,45,0,0.0,1.0
HIV-1,entropy_with_indel,SlidingTest(p=0.01),SlidingTest,244,45,25,1.0246,0.48886919551044383
HIV-1,entropy_with_indel,SlidingTest(p=0.05),SlidingTest,309,45,36,1.165,0.05600627241314749
HIV-1,entropy_with_indel,GradPeak(p=0.2),GradPeak,14,45,1,0.7143,0.7764236376215339
HIV-1,entropy_with_indel,GradPeak(p=0.5),GradPeak,8,45,1,1.25,0.5725337204562427
HIV-1,entropy_with_indel,LocalContrast(z=1.0),LocalContrast,74,45,8,1.0811,0.46778693960455603
HIV-1,entropy_with_indel,LocalContrast(z=1.5),LocalContrast,27,45,1,0.3704,0.9468782280279515
HIV-1,entropy_with_indel,LocalContrast(z=2.0),LocalContrast,10,45,0,0.0,1.0
HIV-1,entropy_with_indel,"CUSUM(d=0.3,h=3.0)",CUSUM,31,45,3,0.9677,0.6195610974791659
HIV-1,entropy_with_indel,"CUSUM(d=0.5,h=4.0)",CUSUM,9,45,1,1.1111,0.6160540430342272
HIV-1,entropy_with_indel,"CUSUM(d=0.5,h=5.0)",CUSUM,7,45,1,1.4286,0.5242021059349637
HIV-1,entropy_with_indel,AdaptiveKnee,AdaptiveKnee,305,45,36,1.1803,0.04278326004195959
HIV-1,entropy_with_indel,ScoreDBSCAN(ep=8),ScoreDBSCAN,317,45,30,0.9464,0.7779729968069531
HIV-1,entropy_with_indel,ScoreDBSCAN(ep=15),ScoreDBSCAN,413,45,45,1.0896,0.017029341586697295
HIV-1,entropy_with_indel,Spectral(z=1.5),Spectral,30,45,1,0.3333,0.9621244773826517
HIV-1,entropy_with_indel,Spectral(z=2.0),Spectral,23,45,0,0.0,1.0
HIV-1,entropy_with_indel,Bayes(prior=0.1),Bayes,0,45,0,0.0,1.0
HIV-1,entropy_with_indel,Bayes(prior=0.15),Bayes,0,45,0,0.0,1.0
HIV-1,entropy_with_indel,AdaptWin(s=90),AdaptWin,320,45,45,1.4062,8.225755344264258e-08
HIV-1,entropy_with_indel,AdaptWin(s=85),AdaptWin,320,45,45,1.4062,8.225755344264258e-08
HIV-1,entropy_with_indel,FreqThresh(p=80),FreqThresh,90,45,16,1.7778,0.0076004380636033545
HIV-1,entropy_with_indel,FreqThresh(p=85),FreqThresh,68,45,13,1.9118,0.00942383968775251
HIV-1,entropy_with_indel,FreqThresh(p=90),FreqThresh,45,45,10,2.2222,0.00815358307927487
HIV-1,entropy_with_indel,FreqThresh(p=95),FreqThresh,23,45,6,2.6087,0.019472623251506713
HIV-1,entropy_with_indel,"SWAN(w=10,k=1.0)",SWAN,315,45,41,1.3016,0.0004044705018552117
HIV-1,entropy_with_indel,"SWAN(w=10,k=1.5)",SWAN,312,45,38,1.2179,0.012672684117484371
HIV-1,entropy_with_indel,"SWAN(w=10,k=2.0)",SWAN,221,45,30,1.3575,0.009682364036514709
HIV-1,entropy_with_indel,"SWAN(w=20,k=1.0)",SWAN,319,45,44,1.3793,1.5860284523159522e-06
HIV-1,entropy_with_indel,"SWAN(w=20,k=1.5)",SWAN,319,45,44,1.3793,1.5860284523159522e-06
HIV-1,entropy_with_indel,"SWAN(w=20,k=2.0)",SWAN,315,45,41,1.3016,0.0004044705018552117
HIV-1,entropy_with_indel,"SWAN(w=50,k=1.0)",SWAN,319,45,44,1.3793,1.5860284523159522e-06
HIV-1,entropy_with_indel,"SWAN(w=50,k=1.5)",SWAN,319,45,44,1.3793,1.5860284523159522e-06
HIV-1,entropy_with_indel,"SWAN(w=50,k=2.0)",SWAN,319,45,44,1.3793,1.5860284523159522e-06
HIV-1,entropy_with_indel,MutClust-Orig(g=10),MutClust-Orig,450,45,45,1.0,1.0
HIV-1,fubar,Wavelet(t=1.0),Wavelet,59,45,2,0.339,0.9891561161407543
HIV-1,fubar,Wavelet(t=1.5),Wavelet,42,45,2,0.4762,0.9409468121247583
HIV-1,fubar,Wavelet(t=2.0),Wavelet,30,45,0,0.0,1.0
HIV-1,fubar,KDE(p=75),KDE,113,45,5,0.4425,0.9959780951035251
HIV-1,fubar,KDE(p=80),KDE,90,45,5,0.5556,0.9686070265505631
HIV-1,fubar,KDE(p=85),KDE,68,45,5,0.7353,0.8441938817001376
HIV-1,fubar,SlidingTest(p=0.01),SlidingTest,31,45,4,1.2903,0.3760921992422983
HIV-1,fubar,SlidingTest(p=0.05),SlidingTest,70,45,5,0.7143,0.8630978882655288
HIV-1,fubar,GradPeak(p=0.2),GradPeak,14,45,1,0.7143,0.7764236376215339
HIV-1,fubar,GradPeak(p=0.5),GradPeak,2,45,1,5.0,0.19020044543429843
HIV-1,fubar,LocalContrast(z=1.0),LocalContrast,77,45,10,1.2987,0.22149100676679034
HIV-1,fubar,LocalContrast(z=1.5),LocalContrast,44,45,7,1.5909,0.13460695342749385
HIV-1,fubar,LocalContrast(z=2.0),LocalContrast,20,45,0,0.0,1.0
HIV-1,fubar,"CUSUM(d=0.3,h=3.0)",CUSUM,16,45,2,1.25,0.48837721693621167
HIV-1,fubar,"CUSUM(d=0.5,h=4.0)",CUSUM,6,45,1,1.6667,0.47054068931108745
HIV-1,fubar,"CUSUM(d=0.5,h=5.0)",CUSUM,6,45,1,1.6667,0.47054068931108745
HIV-1,fubar,AdaptiveKnee,AdaptiveKnee,103,45,10,0.9709,0.6077460206861836
HIV-1,fubar,ScoreDBSCAN(ep=8),ScoreDBSCAN,211,45,18,0.8531,0.8717612496616374
HIV-1,fubar,ScoreDBSCAN(ep=15),ScoreDBSCAN,346,45,31,0.896,0.9332058283089886
HIV-1,fubar,Spectral(z=1.5),Spectral,36,45,0,0.0,1.0
HIV-1,fubar,Spectral(z=2.0),Spectral,25,45,0,0.0,1.0
HIV-1,fubar,Bayes(prior=0.1),Bayes,0,45,0,0.0,1.0
HIV-1,fubar,Bayes(prior=0.15),Bayes,9,45,1,1.1111,0.6160540430342272
HIV-1,fubar,AdaptWin(s=90),AdaptWin,90,45,5,0.5556,0.9686070265505631
HIV-1,fubar,AdaptWin(s=85),AdaptWin,192,45,22,1.1458,0.2317375411549538
HIV-1,fubar,FreqThresh(p=80),FreqThresh,90,45,10,1.1111,0.41037137019746106
HIV-1,fubar,FreqThresh(p=85),FreqThresh,68,45,8,1.1765,0.365479244600398
HIV-1,fubar,FreqThresh(p=90),FreqThresh,45,45,4,0.8889,0.6841051953627924
HIV-1,fubar,FreqThresh(p=95),FreqThresh,23,45,2,0.8696,0.6924390981143357
HIV-1,fubar,"SWAN(w=10,k=1.0)",SWAN,103,45,7,0.6796,0.9274383198933603
HIV-1,fubar,"SWAN(w=10,k=1.5)",SWAN,75,45,5,0.6667,0.9023907277810521
HIV-1,fubar,"SWAN(w=10,k=2.0)",SWAN,57,45,5,0.8772,0.7026996504041771
HIV-1,fubar,"SWAN(w=20,k=1.0)",SWAN,137,45,7,0.5109,0.9952316553133962
HIV-1,fubar,"SWAN(w=20,k=1.5)",SWAN,103,45,5,0.4854,0.9897238322558649
HIV-1,fubar,"SWAN(w=20,k=2.0)",SWAN,85,45,5,0.5882,0.9532972545580084
HIV-1,fubar,"SWAN(w=50,k=1.0)",SWAN,129,45,5,0.3876,0.9992190057155836
HIV-1,fubar,"SWAN(w=50,k=1.5)",SWAN,126,45,5,0.3968,0.998924339721749
HIV-1,fubar,"SWAN(w=50,k=2.0)",SWAN,108,45,5,0.463,0.9935169056582478
HIV-1,fubar,MutClust-Orig(g=10),MutClust-Orig,449,45,45,1.0022,0.9
HIV-1,fubar_pos_sel,Wavelet(t=1.0),Wavelet,63,45,0,0.0,1.0
HIV-1,fubar_pos_sel,Wavelet(t=1.5),Wavelet,41,45,0,0.0,1.0
HIV-1,fubar_pos_sel,Wavelet(t=2.0),Wavelet,24,45,0,0.0,1.0
HIV-1,fubar_pos_sel,KDE(p=75),KDE,113,45,5,0.4425,0.9959780951035251
HIV-1,fubar_pos_sel,KDE(p=80),KDE,90,45,5,0.5556,0.9686070265505631
HIV-1,fubar_pos_sel,KDE(p=85),KDE,68,45,3,0.4412,0.9796391105985774
HIV-1,fubar_pos_sel,SlidingTest(p=0.01),SlidingTest,24,45,0,0.0,1.0
HIV-1,fubar_pos_sel,SlidingTest(p=0.05),SlidingTest,39,45,0,0.0,1.0
HIV-1,fubar_pos_sel,GradPeak(p=0.2),GradPeak,23,45,2,0.8696,0.6924390981143357
HIV-1,fubar_pos_sel,GradPeak(p=0.5),GradPeak,12,45,1,0.8333,0.722218821614136
HIV-1,fubar_pos_sel,LocalContrast(z=1.0),LocalContrast,33,45,2,0.6061,0.8658262312936771
HIV-1,fubar_pos_sel,LocalContrast(z=1.5),LocalContrast,28,45,1,0.3571,0.9525294803654035
HIV-1,fubar_pos_sel,LocalContrast(z=2.0),LocalContrast,25,45,1,0.4,0.9335332362910489
HIV-1,fubar_pos_sel,"CUSUM(d=0.3,h=3.0)",CUSUM,13,45,0,0.0,1.0
HIV-1,fubar_pos_sel,"CUSUM(d=0.5,h=4.0)",CUSUM,7,45,0,0.0,1.0
HIV-1,fubar_pos_sel,"CUSUM(d=0.5,h=5.0)",CUSUM,5,45,0,0.0,1.0
HIV-1,fubar_pos_sel,AdaptiveKnee,AdaptiveKnee,42,45,4,0.9524,0.6268933674038721
HIV-1,fubar_pos_sel,ScoreDBSCAN(ep=8),ScoreDBSCAN,27,45,0,0.0,1.0
HIV-1,fubar_pos_sel,ScoreDBSCAN(ep=15),ScoreDBSCAN,44,45,2,0.4545,0.9511764040857871
HIV-1,fubar_pos_sel,Spectral(z=1.5),Spectral,21,45,1,0.4762,0.8962890215146212
HIV-1,fubar_pos_sel,Spectral(z=2.0),Spectral,17,45,1,0.5882,0.8388792867135648
HIV-1,fubar_pos_sel,Bayes(prior=0.1),Bayes,14,45,1,0.7143,0.7764236376215339
HIV-1,fubar_pos_sel,Bayes(prior=0.15),Bayes,27,45,3,1.1111,0.5202368504093636
HIV-1,fubar_pos_sel,AdaptWin(s=90),AdaptWin,10,45,0,0.0,1.0
HIV-1,fubar_pos_sel,AdaptWin(s=85),AdaptWin,15,45,1,0.6667,0.7994991796101372
HIV-1,fubar_pos_sel,FreqThresh(p=80),FreqThresh,19,45,3,1.5789,0.2932828759601336
HIV-1,fubar_pos_sel,FreqThresh(p=85),FreqThresh,14,45,1,0.7143,0.7764236376215339
HIV-1,fubar_pos_sel,FreqThresh(p=90),FreqThresh,10,45,0,0.0,1.0
HIV-1,fubar_pos_sel,FreqThresh(p=95),FreqThresh,5,45,0,0.0,1.0
HIV-1,fubar_pos_sel,"SWAN(w=10,k=1.0)",SWAN,27,45,4,1.4815,0.2791440246066426
HIV-1,fubar_pos_sel,"SWAN(w=10,k=1.5)",SWAN,25,45,4,1.6,0.23250685400354557
HIV-1,fubar_pos_sel,"SWAN(w=10,k=2.0)",SWAN,20,45,0,0.0,1.0
HIV-1,fubar_pos_sel,"SWAN(w=20,k=1.0)",SWAN,34,45,4,1.1765,0.4488756159768803
HIV-1,fubar_pos_sel,"SWAN(w=20,k=1.5)",SWAN,28,45,0,0.0,1.0
HIV-1,fubar_pos_sel,"SWAN(w=20,k=2.0)",SWAN,13,45,0,0.0,1.0
HIV-1,fubar_pos_sel,"SWAN(w=50,k=1.0)",SWAN,18,45,3,1.6667,0.2644388944818309
HIV-1,fubar_pos_sel,"SWAN(w=50,k=1.5)",SWAN,18,45,3,1.6667,0.2644388944818309
HIV-1,fubar_pos_sel,"SWAN(w=50,k=2.0)",SWAN,18,45,3,1.6667,0.2644388944818309
HIV-1,fubar_pos_sel,MutClust-Orig(g=10),MutClust-Orig,93,45,7,0.7527,0.8630699869198701
HIV-1,fubar_bf,Wavelet(t=1.0),Wavelet,48,45,5,1.0417,0.5390676788307042
HIV-1,fubar_bf,Wavelet(t=1.5),Wavelet,26,45,5,1.9231,0.1055950689975737
HIV-1,fubar_bf,Wavelet(t=2.0),Wavelet,18,45,5,2.7778,0.025397589941756525
HIV-1,fubar_bf,KDE(p=75),KDE,113,45,5,0.4425,0.9959780951035251
HIV-1,fubar_bf,KDE(p=80),KDE,90,45,5,0.5556,0.9686070265505631
HIV-1,fubar_bf,KDE(p=85),KDE,68,45,5,0.7353,0.8441938817001376
HIV-1,fubar_bf,SlidingTest(p=0.01),SlidingTest,21,45,5,2.381,0.04788465845995229
HIV-1,fubar_bf,SlidingTest(p=0.05),SlidingTest,21,45,5,2.381,0.04788465845995229
HIV-1,fubar_bf,GradPeak(p=0.2),GradPeak,48,45,4,0.8333,0.7352071994876067
HIV-1,fubar_bf,GradPeak(p=0.5),GradPeak,28,45,2,0.7143,0.7942944149167486
HIV-1,fubar_bf,LocalContrast(z=1.0),LocalContrast,46,45,7,1.5217,0.16078419709818942
HIV-1,fubar_bf,LocalContrast(z=1.5),LocalContrast,33,45,6,1.8182,0.09801535829068636
HIV-1,fubar_bf,LocalContrast(z=2.0),LocalContrast,20,45,2,1.0,0.6140899207129751
HIV-1,fubar_bf,"CUSUM(d=0.3,h=3.0)",CUSUM,1,45,0,0.0,1.0
HIV-1,fubar_bf,"CUSUM(d=0.5,h=4.0)",CUSUM,1,45,0,0.0,1.0
HIV-1,fubar_bf,"CUSUM(d=0.5,h=5.0)",CUSUM,1,45,0,0.0,1.0
HIV-1,fubar_bf,AdaptiveKnee,AdaptiveKnee,3,45,0,0.0,1.0
HIV-1,fubar_bf,ScoreDBSCAN(ep=8),ScoreDBSCAN,447,45,45,1.0067,0.7284580814508431
HIV-1,fubar_bf,ScoreDBSCAN(ep=15),ScoreDBSCAN,448,45,45,1.0045,0.8097995545657015
HIV-1,fubar_bf,Spectral(z=1.5),Spectral,7,45,0,0.0,1.0
HIV-1,fubar_bf,Spectral(z=2.0),Spectral,5,45,0,0.0,1.0
HIV-1,fubar_bf,Bayes(prior=0.1),Bayes,1,45,0,0.0,1.0
HIV-1,fubar_bf,Bayes(prior=0.15),Bayes,2,45,0,0.0,1.0
HIV-1,fubar_bf,AdaptWin(s=90),AdaptWin,54,45,4,0.7407,0.8190630484708038
HIV-1,fubar_bf,AdaptWin(s=85),AdaptWin,177,45,17,0.9605,0.647122170920406
HIV-1,fubar_bf,FreqThresh(p=80),FreqThresh,90,45,10,1.1111,0.41037137019746106
HIV-1,fubar_bf,FreqThresh(p=85),FreqThresh,68,45,8,1.1765,0.365479244600398
HIV-1,fubar_bf,FreqThresh(p=90),FreqThresh,45,45,4,0.8889,0.6841051953627924
HIV-1,fubar_bf,FreqThresh(p=95),FreqThresh,23,45,2,0.8696,0.6924390981143357
HIV-1,fubar_bf,"SWAN(w=10,k=1.0)",SWAN,1,45,0,0.0,1.0
HIV-1,fubar_bf,"SWAN(w=10,k=1.5)",SWAN,1,45,0,0.0,1.0
HIV-1,fubar_bf,"SWAN(w=10,k=2.0)",SWAN,1,45,0,0.0,1.0
HIV-1,fubar_bf,"SWAN(w=20,k=1.0)",SWAN,1,45,0,0.0,1.0
HIV-1,fubar_bf,"SWAN(w=20,k=1.5)",SWAN,1,45,0,0.0,1.0
HIV-1,fubar_bf,"SWAN(w=20,k=2.0)",SWAN,1,45,0,0.0,1.0
HIV-1,fubar_bf,"SWAN(w=50,k=1.0)",SWAN,1,45,0,0.0,1.0
HIV-1,fubar_bf,"SWAN(w=50,k=1.5)",SWAN,1,45,0,0.0,1.0
HIV-1,fubar_bf,"SWAN(w=50,k=2.0)",SWAN,1,45,0,0.0,1.0
HIV-1,fubar_bf,MutClust-Orig(g=10),MutClust-Orig,449,45,45,1.0022,0.9
