position,freq,entropy,rare_freq,homoplasy,esm2_llr,plddt,layer_a,sasa,grantham,dnds_proxy,semantic_change
0,0.0,-0.0,0.0,0.0,0.0043274569325149,66.0,0,1.0,0.0,0.0,0.0
1,0.0020833333333333,0.0236418370509553,0.0020833333333333,0.016667,0.1860499680042266,66.0,0,0.7097,19.5,0.187,0.070359
2,0.0135416666666666,0.1087473947155868,0.0010416666666666,0.35,1.2037957906723022,64.0,0,0.8022,40.15384615384615,1.0638,0.063593
3,0.0010416666666667,0.0118217020539483,0.0010416666666666,0.45,0.2855788171291351,61.0,0,0.6988,145.0,0.1637,0.078648
4,0.0010416666666667,0.0118217020539483,0.0010416666666666,0.2,0.1895609349012375,60.0,0,0.5431,32.0,0.1091,0.069495
5,0.0145833333333332,0.1205485964546416,0.0020833333333333,0.366667,0.2055568397045135,58.0,0,0.7072,27.785714285714285,1.1457,0.088067
6,0.0135416666666666,0.1168726749861912,0.003125,0.5,0.0523853600025177,54.0,0,0.7922,50.53846153846154,2.1277,0.078756
7,0.0,-0.0,0.0,0.433333,0.0384551510214805,57.0,0,0.813,0.0,0.0,0.0
8,0.0010416666666667,0.0118217020539483,0.0010416666666666,0.083333,1.891969084739685,56.0,0,0.5468,127.0,0.0727,0.077155
9,0.0135416666666666,0.1087473947155868,0.0010416666666666,0.166667,0.2499398440122604,55.0,0,0.7446,201.15384615384616,1.0638,0.081827
10,0.0124999999999999,0.0969446060624731,0.0,0.35,0.0378850996494293,54.0,0,0.6963,145.0,1.964,0.08709
11,0.0010416666666667,0.0118217020539483,0.0010416666666666,0.4,0.1223411560058593,53.0,0,0.4547,92.0,0.1637,0.086313
12,0.0020855057351407,0.0236633506248811,0.0020855057351407,0.116667,0.346323698759079,47.0,0,0.1296,77.0,0.2184,0.064306
13,0.0135416666666666,0.1140030005047709,0.003125,0.35,0.5555001497268677,43.0,0,0.0911,104.76923076923076,1.4184,0.082348
14,0.0135416666666666,0.1087473947155868,0.0010416666666666,0.666667,0.2526062726974487,39.0,0,0.0062,85.38461538461539,1.4184,0.076263
15,0.0135416666666666,0.1087473947155868,0.0010416666666666,0.366667,0.926177144050598,35.0,0,0.0342,96.6153846153846,1.0638,0.080791
16,0.0114583333333333,0.0953488457731993,0.0010416666666666,0.383333,0.1246663331985473,32.0,0,0.0,53.09090909090909,1.8003,0.092456
17,0.0135416666666666,0.1217580457527462,0.0135416666666666,0.566667,0.4212581515312195,31.0,0,0.0494,79.61538461538461,1.0638,0.064403
18,0.0114583333333333,0.1028689300949427,0.0114583333333333,0.733333,0.235821396112442,28.0,0,0.0,57.36363636363637,1.2002,0.069677
19,0.0135416666666666,0.1168726749861912,0.003125,0.833333,1.0121532678604126,26.0,0,0.0723,60.76923076923077,1.0638,0.058506
20,0.0135416666666666,0.125310034850889,0.0135416666666666,0.716667,0.3470984995365143,24.0,0,0.0062,144.69230769230768,1.4184,0.087685
21,0.0135416666666666,0.1087473947155868,0.0010416666666666,0.616667,0.764915943145752,25.0,0,0.0103,86.46153846153847,1.4184,0.063166
22,0.015625,0.1323482096021384,0.003125,0.383333,0.5659790635108948,26.0,0,0.6381,79.26666666666667,1.6367,0.064143
23,0.0135416666666666,0.1087473947155868,0.0010416666666666,0.533333,0.6268137097358704,25.0,0,0.3275,142.07692307692307,1.0638,0.073893
24,0.0135416666666666,0.1087473947155868,0.0010416666666666,0.4,0.3508219718933105,23.0,0,0.0346,67.61538461538461,2.1277,0.064753
25,0.1520833333333333,0.8955693544042774,0.0041666666666666,0.35,0.3726683259010315,24.0,0,0.2558,52.89041095890411,15.9301,0.071966
26,0.0135416666666666,0.1087473947155868,0.0010416666666666,0.933333,0.7525236010551453,23.0,0,0.0051,132.76923076923077,1.0638,0.067282
27,0.0583333333333333,0.3778383456308596,0.0104166666666666,0.433333,0.2880279421806335,25.0,0,0.0382,76.60714285714286,9.1653,0.068553
28,0.0177083333333333,0.1661076895195017,0.0177083333333333,0.983333,0.4458334445953369,21.0,0,0.0168,55.35294117647059,1.8549,0.078458
29,0.0135416666666666,0.1209957541737262,0.0135416666666666,1.0,0.9320992827415466,23.0,0,0.0,174.76923076923077,1.0638,0.090826
30,0.0135416666666666,0.1139201053443822,0.0020833333333333,0.516667,0.5018845796585083,24.0,0,0.0,135.3846153846154,1.2158,0.090322
31,0.0197916666666666,0.1742867865641816,0.0083333333333333,0.85,0.6957316398620605,24.0,0,0.0054,93.89473684210526,1.5548,0.073766
32,0.0135557872784149,0.1169740226115182,0.0031282586027111,0.6,0.400679349899292,24.0,0,0.0,123.23076923076924,1.4199,0.092793
33,0.0166666666666667,0.1391932246622733,0.0041666666666666,0.8,0.3968161344528198,23.0,0,0.0,137.4375,1.3093,0.077024
34,0.0114583333333333,0.0953488457731993,0.0010416666666666,0.383333,0.5264322757720947,23.0,0,0.0,19.818181818181817,1.0288,0.068867
35,0.015625,0.1432755273059645,0.015625,0.65,0.66060471534729,22.0,0,0.0,44.66666666666666,1.2275,0.065412
36,0.0135416666666666,0.1087473947155868,0.0010416666666666,0.883333,0.5355449318885803,23.0,0,0.0366,71.6923076923077,1.0638,0.075078
37,0.0135416666666666,0.1087473947155868,0.0010416666666666,0.416667,0.3734597563743591,25.0,0,0.0639,43.76923076923077,1.4184,0.07233
38,0.0135557872784149,0.1088402696816117,0.0010427528675703,0.433333,0.4278823733329773,23.0,0,0.0151,54.07692307692308,1.0649,0.081102
39,0.0135416666666666,0.1217580457527462,0.0135416666666666,0.466667,0.4166897237300873,25.0,0,0.0403,102.46153846153848,1.0638,0.073511
40,0.0135416666666666,0.1087473947155868,0.0010416666666666,0.8,0.4200283586978912,25.0,0,0.2394,107.07692307692308,1.0638,0.06407
41,0.0135416666666666,0.1188883712713259,0.0135416666666666,0.533333,0.7153828144073486,24.0,0,0.3618,69.3076923076923,1.0638,0.064695
42,0.0135416666666666,0.1168726749861912,0.003125,0.866667,0.303954005241394,27.0,0,0.4804,91.92307692307692,1.4184,0.08168
43,0.0124999999999999,0.0969446060624731,0.0,0.9,1.4920940399169922,28.0,0,0.1655,40.0,0.8729,0.057611
44,0.0124999999999999,0.1070855826182123,0.0125,0.35,0.6596533060073853,27.0,0,0.2236,104.25,1.3093,0.064828
45,0.0135416666666666,0.1217580457527462,0.0135416666666666,0.733333,0.819669246673584,27.0,0,0.1775,94.3846153846154,2.1277,0.075058
46,0.0124999999999999,0.1129530076814842,0.0125,0.833333,0.6262800693511963,28.0,0,0.1063,54.833333333333336,1.3093,0.077228
47,0.0124999999999999,0.0969446060624731,0.0,0.816667,0.2937690615653991,33.0,0,0.0061,97.0,1.1223,0.074276
48,0.0124999999999999,0.1021173166912685,0.0010416666666666,0.583333,0.4965773820877075,31.0,0,0.0,28.166666666666668,0.982,0.112931
49,0.0135557872784149,0.1088402696816117,0.0010427528675703,0.466667,0.3141991794109344,29.0,0,0.0,65.92307692307692,1.4199,0.0756
50,0.0135416666666666,0.1087473947155868,0.0010416666666666,0.7,0.2465033829212188,27.0,0,0.0666,175.30769230769232,2.1277,0.073639
51,0.0124999999999999,0.0969446060624731,0.0,0.466667,0.6282650232315063,29.0,0,0.0256,103.0,0.982,0.076473
52,0.0124999999999999,0.1071532196664108,0.0020833333333333,0.45,0.4814380705356598,28.0,0,0.0094,85.83333333333333,1.3093,0.07512
53,0.0135416666666666,0.1139201053443822,0.0020833333333333,0.783333,0.6218664050102234,29.0,0,0.0,99.84615384615384,1.0638,0.062792
54,0.0124999999999999,0.0969446060624731,0.0,0.4,0.6149061918258667,27.0,0,0.0,135.0,1.3093,0.084161
55,0.0135416666666666,0.1087473947155868,0.0010416666666666,0.416667,0.3187124729156494,29.0,0,0.0,157.30769230769232,1.2158,0.080005
56,0.0124999999999999,0.0969446060624731,0.0,0.466667,0.320310115814209,31.0,0,0.0,89.0,1.1223,0.088325
57,0.0145833333333332,0.1184652631213083,0.0020833333333333,0.466667,0.4064283370971679,32.0,0,0.0413,135.28571428571428,1.1457,0.078735
58,0.0124999999999999,0.0969446060624731,0.0,0.4,0.8512711524963379,28.0,0,0.0354,103.0,1.3093,0.067151
59,0.0145833333333332,0.1205485964546416,0.0020833333333333,0.4,0.829110324382782,28.0,0,0.0,84.35714285714286,1.1457,0.078172
60,0.0124999999999999,0.1050698863330775,0.0020833333333333,0.433333,0.3496467471122741,25.0,0,0.0324,97.33333333333331,1.3093,0.075076
61,0.0124999999999999,0.0969446060624731,0.0,0.466667,0.8892620801925659,25.0,0,0.5778,125.0,1.964,0.072688
62,0.0135416666666666,0.1139201053443822,0.0020833333333333,0.383333,0.2658573687076568,26.0,0,0.5557,69.6923076923077,1.4184,0.084208
63,0.0124999999999999,0.0969446060624731,0.0,0.45,0.3485397398471832,27.0,0,0.0535,33.0,0.982,0.070289
64,0.0124999999999999,0.0969446060624731,0.0,0.383333,0.205527126789093,26.0,0,0.3288,144.0,1.964,0.091822
65,0.0124999999999999,0.0969446060624731,0.0,0.383333,0.0835546404123306,28.0,0,0.3234,91.0,0.982,0.129145
66,0.0124999999999999,0.0969446060624731,0.0,0.366667,0.1669940203428268,31.0,0,0.0418,149.0,1.1223,0.116464
67,0.0124999999999999,0.0969446060624731,0.0,0.416667,0.0440228916704654,31.0,0,0.2253,59.0,1.3093,0.129126
68,0.0135416666666666,0.1087473947155868,0.0010416666666666,0.383333,0.1503506451845169,35.0,0,0.0545,94.53846153846152,1.2158,0.155528
69,0.0124999999999999,0.0969446060624731,0.0,0.5,0.156095877289772,29.0,0,0.2152,58.0,1.3093,0.07738
70,0.0,-0.0,0.0,0.333333,0.2908315062522888,29.0,0,0.0122,0.0,0.0,0.0
71,0.0135416666666666,0.1087473947155868,0.0010416666666666,0.333333,0.5732519626617432,23.0,0,0.2881,66.0,1.0638,0.076843
72,0.0124999999999999,0.0969446060624731,0.0,0.416667,0.2914687395095825,23.0,0,0.0,80.0,1.3093,0.071053
73,0.0124999999999999,0.0969446060624731,0.0,0.366667,0.3466047644615173,23.0,0,0.5708,5.0,1.964,0.060428
74,0.0135416666666666,0.1209957541737262,0.0135416666666666,0.366667,0.4278799593448639,24.0,0,0.0927,124.76923076923076,1.0638,0.080786
75,0.0124999999999999,0.0969446060624731,0.0,0.633333,0.5113738179206848,21.0,0,0.5018,98.0,1.3093,0.124233
76,0.0135416666666666,0.1087473947155868,0.0010416666666666,0.366667,0.3702697157859802,22.0,0,0.617,91.46153846153848,1.0638,0.074409
77,0.0135416666666666,0.1087473947155868,0.0010416666666666,0.416667,0.7121195197105408,21.0,0,0.8875,98.3846153846154,1.0638,0.070447
78,0.0135416666666666,0.1087473947155868,0.0010416666666666,0.55,0.4053122699260711,21.0,0,0.2723,60.61538461538461,1.4184,0.079017
79,0.0124999999999999,0.0969446060624731,0.0,0.433333,0.4995528161525726,24.0,0,0.6509,94.0,0.982,0.069573
80,0.0135416666666666,0.1034493047914406,0.0,0.366667,1.2670855522155762,24.0,0,0.6059,99.0,1.0638,0.07311
81,0.0124999999999999,0.0969446060624731,0.0,0.483333,0.5392324924468994,26.0,0,0.0625,147.0,1.3093,0.076367
82,0.0135416666666666,0.1087473947155868,0.0010416666666666,0.35,0.5281606316566467,25.0,0,0.2043,106.23076923076924,1.0638,0.066854
83,0.0177083333333333,0.151775996728029,0.0052083333333333,0.416667,0.8799779415130615,29.0,0,0.0213,84.88235294117646,1.2366,0.086346
84,0.0124999999999999,0.1021173166912685,0.0010416666666666,0.466667,0.2462153732776641,30.0,0,0.0219,114.66666666666669,0.982,0.0812
85,0.0135416666666666,0.1087473947155868,0.0010416666666666,0.383333,0.2059918493032455,30.0,0,0.0139,125.0,1.4184,0.1674
86,0.0135416666666666,0.1087473947155868,0.0010416666666666,0.65,0.2203294932842254,29.0,0,0.0,149.3846153846154,1.0638,0.108745
87,0.0124999999999999,0.0969446060624731,0.0,0.383333,0.4313034415245056,25.0,0,0.0,145.0,1.964,0.090362
88,0.0177083333333333,0.1476093300613623,0.0052083333333333,0.483333,0.4730277359485626,24.0,0,0.1652,73.05882352941177,1.8549,0.082005
89,0.0135416666666666,0.1087473947155868,0.0010416666666666,0.483333,0.5174744129180908,24.0,0,0.0,121.84615384615384,1.4184,0.07369
90,0.0166840458811261,0.1359292209458993,0.0041710114702815,0.533333,1.9164024591445925,25.0,0,0.0,38.75,1.3107,0.061521
91,0.0135416666666666,0.1087473947155868,0.0010416666666666,0.416667,0.4767826199531555,25.0,0,0.0562,111.0,1.4184,0.075485
92,0.0135416666666666,0.1168726749861912,0.003125,0.383333,0.3624903559684753,24.0,0,0.0281,85.92307692307692,1.4184,0.083398
93,0.015625,0.1273952017873847,0.003125,0.733333,0.397216796875,23.0,0,0.0697,144.2,1.6367,0.1089
94,0.0385416666666666,0.278627141789897,0.0010416666666666,0.65,0.2814708948135376,25.0,0,0.0,76.45945945945945,4.0371,0.081199
95,0.0135416666666666,0.1087473947155868,0.0010416666666666,0.533333,0.3031067252159118,26.0,0,0.0421,82.92307692307692,1.4184,0.071117
96,0.0218749999999999,0.1805588040356525,0.009375,0.483333,0.4772281050682068,28.0,0,0.0067,63.71428571428572,2.2913,0.073787
97,0.0229166666666666,0.1944305831059349,0.0104166666666666,0.616667,0.6493833661079407,28.0,0,0.1251,58.0,1.8003,0.062787
98,0.0135416666666666,0.1087473947155868,0.0010416666666666,0.533333,0.7126008868217468,27.0,0,0.4293,119.46153846153848,1.0638,0.077612
99,0.0124999999999999,0.1050698863330775,0.0020833333333333,0.483333,0.1998337805271148,27.0,0,0.018,104.16666666666669,1.964,0.075267
100,0.0124999999999999,0.0969446060624731,0.0,0.866667,0.2908932566642761,26.0,0,0.3321,114.0,0.982,0.080145
101,0.0124999999999999,0.1070855826182123,0.0125,0.633333,0.3181778192520141,23.0,0,0.283,127.0,1.3093,0.085015
102,0.0135416666666666,0.1217580457527462,0.0135416666666666,0.766667,0.3605468869209289,23.0,0,0.0748,88.15384615384616,1.4184,0.080073
103,0.0124999999999999,0.0969446060624731,0.0,0.883333,0.2601687312126159,24.0,0,0.4765,153.0,0.982,0.156491
104,0.0124999999999999,0.1050698863330775,0.0020833333333333,0.6,0.4742926061153412,26.0,0,0.3083,143.16666666666666,0.982,0.073348
105,0.0135416666666666,0.1217580457527462,0.0135416666666666,0.85,0.2092402428388595,25.0,0,0.5288,77.38461538461539,2.1277,0.091196
106,0.0135416666666666,0.1087473947155868,0.0010416666666666,0.766667,0.7047472596168518,26.0,0,0.2446,107.6153846153846,1.0638,0.077978
107,0.0145833333333332,0.1205485964546416,0.0020833333333333,0.5,0.4614849090576172,26.0,0,0.5134,157.71428571428572,1.1457,0.083093
108,0.0020833333333333,0.0215585037176219,0.0020833333333333,0.466667,0.3158885240554809,28.0,0,0.0316,64.0,0.2182,0.087063
109,0.0135416666666666,0.1087473947155868,0.0010416666666666,0.433333,0.8969879746437073,27.0,0,0.5718,116.0,1.0638,0.08442
110,0.0135416666666666,0.1087473947155868,0.0010416666666666,0.433333,0.6403697729110718,25.0,0,0.5111,45.69230769230769,1.0638,0.070014
111,0.0124999999999999,0.0969446060624731,0.0,0.4,0.3710546493530273,27.0,0,0.0331,22.0,0.982,0.060107
112,0.0135416666666666,0.1087473947155868,0.0010416666666666,0.466667,0.3791406154632568,26.0,0,0.1664,101.07692307692308,1.4184,0.077916
113,0.0124999999999999,0.1146733039881542,0.0125,0.466667,0.2584250569343567,26.0,0,0.1143,95.66666666666669,0.982,0.091779
114,0.0124999999999999,0.0969446060624731,0.0,0.783333,0.2276808321475982,27.0,0,0.1034,87.0,1.3093,0.082123
115,0.0124999999999999,0.0969446060624731,0.0,0.516667,0.7007270455360413,29.0,0,0.0201,50.0,0.982,0.077455
116,0.0124999999999999,0.0969446060624731,0.0,0.483333,0.3439280688762665,30.0,0,0.0,121.0,1.3093,0.079472
117,0.0124999999999999,0.1071532196664108,0.0020833333333333,0.483333,0.242894634604454,31.0,0,0.0,110.75,1.3093,0.100392
118,0.0124999999999999,0.0969446060624731,0.0,0.833333,0.5426879525184631,30.0,0,0.02,97.0,1.964,0.097959
119,0.0124999999999999,0.0969446060624731,0.0,0.45,0.4431694746017456,29.0,0,0.0,168.0,1.1223,0.088747
120,0.0124999999999999,0.1071532196664108,0.0020833333333333,0.516667,0.532476007938385,27.0,0,0.0,89.66666666666667,1.3093,0.072336
121,0.0124999999999999,0.0969446060624731,0.0,0.7,0.3882662057876587,25.0,0,0.0,60.0,1.3093,0.080703
122,0.0166666666666667,0.1358128991436936,0.0041666666666666,0.45,0.3391888737678528,25.0,0,0.1217,109.5,1.7458,0.08291
123,0.0124999999999999,0.0969446060624731,0.0,0.466667,0.3334220349788666,25.0,0,0.2451,64.0,1.3093,0.081871
124,0.0135699373695198,0.1089333169615195,0.0010438413361169,0.416667,0.1463563442230224,26.0,0,0.5183,133.76923076923077,1.066,0.136291
125,0.0374999999999999,0.2713931067893493,0.0010416666666666,0.433333,0.2140204161405563,25.0,0,0.0069,103.27777777777776,5.892,0.072158
126,0.0135416666666666,0.1034493047914406,0.0,0.466667,0.1397285461425781,27.0,0,0.2347,89.0,1.4184,0.079306
127,0.0,-0.0,0.0,0.516667,0.3695041537284851,26.0,0,0.0,0.0,0.0,0.0
128,0.0135416666666666,0.1118367720110489,0.0020833333333333,0.433333,0.1915178000926971,28.0,0,0.0561,58.0,1.4184,0.106027
129,0.0135416666666666,0.1087473947155868,0.0010416666666666,0.483333,0.2109304368495941,32.0,0,0.0069,64.38461538461539,1.4184,0.091608
130,0.0124999999999999,0.1084233039881542,0.0125,0.383333,0.469328910112381,28.0,0,0.0,126.0,1.1223,0.088759
131,0.0124999999999999,0.0969446060624731,0.0,0.583333,0.2395032793283462,33.0,0,0.0056,149.0,1.1223,0.107448
132,0.0145833333333332,0.1205485964546416,0.0020833333333333,0.466667,0.2168217301368713,26.0,0,0.2066,114.85714285714286,2.2913,0.077225
133,0.0135416666666666,0.1087473947155868,0.0010416666666666,0.516667,0.4703454971313476,25.0,0,0.1803,40.92307692307692,1.4184,0.07184
134,0.0135416666666666,0.1087473947155868,0.0010416666666666,0.483333,0.2119429111480713,24.0,0,0.4013,63.61538461538461,2.1277,0.083686
135,0.0,-0.0,0.0,0.483333,0.2946277260780334,25.0,0,0.3393,0.0,0.0,0.0
136,0.0177083333333333,0.1476093300613623,0.0052083333333333,0.533333,0.2254291921854019,23.0,0,0.8109,69.52941176470588,2.7823,0.080928
137,0.015625,0.1383901565394094,0.0052083333333333,0.433333,0.3804280459880829,23.0,0,0.0821,75.86666666666666,1.6367,0.081295
138,0.025,0.1749079888174999,0.0010416666666666,0.583333,0.244341105222702,23.0,0,0.2003,86.875,2.6186,0.078839
139,0.0124999999999999,0.0969446060624731,0.0,0.55,0.4474028050899505,23.0,0,0.0,142.0,1.1223,0.092988
140,0.0145833333333332,0.1152505065304954,0.0010416666666666,0.5,0.7773781418800354,22.0,0,0.1557,41.785714285714285,2.2913,0.069641
141,0.0124999999999999,0.1163333332000639,0.0125,0.583333,0.7400093674659729,23.0,0,0.0,93.08333333333331,0.982,0.080099
142,0.0135416666666666,0.1087473947155868,0.0010416666666666,0.7,0.3485944867134094,25.0,0,0.0123,83.76923076923077,1.2158,0.091084
143,0.0124999999999999,0.1099552570996326,0.0124999999999999,0.716667,0.3276157081127167,26.0,0,0.0,43.333333333333336,0.982,0.062919
144,0.0124999999999999,0.1050698863330775,0.0020833333333333,0.916667,0.5530663728713989,24.0,0,0.0,103.0,1.3093,0.070954
145,0.0124999999999999,0.0969446060624731,0.0,0.716667,0.3855462074279785,23.0,0,0.0094,27.0,1.3093,0.07929
146,0.0124999999999999,0.0969446060624731,0.0,0.45,0.349832683801651,23.0,0,0.0,21.0,0.982,0.075722
147,0.0124999999999999,0.0969446060624731,0.0,0.466667,1.022451400756836,21.0,0,0.0226,95.0,0.8729,0.073088
148,0.0124999999999999,0.0969446060624731,0.0,0.416667,0.3263525068759918,22.0,0,0.0053,107.0,1.964,0.07402
149,0.0124999999999999,0.0969446060624731,0.0,0.45,0.4338974356651306,20.0,0,0.0337,135.0,1.3093,0.079476
150,0.0145833333333332,0.1205485964546416,0.0020833333333333,0.466667,0.27489173412323,20.0,0,0.0078,137.78571428571428,2.2913,0.079799
151,0.0135416666666666,0.1087473947155868,0.0010416666666666,0.45,0.2523877918720245,20.0,0,0.0,75.92307692307692,2.1277,0.069773
152,0.0145833333333332,0.1235492053309294,0.0145833333333333,0.483333,0.3480091691017151,20.0,0,0.1729,92.92857142857144,1.5275,0.089391
153,0.0135416666666666,0.1087473947155868,0.0010416666666666,0.633333,0.522661566734314,21.0,0,0.0554,145.53846153846155,1.4184,0.083471
154,0.0124999999999999,0.1021173166912685,0.0010416666666666,0.483333,0.3916574120521545,21.0,0,0.5059,142.91666666666666,0.982,0.134677
155,0.0135416666666666,0.1087473947155868,0.0010416666666666,0.5,0.4144378304481506,21.0,0,0.1331,22.0,1.0638,0.071131
156,0.0135416666666666,0.1087473947155868,0.0010416666666666,0.466667,0.2267149686813354,20.0,0,0.3182,56.15384615384615,2.1277,0.092716
157,0.0833333333333333,0.4773557782571055,0.0010416666666666,0.433333,0.4106116890907287,21.0,0,0.0413,145.525,6.5466,0.074213
158,0.0135416666666666,0.116933114038424,0.0135416666666666,0.6,0.4083985090255737,18.0,0,0.0877,58.15384615384615,1.4184,0.081727
159,0.0135416666666666,0.1087473947155868,0.0010416666666666,0.816667,0.8868860006332397,19.0,0,0.3544,96.76923076923076,1.0638,0.072777
160,0.0135557872784149,0.1088402696816117,0.0010427528675703,0.483333,1.1999356746673584,19.0,0,0.4032,118.0,0.9466,0.090793
161,0.0135557872784149,0.1088402696816117,0.0010427528675703,0.5,0.4984592795372009,21.0,0,0.0673,78.38461538461539,1.4199,0.065658
162,0.015625,0.130264876268805,0.003125,0.466667,0.6950673460960388,21.0,0,0.121,83.53333333333333,2.455,0.071919
163,0.0135416666666666,0.1087473947155868,0.0010416666666666,0.5,0.3767070770263672,23.0,0,0.0866,102.53846153846152,1.0638,0.076977
164,0.0135416666666666,0.1087473947155868,0.0010416666666666,0.583333,0.4569093585014343,24.0,0,0.0453,106.92307692307692,1.0638,0.072723
165,0.0145833333333332,0.1361939610469894,0.0145833333333333,0.6,0.1463692188262939,24.0,0,0.0459,80.71428571428571,1.1457,0.132678
166,0.0229166666666666,0.1798847425999371,0.009375,0.75,0.95042622089386,24.0,0,0.0,74.13636363636364,1.8003,0.071763
167,0.0135416666666666,0.1189560083195245,0.003125,0.633333,0.1876548826694488,25.0,0,0.007,83.53846153846153,1.4184,0.08982
168,0.0135416666666666,0.1087473947155868,0.0010416666666666,0.6,0.2802807688713074,25.0,0,0.0,96.07692307692308,2.1277,0.09317
169,0.0135416666666666,0.1087473947155868,0.0010416666666666,0.6,0.4002342224121094,25.0,0,0.0,103.07692307692308,1.4184,0.086743
170,0.0135416666666666,0.1087473947155868,0.0010416666666666,0.5,0.2753492891788482,25.0,0,0.012,96.6153846153846,2.1277,0.079587
171,0.0135416666666666,0.1087473947155868,0.0010416666666666,0.483333,0.3883170485496521,26.0,0,0.0,33.61538461538461,2.1277,0.06939
172,0.0135416666666666,0.1140030005047709,0.003125,0.433333,0.2977873980998993,23.0,0,0.0987,101.6923076923077,1.4184,0.091945
173,0.0124999999999999,0.1021173166912685,0.0010416666666666,0.716667,0.3160761594772339,22.0,0,0.0,30.08333333333333,0.982,0.062452
174,0.0135416666666666,0.1087473947155868,0.0010416666666666,0.516667,0.3933292925357818,20.0,0,0.1907,97.6923076923077,1.4184,0.075517
175,0.0135416666666666,0.1087473947155868,0.0010416666666666,0.45,1.8220027685165403,20.0,0,0.3627,149.76923076923077,1.0638,0.11863
176,0.0135416666666666,0.1087473947155868,0.0010416666666666,0.45,0.2224568575620651,20.0,0,0.3714,139.6153846153846,1.4184,0.092049
177,0.0135416666666666,0.1087473947155868,0.0010416666666666,0.483333,0.3435792028903961,20.0,0,0.2058,68.23076923076923,1.4184,0.091381
178,0.0135416666666666,0.1087473947155868,0.0010416666666666,0.466667,0.517876386642456,22.0,0,0.0,11.692307692307692,2.1277,0.063419
179,0.0010416666666667,0.0118217020539483,0.0010416666666666,0.433333,0.405591607093811,24.0,0,0.1142,5.0,0.1637,0.06309
180,0.0135416666666666,0.1087473947155868,0.0010416666666666,0.416667,0.3746913373470306,24.0,0,0.0,102.92307692307692,2.1277,0.073285
181,0.0135416666666666,0.1087473947155868,0.0010416666666666,0.45,0.3792895078659057,25.0,0,0.0094,122.92307692307692,1.4184,0.093646
182,0.0135416666666666,0.1087473947155868,0.0010416666666666,0.483333,0.5433464050292969,26.0,0,0.1208,149.92307692307693,1.0638,0.094452
183,0.0135416666666666,0.1087473947155868,0.0010416666666666,0.5,0.4820061028003692,26.0,0,0.0286,180.7692307692308,1.0638,0.073252
184,0.0135416666666666,0.1087473947155868,0.0010416666666666,0.483333,0.4930905699729919,23.0,0,0.0154,161.69230769230768,1.0638,0.08824
185,0.0135416666666666,0.1087473947155868,0.0010416666666666,0.466667,0.8623490333557129,23.0,0,0.0231,97.3846153846154,1.2158,0.075961
186,0.0010416666666667,0.0118217020539483,0.0010416666666666,0.466667,0.5192354917526245,22.0,0,0.0901,32.0,0.1637,0.075481
187,0.0135416666666666,0.1118367720110489,0.0020833333333333,0.666667,0.4942448735237121,23.0,0,0.015,123.6153846153846,1.0638,0.075857
188,0.0135416666666666,0.1087473947155868,0.0010416666666666,0.633333,0.4021535515785217,23.0,0,0.0304,76.92307692307692,1.4184,0.072217
189,0.0135416666666666,0.1087473947155868,0.0010416666666666,0.483333,0.9139394760131836,23.0,0,0.2399,111.3076923076923,2.1277,0.081284
190,0.025,0.1988336421254657,0.0010416666666666,0.55,0.2402224242687225,24.0,0,0.3157,116.0,3.928,0.07728
191,0.0135416666666666,0.1087473947155868,0.0010416666666666,0.566667,0.317803293466568,22.0,0,0.1361,141.84615384615384,1.4184,0.077691
192,0.0135416666666666,0.1087473947155868,0.0010416666666666,0.516667,0.5098440647125244,21.0,0,0.4579,131.84615384615384,1.0638,0.093292
193,0.0875,0.4992390230090807,0.0135416666666666,0.466667,1.5896568298339844,22.0,0,0.7587,83.19047619047619,6.874,0.062149
194,0.0135416666666666,0.1087473947155868,0.0010416666666666,0.85,0.2918179035186767,22.0,0,0.4617,193.46153846153845,1.0638,0.094925
195,0.0135416666666666,0.1087473947155868,0.0010416666666666,0.466667,0.4281217157840729,21.0,0,0.2127,83.15384615384616,1.4184,0.074295
196,0.0124999999999999,0.0969446060624731,0.0,0.583333,0.3362007141113281,20.0,0,0.4373,27.0,1.3093,0.076107
197,0.015625,0.1273952017873847,0.003125,0.533333,0.3522771000862121,20.0,0,0.0206,118.8,1.6367,0.073824
198,0.0135416666666666,0.1087473947155868,0.0010416666666666,0.65,0.6048417687416077,23.0,0,0.3037,68.53846153846153,1.0638,0.071906
199,0.0177083333333333,0.1476093300613623,0.0052083333333333,0.6,0.3379861414432525,22.0,0,0.0346,91.0,2.7823,0.075649
200,0.0145833333333332,0.125721307083437,0.003125,0.666667,0.5185630321502686,24.0,0,0.0321,107.57142857142856,1.1457,0.075865
201,0.0135416666666666,0.1188883712713259,0.0135416666666666,0.683333,0.3651546239852905,22.0,0,0.0562,74.15384615384616,1.4184,0.071733
202,0.0135416666666666,0.1087473947155868,0.0010416666666666,0.716667,0.3020415902137756,20.0,0,0.0303,107.84615384615384,2.1277,0.087791
203,0.0135416666666666,0.1188883712713259,0.0135416666666666,0.516667,0.3264774084091186,24.0,0,0.0916,116.92307692307692,1.0638,0.07757
204,0.0135416666666666,0.1139201053443822,0.0020833333333333,0.733333,0.3948008120059967,20.0,0,0.0,63.30769230769231,1.4184,0.084037
205,0.0135416666666666,0.1139201053443822,0.0020833333333333,0.683333,0.3700098693370819,24.0,0,0.0249,62.46153846153846,1.4184,0.085878
206,0.0135416666666666,0.1087473947155868,0.0010416666666666,0.816667,0.3547886312007904,22.0,0,0.0184,137.15384615384616,1.0638,0.08093
207,0.015625,0.1432755273059645,0.015625,0.65,1.500140905380249,22.0,0,0.0211,82.93333333333334,1.2275,0.042051
208,0.0135416666666666,0.1087473947155868,0.0010416666666666,0.95,0.4232200682163238,22.0,0,0.0,101.6153846153846,1.4184,0.086831
209,0.0135416666666666,0.1087473947155868,0.0010416666666666,0.583333,0.5484805107116699,23.0,0,0.0076,43.0,1.4184,0.074591
210,0.0208333333333333,0.1616689309498149,0.003125,0.5,0.4162040948867798,20.0,0,0.0675,91.3,2.1822,0.07509
211,0.015625,0.1325679124161801,0.0041666666666666,0.566667,0.3558557629585266,23.0,0,0.3579,74.53333333333333,1.6367,0.080521
212,0.0145833333333332,0.1205485964546416,0.0020833333333333,0.533333,0.5917060971260071,24.0,0,0.3512,79.14285714285714,1.1457,0.07646
213,0.0135557872784149,0.1169740226115182,0.0031282586027111,0.55,0.4252053797245025,22.0,0,0.042,193.69230769230768,1.0649,0.09277
214,0.0135557872784149,0.1088402696816117,0.0010427528675703,0.716667,0.2641709148883819,24.0,0,0.1836,172.0,2.1299,0.07166
215,0.0010427528675703,0.0118324604766702,0.0010427528675703,0.45,0.6851478219032288,25.0,0,0.0,177.0,0.0819,0.08343
216,0.0135557872784149,0.1088402696816117,0.0010427528675703,0.6,0.5498859882354736,25.0,0,0.0824,60.61538461538461,1.4199,0.077311
217,0.0135557872784149,0.1088402696816117,0.0010427528675703,0.483333,0.6185275316238403,26.0,0,0.142,87.53846153846153,1.0649,0.067472
218,0.0135557872784149,0.1140183741692484,0.0020855057351407,0.533333,0.4149412214756012,29.0,0,0.0428,111.76923076923076,1.0649,0.087874
219,0.0135557872784149,0.1156079704070268,0.013555787278415,0.666667,0.7657362222671509,27.0,0,0.3997,59.15384615384615,1.0649,0.093224
220,0.0135557872784149,0.1088402696816117,0.0010427528675703,0.716667,0.7794510126113892,25.0,0,0.1468,94.53846153846152,2.1299,0.073846
221,0.0177453027139874,0.1478636214290748,0.0052192066805845,0.533333,0.4761069715023041,26.0,0,0.4323,133.11764705882354,1.3941,0.14736
222,0.0031315240083507,0.033437314012202,0.0031315240083507,0.666667,0.3896134197711944,26.0,0,0.3059,75.66666666666667,0.328,0.080994
223,0.0198329853862212,0.1780608213101939,0.0093945720250521,0.65,0.2804548442363739,26.0,0,0.0,83.0,3.1161,0.094396
224,0.0135699373695198,0.1246113441104275,0.0135699373695198,0.783333,0.2425291687250137,25.0,0,0.0,137.53846153846155,2.1321,0.09045
225,0.0125260960334029,0.110146883114,0.0125260960334029,0.816667,0.6958173513412476,26.0,0,0.0062,71.5,0.984,0.073043
226,0.011482254697286,0.1051366235560544,0.011482254697286,0.866667,0.2968513667583465,25.0,0,0.0,125.45454545454544,1.8041,0.090581
227,0.0647181628392484,0.4022487138674238,0.0020876826722338,0.6,0.3377765417098999,26.0,0,0.0453,26.387096774193548,5.0842,0.067045
228,0.0135699373695198,0.1141168265686631,0.0020876826722338,0.466667,0.8126158714294434,24.0,0,0.0855,92.0,1.066,0.064579
229,0.0135699373695198,0.1240588127816375,0.0135699373695198,0.566667,0.7014390230178833,24.0,0,0.4176,90.84615384615384,1.066,0.075329
230,0.0135699373695198,0.1141168265686631,0.0020876826722338,0.783333,0.3724282681941986,25.0,0,0.0,45.61538461538461,1.066,0.07131
231,0.0135699373695198,0.1141168265686631,0.0020876826722338,0.583333,0.3314409554004669,24.0,0,0.0101,105.23076923076924,1.066,0.082844
232,0.0020876826722338,0.023684905830548,0.0020876826722338,0.483333,0.465991735458374,23.0,0,0.2346,148.0,0.164,0.077442
233,0.0020876826722338,0.023684905830548,0.0020876826722338,0.416667,0.3088603615760803,23.0,0,0.03,80.0,0.328,0.073213
234,0.0135699373695198,0.1141168265686631,0.0020876826722338,0.466667,0.5543440580368042,23.0,0,0.5105,88.76923076923077,2.1321,0.067122
235,0.0135699373695198,0.1141168265686631,0.0020876826722338,0.533333,0.1319291293621063,23.0,0,0.0499,117.84615384615384,1.066,0.153875
236,0.0135699373695198,0.1141168265686631,0.0020876826722338,0.516667,0.9555248022079468,20.0,0,0.0154,204.23076923076923,1.066,0.095375
237,0.0135699373695198,0.1141168265686631,0.0020876826722338,0.416667,0.1534339040517807,22.0,0,0.0,76.3076923076923,1.4214,0.094256
238,0.0135699373695198,0.1141168265686631,0.0020876826722338,0.566667,0.5898611545562744,23.0,0,0.1235,36.07692307692308,1.066,0.081177
239,0.0135699373695198,0.1141168265686631,0.0020876826722338,0.433333,1.531444430351257,22.0,0,0.0287,38.84615384615385,0.9476,0.077665
240,0.0135699373695198,0.1089333169615195,0.0010438413361169,0.416667,0.5186111927032471,23.0,0,0.0122,32.61538461538461,1.066,0.073823
241,0.0146137787056367,0.1259394799714741,0.0031315240083507,0.483333,0.3468866646289825,22.0,0,0.0584,84.78571428571429,1.5307,0.076297
242,0.0135699373695198,0.1141168265686631,0.0020876826722338,0.5,0.4466785788536072,24.0,0,0.0,34.69230769230769,1.066,0.071631
243,0.011482254697286,0.10132505314436,0.011482254697286,0.483333,0.1704746186733245,25.0,0,0.0227,151.54545454545453,0.902,0.124573
244,0.0135699373695198,0.1141168265686631,0.0020876826722338,0.633333,0.4510985016822815,27.0,0,0.017,143.84615384615384,1.2183,0.08311
245,0.011482254697286,0.0904667406698223,0.0,0.45,0.1475027799606323,27.0,0,0.1427,149.0,1.2027,0.101822
246,0.0135699373695198,0.1141168265686631,0.0020876826722338,0.433333,0.5895802974700928,25.0,0,0.3368,76.07692307692308,1.066,0.081017
247,0.0135699373695198,0.1141168265686631,0.0020876826722338,0.433333,0.4632318615913391,26.0,0,0.5832,163.69230769230768,1.066,0.089505
248,0.0125260960334029,0.1148747797872576,0.0125260960334029,0.466667,0.6066883206367493,24.0,0,0.0265,65.41666666666667,0.984,0.077255
249,0.0135699373695198,0.1141168265686631,0.0020876826722338,0.616667,0.535110592842102,25.0,0,0.0736,52.30769230769231,1.2183,0.077716
250,0.0135699373695198,0.1141168265686631,0.0020876826722338,0.466667,0.3502081930637359,24.0,0,0.4332,142.84615384615384,2.1321,0.072033
251,0.0135699373695198,0.1141168265686631,0.0020876826722338,0.433333,0.6431270241737366,24.0,0,0.3053,111.46153846153848,1.066,0.080136
252,0.0135699373695198,0.1141168265686631,0.0020876826722338,0.433333,1.8095381259918213,27.0,0,0.0113,124.3846153846154,0.9476,0.046882
253,0.0135699373695198,0.1141168265686631,0.0020876826722338,0.383333,0.3993988633155823,27.0,0,0.0352,36.46153846153846,1.066,0.086202
254,0.0146137787056367,0.1309858963139967,0.0041753653444676,0.4,0.4871492087841034,24.0,0,0.1045,69.28571428571429,1.5307,0.089259
255,0.0135699373695198,0.1141168265686631,0.0020876826722338,0.5,0.4229433834552765,23.0,0,0.1382,127.92307692307692,1.2183,0.084721
256,0.0135699373695198,0.1141168265686631,0.0020876826722338,0.433333,0.3660622239112854,22.0,0,0.3377,81.46153846153847,1.4214,0.077633
257,0.0135699373695198,0.1141168265686631,0.0020876826722338,0.383333,0.5590751767158508,22.0,0,0.3795,36.46153846153846,1.066,0.068262
258,0.0125260960334029,0.1022925795732594,0.0010438413361169,0.4,0.2687482833862304,21.0,0,0.2387,64.41666666666667,1.3121,0.080821
259,0.0020876826722338,0.023684905830548,0.0020876826722338,0.433333,0.4084383845329284,20.0,0,0.6059,99.0,0.2187,0.078342
260,0.0135699373695198,0.1141168265686631,0.0020876826722338,0.383333,0.6290164589881897,22.0,0,0.2451,39.23076923076923,1.066,0.069668
261,0.0135699373695198,0.1141168265686631,0.0020876826722338,0.433333,0.3219659328460693,23.0,0,0.0,172.0,1.4214,0.067525
262,0.0146137787056367,0.1259394799714741,0.0031315240083507,0.416667,0.3920657932758331,23.0,0,0.0,58.5,1.5307,0.092302
263,0.0135699373695198,0.1089333169615195,0.0010438413361169,0.45,0.9770151376724244,23.0,0,0.0,97.6923076923077,1.066,0.082048
264,0.0135557872784149,0.1140183741692484,0.0020855057351407,0.35,0.2801060080528259,27.0,0,0.0,13.76923076923077,2.1299,0.073981
265,0.0135557872784149,0.1140183741692484,0.0020855057351407,0.483333,0.491590678691864,24.0,0,0.161,103.76923076923076,1.0649,0.082304
266,0.0135557872784149,0.1140183741692484,0.0020855057351407,0.416667,0.2132027894258499,25.0,0,0.0138,73.6923076923077,2.1299,0.074927
267,0.0135557872784149,0.1140183741692484,0.0020855057351407,0.4,0.2267504185438156,22.0,0,0.1592,70.53846153846153,2.1299,0.067593
268,0.0135557872784149,0.1140183741692484,0.0020855057351407,0.45,0.5701636075973511,23.0,0,0.0088,71.84615384615384,2.1299,0.080908
269,0.0135557872784149,0.1140183741692484,0.0020855057351407,0.433333,0.4036295115947723,26.0,0,0.0224,106.15384615384616,1.0649,0.076786
270,0.0145985401459853,0.1237447856620501,0.0031282586027111,0.433333,0.3694089949131012,22.0,0,0.0139,99.64285714285714,1.5291,0.085489
271,0.0135557872784149,0.1140183741692484,0.0020855057351407,0.416667,0.383790522813797,22.0,0,0.0056,142.6153846153846,1.0649,0.084312
272,0.0125130344108446,0.1022048666932393,0.0010427528675703,0.383333,0.3160893023014068,24.0,0,0.0,102.25,1.966,0.045502
273,0.0125130344108446,0.1022048666932393,0.0010427528675703,0.383333,0.4020864963531494,24.0,0,0.0,44.91666666666666,0.983,0.073432
274,0.0135557872784149,0.1140183741692484,0.0020855057351407,0.366667,0.4042087197303772,22.0,0,0.174,137.07692307692307,1.4199,0.083217
275,0.0135557872784149,0.1088402696816117,0.0010427528675703,0.416667,0.3976712822914123,21.0,0,0.0309,63.46153846153846,1.4199,0.076397
276,0.0135557872784149,0.1119328684341077,0.0020855057351407,0.4,0.436801940202713,23.0,0,0.0443,52.15384615384615,1.0649,0.0651
277,0.0135557872784149,0.1140183741692484,0.0020855057351407,0.416667,1.1061378717422483,22.0,0,0.023,95.23076923076924,0.9466,0.071204
278,0.0135699373695198,0.1141168265686631,0.0020876826722338,0.45,0.5219071507453918,27.0,0,0.0,109.23076923076924,1.066,0.077121
279,0.0135699373695198,0.1141168265686631,0.0020876826722338,0.483333,0.5546479225158691,23.0,0,0.0097,35.84615384615385,1.066,0.069469
280,0.0125260960334029,0.1022925795732594,0.0010438413361169,0.416667,0.4583602249622345,28.0,0,0.0,149.0,0.984,0.123909
281,0.0135557872784149,0.1140183741692484,0.0020855057351407,0.45,0.4186990261077881,24.0,0,0.0,69.46153846153847,1.4199,0.083807
282,0.0135557872784149,0.1088402696816117,0.0010427528675703,0.416667,0.3601529598236084,23.0,0,0.0,100.53846153846152,1.4199,0.08345
283,0.0145985401459853,0.1258302913971909,0.0031282586027111,0.45,0.2948321104049682,25.0,0,0.0,99.5,2.2937,0.073893
284,0.0135699373695198,0.1089333169615195,0.0010438413361169,0.45,0.2847657799720764,23.0,0,0.0608,86.92307692307692,1.4214,0.068311
285,0.0135557872784149,0.1140183741692484,0.0020855057351407,0.366667,0.4072993993759155,23.0,0,0.0,116.6153846153846,1.4199,0.083781
286,0.0135699373695198,0.1141168265686631,0.0020876826722338,0.4,0.6391090750694275,22.0,0,0.1227,40.61538461538461,1.066,0.068893
287,0.0135699373695198,0.1141168265686631,0.0020876826722338,0.4,0.3098615109920501,22.0,0,0.0,167.69230769230768,1.066,0.089279
288,0.0135699373695198,0.1141168265686631,0.0020876826722338,0.466667,0.3620229959487915,21.0,0,0.0,54.76923076923077,1.4214,0.078791
289,0.0135557872784149,0.1140183741692484,0.0020855057351407,0.416667,0.6830959916114807,24.0,0,0.0,33.38461538461539,1.2171,0.079322
290,0.0135557872784149,0.1140183741692484,0.0020855057351407,0.416667,0.5396033525466919,25.0,0,0.0142,99.76923076923076,1.0649,0.083083
291,0.0135557872784149,0.1140183741692484,0.0020855057351407,0.416667,0.4477613866329193,27.0,0,0.0,83.15384615384616,1.0649,0.083562
292,0.0135557872784149,0.1140183741692484,0.0020855057351407,0.433333,0.4456118941307068,28.0,0,0.0367,44.84615384615385,1.0649,0.078628
293,0.0135557872784149,0.1140183741692484,0.0020855057351407,0.516667,0.2182713001966476,26.0,0,0.0,83.23076923076923,2.1299,0.069856
294,0.0135557872784149,0.1119328684341077,0.0020855057351407,0.566667,0.456571877002716,27.0,0,0.0,29.615384615384617,1.2171,0.07216
295,0.0135557872784149,0.1140183741692484,0.0020855057351407,0.433333,0.453877329826355,26.0,0,0.0061,43.15384615384615,1.2171,0.071163
296,0.0135557872784149,0.1140183741692484,0.0020855057351407,0.466667,0.3222241103649139,25.0,0,0.0,79.53846153846153,1.4199,0.076999
297,0.0145985401459853,0.1237447856620501,0.0031282586027111,0.433333,1.244731307029724,25.0,0,0.0,44.5,1.1469,0.072176
298,0.0135699373695198,0.1141168265686631,0.0020876826722338,0.55,0.2377001196146011,24.0,0,0.0,137.0,2.1321,0.086045
299,0.0145985401459853,0.1258302913971909,0.0031282586027111,0.516667,0.3983355164527893,23.0,0,0.0,19.571428571428573,1.3107,0.068497
300,0.0198123044838373,0.1692603316294409,0.0072992700729927,0.55,0.7115474939346313,23.0,0,0.0918,94.84210526315788,3.1129,0.07687
301,0.0135557872784149,0.1140183741692484,0.0020855057351407,0.433333,0.3310499489307403,22.0,0,0.0,137.23076923076923,2.1299,0.093208
302,0.0145985401459853,0.1258302913971909,0.0031282586027111,0.4,0.3824474811553955,23.0,0,0.0307,80.42857142857143,1.3107,0.087224
303,0.0166840458811261,0.150319491081228,0.0062565172054223,0.45,0.7650685906410217,22.0,0,0.0393,87.1875,1.3107,0.088194
304,0.0135557872784149,0.1119328684341077,0.0020855057351407,0.583333,0.3223978877067566,22.0,0,0.0553,131.53846153846155,2.1299,0.084741
305,0.0145985401459853,0.1258302913971909,0.0031282586027111,0.416667,0.4506444931030273,24.0,0,0.1166,111.07142857142856,1.1469,0.070476
306,0.0020855057351407,0.0236633506248811,0.0020855057351407,0.416667,0.754826545715332,23.0,0,0.1195,98.0,0.3277,0.070708
307,0.0135557872784149,0.1140183741692484,0.0020855057351407,0.466667,0.6991148591041565,25.0,0,0.0,118.0,1.0649,0.074446
308,0.0135557872784149,0.1119328684341077,0.0020855057351407,0.433333,1.1413493156433103,24.0,0,0.0254,96.76923076923076,1.4199,0.091186
309,0.0135557872784149,0.1140183741692484,0.0020855057351407,0.466667,3.0295666456222534,27.0,0,0.0,107.53846153846152,0.9466,0.069545
310,0.0125130344108446,0.1022048666932393,0.0010427528675703,0.466667,0.3767807185649872,25.0,0,0.0,93.0,1.3107,0.086279
311,0.0156412930135557,0.135555110959123,0.0041710114702815,0.566667,0.411904901266098,25.0,0,0.0,50.4,1.6384,0.082045
312,0.0020855057351407,0.0236633506248811,0.0020855057351407,0.533333,0.435648575425148,27.0,0,0.0,135.5,0.1638,0.095503
313,0.0166840458811261,0.1444911757962436,0.0052137643378519,0.483333,0.5811172723770142,28.0,0,0.0,151.6875,1.3107,0.076726
314,0.0135557872784149,0.1140183741692484,0.0020855057351407,0.616667,0.4401995688676834,24.0,0,0.0,139.84615384615384,1.4199,0.114789
315,0.0125130344108446,0.1022048666932393,0.0010427528675703,0.416667,0.5586705207824707,26.0,0,0.0,77.66666666666667,0.983,0.072428
316,0.0020855057351407,0.0236633506248811,0.0020855057351407,0.5,0.8544431328773499,21.0,0,0.0,101.5,0.1638,0.08694
317,0.0135557872784149,0.1140183741692484,0.0020855057351407,0.416667,0.4101374000310898,21.0,0,0.0,88.6923076923077,2.1299,0.070972
318,0.0135557872784149,0.1140183741692484,0.0020855057351407,0.416667,0.7202609479427338,23.0,0,0.0404,121.07692307692308,1.0649,0.046521
319,0.0135557872784149,0.1088402696816117,0.0010427528675703,0.416667,0.5242386758327484,24.0,0,0.0304,32.46153846153846,1.4199,0.086814
320,0.0135699373695198,0.1141168265686631,0.0020876826722338,0.383333,0.4354712516069412,25.0,0,0.0,85.6923076923077,2.1321,0.079823
321,0.0135557872784149,0.1140183741692484,0.0020855057351407,0.416667,0.3852132558822632,27.0,0,0.0,97.15384615384616,1.4199,0.087882
322,0.0135557872784149,0.1140183741692484,0.0020855057351407,0.383333,0.6142955422401428,29.0,0,0.005,21.923076923076923,1.0649,0.078001
323,0.0135557872784149,0.1140183741692484,0.0020855057351407,0.5,0.4231617450714111,27.0,0,0.0,14.076923076923077,2.1299,0.073472
324,0.0135557872784149,0.1088402696816117,0.0010427528675703,0.516667,0.3580798506736755,28.0,0,0.0,41.46153846153846,2.1299,0.081229
325,0.0135557872784149,0.1119328684341077,0.0020855057351407,0.45,0.6942154169082642,29.0,0,0.0,111.92307692307692,1.0649,0.080171
326,0.0135557872784149,0.1088402696816117,0.0010427528675703,0.366667,0.5280191600322723,29.0,0,0.0,28.0,1.0649,0.078069
327,0.0135557872784149,0.1140183741692484,0.0020855057351407,0.466667,0.1890971213579177,27.0,0,0.0207,84.53846153846153,2.1299,0.075965
328,0.0135557872784149,0.1140183741692484,0.0020855057351407,0.583333,0.344960942864418,24.0,0,0.0,63.84615384615385,1.4199,0.095456
329,0.0125130344108446,0.1022048666932393,0.0010427528675703,0.333333,0.3729335218667984,25.0,0,0.1868,164.75,0.983,0.088231
330,0.0135557872784149,0.1140183741692484,0.0020855057351407,0.383333,0.2181840687990188,24.0,0,0.0348,69.61538461538461,1.4199,0.100383
331,0.0020855057351407,0.0236633506248811,0.0020855057351407,0.45,0.648141473531723,24.0,0,0.3966,79.0,0.1638,0.08962
332,0.0135557872784149,0.1088402696816117,0.0010427528675703,0.45,0.5026079416275024,27.0,0,0.1226,15.0,1.2171,0.07222
333,0.0135557872784149,0.1140183741692484,0.0020855057351407,0.366667,0.750798910856247,28.0,0,0.0,98.84615384615384,2.1299,0.099679
334,0.0145985401459853,0.1258302913971909,0.0031282586027111,0.416667,0.4715467989444732,29.0,0,0.0,86.5,2.2937,0.075036
335,0.0145985401459853,0.1258302913971909,0.0031282586027111,0.466667,0.4298998415470123,32.0,0,0.0,109.0,1.5291,0.096072
336,0.0135699373695198,0.1141168265686631,0.0020876826722338,0.416667,0.440776064991951,33.0,0,0.0,152.23076923076923,1.2183,0.089804
337,0.0135557872784149,0.1140183741692484,0.0020855057351407,0.416667,0.6067386716604233,35.0,0,0.0,141.76923076923077,1.0649,0.112211
338,0.0135557872784149,0.1190595283466589,0.0031282586027111,0.483333,0.4352658838033676,33.0,0,0.0,169.6153846153846,1.0649,0.104057
339,0.0020855057351407,0.0236633506248811,0.0020855057351407,0.466667,0.4664560258388519,33.0,0,0.0,120.5,0.2184,0.078476
340,0.0135557872784149,0.1140183741692484,0.0020855057351407,0.416667,0.4494020789861679,31.0,0,0.0252,36.0,1.0649,0.06817
341,0.0135557872784149,0.1140183741692484,0.0020855057351407,0.45,0.4285554885864258,30.0,0,0.0,137.23076923076923,1.0649,0.090622
342,0.0135557872784149,0.1140183741692484,0.0020855057351407,0.483333,0.3728292137384414,27.0,0,0.0,92.0,1.0649,0.075537
343,0.0135557872784149,0.1140183741692484,0.0020855057351407,0.45,0.3480425179004669,26.0,0,0.0273,111.15384615384616,2.1299,0.074999
344,0.0135557872784149,0.1140183741692484,0.0020855057351407,0.433333,0.2569667026400566,32.0,0,0.0078,98.3076923076923,2.1299,0.086568
345,0.0135557872784149,0.1140183741692484,0.0020855057351407,0.416667,0.5082500576972961,36.0,0,0.0,94.6153846153846,1.0649,0.093806
346,0.0135557872784149,0.1140183741692484,0.0020855057351407,0.45,0.2487720698118209,37.0,0,0.006,168.15384615384616,2.1299,0.081204
347,0.0146137787056367,0.1259394799714741,0.0031315240083507,0.366667,1.328938603401184,39.0,0,0.0,151.35714285714286,1.1481,0.079329
348,0.0135557872784149,0.1140183741692484,0.0020855057351407,0.416667,0.4136299043893814,42.0,0,0.0,164.69230769230768,1.0649,0.103812
349,0.0135557872784149,0.1140183741692484,0.0020855057351407,0.4,0.2144355475902557,42.0,0,0.0,132.07692307692307,2.1299,0.077691
350,0.0135699373695198,0.1089333169615195,0.0010438413361169,0.383333,0.4533107876777649,34.0,0,0.0,162.6153846153846,1.066,0.075459
351,0.0135557872784149,0.1140183741692484,0.0020855057351407,0.383333,0.7792403399944305,35.0,0,0.0192,55.0,1.0649,0.062446
352,0.0135557872784149,0.1190595283466589,0.0031282586027111,0.483333,0.269627958536148,33.0,0,0.0,149.07692307692307,2.1299,0.0828
353,0.0135557872784149,0.1190595283466589,0.0031282586027111,0.583333,0.3091795742511749,34.0,0,0.0252,118.53846153846152,1.0649,0.10055
354,0.0135557872784149,0.1140183741692484,0.0020855057351407,0.416667,0.3567224144935608,34.0,0,0.2367,69.84615384615384,1.0649,0.094068
355,0.0135557872784149,0.1140183741692484,0.0020855057351407,0.433333,0.3391979336738586,32.0,0,0.1024,38.30769230769231,1.4199,0.075996
356,0.0135557872784149,0.1140183741692484,0.0020855057351407,0.433333,0.7879379093647003,32.0,0,0.6236,41.07692307692308,1.0649,0.078167
357,0.0125130344108446,0.1022048666932393,0.0010427528675703,0.4,0.1964627280831337,32.0,0,0.4326,113.0,1.966,0.117228
358,0.0135557872784149,0.1140183741692484,0.0020855057351407,0.35,0.2447056844830513,32.0,0,0.2836,66.23076923076923,1.4199,0.090409
359,0.0135557872784149,0.1140183741692484,0.0020855057351407,0.4,0.3184278607368469,35.0,0,0.2221,61.15384615384615,1.4199,0.089086
360,0.0135557872784149,0.1190595283466589,0.0031282586027111,0.45,0.3612972646951675,36.0,0,0.1087,123.76923076923076,1.0649,0.077392
361,0.0104275286757038,0.0932276735342592,0.0104275286757038,0.533333,0.1848811656236648,33.0,0,0.0,64.7,1.6384,0.115203
362,0.0135557872784149,0.1140183741692484,0.0020855057351407,0.55,0.2963829040527344,33.0,0,0.0696,58.23076923076923,1.4199,0.089259
363,0.0125130344108446,0.1022048666932393,0.0010427528675703,0.383333,0.2439871281385421,32.0,0,0.0,69.91666666666667,1.966,0.073946
364,0.0135557872784149,0.1088402696816117,0.0010427528675703,0.35,0.230771005153656,33.0,0,0.0622,120.6153846153846,2.1299,0.135942
365,0.0135557872784149,0.1140183741692484,0.0020855057351407,0.433333,0.3102534860372543,34.0,0,0.0,138.30769230769232,1.0649,0.090068
366,0.0135557872784149,0.1140183741692484,0.0020855057351407,0.4,0.8038335144519806,30.0,0,0.0,68.6923076923077,1.0649,0.074269
367,0.0135557872784149,0.1140183741692484,0.0020855057351407,0.466667,0.5677202343940735,30.0,0,0.0,64.38461538461539,1.4199,0.087647
368,0.0145985401459853,0.1258302913971909,0.0031282586027111,0.35,0.9124032557010652,30.0,0,0.0185,93.57142857142856,1.1469,0.074509
369,0.0135557872784149,0.1140183741692484,0.0020855057351407,0.416667,0.5243749916553497,26.0,0,0.0725,100.84615384615384,1.4199,0.08481
370,0.0010427528675703,0.0118324604766702,0.0010427528675703,0.333333,0.2531230524182319,26.0,0,0.0,124.0,0.1638,0.091371
371,0.0166840458811261,0.1444911757962436,0.0052137643378519,0.416667,0.347124844789505,24.0,0,0.0837,92.3125,1.7476,0.100113
372,0.0010427528675703,0.0118324604766702,0.0010427528675703,0.433333,0.2991858273744583,24.0,0,0.2458,110.0,0.1638,0.074777
373,0.0145985401459853,0.1237447856620501,0.0031282586027111,0.4,0.2663086056709289,25.0,0,0.3516,112.35714285714286,1.5291,0.088892
374,0.0125130344108446,0.1022048666932393,0.0010427528675703,0.4,0.2585253864526748,28.0,0,0.0131,55.91666666666666,1.3107,0.084087
375,0.0020855057351407,0.0236633506248811,0.0020855057351407,0.466667,1.3581606149673462,24.0,0,0.2061,123.5,0.1638,0.090873
376,0.0135557872784149,0.1140183741692484,0.0020855057351407,0.466667,0.940962702035904,25.0,0,0.3563,90.6153846153846,1.0649,0.083496
377,0.0135557872784149,0.1140183741692484,0.0020855057351407,0.483333,0.5196544826030731,25.0,0,0.0,94.07692307692308,1.4199,0.07769
378,0.0145985401459853,0.1258302913971909,0.0031282586027111,0.533333,0.8306713104248047,23.0,0,0.2913,82.21428571428571,1.1469,0.076657
379,0.0145985401459853,0.1237447856620501,0.0031282586027111,0.466667,0.3656632453203201,23.0,0,0.08,117.78571428571428,1.5291,0.087067
380,0.0166840458811261,0.1444911757962436,0.0052137643378519,0.433333,0.310132160782814,24.0,0,0.0,99.625,1.7476,0.087548
381,0.0020855057351407,0.0236633506248811,0.0020855057351407,0.55,0.7165786921977997,26.0,0,0.2097,110.0,0.1638,0.08152
382,0.0135557872784149,0.1140183741692484,0.0020855057351407,0.416667,0.8151572942733765,28.0,0,0.0,201.69230769230768,1.0649,0.089705
383,0.0135557872784149,0.1119328684341077,0.0020855057351407,0.483333,0.4608160406351089,26.0,0,0.0,149.07692307692307,1.0649,0.084262
384,0.0135557872784149,0.1140183741692484,0.0020855057351407,0.45,0.354851096868515,29.0,0,0.0,143.15384615384616,1.0649,0.086523
385,0.0125130344108446,0.1022048666932393,0.0010427528675703,0.433333,0.1972150355577469,24.0,0,0.0,67.75,1.966,0.075149
386,0.0156412930135557,0.1426817708716743,0.0052137643378519,0.433333,0.6799298524856567,24.0,0,0.0,46.46666666666667,1.6384,0.085312
387,0.0135557872784149,0.1189918207697344,0.013555787278415,0.8,0.229958675801754,26.0,0,0.0,82.23076923076923,2.1299,0.092151
388,0.0135557872784149,0.1140183741692484,0.0020855057351407,0.75,0.2369438558816909,24.0,0,0.0333,96.6923076923077,2.1299,0.082044
389,0.0646506777893639,0.4154171794258616,0.013555787278415,0.7,0.187504693865776,24.0,0,0.0246,139.5,10.1578,0.08758
390,0.0135557872784149,0.1140183741692484,0.0020855057351407,0.716667,0.4145929664373398,24.0,0,0.0,105.76923076923076,1.4199,0.081272
391,0.0156412930135557,0.135555110959123,0.0041710114702815,0.466667,0.2793598175048828,22.0,0,0.209,127.0,1.6384,0.09512
392,0.0135557872784149,0.1140183741692484,0.0020855057351407,0.466667,0.5848305225372314,24.0,0,0.1747,103.3846153846154,1.4199,0.078219
393,0.0135557872784149,0.1119328684341077,0.0020855057351407,0.4,0.6243764460086823,24.0,0,0.0143,102.3076923076923,1.4199,0.084903
394,0.0135557872784149,0.1140183741692484,0.0020855057351407,0.65,0.6270113289356232,24.0,0,0.0194,45.46153846153846,1.0649,0.077674
395,0.0135557872784149,0.1088402696816117,0.0010427528675703,0.683333,0.3608779162168503,24.0,0,0.2221,64.38461538461539,1.4199,0.086219
396,0.0135557872784149,0.1140183741692484,0.0020855057351407,0.583333,0.4841594398021698,24.0,0,0.0316,40.84615384615385,1.0649,0.075014
397,0.0135557872784149,0.1140183741692484,0.0020855057351407,0.466667,0.4051675200462341,22.0,0,0.1273,143.23076923076923,1.0649,0.08066
398,0.0145985401459853,0.1355267046431208,0.0145985401459854,0.466667,0.5693607926368713,23.0,0,0.0196,119.21428571428572,1.1469,0.083218
399,0.0166840458811261,0.141107325433536,0.0052137643378519,0.7,0.837734043598175,22.0,0,0.5473,115.6875,1.3107,0.065531
400,0.0135557872784149,0.1190595283466589,0.0031282586027111,0.45,0.5811998546123505,25.0,0,0.016,77.46153846153847,2.1299,0.078337
401,0.0135557872784149,0.1088402696816117,0.0010427528675703,0.433333,0.3579173535108566,26.0,0,0.006,102.23076923076924,2.1299,0.075511
402,0.0135557872784149,0.1140183741692484,0.0020855057351407,0.383333,0.4569378942251205,27.0,0,0.0,72.3076923076923,1.4199,0.082446
403,0.0135557872784149,0.1140183741692484,0.0020855057351407,0.4,0.485259398818016,28.0,0,0.0,100.23076923076924,1.0649,0.080358
404,0.0135557872784149,0.1140183741692484,0.0020855057351407,0.583333,0.3044723570346832,26.0,0,0.0125,87.6923076923077,1.4199,0.083173
405,0.0145985401459853,0.1258302913971909,0.0031282586027111,0.433333,0.3047582805156708,28.0,0,0.18,128.57142857142858,1.1469,0.069382
406,0.0135557872784149,0.1248653641073163,0.013555787278415,0.483333,0.9612353444099426,28.0,0,0.066,149.46153846153845,1.0649,0.087471
407,0.0125130344108446,0.1022048666932393,0.0010427528675703,0.55,0.3817944675683975,31.0,0,0.3863,152.66666666666666,0.983,0.074087
408,0.0135557872784149,0.1140183741692484,0.0020855057351407,0.466667,0.5204647183418274,34.0,0,0.0689,92.76923076923076,1.0649,0.069798
409,0.0125130344108446,0.1022048666932393,0.0010427528675703,0.433333,0.1906045973300933,33.0,0,0.2552,91.58333333333331,0.983,0.124699
410,0.0437956204379561,0.2736138249011762,0.0020855057351407,0.483333,0.4592655748128891,34.0,0,0.0,22.571428571428573,6.8811,0.071275
411,0.0135557872784149,0.1140183741692484,0.0020855057351407,0.433333,0.0916585139930248,33.0,0,0.0273,71.3076923076923,1.4199,0.112203
412,0.0135699373695198,0.1141168265686631,0.0020876826722338,0.4,0.6922895014286041,33.0,0,0.5992,100.53846153846152,1.066,0.092768
413,0.0135557872784149,0.1088402696816117,0.0010427528675703,0.416667,0.415325716137886,32.0,0,0.1076,96.6923076923077,2.1299,0.098492
414,0.0135557872784149,0.1140183741692484,0.0020855057351407,0.45,0.4947026968002319,32.0,0,0.0,152.92307692307693,2.1299,0.080056
415,0.021897810218978,0.1787200077736946,0.0104275286757038,0.416667,0.173424556851387,31.0,0,0.3061,123.0,3.4406,0.101554
416,0.0208550573514076,0.1716422362465932,0.0093847758081334,0.35,0.3991246819496155,30.0,0,0.4326,125.55,3.2767,0.103145
417,0.0135557872784149,0.1119328684341077,0.0020855057351407,0.35,0.6444638669490814,30.0,0,0.0201,42.92307692307692,1.0649,0.072163
418,0.0156412930135557,0.1334696052239823,0.0041710114702815,0.333333,0.1975782513618469,25.0,0,0.0,73.73333333333333,2.4575,0.073399
419,0.0135557872784149,0.1140183741692484,0.0020855057351407,0.383333,0.3739048689603805,25.0,0,0.0,36.23076923076923,1.4199,0.081031
420,0.0135557872784149,0.1140183741692484,0.0020855057351407,0.4,0.4155251532793045,26.0,0,0.1402,65.76923076923077,1.0649,0.071249
421,0.0135557872784149,0.1140183741692484,0.0020855057351407,0.383333,0.4638568758964538,25.0,0,0.0,110.3846153846154,1.0649,0.073916
422,0.0135557872784149,0.1088402696816117,0.0010427528675703,0.383333,0.5563820004463196,27.0,0,0.0151,32.23076923076923,1.0649,0.072386
423,0.0500521376433785,0.3392769398442494,0.0020855057351407,0.35,0.2672134935855865,25.0,0,0.0693,88.54166666666667,5.2428,0.086592
424,0.0135557872784149,0.1190595283466589,0.0031282586027111,0.6,0.7638032734394073,23.0,0,0.0145,127.84615384615384,1.0649,0.100626
425,0.0135557872784149,0.1140183741692485,0.0020855057351407,0.566667,0.1911513432860374,23.0,0,0.4159,143.07692307692307,2.1299,0.093024
426,0.0125130344108446,0.1022048666932393,0.0010427528675703,0.416667,0.5519000589847565,26.0,0,0.1772,119.16666666666669,0.983,0.086824
427,0.0135557872784149,0.1218644876124491,0.013555787278415,0.433333,0.4664910137653351,25.0,0,0.0054,102.46153846153848,1.2171,0.079871
428,0.0125130344108446,0.1022048666932393,0.0010427528675703,0.5,0.2058150470256805,26.0,0,0.1992,119.33333333333331,1.966,0.093979
429,0.0135557872784149,0.1140183741692484,0.0020855057351407,0.333333,0.5184739828109741,24.0,0,0.2506,75.0,1.4199,0.077698
430,0.021897810218978,0.1930185556513945,0.0114702815432742,0.433333,0.4383365511894226,22.0,0,0.1404,87.66666666666667,2.2937,0.092387
431,0.0135557872784149,0.1140183741692484,0.0020855057351407,0.516667,0.4116140305995941,24.0,0,0.0,105.3076923076923,1.4199,0.10034
432,0.0135557872784149,0.1088402696816117,0.0010427528675703,0.4,0.550128847360611,25.0,0,0.0,146.30769230769232,1.2171,0.092114
433,0.0145985401459853,0.1258302913971909,0.0031282586027111,0.433333,0.4050532579421997,22.0,0,0.1123,171.0,1.5291,0.093531
434,0.0135557872784149,0.1140183741692484,0.0020855057351407,0.483333,0.1903863176703453,24.0,0,0.0467,92.6153846153846,2.1299,0.077939
435,0.0135557872784149,0.1190595283466589,0.0031282586027111,0.5,0.398111805319786,25.0,0,0.033,60.76923076923077,1.0649,0.076716
436,0.0135557872784149,0.1140183741692484,0.0020855057351407,0.683333,0.8582847118377686,23.0,0,0.0516,182.53846153846155,1.0649,0.100303
437,0.0135557872784149,0.1190595283466589,0.0031282586027111,0.466667,0.9792300462722778,25.0,0,0.0367,137.6153846153846,1.0649,0.086229
438,0.0125130344108446,0.1022048666932393,0.0010427528675703,0.433333,0.1697031855583191,25.0,0,0.1436,77.16666666666667,1.966,0.070317
439,0.0010427528675703,0.0118324604766702,0.0010427528675703,0.416667,0.1719082742929458,25.0,0,0.0,144.0,0.1638,0.08185
440,0.0125130344108446,0.0970267622056026,0.0,0.4,0.408327579498291,25.0,0,0.0961,145.0,1.966,0.082369
441,0.0135557872784149,0.1140183741692484,0.0020855057351407,0.383333,0.8172599673271179,25.0,0,0.047,22.384615384615383,1.2171,0.071317
442,0.0135557872784149,0.1140183741692485,0.0020855057351407,0.383333,0.4068995267152786,24.0,0,0.006,90.76923076923076,2.1299,0.087514
443,0.0135557872784149,0.1140183741692484,0.0020855057351407,0.4,0.300420880317688,25.0,0,0.0,91.46153846153848,1.0649,0.078179
444,0.0135557872784149,0.1140183741692484,0.0020855057351407,0.383333,0.6245110630989075,23.0,0,0.049,143.53846153846155,1.0649,0.09597
445,0.0135557872784149,0.1140183741692484,0.0020855057351407,0.4,0.6692107021808624,24.0,0,0.0095,188.7692307692308,1.0649,0.101556
446,0.0125130344108446,0.0970267622056026,0.0,0.383333,0.2340375185012817,22.0,0,0.0138,144.0,1.966,0.079366
447,0.0135557872784149,0.1088402696816117,0.0010427528675703,0.416667,0.4982468485832214,24.0,0,0.0041,134.6153846153846,1.0649,0.080543
448,0.0135557872784149,0.1140183741692484,0.0020855057351407,0.35,0.4873400628566742,22.0,0,0.0,72.23076923076923,1.4199,0.076044
449,0.0166840458811261,0.1280211824417556,0.0010427528675703,0.4,0.2524798586964607,21.0,0,0.0,26.375,2.6214,0.073315
450,0.0135557872784149,0.1140183741692484,0.0020855057351407,0.466667,0.2741428315639496,22.0,0,0.0,64.3076923076923,2.1299,0.078726
451,0.0135557872784149,0.1140183741692484,0.0020855057351407,0.4,1.3187186121940613,22.0,0,0.0096,31.23076923076923,0.9466,0.083783
452,0.0135557872784149,0.1140183741692484,0.0020855057351407,0.4,0.9230084121227264,23.0,0,0.0045,96.3076923076923,1.0649,0.069471
453,0.0135557872784149,0.1140183741692484,0.0020855057351407,0.45,0.3167538344860077,25.0,0,0.0588,144.15384615384616,2.1299,0.086742
454,0.0135557872784149,0.1140183741692484,0.0020855057351407,0.4,0.6249112486839294,25.0,0,0.1474,166.46153846153845,1.0649,0.092707
455,0.0135557872784149,0.1140183741692484,0.0020855057351407,0.55,0.2713595479726791,25.0,0,0.1491,95.15384615384616,2.1299,0.086302
456,0.0166840458811261,0.1393130713086069,0.0041710114702815,0.7,0.2052938789129257,23.0,0,0.0493,123.125,2.6214,0.087138
457,0.0135557872784149,0.1190595283466589,0.0031282586027111,0.516667,0.300784170627594,24.0,0,0.0308,107.53846153846152,1.4199,0.095301
458,0.0730688935281836,0.3930376259826131,0.0020876826722338,0.633333,0.2387432679533958,22.0,0,0.0138,58.24285714285714,11.4805,0.078069
459,0.0156412930135557,0.1405962651365335,0.0052137643378519,0.766667,0.2857254296541214,20.0,0,0.0138,82.2,2.4575,0.07644
460,0.0145985401459853,0.1237447856620501,0.0031282586027111,0.55,0.4904972314834595,21.0,0,0.1498,84.42857142857143,1.5291,0.08162
461,0.0135557872784149,0.1035366551590045,0.0,0.45,0.6430366337299347,20.0,0,0.0232,56.0,1.4199,0.0831
462,0.0135557872784149,0.1140183741692484,0.0020855057351407,0.333333,0.8061588108539581,20.0,0,0.243,73.15384615384616,1.4199,0.07445
463,0.0135557872784149,0.1140183741692484,0.0020855057351407,0.366667,0.3434271812438965,22.0,0,0.0552,38.69230769230769,1.2171,0.072299
464,0.0239833159541188,0.1974262059733439,0.0020855057351407,0.433333,0.2944089770317077,23.0,0,0.0372,142.91304347826087,3.7682,0.085113
465,0.0020855057351407,0.0236633506248811,0.0020855057351407,0.466667,0.7580715715885162,22.0,0,0.2266,92.5,0.1638,0.076816
466,0.0135557872784149,0.1190595283466589,0.0031282586027111,0.483333,0.2867122888565063,26.0,0,0.0403,115.84615384615384,1.0649,0.083206
467,0.0135557872784149,0.1140183741692484,0.0020855057351407,0.45,0.5646554231643677,22.0,0,0.1678,74.76923076923077,1.0649,0.069502
468,0.0135557872784149,0.1140183741692484,0.0020855057351407,0.416667,0.3884041905403137,25.0,0,0.053,130.6153846153846,1.0649,0.079438
469,0.0135557872784149,0.1190595283466589,0.0031282586027111,0.516667,1.0620962977409365,22.0,0,0.0668,104.53846153846152,1.0649,0.075737
470,0.0135557872784149,0.1088402696816117,0.0010427528675703,0.583333,0.7936032116413116,23.0,0,0.08,87.92307692307692,1.0649,0.074365
471,0.0135557872784149,0.1140183741692484,0.0020855057351407,0.566667,0.2376200258731842,21.0,0,0.0234,82.15384615384616,2.1299,0.075351
472,0.0719499478623566,0.433870444590516,0.0020855057351407,0.6,0.4253199994564056,23.0,0,0.0302,131.55072463768116,5.6524,0.092951
473,0.0135557872784149,0.1239499933475899,0.013555787278415,0.55,0.1788041144609451,22.0,0,0.0207,108.0,2.1299,0.079183
474,0.0135557872784149,0.1119328684341077,0.0020855057351407,0.533333,0.289331391453743,23.0,0,0.0483,63.23076923076923,1.0649,0.08142
475,0.0135557872784149,0.1140183741692484,0.0020855057351407,0.383333,0.6424029171466827,24.0,0,0.0076,109.15384615384616,1.4199,0.079165
476,0.0135557872784149,0.1140183741692484,0.0020855057351407,0.4,0.3108616024255752,22.0,0,0.0,68.07692307692308,1.4199,0.083956
477,0.0135557872784149,0.1140183741692484,0.0020855057351407,0.4,1.2091118097305298,22.0,0,0.145,192.69230769230768,1.0649,0.090754
478,0.0135557872784149,0.1140183741692484,0.0020855057351407,0.466667,0.4864876866340637,23.0,0,0.0,106.3076923076923,2.1299,0.085891
479,0.0135557872784149,0.1140183741692484,0.0020855057351407,0.516667,0.7708954811096191,22.0,0,0.1594,120.3846153846154,1.2171,0.090279
480,0.0135557872784149,0.1140183741692484,0.0020855057351407,0.433333,0.5762473344802856,23.0,0,0.036,155.07692307692307,2.1299,0.07977
481,0.0146137787056367,0.1238517972992403,0.0031315240083507,0.483333,0.4254585206508636,21.0,0,0.0083,105.0,1.5307,0.099926
482,0.0135557872784149,0.1140183741692484,0.0020855057351407,0.45,0.2933730483055115,22.0,0,0.0843,61.15384615384615,1.4199,0.078074
483,0.0135557872784149,0.1190595283466589,0.0031282586027111,0.433333,0.355496734380722,23.0,0,0.0208,122.0,1.4199,0.088129
484,0.0041710114702815,0.0423622407910875,0.0041710114702815,0.533333,0.4897589385509491,24.0,1,0.0,65.0,0.4369,0.076536
485,0.0135557872784149,0.1140183741692484,0.0020855057351407,0.466667,1.5983137488365171,22.0,0,0.0,59.61538461538461,1.0649,0.081401
486,0.0135557872784149,0.1140183741692484,0.0020855057351407,0.516667,0.2186940386891365,24.0,0,0.0902,131.23076923076923,1.0649,0.133721
487,0.0135557872784149,0.1140183741692484,0.0020855057351407,0.416667,0.327182725071907,20.0,0,0.0167,99.92307692307692,2.1299,0.077903
488,0.0135557872784149,0.1140183741692484,0.0020855057351407,0.45,0.1229472234845161,20.0,0,0.3891,70.46153846153847,1.4199,0.103559
489,0.0135557872784149,0.1140183741692484,0.0020855057351407,0.433333,0.287867784500122,21.0,0,0.0421,89.38461538461539,1.4199,0.099243
490,0.0135557872784149,0.1119328684341077,0.0020855057351407,0.483333,0.4386536478996277,20.0,0,0.0,93.23076923076924,1.2171,0.094501
491,0.0031282586027111,0.0354926688037453,0.0031282586027111,0.533333,0.2776985913515091,20.0,0,0.4631,66.33333333333333,0.3277,0.088783
492,0.0145985401459853,0.1258302913971909,0.0031282586027111,0.466667,0.9641954898834229,23.0,0,0.2589,98.0,1.1469,0.085173
493,0.0020855057351407,0.0236633506248811,0.0020855057351407,0.45,0.4565235376358032,25.0,0,0.2706,97.0,0.2184,0.073788
494,0.0229405630865484,0.2117062227520739,0.0229405630865484,0.583333,0.2548480033874511,22.0,0,0.0,83.95454545454545,3.6044,0.076857
495,0.0135699373695198,0.1141168265686631,0.0020876826722338,0.716667,0.8604861497879028,23.0,0,0.1266,95.6923076923077,1.066,0.112108
496,0.0135557872784149,0.1190595283466589,0.0031282586027111,0.616667,0.3930445909500122,27.0,0,0.023,48.38461538461539,1.0649,0.073961
497,0.0135699373695198,0.1089333169615195,0.0010438413361169,0.566667,0.2569779902696609,23.0,0,0.0,57.07692307692308,2.1321,0.073209
498,0.0125130344108446,0.11005098013644,0.0125130344108446,0.533333,0.4463555812835693,25.0,0,0.0163,95.75,0.983,0.082867
499,0.0020855057351407,0.0236633506248811,0.0020855057351407,0.866667,0.4693891704082489,23.0,0,0.0,59.0,0.1872,0.075823
500,0.0156412930135557,0.135555110959123,0.0041710114702815,0.566667,0.4806563258171081,24.0,0,0.0449,61.53333333333333,1.2288,0.073081
501,0.0031282586027111,0.0354926688037453,0.0031282586027111,0.65,0.833604097366333,24.0,0,0.0051,78.66666666666667,0.2458,0.064439
502,0.0135699373695198,0.1141168265686631,0.0020876826722338,0.533333,0.7514387965202332,22.0,0,0.0,163.07692307692307,1.066,0.096474
503,0.0020855057351407,0.0236633506248811,0.0020855057351407,0.55,0.3089409619569778,23.0,0,0.0069,63.0,0.3277,0.064391
504,0.0135557872784149,0.1140183741692484,0.0020855057351407,0.483333,0.9149098098278046,23.0,0,0.3898,92.53846153846152,2.1299,0.066867
505,0.0187695516162669,0.1557779337348734,0.0062565172054223,0.516667,0.2457375824451446,22.0,0,0.2144,35.44444444444444,2.9491,0.070491
506,0.0177267987486965,0.1591709790116114,0.0062565172054223,0.483333,0.2533678337931633,22.0,1,0.0414,92.05882352941175,2.7852,0.082603
507,0.0156412930135557,0.1343397479311112,0.0052137643378519,0.616667,0.3253978639841079,23.0,0,0.3546,145.0,2.4575,0.085423
508,0.0177267987486965,0.1529144618061891,0.0062565172054223,0.6,0.6736510396003723,24.0,0,0.2926,143.1764705882353,1.3926,0.082178
509,0.0208550573514076,0.1761766633014386,0.0093847758081334,0.533333,0.6095192432403564,23.0,0,0.5865,89.9,1.6384,0.081884
510,0.0135699373695198,0.1141168265686631,0.0020876826722338,0.583333,1.0137285590171814,22.0,1,0.5842,68.15384615384616,2.1321,0.07155
511,0.0135557872784149,0.1140183741692484,0.0020855057351407,0.516667,0.3953922539949417,22.0,1,0.6799,137.69230769230768,1.4199,0.101757
512,0.0135699373695198,0.1120291438964293,0.0020876826722338,0.483333,0.9368122220039368,23.0,0,0.6198,111.84615384615384,1.066,0.069581
513,0.0156412930135557,0.135555110959123,0.0041710114702815,0.75,0.3266824185848236,25.0,0,0.556,86.4,1.6384,0.080211
514,0.0145985401459853,0.1258302913971909,0.0031282586027111,0.85,0.949274867773056,24.0,0,0.0413,51.5,1.5291,0.077412
515,0.0135557872784149,0.1237147874151784,0.013555787278415,0.9,0.7511026263237,22.0,0,0.5564,67.23076923076923,1.0649,0.079346
516,0.0135557872784149,0.1190595283466589,0.0031282586027111,0.816667,0.1953526958823204,22.0,0,0.0829,101.0,2.1299,0.079421
517,0.0135557872784149,0.1140183741692484,0.0020855057351407,0.7,0.2864827364683151,22.0,0,0.2013,60.23076923076923,1.4199,0.081319
518,0.0135557872784149,0.1119328684341077,0.0020855057351407,0.616667,0.6024176478385925,22.0,0,0.3824,82.15384615384616,1.0649,0.072722
519,0.0145985401459853,0.1258302913971909,0.0031282586027111,0.516667,0.4747668504714966,23.0,0,0.0,100.21428571428572,1.5291,0.075284
520,0.0031282586027111,0.0354926688037453,0.0031282586027111,0.6,0.6799590885639191,22.0,0,0.2301,96.0,0.2458,0.076354
521,0.0146137787056367,0.1259394799714741,0.0031315240083507,0.75,0.6307533085346222,22.0,0,0.3149,91.92857142857144,1.1481,0.074343
522,0.0114702815432742,0.0903897706484124,0.0,0.65,0.6088390648365021,23.0,0,0.0912,36.0,0.9011,0.067346
523,0.0135557872784149,0.1140183741692484,0.0020855057351407,0.6,0.238394409418106,24.0,0,0.0071,129.84615384615384,2.1299,0.072187
524,0.0125130344108446,0.1022048666932393,0.0010427528675703,0.6,0.7311631143093109,23.0,0,0.0,85.66666666666667,1.3107,0.073279
525,0.0125130344108446,0.1022048666932393,0.0010427528675703,0.566667,0.9040987491607666,22.0,0,0.0,192.83333333333331,0.983,0.100573
526,0.0145985401459853,0.1237447856620501,0.0031282586027111,0.633333,0.3632880300283432,24.0,0,0.0,65.78571428571429,1.5291,0.088555
527,0.0177267987486965,0.1477363573185524,0.0052137643378519,0.5,0.2014040797948837,23.0,0,0.0,60.94117647058823,2.7852,0.077371
528,0.040667361835245,0.2931700839070736,0.0020855057351407,0.5,0.5045615285634995,25.0,0,0.0,98.3846153846154,3.6512,0.083993
529,0.0198123044838373,0.1715657692743628,0.008342022940563,0.616667,0.3317476361989975,23.0,0,0.0,52.31578947368421,2.0753,0.079806
530,0.0125130344108446,0.1022048666932393,0.0010427528675703,0.483333,0.4224009215831756,24.0,1,0.0,41.0,1.3107,0.074089
531,0.0145985401459853,0.1206521869095542,0.0020855057351407,0.466667,0.2514824643731117,24.0,0,0.0,79.28571428571429,2.2937,0.068653
532,0.0135557872784149,0.1140183741692484,0.0020855057351407,0.5,0.3425770998001098,23.0,0,0.0,137.69230769230768,1.4199,0.091298
533,0.0166840458811261,0.1421857381513216,0.0041710114702815,0.45,0.2835657596588135,23.0,0,0.0069,42.875,1.7476,0.076975
534,0.0135557872784149,0.1140183741692484,0.0020855057351407,0.6,1.3071753978729248,24.0,1,0.0,164.30769230769232,0.9466,0.07166
535,0.0177267987486965,0.1529144618061891,0.0062565172054223,0.566667,0.8220294415950775,22.0,0,0.3292,111.94117647058825,1.3926,0.085084
536,0.0145985401459853,0.1237447856620501,0.0031282586027111,0.55,0.4863002896308899,23.0,0,0.1923,111.5,1.1469,0.073911
537,0.0125130344108446,0.1022048666932393,0.0010427528675703,0.65,0.3134491890668869,22.0,1,0.1974,61.75,1.3107,0.082381
538,0.0145985401459853,0.1308714455746013,0.0041710114702815,0.483333,0.7521917521953583,21.0,0,0.5658,87.07142857142857,1.1469,0.07591
539,0.0135557872784149,0.1140183741692484,0.0020855057351407,0.616667,0.368903174996376,22.0,1,0.3916,137.15384615384616,1.0649,0.099374
540,0.0135557872784149,0.1140183741692484,0.0020855057351407,0.566667,0.3001713156700134,22.0,0,0.0,36.07692307692308,1.0649,0.063154
541,0.0135557872784149,0.1088402696816117,0.0010427528675703,0.583333,1.039488673210144,21.0,0,0.4423,107.0,2.1299,0.068222
542,0.0135557872784149,0.1245019485227524,0.013555787278415,0.633333,1.587022602558136,21.0,1,0.439,86.38461538461539,1.0649,0.071822
543,0.0135557872784149,0.1140183741692484,0.0020855057351407,0.85,0.6585354506969452,23.0,0,0.2427,54.69230769230769,1.0649,0.062074
544,0.0125130344108446,0.11005098013644,0.0125130344108446,0.733333,0.1811204701662063,24.0,0,0.0,52.91666666666666,1.966,0.106252
545,0.0125130344108446,0.1022048666932393,0.0010427528675703,0.683333,0.3255035281181335,23.0,0,0.0,68.5,1.966,0.079846
546,0.0135557872784149,0.1088402696816117,0.0010427528675703,0.566667,0.5688317120075226,24.0,0,0.0456,76.23076923076923,1.4199,0.068611
547,0.0135557872784149,0.1190595283466589,0.0031282586027111,0.7,0.2681356519460678,23.0,0,0.0,100.6923076923077,2.1299,0.075629
548,0.0125130344108446,0.1022048666932393,0.0010427528675703,0.6,0.7745698690414429,21.0,0,0.0,77.08333333333333,0.983,0.081831
549,0.0125130344108446,0.1022048666932393,0.0010427528675703,0.7,0.3073998540639877,21.0,0,0.0,98.91666666666669,1.3107,0.086285
550,0.0020855057351407,0.0236633506248811,0.0020855057351407,0.666667,0.2525700330734253,21.0,0,0.115,92.5,0.2184,0.098522
551,0.0135557872784149,0.1239499933475899,0.013555787278415,0.6,0.4033618122339248,22.0,0,0.0,100.23076923076924,1.4199,0.083528
552,0.0156412930135557,0.1334696052239823,0.0041710114702815,0.833333,1.1860796213150024,23.0,0,0.0038,75.26666666666667,1.0922,0.059586
553,0.0135557872784149,0.1035366551590045,0.0,0.733333,0.2187197878956794,23.0,0,0.0,92.0,2.1299,0.151074
554,0.0135557872784149,0.1088402696816117,0.0010427528675703,0.616667,0.2988950908184051,24.0,0,0.0,72.07692307692308,1.4199,0.088078
555,0.0156576200417536,0.1356728554213301,0.0041753653444676,0.566667,0.3862503468990326,21.0,0,0.0,62.53333333333333,1.6401,0.091084
556,0.0135557872784149,0.1140183741692484,0.0020855057351407,0.683333,0.1940093636512756,23.0,0,0.0,68.0,2.1299,0.079709
557,0.0135557872784149,0.1119328684341077,0.0020855057351407,0.683333,0.2711559385061264,22.0,0,0.0,145.15384615384616,1.4199,0.139316
558,0.0145985401459853,0.1334411989079801,0.0145985401459854,0.633333,0.1683597043156623,22.0,0,0.0,128.57142857142858,2.2937,0.094956
559,0.0166840458811261,0.1444911757962436,0.0052137643378519,0.716667,0.2744752615690231,20.0,0,0.0,87.375,1.7476,0.09188
560,0.0125130344108446,0.1022048666932393,0.0010427528675703,0.733333,0.2742659896612167,21.0,0,0.0,68.08333333333333,1.3107,0.117783
561,0.0135557872784149,0.1140183741692484,0.0020855057351407,0.6,0.3858133107423782,20.0,0,0.0187,71.46153846153847,1.4199,0.086665
562,0.0135557872784149,0.1294870570223628,0.013555787278415,0.7,1.092479646205902,20.0,0,0.0048,107.07692307692308,0.9466,0.11065
563,0.0135557872784149,0.1140183741692484,0.0020855057351407,0.8,0.2804401516914367,20.0,0,0.1966,62.0,1.4199,0.088825
564,0.0135557872784149,0.1140183741692484,0.0020855057351407,0.833333,0.7397585809230804,19.0,0,0.355,48.38461538461539,1.0649,0.067987
565,0.0125130344108446,0.1022048666932393,0.0010427528675703,0.75,0.572458416223526,20.0,0,0.3264,112.0,0.983,0.079005
566,0.0135557872784149,0.1140183741692484,0.0020855057351407,0.766667,0.3403251022100448,24.0,0,0.1262,104.15384615384616,2.1299,0.06912
567,0.0135557872784149,0.1140183741692484,0.0020855057351407,0.75,0.5244129598140717,23.0,0,0.0,101.3846153846154,1.0649,0.077445
568,0.0135557872784149,0.1140183741692484,0.0020855057351407,0.65,1.4995911121368408,21.0,0,0.0,74.0,0.9466,0.082654
569,0.0135557872784149,0.1119328684341077,0.0020855057351407,0.716667,0.3503059148788452,21.0,0,0.0,150.23076923076923,1.4199,0.097179
570,0.0135557872784149,0.1088402696816117,0.0010427528675703,0.716667,0.5636470317840576,24.0,0,0.0045,31.307692307692307,1.0649,0.077985
571,0.0135557872784149,0.1140183741692484,0.0020855057351407,0.6,0.4168737530708313,22.0,0,0.0103,126.92307692307692,1.4199,0.078308
572,0.0135557872784149,0.1140183741692484,0.0020855057351407,0.566667,0.4795840084552765,25.0,0,0.0178,130.76923076923077,1.2171,0.09563
573,0.0135557872784149,0.1140183741692484,0.0020855057351407,0.633333,0.3233343660831451,24.0,0,0.0,68.6923076923077,1.4199,0.086328
574,0.0156412930135557,0.135555110959123,0.0041710114702815,0.566667,0.3540813773870468,25.0,0,0.0,88.0,1.6384,0.099917
575,0.0135557872784149,0.1140183741692484,0.0020855057351407,0.716667,0.537669837474823,24.0,0,0.0,93.6923076923077,1.0649,0.070106
576,0.0135557872784149,0.1140183741692484,0.0020855057351407,0.566667,0.4820753484964371,24.0,0,0.0092,143.76923076923077,1.0649,0.080422
577,0.0135557872784149,0.1088402696816117,0.0010427528675703,0.6,0.460222989320755,22.0,0,0.1367,61.69230769230769,1.4199,0.079276
578,0.0125130344108446,0.1022048666932393,0.0010427528675703,0.55,0.348421186208725,24.0,0,0.2811,83.33333333333333,1.3107,0.074718
579,0.0135557872784149,0.1140183741692484,0.0020855057351407,0.55,0.5819700360298157,24.0,0,0.4908,78.6923076923077,1.0649,0.070443
580,0.0135557872784149,0.1140183741692484,0.0020855057351407,0.616667,0.3663889914751053,23.0,0,0.2485,64.76923076923077,1.4199,0.077155
581,0.0145985401459853,0.1258302913971909,0.0031282586027111,0.583333,0.587584525346756,24.0,0,0.6861,66.21428571428571,1.1469,0.074408
582,0.0135557872784149,0.1140183741692484,0.0020855057351407,0.566667,0.2634172886610031,24.0,0,0.077,119.23076923076924,2.1299,0.086921
583,0.0145985401459853,0.1258302913971909,0.0031282586027111,0.566667,0.3657269477844238,26.0,0,0.1984,161.78571428571428,1.5291,0.085715
584,0.0145985401459853,0.1258302913971909,0.0031282586027111,0.633333,0.8465275168418884,25.0,0,0.0,165.78571428571428,1.1469,0.097538
585,0.0135557872784149,0.1140183741692484,0.0020855057351407,0.633333,1.086119532585144,26.0,0,0.0,81.53846153846153,1.4199,0.102311
586,0.0135557872784149,0.1140183741692484,0.0020855057351407,0.533333,0.7039947211742401,26.0,0,0.0,61.23076923076923,1.0649,0.06801
587,0.0239833159541188,0.2020814650418634,0.0125130344108446,0.6,0.2064633443951606,28.0,0,0.012,58.65217391304348,3.7682,0.077294
588,0.0135557872784149,0.1140183741692484,0.0020855057351407,0.583333,0.9549856185913086,25.0,0,0.0,124.15384615384616,1.0649,0.077518
589,0.0135557872784149,0.1140183741692484,0.0020855057351407,0.516667,0.3135466575622558,27.0,0,0.0,107.84615384615384,1.0649,0.075205
590,0.0135557872784149,0.1140183741692484,0.0020855057351407,0.583333,0.4044928550720215,23.0,0,0.0655,108.07692307692308,1.4199,0.082922
591,0.0135557872784149,0.1140183741692484,0.0020855057351407,0.6,0.3258835226297378,23.0,0,0.3276,28.0,1.0649,0.084634
592,0.0135557872784149,0.1140183741692484,0.0020855057351407,0.5,0.6452548503875732,21.0,0,0.1631,89.84615384615384,1.0649,0.089026
593,0.0135557872784149,0.1140183741692484,0.0020855057351407,0.516667,0.277762159705162,22.0,0,0.014,63.0,1.4199,0.070354
594,0.0135557872784149,0.1140183741692484,0.0020855057351407,0.533333,0.8733887076377869,24.0,0,0.0,98.3846153846154,1.0649,0.101619
595,0.0135557872784149,0.1190595283466589,0.0031282586027111,0.583333,0.3335950374603271,29.0,0,0.0061,132.23076923076923,1.2171,0.195001
596,0.0625651720542231,0.3952026239009804,0.0020855057351407,0.6,0.4744458347558975,23.0,0,0.0,76.6,6.5535,0.084782
597,0.0135841170323929,0.1142154630726625,0.0020898641588296,0.566667,0.2317934557795524,24.0,0,0.0,118.53846153846152,2.1343,0.09851
598,0.0125130344108446,0.1072460208706498,0.0020855057351407,0.533333,0.672791600227356,22.0,0,0.0286,107.25,0.983,0.072903
599,0.0135557872784149,0.1140183741692484,0.0020855057351407,0.55,0.3234362304210663,23.0,0,0.2223,163.23076923076923,2.1299,0.097021
600,0.0135557872784149,0.1140183741692484,0.0020855057351407,0.6,0.2880447953939438,22.0,0,0.1366,109.0,1.4199,0.157123
601,0.0135557872784149,0.1140183741692484,0.0020855057351407,0.633333,0.5901877582073212,23.0,0,0.3968,131.07692307692307,1.0649,0.098094
602,0.0135557872784149,0.1140183741692484,0.0020855057351407,0.533333,0.4037385582923889,23.0,0,0.1349,190.46153846153845,1.0649,0.221674
603,0.0135557872784149,0.1218644876124492,0.013555787278415,0.566667,0.3124707639217376,25.0,0,0.0,112.3076923076923,1.4199,0.23597
604,0.0135557872784149,0.1140183741692484,0.0020855057351407,0.666667,0.5348803400993347,24.0,0,0.1287,120.0,1.0649,0.077757
605,0.0135557872784149,0.1140183741692484,0.0020855057351407,0.616667,0.4399555921554565,29.0,0,0.0673,131.0,1.0649,0.067317
606,0.0135557872784149,0.1140183741692484,0.0020855057351407,0.666667,0.2154964357614517,23.0,0,0.0415,133.84615384615384,2.1299,0.075013
607,0.0135557872784149,0.1140183741692484,0.0020855057351407,0.566667,0.4392797648906708,23.0,0,0.0481,96.84615384615384,2.1299,0.073752
608,0.0135557872784149,0.1140183741692484,0.0020855057351407,0.516667,0.669709175825119,22.0,0,0.229,134.0,1.0649,0.091043
609,0.0125130344108446,0.1022048666932393,0.0010427528675703,0.65,0.2160076797008514,20.0,0,0.1729,128.66666666666666,1.3107,0.137969
610,0.0145985401459853,0.1258302913971909,0.0031282586027111,0.566667,0.4097749590873718,18.0,0,0.3285,70.92857142857143,1.5291,0.085649
611,0.0271115745568299,0.212108164508038,0.0010427528675703,0.516667,0.2442556172609329,19.0,0,0.3684,102.57692307692308,4.2597,0.088156
612,0.0125130344108446,0.1022048666932393,0.0010427528675703,0.566667,0.258996807038784,19.0,0,0.089,123.66666666666669,1.3107,0.07786
613,0.0135557872784149,0.1140183741692484,0.0020855057351407,0.516667,0.7173759937286377,20.0,0,0.6844,120.6153846153846,2.1299,0.065672
614,0.0135557872784149,0.1140183741692484,0.0020855057351407,0.55,0.9474574625492096,23.0,0,0.24,111.53846153846152,1.4199,0.09498
615,0.0135557872784149,0.1140183741692484,0.0020855057351407,0.566667,0.2631513178348541,21.0,0,0.5175,59.0,1.4199,0.067481
616,0.0135557872784149,0.1140183741692484,0.0020855057351407,0.566667,0.3397321999073028,23.0,0,0.3991,112.53846153846152,1.0649,0.076835
617,0.0135557872784149,0.1140183741692484,0.0020855057351407,0.566667,0.4552792310714721,21.0,0,0.604,54.0,1.0649,0.076585
618,0.0135557872784149,0.1140183741692484,0.0020855057351407,0.483333,0.148358978331089,23.0,0,0.7644,126.15384615384616,1.0649,0.114161
619,0.0135557872784149,0.1140183741692484,0.0020855057351407,0.55,0.4293455928564071,21.0,0,0.1664,149.46153846153845,1.0649,0.198214
620,0.0145985401459853,0.1206521869095542,0.0020855057351407,0.533333,0.1330294907093048,21.0,0,0.581,58.85714285714285,1.5291,0.069057
621,0.0135557872784149,0.1140183741692484,0.0020855057351407,0.6,0.2803726494312286,21.0,0,0.7656,66.15384615384616,1.4199,0.078168
622,0.0135557872784149,0.1140183741692484,0.0020855057351407,0.533333,0.5025970041751862,22.0,0,0.1574,102.07692307692308,1.4199,0.095388
623,0.0135557872784149,0.1140183741692484,0.0020855057351407,0.5,0.3412220031023025,21.0,0,0.2835,132.53846153846155,1.4199,0.166874
624,0.0135557872784149,0.1140183741692484,0.0020855057351407,0.566667,0.5581810772418976,24.0,0,0.0063,98.84615384615384,1.4199,0.083659
625,0.0636079249217935,0.404852331575577,0.0031282586027111,0.583333,0.5203893780708313,24.0,0,0.0,98.91803278688523,9.994,0.07039
626,0.0020855057351407,0.0236633506248811,0.0020855057351407,0.633333,0.6847467720508575,25.0,0,0.0048,79.5,0.1638,0.072784
627,0.0177267987486965,0.1398283188144086,0.0020855057351407,0.516667,0.2170533016324043,28.0,0,0.0632,50.41176470588236,1.3926,0.247889
628,0.0156412930135557,0.135555110959123,0.0041710114702815,0.55,0.2639493346214294,26.0,0,0.1741,86.53333333333333,2.4575,0.129033
629,0.0135557872784149,0.1140183741692484,0.0020855057351407,0.533333,0.1250472702085971,30.0,0,0.005,57.61538461538461,1.0649,0.232073
630,0.0135557872784149,0.1140183741692484,0.0020855057351407,0.583333,0.266598641872406,28.0,0,0.0,67.76923076923077,1.4199,0.075468
631,0.0135557872784149,0.1140183741692484,0.0020855057351407,0.533333,0.2654549926519394,29.0,0,0.0,148.15384615384616,1.0649,0.169541
632,0.0124999999999999,0.1099552570996326,0.0124999999999999,0.5,0.1241585724055767,29.0,0,0.0,89.33333333333333,0.982,0.109256
633,0.0135416666666666,0.1139201053443822,0.0020833333333333,0.633333,0.4387166202068329,27.0,0,0.0,113.84615384615384,1.4184,0.096294
634,0.0135416666666666,0.1139201053443822,0.0020833333333333,0.5,0.5551893711090088,26.0,0,0.0041,149.15384615384616,1.0638,0.104283
635,0.0145833333333332,0.125721307083437,0.003125,0.5,0.4865236282348633,26.0,0,0.0,52.785714285714285,1.1457,0.081959
636,0.0145833333333332,0.125721307083437,0.003125,0.55,0.2906977087259292,27.0,0,0.0062,145.84615384615384,1.0649,0.116174
637,0.0135416666666666,0.1139201053443822,0.0020833333333333,0.616667,0.141554057598114,27.0,0,0.0,40.46153846153846,2.1277,0.099905
638,0.0145833333333332,0.125721307083437,0.003125,0.616667,0.2275748699903488,30.0,0,0.0,97.85714285714286,1.5275,0.090539
639,0.0135416666666666,0.1139201053443822,0.0020833333333333,0.566667,0.4424622058868408,29.0,0,0.0,136.23076923076923,1.4184,0.085011
640,0.0135416666666666,0.1139201053443822,0.0020833333333333,0.533333,0.3755225539207458,34.0,0,0.0459,93.6153846153846,1.0638,0.062795
641,0.0135416666666666,0.1139201053443822,0.0020833333333333,0.533333,0.387788712978363,33.0,0,0.0041,145.15384615384616,1.0638,0.088145
642,0.0135416666666666,0.1189560083195245,0.003125,0.483333,0.2752851098775863,34.0,0,0.0,68.92307692307692,2.1277,0.125631
643,0.0135416666666666,0.1087473947155868,0.0010416666666666,0.55,0.415092185139656,35.0,0,0.0,28.46153846153846,1.0638,0.058538
644,0.0135416666666666,0.1139201053443822,0.0020833333333333,0.5,0.3205493539571762,33.0,0,0.0,93.6153846153846,1.0638,0.093347
645,0.0135416666666666,0.1168726749861912,0.003125,0.5,0.3132770806550979,33.0,0,0.0,93.92307692307692,1.4184,0.081864
646,0.0135416666666666,0.1087473947155868,0.0010416666666666,0.5,0.3886852860450744,32.0,0,0.0,142.69230769230768,1.0638,0.065888
647,0.0020833333333333,0.0236418370509553,0.0020833333333333,0.466667,0.4294918924570083,33.0,0,0.0,124.5,0.1637,0.082902
648,0.0135416666666666,0.1139201053443822,0.0020833333333333,0.516667,0.3302260339260101,33.0,0,0.023,174.30769230769232,1.0638,0.074981
649,0.0135416666666666,0.1139201053443822,0.0020833333333333,0.5,1.0616745352745056,30.0,0,0.0,189.30769230769232,1.0638,0.129972
650,0.0135416666666666,0.1139201053443822,0.0020833333333333,0.516667,0.3030762672424316,29.0,0,0.012,109.07692307692308,2.1277,0.130119
651,0.0135416666666666,0.1139201053443822,0.0020833333333333,0.516667,0.583511471748352,27.0,0,0.004,108.3846153846154,2.1277,0.071713
652,0.0135416666666666,0.1139201053443822,0.0020833333333333,0.45,0.5528362095355988,26.0,0,0.0,177.53846153846155,1.4184,0.088709
653,0.0135416666666666,0.1087473947155868,0.0010416666666666,0.45,1.6534574031829834,23.0,0,0.0072,185.84615384615384,1.0638,0.086014
654,0.0124999999999999,0.1021173166912685,0.0010416666666666,0.5,0.7947368919849396,24.0,0,0.0,119.33333333333331,1.3093,0.087641
655,0.015625,0.130264876268805,0.003125,0.433333,0.2421092912554741,22.0,0,0.0,111.86666666666666,2.455,0.093944
656,0.0124999999999999,0.1021173166912685,0.0010416666666666,0.466667,0.5784285962581635,22.0,0,0.0139,72.66666666666667,1.3093,0.086483
657,0.0135557872784149,0.1088402696816117,0.0010427528675703,0.466667,0.311828464269638,21.0,0,0.0076,68.46153846153847,1.4199,0.082946
658,0.0125130344108446,0.1022048666932393,0.0010427528675703,0.533333,0.50213423371315,21.0,0,0.0902,116.08333333333331,1.3107,0.089851
659,0.0135557872784149,0.1140183741692484,0.0020855057351407,0.416667,0.2787391394376755,20.0,0,0.014,126.92307692307692,2.1299,0.091889
660,0.0135557872784149,0.1140183741692484,0.0020855057351407,0.483333,0.3997892290353775,19.0,0,0.0393,40.46153846153846,1.4199,0.065942
661,0.0135557872784149,0.1140183741692484,0.0020855057351407,0.466667,0.5792502462863922,21.0,0,0.0797,48.69230769230769,1.2171,0.075761
662,0.0135557872784149,0.1140183741692484,0.0020855057351407,0.533333,0.430184856057167,23.0,0,0.3923,146.15384615384616,1.0649,0.095781
663,0.0135557872784149,0.1119328684341077,0.0020855057351407,0.566667,0.3766954690217972,27.0,0,0.1534,95.46153846153848,1.0649,0.075548
664,0.0135557872784149,0.1282928474001244,0.013555787278415,0.616667,0.9773816466331482,28.0,0,0.7407,105.07692307692308,1.0649,0.070288
665,0.0135557872784149,0.1088402696816117,0.0010427528675703,0.683333,0.6678680777549744,29.0,0,0.7818,77.07692307692308,1.0649,0.072895
666,0.0135557872784149,0.1140183741692484,0.0020855057351407,0.583333,0.3176664113998413,27.0,0,0.4484,63.07692307692308,1.4199,0.096346
667,0.0135557872784149,0.1190595283466589,0.0031282586027111,0.566667,0.7624916434288025,23.0,0,0.6275,109.6923076923077,1.0649,0.069599
668,0.0125130344108446,0.1022048666932393,0.0010427528675703,0.583333,0.3271529823541641,25.0,0,0.3275,47.91666666666666,1.3107,0.071033
669,0.0135557872784149,0.1140183741692484,0.0020855057351407,0.583333,3.184379875659942,23.0,0,0.2768,84.0,1.0649,0.047234
670,0.0135557872784149,0.1140183741692484,0.0020855057351407,0.55,0.4409433752298355,21.0,0,0.1498,65.15384615384616,1.4199,0.086507
671,0.0135557872784149,0.1140183741692484,0.0020855057351407,0.533333,0.3262624442577362,22.0,0,0.0834,90.3076923076923,1.4199,0.094537
672,0.0135557872784149,0.1140183741692484,0.0020855057351407,0.566667,0.3363116532564163,19.0,0,0.136,40.38461538461539,2.1299,0.074012
673,0.0135557872784149,0.1140183741692484,0.0020855057351407,0.516667,0.6811819672584534,24.0,0,0.0352,145.23076923076923,1.0649,0.107445
674,0.0135557872784149,0.1140183741692484,0.0020855057351407,0.516667,0.3478089123964309,20.0,0,0.0105,60.38461538461539,1.4199,0.072038
675,0.0135557872784149,0.1140183741692484,0.0020855057351407,0.466667,0.2155596315860748,19.0,0,0.0,121.15384615384616,2.1299,0.079112
676,0.0208550573514076,0.1761766633014386,0.0093847758081334,0.533333,0.3680929392576217,20.0,0,0.0,62.2,2.1845,0.071772
677,0.0135557872784149,0.1140183741692484,0.0020855057351407,0.55,0.3924655169248581,20.0,0,0.0927,179.23076923076923,1.4199,0.085467
678,0.0135416666666666,0.1139201053443822,0.0020833333333333,0.516667,0.5770940780639648,22.0,0,0.0,122.92307692307692,1.0638,0.099298
679,0.0135416666666666,0.1139201053443822,0.0020833333333333,0.55,0.5726563930511475,20.0,0,0.0144,48.15384615384615,1.0638,0.064371
680,0.0135416666666666,0.1118367720110489,0.0020833333333333,0.616667,1.5858643054962158,21.0,0,0.0,78.3076923076923,1.0638,0.085657
681,0.0135416666666666,0.1139201053443822,0.0020833333333333,0.55,0.4894250184297561,24.0,0,0.0,83.3076923076923,1.2158,0.084015
682,0.01875,0.1587335024682176,0.0072916666666666,0.533333,0.256917268037796,23.0,0,0.0156,93.5,2.946,0.083975
683,0.0124999999999999,0.0969446060624731,0.0,0.55,0.2119190245866775,22.0,0,0.0,135.0,1.964,0.092416
684,0.0135416666666666,0.1139201053443822,0.0020833333333333,0.55,0.3546072542667389,23.0,0,0.0,76.23076923076923,1.4184,0.083343
685,0.015625,0.1354375868976004,0.0041666666666666,0.566667,1.5625005960464478,23.0,0,0.0,108.93333333333334,1.0911,0.083274
686,0.0208333333333333,0.1667770512448823,0.009375,0.483333,0.246518462896347,23.0,0,0.0,107.15,3.2733,0.11679
687,0.0135416666666666,0.1139201053443822,0.0020833333333333,0.483333,0.6422818899154663,23.0,0,0.0203,106.6923076923077,1.0638,0.092685
688,0.0145833333333332,0.125721307083437,0.003125,0.466667,0.9501452147960664,26.0,0,0.0224,127.14285714285714,1.1457,0.082101
689,0.0135416666666666,0.1139201053443822,0.0020833333333333,0.466667,0.2075929120182991,24.0,0,0.0,107.92307692307692,2.1277,0.086397
690,0.0135416666666666,0.1139201053443822,0.0020833333333333,0.533333,0.2518213540315628,24.0,0,0.5228,84.46153846153847,2.1277,0.09011
691,0.0135416666666666,0.1087473947155868,0.0010416666666666,0.516667,0.1627042219042778,24.0,0,0.1386,62.84615384615385,2.1277,0.069811
692,0.0135416666666666,0.1139201053443822,0.0020833333333333,0.5,0.7289807200431824,24.0,0,0.0,75.46153846153847,1.4184,0.080995
693,0.015625,0.1417435741944861,0.015625,0.483333,0.2141897827386856,24.0,0,0.2398,79.73333333333333,2.455,0.159163
694,0.0104166666666666,0.0955926763253956,0.0104166666666666,0.633333,0.0726172178983688,24.0,0,0.4992,75.6,1.6367,0.07847
695,0.03125,0.2367684696859916,0.0010416666666666,0.616667,1.2448530197143557,23.0,0,0.0159,14.833333333333334,2.1822,0.069652
696,0.0020833333333333,0.0236418370509553,0.0020833333333333,0.566667,0.1496664360165596,26.0,0,0.0107,99.0,0.3273,0.088512
697,0.0135416666666666,0.1139201053443822,0.0020833333333333,0.683333,0.3935058265924454,25.0,0,0.2678,97.6923076923077,1.0638,0.073779
698,0.003125,0.0333770700219285,0.003125,0.6,0.0972655899822712,23.0,0,0.5861,61.66666666666666,0.491,0.089273
699,0.0166666666666667,0.1443659352910687,0.0052083333333333,0.583333,0.082963939756155,26.0,0,0.2919,80.4375,2.6186,0.282702
700,0.0135416666666666,0.1139201053443822,0.0020833333333333,0.633333,0.2222972139716148,24.0,0,0.4505,87.46153846153847,1.0638,0.094869
701,0.0135416666666666,0.1087473947155868,0.0010416666666666,0.716667,0.2647528797388077,26.0,0,0.2636,72.61538461538461,2.1277,0.064641
702,0.0135416666666666,0.1139201053443822,0.0020833333333333,0.683333,0.3048651367425918,26.0,0,0.6314,59.92307692307692,1.4184,0.072941
703,0.0135416666666666,0.1139201053443822,0.0020833333333333,0.616667,0.771873950958252,26.0,0,0.4756,103.46153846153848,1.0638,0.067064
704,0.0145833333333332,0.125721307083437,0.003125,0.516667,0.7260677814483643,26.0,0,0.1676,122.85714285714286,1.5275,0.069402
705,0.0135416666666666,0.1118367720110489,0.0020833333333333,0.55,0.5441373586654663,29.0,0,0.0076,70.15384615384616,1.4184,0.069937
706,0.0135416666666666,0.1087473947155868,0.0010416666666666,0.616667,0.2620373368263244,26.0,0,0.0,87.38461538461539,2.1277,0.072136
707,0.0166666666666667,0.1522038756994327,0.0166666666666666,0.633333,0.5220265686511993,25.0,0,0.0289,55.85714285714285,1.1481,0.063043
708,0.0135416666666666,0.1139201053443822,0.0020833333333333,0.716667,0.2216572538018226,28.0,0,0.0,74.38461538461539,1.4184,0.081495
709,0.0678496868475991,0.4247643569065261,0.0031315240083507,0.7,0.2541104257106781,25.0,0,0.0076,69.36923076923077,7.107,0.058917
710,0.0135416666666666,0.1139201053443822,0.0020833333333333,0.666667,0.688838005065918,26.0,0,0.0,169.0,1.4184,0.086407
711,0.0135416666666666,0.1139201053443822,0.0020833333333333,0.55,0.1885790377855301,25.0,0,0.0,64.84615384615384,1.4184,0.0853
712,0.0135416666666666,0.1139201053443822,0.0020833333333333,0.65,1.6440902948379517,24.0,0,0.0064,193.84615384615384,1.0638,0.078839
713,0.0135416666666666,0.1139201053443822,0.0020833333333333,0.566667,0.4602469950914383,26.0,0,0.0,98.3076923076923,1.4184,0.067297
714,0.0135416666666666,0.1139201053443822,0.0020833333333333,0.55,0.5033773928880692,25.0,0,0.0,30.76923076923077,2.1277,0.055467
715,0.0135416666666666,0.1139201053443822,0.0020833333333333,0.55,0.3316773772239685,24.0,0,0.1045,124.92307692307692,1.4184,0.061407
716,0.0135416666666666,0.1118367720110489,0.0020833333333333,0.633333,0.3991385698318481,24.0,0,0.114,151.76923076923077,2.1277,0.059522
717,0.015625,0.1383901565394094,0.0052083333333333,0.516667,0.3439814150333404,24.0,0,0.2499,97.13333333333334,1.6367,0.058561
718,0.0135416666666666,0.1139201053443822,0.0020833333333333,0.65,0.051222750917077,24.0,0,0.0721,60.92307692307692,1.0638,0.118421
719,0.0135416666666666,0.1243927593079345,0.0135416666666666,0.616667,0.1724364385008812,22.0,0,0.1678,128.92307692307693,2.1277,0.060961
720,0.0135416666666666,0.1087473947155868,0.0010416666666666,0.6,0.0671237111091613,24.0,0,0.0,119.46153846153848,2.1277,0.080034
721,0.0135416666666666,0.1139201053443822,0.0020833333333333,0.533333,0.3429067432880401,26.0,0,0.0,50.92307692307692,2.1277,0.059502
722,0.0208333333333333,0.1803390825038968,0.009375,0.6,0.7842049300670624,24.0,0,0.0101,128.95,1.6367,0.057673
723,0.0135416666666666,0.1139201053443822,0.0020833333333333,0.733333,0.2791924998164177,26.0,0,0.0246,124.53846153846152,1.4184,0.060398
724,0.0135416666666666,0.1139201053443822,0.0020833333333333,0.55,0.4768645465373993,26.0,0,0.2451,156.69230769230768,1.0638,0.078871
725,0.0135416666666666,0.1139201053443822,0.0020833333333333,0.55,0.4222781211137771,26.0,0,0.343,73.15384615384616,1.0638,0.053857
726,0.0135416666666666,0.1087473947155868,0.0010416666666666,0.633333,0.5699534565210342,29.0,0,0.1445,195.7692307692308,1.0638,0.078504
727,0.0145833333333332,0.125721307083437,0.003125,0.566667,0.646303802728653,27.0,0,0.316,104.35714285714286,1.1457,0.048965
728,0.0020833333333333,0.0236418370509553,0.0020833333333333,0.6,0.2077499404549598,28.0,0,0.0896,125.5,0.3273,0.064107
729,0.0135416666666666,0.1139201053443822,0.0020833333333333,0.6,0.1908047050237655,27.0,0,0.3418,47.07692307692308,1.4184,0.062389
730,0.0124999999999999,0.1021173166912685,0.0010416666666666,0.7,0.4079607874155044,24.0,0,0.4638,115.66666666666669,1.964,0.055999
731,0.0135416666666666,0.1139201053443822,0.0020833333333333,0.566667,0.4074479639530182,26.0,0,0.0,70.23076923076923,1.4184,0.057128
732,0.0145833333333332,0.125721307083437,0.003125,0.583333,0.5170265287160873,26.0,0,0.2391,109.35714285714286,1.1457,0.061207
733,0.0135416666666666,0.1139201053443822,0.0020833333333333,0.55,0.2880298495292663,26.0,0,0.1169,113.3076923076923,2.1277,0.071678
734,0.0135416666666666,0.1139201053443822,0.0020833333333333,0.533333,0.2600328922271728,26.0,0,0.1682,89.15384615384616,2.1277,0.052836
735,0.0135416666666666,0.1118367720110489,0.0020833333333333,0.516667,0.5160780847072601,24.0,0,0.0,193.53846153846155,1.0638,0.087048
736,0.0135416666666666,0.1087473947155868,0.0010416666666666,0.533333,0.4042533189058304,24.0,0,0.0769,33.46153846153846,1.4184,0.051354
737,0.0135416666666666,0.1139201053443822,0.0020833333333333,0.516667,0.2533466815948486,27.0,0,0.0,101.15384615384616,2.1277,0.058276
738,0.0135416666666666,0.1217580457527462,0.0135416666666666,0.583333,0.3100937902927398,26.0,0,0.0608,53.30769230769231,1.4184,0.061697
739,0.0135416666666666,0.1289224630012645,0.0135416666666666,0.7,0.8636140823364258,27.0,0,0.0056,102.92307692307692,1.0638,0.064012
740,0.0135416666666666,0.1087473947155868,0.0010416666666666,0.633333,0.2905281484127044,26.0,0,0.007,59.0,1.4184,0.0596
741,0.0145833333333332,0.1400849376027286,0.0145833333333333,0.533333,0.396858885884285,29.0,0,0.0,63.92857142857143,1.5275,0.05745
742,0.015625,0.1354375868976004,0.0041666666666666,0.7,0.2509532198309898,26.0,0,0.0234,115.86666666666666,2.455,0.061743
743,0.0218749999999999,0.201711414959045,0.021875,0.633333,0.2827012687921524,28.0,0,0.1441,67.19047619047619,2.2913,0.070457
744,0.0458333333333332,0.3219843076213649,0.003125,0.95,0.2616093903779983,26.0,0,0.0841,43.77272727272727,7.2013,0.066139
745,0.0187695516162669,0.1597618286002717,0.0072992700729927,0.683333,0.2463435158133506,28.0,0,0.4708,69.27777777777777,1.966,0.066806
746,0.0145985401459853,0.1237447856620501,0.0031282586027111,0.683333,0.3445171862840652,29.0,0,0.5695,33.642857142857146,1.5291,0.066123
747,0.0145833333333332,0.1344736647403194,0.0145833333333333,0.866667,0.1160743087530136,29.0,0,0.7562,95.78571428571428,2.2913,0.134149
748,0.0041666666666666,0.0451940659943563,0.0041666666666666,0.833333,0.103176150470972,26.0,0,0.6517,94.25,0.6547,0.097161
749,0.0135416666666666,0.1139201053443822,0.0020833333333333,0.75,0.3022792190313339,27.0,0,1.0,102.46153846153848,1.4184,0.077107
750,0.0135416666666666,0.1217580457527462,0.0135416666666666,0.8,0.3456820547580719,31.0,0,0.4373,97.07692307692308,2.1277,0.183166
751,0.0083333333333333,0.0854099725133875,0.0083333333333333,0.716667,0.0940270684659481,26.0,0,0.55,70.875,1.3093,0.082556
752,0.0114583333333333,0.090312942798057,0.0,0.833333,0.2198906689882278,30.0,0,0.5985,152.0,1.2002,0.071776
753,0.0145833333333332,0.1236379737501037,0.003125,0.65,0.4261063933372497,27.0,0,0.74,75.0,1.5275,0.077058
754,0.0135416666666666,0.1118367720110489,0.0020833333333333,0.616667,0.468497946858406,24.0,0,0.4882,142.84615384615384,1.4184,0.063585
755,0.015625,0.1249667863446588,0.0020833333333333,0.7,0.4269658923149109,25.0,0,0.5348,43.0,1.2275,0.047728
756,0.0135416666666666,0.1118367720110489,0.0020833333333333,0.75,1.4129278063774109,24.0,0,0.4086,21.384615384615383,0.9456,0.046151
757,0.0145833333333332,0.1236379737501037,0.003125,0.633333,0.5942472070455551,24.0,0,0.5323,111.0,2.2913,0.057107
758,0.0114583333333333,0.090312942798057,0.0,0.666667,0.2511760517954826,25.0,0,0.0167,92.0,1.8003,0.057982
759,0.0135416666666666,0.1118367720110489,0.0020833333333333,0.533333,0.2498446330428123,24.0,0,0.3549,98.3076923076923,1.4184,0.054602
760,0.0145833333333332,0.1207682992686834,0.003125,0.533333,0.1757616549730301,22.0,0,0.3986,69.35714285714286,2.2913,0.048405
761,0.0135416666666666,0.1118367720110489,0.0020833333333333,0.566667,0.227857269346714,25.0,0,0.0736,31.46153846153846,1.2158,0.043593
762,0.0135416666666666,0.1118367720110489,0.0020833333333333,0.483333,0.4357513338327408,22.0,0,0.1498,64.3076923076923,1.4184,0.050373
763,0.0135416666666666,0.1118367720110489,0.0020833333333333,0.533333,0.3519173413515091,24.0,0,0.0302,148.69230769230768,1.0638,0.054221
764,0.0135416666666666,0.1118367720110489,0.0020833333333333,0.45,0.2959810942411423,26.0,0,0.4153,100.53846153846152,1.0638,0.048796
765,0.0135416666666666,0.1118367720110489,0.0020833333333333,0.55,1.5989616513252258,26.0,0,0.4842,91.0,1.0638,0.041021
766,0.0135416666666666,0.1118367720110489,0.0020833333333333,0.4,0.4022940099239349,27.0,0,0.0228,47.23076923076923,1.4184,0.050288
767,0.0135416666666666,0.1118367720110489,0.0020833333333333,0.416667,0.1827272698283195,27.0,0,0.0841,18.692307692307693,1.2158,0.043934
768,0.0135416666666666,0.1118367720110489,0.0020833333333333,0.483333,0.4432104825973511,27.0,0,0.2573,88.6923076923077,1.0638,0.051491
769,0.0145833333333332,0.1207682992686834,0.003125,0.566667,0.1487164944410324,30.0,0,0.2182,59.642857142857146,1.5275,0.047194
770,0.015625,0.1333542535642671,0.0041666666666666,0.433333,0.610244482755661,30.0,0,0.3466,138.8,1.2275,0.056088
771,0.0135416666666666,0.1118367720110489,0.0020833333333333,0.516667,0.4245830923318863,27.0,0,0.7744,49.38461538461539,1.0638,0.048008
772,0.0177083333333333,0.1506987073568244,0.00625,0.466667,0.2634929493069649,27.0,0,0.538,109.82352941176472,2.7823,0.053502
773,0.0135416666666666,0.1118367720110489,0.0020833333333333,0.6,0.0679188668727874,28.0,0,0.8437,67.3076923076923,1.0638,0.120679
774,0.0135416666666666,0.1118367720110489,0.0020833333333333,0.483333,0.1852750703692436,26.0,0,0.296,71.23076923076923,2.1277,0.051923
775,0.0145833333333332,0.1236379737501037,0.003125,0.466667,0.0592801496386528,26.0,0,0.5148,143.64285714285714,2.2913,0.07171
776,0.0135416666666666,0.1034493047914406,0.0,0.45,0.9663334786891936,28.0,0,0.4093,55.0,1.0638,0.048733
777,0.0135416666666666,0.1140030005047709,0.003125,0.433333,0.5619914829730988,28.0,0,0.0101,64.53846153846153,1.0638,0.053424
778,0.0135416666666666,0.1118367720110489,0.0020833333333333,0.466667,1.0808480381965635,25.0,0,0.5627,104.6153846153846,1.0638,0.054888
779,0.0135416666666666,0.1118367720110489,0.0020833333333333,0.533333,0.168253019452095,26.0,0,0.024,42.15384615384615,2.1277,0.04045
780,0.0135416666666666,0.1118367720110489,0.0020833333333333,0.483333,0.2229295447468757,25.0,0,0.2692,71.53846153846153,2.1277,0.042608
781,0.0135416666666666,0.1118367720110489,0.0020833333333333,0.45,0.1004623733460903,25.0,0,0.0293,98.23076923076924,1.2158,0.052169
782,0.0135416666666666,0.1118367720110489,0.0020833333333333,0.383333,0.0101121144834905,25.0,0,0.2413,94.53846153846152,1.4184,0.057107
783,0.0114583333333333,0.090312942798057,0.0,0.4,0.2837762832641601,25.0,0,0.7756,103.0,1.2002,0.038778
784,0.0135416666666666,0.1118367720110489,0.0020833333333333,0.433333,0.0775116197764873,29.0,0,0.7506,79.3076923076923,1.0638,0.105627
785,0.0020833333333333,0.0215585037176219,0.0020833333333333,0.416667,0.3436478674411773,26.0,0,0.1,153.0,0.1637,0.045605
786,0.0135416666666666,0.1118367720110489,0.0020833333333333,0.45,0.1437149494886398,25.0,0,0.5826,66.46153846153847,2.1277,0.051963
787,0.0135416666666666,0.1139201053443822,0.0020833333333333,0.433333,0.1316083297133445,25.0,0,0.0788,51.84615384615385,1.0638,0.037991
788,0.0135416666666666,0.1118367720110489,0.0020833333333333,0.433333,1.4368368983268738,23.0,0,0.4395,63.30769230769231,1.4184,0.042929
789,0.0135416666666666,0.1118367720110489,0.0020833333333333,0.433333,0.0831660442054271,23.0,0,0.0185,99.84615384615384,1.4184,0.043415
790,0.0135416666666666,0.1139201053443822,0.0020833333333333,0.466667,0.4823371171951294,23.0,0,0.1255,70.0,1.4184,0.029512
791,0.0166666666666667,0.1519689147732008,0.0166666666666666,0.45,0.2626897767186165,24.0,0,0.0,94.6875,1.3093,0.037429
792,0.0114583333333333,0.090312942798057,0.0,0.5,0.1237187907099723,24.0,0,0.0,134.0,0.9002,0.056326
793,0.0135416666666666,0.1118367720110489,0.0020833333333333,0.483333,0.0722327530384063,24.0,0,0.0,117.3846153846154,1.0638,0.046888
794,0.0135416666666666,0.1034493047914406,0.0,0.433333,0.0607956945896148,25.0,0,0.0,89.0,1.2158,0.040428
795,0.0135416666666666,0.1118367720110489,0.0020833333333333,0.433333,0.2063547521829605,23.0,0,0.0,52.30769230769231,1.0638,0.04505
796,0.0135416666666666,0.1118367720110489,0.0020833333333333,0.383333,0.234514869749546,24.0,0,0.0,81.76923076923077,1.4184,0.046774
797,0.0135416666666666,0.1118367720110489,0.0020833333333333,0.4,0.231705941259861,23.0,0,0.0281,47.53846153846154,1.4184,0.041462
798,0.0114583333333333,0.090312942798057,0.0,0.416667,0.3427111953496933,26.0,0,0.0,102.0,1.0288,0.045292
799,0.0135416666666666,0.1118367720110489,0.0020833333333333,0.45,0.220847986638546,25.0,0,0.0049,98.6923076923077,1.0638,0.046883
800,0.0135416666666666,0.1118367720110489,0.0020833333333333,0.383333,0.5847014337778091,29.0,0,0.1308,80.92307692307692,1.0638,0.039156
801,0.0020833333333333,0.0215585037176219,0.0020833333333333,0.383333,0.0291700875386595,28.0,0,0.0324,152.0,0.2182,0.045705
802,0.0135416666666666,0.1118367720110489,0.0020833333333333,0.416667,0.1215042769908905,31.0,0,0.0374,94.84615384615384,1.4184,0.050604
803,0.0166666666666667,0.1422826019577353,0.0052083333333333,0.4,0.1157112941145896,33.0,0,0.0393,149.5625,1.7458,0.070794
804,0.0135416666666666,0.1118367720110489,0.0020833333333333,0.433333,0.0038431916618719,37.0,0,0.1072,94.84615384615384,1.0638,0.057439
805,0.0135416666666666,0.1118367720110489,0.0020833333333333,0.416667,3.749052666535136e-05,35.0,0,0.0,160.15384615384616,1.0638,0.117316
806,0.0135416666666666,0.1118367720110489,0.0020833333333333,0.416667,1.0609559416770935,39.0,0,0.4547,86.84615384615384,1.0638,0.031033
807,0.0135416666666666,0.1118367720110489,0.0020833333333333,0.45,0.2535100355744362,34.0,0,0.5229,104.92307692307692,1.0638,0.056673
808,0.0135416666666666,0.1118367720110489,0.0020833333333333,0.4,0.0095923165790736,31.0,0,0.1509,186.15384615384616,1.0638,0.065199
809,0.0270833333333333,0.2150178799526136,0.0020833333333333,0.433333,0.0267369458451867,32.0,0,0.0246,79.15384615384616,2.8369,0.04409
810,0.0135416666666666,0.1118367720110489,0.0020833333333333,0.483333,0.0033588408805371,33.0,0,0.0072,166.07692307692307,1.0638,0.11056
811,0.0135416666666666,0.1118367720110489,0.0020833333333333,0.45,0.028980404138565,34.0,0,0.4155,148.15384615384616,1.0638,0.056392
812,0.0135416666666666,0.1034493047914406,0.0,0.45,0.0065974830649793,39.0,0,0.616,127.0,1.4184,0.053655
813,0.0135416666666666,0.1118367720110489,0.0020833333333333,0.45,2.6545668840408325,42.0,0,0.3422,117.84615384615384,1.0638,0.054465
814,0.0177083333333333,0.1506987073568244,0.00625,0.466667,0.2743018120527267,43.0,0,0.6912,108.70588235294116,1.3912,0.056421
815,0.0135416666666666,0.1087473947155868,0.0010416666666666,0.466667,0.2659332007169723,41.0,0,0.3757,59.46153846153846,1.0638,0.04009
816,0.0135416666666666,0.1196747124194129,0.0135416666666666,0.45,0.4545552129857242,41.0,0,0.0348,163.23076923076923,1.0638,0.099882
817,0.0135416666666666,0.1034493047914406,0.0,0.45,1.6974449753761292,44.0,0,0.2811,138.0,1.0638,0.03892
818,0.0135416666666666,0.1139201053443822,0.0020833333333333,0.45,0.2394507825374603,47.0,0,0.1522,104.92307692307692,1.0638,0.044249
819,0.0135416666666666,0.1196747124194129,0.0135416666666666,0.433333,0.0488694831728935,42.0,0,0.0481,109.46153846153848,2.1277,0.050363
820,0.0135416666666666,0.1118367720110489,0.0020833333333333,0.533333,0.0365402465686202,43.0,0,0.0053,122.3076923076923,2.1277,0.051585
821,0.0177083333333333,0.1506987073568244,0.00625,0.516667,0.3787042945623398,47.0,0,0.3967,88.52941176470588,2.7823,0.03989
822,0.0135416666666666,0.1118367720110489,0.0020833333333333,0.45,0.4525115936994552,43.0,0,0.1616,87.38461538461539,1.0638,0.038581
823,0.0135416666666666,0.1118367720110489,0.0020833333333333,0.45,0.0027129254303872,38.0,0,0.134,87.15384615384616,1.0638,0.047015
824,0.0135416666666666,0.1118367720110489,0.0020833333333333,0.483333,0.020942679606378,40.0,0,0.0,153.92307692307693,1.4184,0.064322
825,0.0197916666666666,0.1664641042680077,0.0083333333333333,0.5,0.7521895170211792,40.0,0,0.1115,103.89473684210526,1.5548,0.05447
826,0.0135416666666666,0.1118367720110489,0.0020833333333333,0.55,0.1304884850978851,37.0,0,0.1359,146.84615384615384,1.0638,0.047935
827,0.0135416666666666,0.1118367720110489,0.0020833333333333,0.433333,0.0001826006646297,38.0,0,0.0,201.3846153846154,1.0638,0.107567
828,0.0145833333333332,0.1236379737501037,0.003125,0.483333,0.1554904729127884,42.0,0,0.2827,125.21428571428572,2.2913,0.045946
829,0.0135416666666666,0.1118367720110489,0.0020833333333333,0.433333,0.991479367017746,39.0,0,0.3659,87.6923076923077,1.0638,0.03421
830,0.0135416666666666,0.1118367720110489,0.0020833333333333,0.416667,0.0352360056713223,38.0,0,0.0,106.6923076923077,1.2158,0.045372
831,0.0135416666666666,0.1118367720110489,0.0020833333333333,0.433333,0.7453531622886658,43.0,0,0.2395,117.46153846153848,1.0638,0.039224
832,0.0572916666666666,0.3701858734782247,0.0020833333333333,0.433333,0.3170493841171264,41.0,0,0.0742,56.30909090909091,4.5008,0.041178
833,0.0135416666666666,0.1168726749861912,0.003125,0.466667,0.0733366757631301,39.0,0,0.0281,84.0,1.4184,0.043902
834,0.0135416666666666,0.1118367720110489,0.0020833333333333,0.4,0.0285378387197852,38.0,0,0.0,131.53846153846155,2.1277,0.04371
835,0.0135416666666666,0.1118367720110489,0.0020833333333333,0.45,2.354755103588104,37.0,0,0.1437,83.23076923076923,1.0638,0.032384
836,0.0135416666666666,0.1118367720110489,0.0020833333333333,0.45,0.8374431431293488,35.0,0,0.0,88.92307692307692,1.4184,0.037963
837,0.0135416666666666,0.1118367720110489,0.0020833333333333,0.45,0.1273836307227611,33.0,0,0.0,98.46153846153848,1.4184,0.047532
838,0.0135416666666666,0.1118367720110489,0.0020833333333333,0.433333,0.7081303894519806,33.0,0,0.0,79.84615384615384,1.0638,0.035175
839,0.0135416666666666,0.1118367720110489,0.0020833333333333,0.416667,0.2314014434814453,30.0,0,0.3056,122.07692307692308,2.1277,0.044887
840,0.0135416666666666,0.1118367720110489,0.0020833333333333,0.45,0.5952499806880951,32.0,0,0.5826,89.53846153846153,2.1277,0.03428
841,0.0135416666666666,0.1118367720110489,0.0020833333333333,0.416667,0.7145608961582184,30.0,0,0.2906,35.0,1.0638,0.032428
842,0.0145833333333332,0.1236379737501037,0.003125,0.466667,0.2761749029159546,33.0,0,0.118,76.71428571428571,1.1457,0.038148
843,0.0135416666666666,0.1118367720110489,0.0020833333333333,0.483333,0.2636032551527023,37.0,0,0.4,161.53846153846155,1.0638,0.044195
844,0.0114583333333333,0.098150883206421,0.0114583333333333,0.5,0.4841319173574447,36.0,0,0.0078,89.36363636363636,1.8003,0.032357
845,0.0135416666666666,0.1118367720110489,0.0020833333333333,0.516667,0.1937896385788917,34.0,0,0.0,117.46153846153848,1.4184,0.045479
846,0.0135416666666666,0.1118367720110489,0.0020833333333333,0.433333,0.4404312670230865,35.0,0,0.301,101.23076923076924,2.1277,0.048581
847,0.0218749999999999,0.1812018109711179,0.0104166666666666,0.533333,0.3708987087011337,35.0,0,0.1438,95.9047619047619,1.7185,0.041242
848,0.0135416666666666,0.1034493047914406,0.0,0.55,0.0800478383898735,32.0,0,0.0,145.0,2.1277,0.049418
849,0.0135416666666666,0.1118367720110489,0.0020833333333333,0.516667,0.1300203315913677,30.0,0,0.0,134.3846153846154,1.0638,0.059854
850,0.0239583333333333,0.1951736826496206,0.0020833333333333,0.516667,0.3254916369915008,30.0,0,0.2413,100.69565217391305,2.5095,0.049289
851,0.0135416666666666,0.1118367720110489,0.0020833333333333,0.516667,0.145275093615055,29.0,0,0.0,111.3076923076923,2.1277,0.040837
852,0.0135416666666666,0.1118367720110489,0.0020833333333333,0.433333,0.2736938595771789,27.0,0,0.0,73.15384615384616,1.4184,0.041828
853,0.0135416666666666,0.1118367720110489,0.0020833333333333,0.483333,1.2515869140625,25.0,0,0.064,59.30769230769231,1.0638,0.044728
854,0.0166666666666667,0.1399795658103602,0.0041666666666666,0.483333,0.1962921768426895,24.0,0,0.3183,59.5,2.6186,0.048668
855,0.0354166666666666,0.2632442033352444,0.0020833333333333,0.516667,0.2098225355148315,25.0,0,0.0346,111.70588235294116,5.5646,0.047577
856,0.0020833333333333,0.0215585037176219,0.0020833333333333,0.516667,0.6500061750411987,24.0,0,0.3638,76.0,0.1637,0.045031
857,0.0135416666666666,0.1118367720110489,0.0020833333333333,0.466667,0.2007530331611633,24.0,0,0.0588,84.92307692307692,2.1277,0.048405
858,0.0135416666666666,0.1118367720110489,0.0020833333333333,0.433333,0.3096669465303421,25.0,0,0.0156,133.15384615384616,2.1277,0.053533
859,0.0135416666666666,0.1118367720110489,0.0020833333333333,0.45,0.4222727864980697,25.0,0,0.4025,68.46153846153847,1.4184,0.051695
860,0.0135416666666666,0.1168726749861912,0.003125,0.483333,0.3742278218269348,24.0,0,0.0272,99.92307692307692,1.2158,0.057829
861,0.0135416666666666,0.1118367720110489,0.0020833333333333,0.483333,0.1975175142288208,22.0,0,0.049,115.0,1.2158,0.052595
862,0.0135416666666666,0.1118367720110489,0.0020833333333333,0.5,0.2254015505313873,22.0,0,0.2716,96.92307692307692,1.4184,0.054307
863,0.0114583333333333,0.090312942798057,0.0,0.45,0.3743403702974319,21.0,0,0.0769,80.0,1.2002,0.053479
864,0.0135416666666666,0.1118367720110489,0.0020833333333333,0.383333,0.3240422308444977,21.0,0,0.0101,156.69230769230768,1.0638,0.05996
865,0.0135416666666666,0.1118367720110489,0.0020833333333333,0.45,0.500281572341919,22.0,0,0.0,103.07692307692308,1.4184,0.04758
866,0.0135416666666666,0.1118367720110489,0.0020833333333333,0.416667,0.2213317081332206,23.0,0,0.0,141.76923076923077,1.4184,0.055329
867,0.0135416666666666,0.1118367720110489,0.0020833333333333,0.466667,0.274061918258667,22.0,0,0.0,45.92307692307692,1.0638,0.042152
868,0.0135416666666666,0.1118367720110489,0.0020833333333333,0.45,0.0445440802723169,26.0,0,0.005,34.46153846153846,1.0638,0.050842
869,0.0135416666666666,0.1139201053443822,0.0020833333333333,0.5,0.0103839132934808,24.0,0,0.0578,77.6923076923077,1.0638,0.113429
870,0.009375,0.0766207197112512,0.009375,0.466667,0.1001796163618564,22.0,0,0.0,15.0,1.473,0.040994
871,0.0135416666666666,0.1118367720110489,0.0020833333333333,0.466667,0.0874616838991642,23.0,0,0.0187,84.3076923076923,1.4184,0.079096
872,0.0135416666666666,0.1139201053443822,0.0020833333333333,0.433333,0.2352611050009727,24.0,0,0.036,98.46153846153848,2.1277,0.063216
873,0.0135416666666666,0.1196747124194129,0.0135416666666666,0.466667,0.0395699013024568,25.0,0,0.0,23.46153846153846,2.1277,0.045694
874,0.015625,0.1354375868976004,0.0041666666666666,0.5,0.3378235399723053,24.0,0,0.0,80.26666666666667,1.2275,0.046718
875,0.0135416666666666,0.1196747124194129,0.0135416666666666,0.533333,0.2142033204436302,26.0,0,0.0,74.92307692307692,1.4184,0.054553
876,0.0020833333333333,0.0236418370509553,0.0020833333333333,0.55,0.3277922123670578,27.0,0,0.0,96.5,0.2182,0.056295
877,0.015625,0.1291875868976004,0.0041666666666666,0.533333,0.1388024017214775,27.0,0,0.0,83.86666666666666,2.455,0.052558
878,0.0145833333333332,0.1184652631213083,0.0020833333333333,0.55,0.397362008690834,30.0,0,0.0,95.57142857142856,1.3093,0.062412
879,0.0135416666666666,0.1139201053443822,0.0020833333333333,0.483333,0.1290365532040596,27.0,0,0.1037,58.76923076923077,2.1277,0.059798
880,0.0135416666666666,0.1217580457527462,0.0135416666666666,0.533333,0.1987871676683426,28.0,0,0.7133,61.46153846153846,1.4184,0.05367
881,0.0114583333333333,0.098150883206421,0.0114583333333333,0.533333,0.1894505098462104,30.0,0,0.4422,125.36363636363636,1.2002,0.062616
882,0.0135416666666666,0.1118367720110489,0.0020833333333333,0.583333,0.0796077586710453,30.0,0,0.6702,124.53846153846152,2.1277,0.059265
883,0.0124999999999999,0.1021173166912685,0.0010416666666666,0.466667,0.0877595730125904,31.0,0,0.9143,79.08333333333333,1.964,0.087771
884,0.0114583333333333,0.090312942798057,0.0,0.533333,0.0906214565038681,31.0,0,0.5849,110.0,1.8003,0.056787
885,0.0114583333333333,0.090312942798057,0.0,0.433333,0.4190319925546646,30.0,0,0.7981,99.0,1.2002,0.051068
886,0.0135416666666666,0.1118367720110489,0.0020833333333333,0.566667,0.0900976918637752,31.0,0,0.5015,109.6923076923077,2.1277,0.226399
887,0.0135416666666666,0.1118367720110489,0.0020833333333333,0.5,0.0165491825900971,32.0,0,0.039,132.46153846153845,2.1277,0.078245
888,0.0135416666666666,0.1118367720110489,0.0020833333333333,0.516667,0.2884939908981323,31.0,0,0.206,109.92307692307692,1.4184,0.048434
889,0.0135416666666666,0.1118367720110489,0.0020833333333333,0.5,0.0316582843661308,28.0,0,0.0,142.92307692307693,1.2158,0.065264
890,0.0135416666666666,0.1034493047914406,0.0,0.483333,0.0048300209455192,30.0,0,0.0871,138.0,1.0638,0.069319
891,0.0135416666666666,0.1118367720110489,0.0020833333333333,0.466667,0.0417098011821508,30.0,0,0.1701,172.76923076923077,1.0638,0.066484
892,0.0135416666666666,0.1118367720110489,0.0020833333333333,0.466667,0.0270498199388384,31.0,0,0.018,42.15384615384615,2.1277,0.050898
893,0.0135416666666666,0.1118367720110489,0.0020833333333333,0.45,0.0042635311838239,29.0,0,0.0,145.92307692307693,2.1277,0.061877
894,0.0135416666666666,0.1118367720110489,0.0020833333333333,0.466667,0.0007624103163834,29.0,0,0.0,94.0,1.0638,0.055033
895,0.0135416666666666,0.1118367720110489,0.0020833333333333,0.483333,0.0960842929780483,29.0,0,0.1076,141.69230769230768,1.0638,0.060336
896,0.0135416666666666,0.1118367720110489,0.0020833333333333,0.433333,0.0230046724900603,28.0,0,0.0524,81.6923076923077,1.0638,0.044676
897,0.0135416666666666,0.1118367720110489,0.0020833333333333,0.466667,0.0491665434092283,28.0,0,0.0,34.38461538461539,1.4184,0.026285
898,0.015625,0.1333542535642671,0.0041666666666666,0.45,0.1737387552857399,26.0,0,0.0,65.73333333333333,1.6367,0.042795
899,0.0135416666666666,0.1118367720110489,0.0020833333333333,0.466667,0.1075236722826957,25.0,0,0.0,156.76923076923077,1.2158,0.049748
900,0.0135416666666666,0.1118367720110489,0.0020833333333333,0.433333,0.2878783047199249,23.0,0,0.0,32.07692307692308,1.4184,0.040819
901,0.0145833333333332,0.1184652631213083,0.0020833333333333,0.416667,0.2128520235419273,23.0,0,0.0,103.42857142857144,1.1457,0.046361
902,0.0135416666666666,0.1118367720110489,0.0020833333333333,0.45,0.9225603640079498,26.0,0,0.0421,106.46153846153848,1.4184,0.042548
903,0.0135416666666666,0.1118367720110489,0.0020833333333333,0.483333,0.0071302179712802,24.0,0,0.0,120.84615384615384,1.4184,0.034165
904,0.0135416666666666,0.1118367720110489,0.0020833333333333,0.466667,0.019167551305145,29.0,0,0.0418,106.3846153846154,1.0638,0.051748
905,0.0135416666666666,0.1118367720110489,0.0020833333333333,0.416667,0.7592033445835114,33.0,0,0.0,113.0,0.9456,0.04911
906,0.0135416666666666,0.1118367720110489,0.0020833333333333,0.433333,0.1563435792922973,36.0,0,0.0388,93.15384615384616,1.0638,0.045967
907,0.0135416666666666,0.1118367720110489,0.0020833333333333,0.45,0.5340335071086884,40.0,0,0.0,94.6153846153846,1.4184,0.042009
908,0.0135416666666666,0.1118367720110489,0.0020833333333333,0.4,0.0286373188719153,41.0,0,0.0597,133.07692307692307,1.0638,0.036276
909,0.0135416666666666,0.1118367720110489,0.0020833333333333,0.466667,0.8898676335811615,40.0,0,0.0222,154.92307692307693,1.0638,0.049073
910,0.0135416666666666,0.1118367720110489,0.0020833333333333,0.416667,0.388821616768837,42.0,0,0.1021,144.76923076923077,1.0638,0.040124
911,0.0135416666666666,0.1034493047914406,0.0,0.466667,0.002248580858577,39.0,0,0.0065,154.0,1.0638,0.133944
912,0.0135416666666666,0.1118367720110489,0.0020833333333333,0.416667,0.5268186777830124,42.0,0,0.0,105.0,0.9456,0.037938
913,0.025,0.2097609598292918,0.0135416666666666,0.416667,0.5789580345153809,42.0,0,0.2113,59.625,1.964,0.040309
914,0.0114583333333333,0.0953488457731993,0.0010416666666666,0.516667,0.6365785300731659,41.0,0,0.2427,79.36363636363636,0.9002,0.040099
915,0.0135416666666666,0.1118367720110489,0.0020833333333333,0.466667,0.2339480295777321,36.0,0,0.1161,82.23076923076923,1.4184,0.038402
916,0.0135416666666666,0.1118367720110489,0.0020833333333333,0.383333,1.4788877964019775,32.0,0,0.4818,66.76923076923077,1.4184,0.039254
917,0.0020833333333333,0.0215585037176219,0.0020833333333333,0.4,0.2971955388784408,29.0,0,0.3432,112.0,0.2182,0.036705
918,0.0135416666666666,0.1118367720110489,0.0020833333333333,0.45,0.2508056312799454,30.0,0,0.0297,103.07692307692308,2.1277,0.040017
919,0.0145833333333332,0.1236379737501037,0.003125,0.4,0.2568271793425083,29.0,0,0.0,117.28571428571428,1.5275,0.038897
920,0.0135416666666666,0.1118367720110489,0.0020833333333333,0.466667,0.2828161716461181,31.0,0,0.1459,101.23076923076924,2.1277,0.039075
921,0.0135416666666666,0.1118367720110489,0.0020833333333333,0.466667,0.0096430672565475,29.0,0,0.0555,165.84615384615384,1.0638,0.06069
922,0.0135416666666666,0.1118367720110489,0.0020833333333333,0.466667,0.0205638837069273,29.0,0,0.0,182.30769230769232,2.1277,0.061985
923,0.0135416666666666,0.1118367720110489,0.0020833333333333,0.45,0.1070605292916297,26.0,0,0.0429,96.3076923076923,1.2158,0.031488
924,0.0135416666666666,0.1118367720110489,0.0020833333333333,0.45,0.0004709952481789,31.0,0,0.0,160.15384615384616,1.0638,0.089134
925,0.0135416666666666,0.1118367720110489,0.0020833333333333,0.45,0.0395967718213796,32.0,0,0.0,104.6153846153846,1.4184,0.035878
926,0.0135416666666666,0.1118367720110489,0.0020833333333333,0.416667,0.008438941091299,29.0,0,0.0143,95.23076923076924,1.0638,0.054255
927,0.0135416666666666,0.1118367720110489,0.0020833333333333,0.416667,0.0371214961633086,30.0,0,0.0285,117.3846153846154,1.0638,0.049734
928,0.0135416666666666,0.1118367720110489,0.0020833333333333,0.4,0.9915006756782532,29.0,0,0.0,100.6923076923077,1.4184,0.046455
929,0.0135416666666666,0.1118367720110489,0.0020833333333333,0.433333,1.2917615473270416,28.0,0,0.0,111.07692307692308,1.4184,0.052758
930,0.0135416666666666,0.1118367720110489,0.0020833333333333,0.433333,0.0020065441494807,27.0,0,0.0,124.23076923076924,1.4184,0.048491
931,0.0135416666666666,0.1118367720110489,0.0020833333333333,0.466667,1.0735274851322174,28.0,0,0.0,52.07692307692308,1.0638,0.039122
932,0.0135416666666666,0.1118367720110489,0.0020833333333333,0.433333,0.921956941485405,25.0,0,0.0,106.3846153846154,1.0638,0.040301
933,0.0135416666666666,0.1034493047914406,0.0,0.433333,0.158854529261589,24.0,0,0.0,68.0,1.4184,0.045212
934,0.0114583333333333,0.090312942798057,0.0,0.4,0.0139897719491273,24.0,0,0.0,98.0,1.8003,0.07471
935,0.0135416666666666,0.1118367720110489,0.0020833333333333,0.4,0.0004655229131458,25.0,0,0.0,99.84615384615384,1.4184,0.053348
936,0.0135416666666666,0.1118367720110489,0.0020833333333333,0.4,0.0051123009761795,26.0,0,0.0228,109.6923076923077,1.4184,0.047109
937,0.0135416666666666,0.1118367720110489,0.0020833333333333,0.416667,0.1693519204854965,25.0,0,0.0,160.6153846153846,2.1277,0.051276
938,0.0135416666666666,0.1168726749861912,0.003125,0.45,0.2455131784081459,27.0,0,0.0,78.6923076923077,0.9456,0.041297
939,0.0135416666666666,0.1118367720110489,0.0020833333333333,0.45,0.1305929683148861,28.0,0,0.0569,160.0,1.0638,0.06168
940,0.0135416666666666,0.1118367720110489,0.0020833333333333,0.433333,1.0843027234077454,30.0,0,0.2144,36.38461538461539,1.4184,0.03524
941,0.0135416666666666,0.1118367720110489,0.0020833333333333,0.5,0.1529044806957245,30.0,0,0.3719,52.61538461538461,1.0638,0.037914
942,0.0135416666666666,0.1034493047914406,0.0,0.5,0.2050972059369087,30.0,0,0.0054,84.0,0.9456,0.037768
943,0.0135416666666666,0.1118367720110489,0.0020833333333333,0.433333,0.4889323115348816,33.0,0,0.0336,109.3076923076923,1.0638,0.041379
944,0.0135416666666666,0.1118367720110489,0.0020833333333333,0.466667,0.1422877795994281,32.0,0,0.0904,103.6923076923077,1.4184,0.039125
945,0.0135416666666666,0.1118367720110489,0.0020833333333333,0.45,0.1891235262155532,32.0,0,0.2713,64.3076923076923,1.4184,0.033979
946,0.0135416666666666,0.1034493047914406,0.0,0.45,0.0151166492141783,33.0,0,0.0316,144.0,1.0638,0.057794
947,0.0135557872784149,0.1119328684341077,0.0020855057351407,0.433333,0.0517040882259607,29.0,0,0.007,63.23076923076923,1.4199,0.031957
948,0.0135557872784149,0.1035366551590045,0.0,0.433333,0.1107454597949981,27.0,0,0.2016,145.0,2.1299,0.052658
949,0.0145985401459853,0.1237447856620501,0.0031282586027111,0.416667,0.2452887371182441,30.0,0,0.0373,126.07142857142856,2.2937,0.04079
950,0.0135557872784149,0.1119328684341077,0.0020855057351407,0.466667,0.0075084874406456,28.0,0,0.0107,139.07692307692307,2.1299,0.059647
951,0.0145985401459853,0.1237447856620501,0.0031282586027111,0.45,0.1736742295324802,26.0,0,0.1026,116.92857142857144,2.2937,0.045505
952,0.0135557872784149,0.1119328684341077,0.0020855057351407,0.433333,0.10042679682374,24.0,0,0.0929,123.46153846153848,1.4199,0.041668
953,0.0135557872784149,0.1119328684341077,0.0020855057351407,0.416667,0.0879571251571178,22.0,0,0.2689,92.3846153846154,2.1299,0.039357
954,0.0135557872784149,0.1119328684341077,0.0020855057351407,0.366667,0.0656960885971784,22.0,0,0.3372,128.69230769230768,1.2171,0.05248
955,0.0020855057351407,0.0215778448897403,0.0020855057351407,0.383333,0.1224963329732418,23.0,0,0.6072,99.0,0.2184,0.037542
956,0.0135557872784149,0.1119328684341077,0.0020855057351407,0.416667,0.1231114082038402,22.0,0,0.4231,75.6923076923077,1.4199,0.040599
957,0.0145985401459853,0.1237447856620501,0.0031282586027111,0.416667,0.2646991014480591,25.0,0,0.4488,83.57142857142857,1.5291,0.034914
958,0.0135557872784149,0.1119328684341077,0.0020855057351407,0.433333,0.0253919074311852,24.0,0,0.1096,59.15384615384615,1.4199,0.049809
959,0.0135557872784149,0.1119328684341077,0.0020855057351407,0.383333,2.5586938858032227,29.0,0,0.1964,153.53846153846155,0.9466,0.034897
960,0.0135557872784149,0.1119328684341077,0.0020855057351407,0.433333,0.4228026866912842,22.0,0,0.4149,64.07692307692308,1.4199,0.040769
961,0.0229405630865484,0.1902839362028734,0.0114702815432742,0.433333,0.1884948462247848,22.0,0,0.6951,107.3181818181818,2.4029,0.05266
962,0.0135557872784149,0.1035366551590045,0.0,0.483333,0.050465777516365,22.0,0,0.5638,56.0,1.4199,0.043582
963,0.0135557872784149,0.1119328684341077,0.0020855057351407,0.4,0.0563599504530429,25.0,0,0.7126,126.07692307692308,2.1299,0.048196
964,0.0135557872784149,0.1119328684341077,0.0020855057351407,0.433333,0.1998316943645477,20.0,0,0.5906,146.3846153846154,2.1299,0.051442
965,0.0135557872784149,0.1035366551590045,0.0,0.4,0.0790656097233295,21.0,0,0.3916,99.0,2.1299,0.043046
966,0.0135557872784149,0.1119328684341077,0.0020855057351407,0.45,1.1473124623298645,28.0,0,0.6372,98.84615384615384,1.0649,0.055892
967,0.0135557872784149,0.1119328684341077,0.0020855057351407,0.366667,0.1676248423755169,25.0,0,0.2469,83.6923076923077,1.4199,0.043925
968,0.0135557872784149,0.1119328684341077,0.0020855057351407,0.483333,0.0176996611990034,27.0,0,0.0625,40.23076923076923,1.4199,0.06662
969,0.0135557872784149,0.1119328684341077,0.0020855057351407,0.45,0.0629924163222312,27.0,0,0.0797,32.23076923076923,1.2171,0.039536
970,0.0135557872784149,0.1119328684341077,0.0020855057351407,0.45,0.0059716590330936,27.0,0,0.0304,34.53846153846154,1.4199,0.061235
971,0.0135557872784149,0.1119328684341077,0.0020855057351407,0.416667,0.009704845957458,30.0,0,0.0352,122.0,1.0649,0.049867
972,0.0135557872784149,0.1119328684341077,0.0020855057351407,0.416667,0.049411304295063,27.0,0,0.0,98.23076923076924,1.4199,0.047029
973,0.0135557872784149,0.1119328684341077,0.0020855057351407,0.466667,0.3111234977841377,27.0,0,0.0,110.07692307692308,1.0649,0.060833
974,0.0135557872784149,0.1119328684341077,0.0020855057351407,0.433333,0.592015266418457,27.0,0,0.0078,153.30769230769232,2.1299,0.045937
975,0.0135557872784149,0.1119328684341077,0.0020855057351407,0.433333,0.0994101390242576,27.0,0,0.0,42.84615384615385,1.2171,0.048274
976,0.0135557872784149,0.1119328684341077,0.0020855057351407,0.466667,4.950203895568848,29.0,0,0.0,85.46153846153847,1.0649,0.046128
977,0.0135557872784149,0.1119328684341077,0.0020855057351407,0.466667,0.3942390158772468,26.0,0,0.0168,52.46153846153846,1.0649,0.046073
978,0.0135557872784149,0.1119328684341077,0.0020855057351407,0.4,0.0011274323042016,28.0,0,0.0,92.0,2.1299,0.053699
979,0.0135557872784149,0.1119328684341077,0.0020855057351407,0.45,0.0071394490078091,25.0,0,0.0,121.6923076923077,2.1299,0.088476
980,0.0135557872784149,0.1119328684341077,0.0020855057351407,0.466667,0.004403029452078,25.0,0,0.0165,124.84615384615384,1.0649,0.070793
981,0.0020855057351407,0.0215778448897403,0.0020855057351407,0.433333,2.0281779766082764,23.0,0,0.0,135.0,0.2184,0.035535
982,0.0135557872784149,0.1119328684341077,0.0020855057351407,0.466667,0.0251404820010066,26.0,0,0.027,35.15384615384615,1.4199,0.038618
983,0.0135557872784149,0.1119328684341077,0.0020855057351407,0.4,0.2644684016704559,25.0,0,0.1109,63.30769230769231,1.4199,0.058065
984,0.0135557872784149,0.1035366551590045,0.0,0.416667,0.1035925857722759,29.0,0,0.034,109.0,1.2171,0.048571
985,0.0135557872784149,0.1119328684341077,0.0020855057351407,0.416667,0.0691657103598117,28.0,0,0.0351,46.15384615384615,1.4199,0.062088
986,0.0135557872784149,0.1119328684341077,0.0020855057351407,0.4,0.0273302616551518,26.0,0,0.0,98.6153846153846,1.0649,0.132483
987,0.0135557872784149,0.1119328684341077,0.0020855057351407,0.433333,0.7563110291957855,26.0,0,0.0535,106.07692307692308,1.0649,0.047643
988,0.0135557872784149,0.1119328684341077,0.0020855057351407,0.433333,0.0289150280877947,30.0,0,0.0062,123.53846153846152,1.4199,0.045245
989,0.0135557872784149,0.1119328684341077,0.0020855057351407,0.45,0.0017337498720735,30.0,0,0.006,140.30769230769232,2.1299,0.072131
990,0.0135557872784149,0.1119328684341077,0.0020855057351407,0.466667,0.2965389490127563,32.0,0,0.1169,49.38461538461539,2.1299,0.060546
991,0.0177267987486965,0.1513401395910411,0.0062565172054223,0.466667,0.0111180376261472,34.0,0,0.0662,36.588235294117645,1.3926,0.040318
992,0.0135557872784149,0.1119328684341077,0.0020855057351407,0.483333,0.0006061742897145,34.0,0,0.0,102.46153846153848,1.0649,0.06941
993,0.0135557872784149,0.1035366551590045,0.0,0.416667,0.0022231330513022,33.0,0,0.0048,109.0,1.0649,0.12778
994,0.0135557872784149,0.1119328684341077,0.0020855057351407,0.416667,0.0188561039976775,35.0,0,0.0,102.6153846153846,1.0649,0.052135
995,0.0135557872784149,0.1119328684341077,0.0020855057351407,0.366667,0.1957000605762004,34.0,0,0.006,104.76923076923076,2.1299,0.048257
996,0.0135557872784149,0.1119328684341077,0.0020855057351407,0.483333,0.0164175853133201,37.0,0,0.0,141.76923076923077,1.2171,0.06021
997,0.0135557872784149,0.1119328684341077,0.0020855057351407,0.45,0.0084210755303502,36.0,0,0.0,107.07692307692308,1.4199,0.074229
998,0.0114702815432742,0.0903897706484124,0.0,0.416667,0.4994831532239914,38.0,0,0.0,158.0,0.9011,0.058735
999,0.0135557872784149,0.1119328684341077,0.0020855057351407,0.433333,0.1683439910411834,39.0,0,0.0,87.6923076923077,1.0649,0.049515
1000,0.0135557872784149,0.1119328684341077,0.0020855057351407,0.366667,0.0332138889934867,41.0,0,0.0403,115.53846153846152,1.0649,0.091348
1001,0.0135557872784149,0.1119328684341077,0.0020855057351407,0.4,0.0050183502025902,37.0,0,0.0,117.46153846153848,1.0649,0.073891
1002,0.0135557872784149,0.1119328684341077,0.0020855057351407,0.383333,0.1141593530774116,39.0,0,0.0649,109.0,1.0649,0.046085
1003,0.0114702815432742,0.0903897706484124,0.0,0.416667,0.0405392064712941,38.0,0,0.1217,60.0,1.2015,0.046104
1004,0.0135557872784149,0.1119328684341077,0.0020855057351407,0.433333,0.0730321686714887,37.0,0,0.0,83.53846153846153,2.1299,0.06097
1005,0.0145985401459853,0.1237447856620501,0.0031282586027111,0.366667,0.2163117174059152,37.0,0,0.0335,119.21428571428572,1.5291,0.060689
1006,0.0135557872784149,0.1119328684341077,0.0020855057351407,0.483333,0.0678855385631322,37.0,0,0.0749,85.92307692307692,1.4199,0.051115
1007,0.0135557872784149,0.1119328684341077,0.0020855057351407,0.416667,0.4440030083060264,32.0,0,0.0,88.07692307692308,0.9466,0.065587
1008,0.0145985401459853,0.1237447856620501,0.0031282586027111,0.433333,0.0671392194926738,34.0,0,0.0,93.0,1.1469,0.059683
1009,0.0135557872784149,0.1119328684341077,0.0020855057351407,0.433333,0.430325835943222,34.0,0,0.287,99.15384615384616,1.4199,0.053354
1010,0.0135557872784149,0.1035366551590045,0.0,0.45,0.7196692526340485,34.0,0,0.0103,59.0,1.4199,0.053093
1011,0.0135557872784149,0.1035366551590045,0.0,0.433333,0.0014663520851172,33.0,0,0.0,103.0,1.0649,0.080964
1012,0.0020855057351407,0.0215778448897403,0.0020855057351407,0.4,0.4912371039390564,36.0,0,0.2651,65.0,0.2184,0.076212
1013,0.0135557872784149,0.1119328684341077,0.0020855057351407,0.383333,0.7940772771835327,40.0,0,0.4366,69.15384615384616,1.4199,0.0419
1014,0.0135557872784149,0.1119328684341077,0.0020855057351407,0.4,0.3694230709224939,36.0,0,0.0062,86.76923076923077,1.4199,0.077244
1015,0.0135557872784149,0.1119328684341077,0.0020855057351407,0.45,0.1292562037706375,39.0,0,0.0277,118.23076923076924,1.0649,0.049223
1016,0.0135557872784149,0.1119328684341077,0.0020855057351407,0.55,0.0530087184160947,49.0,0,0.3268,124.92307692307692,1.0649,0.05315
1017,0.0135557872784149,0.1227798583721755,0.013555787278415,0.433333,0.1101007270626723,46.0,0,0.0281,106.53846153846152,1.4199,0.059192
1018,0.0135557872784149,0.1119328684341077,0.0020855057351407,0.433333,0.6785673499107361,47.0,0,0.005,94.0,1.0649,0.057282
1019,0.1157455683003128,0.6345508404921291,0.0,0.466667,0.7070437967777252,50.0,0,0.025,46.36036036036036,18.1858,0.04037
1020,0.0135557872784149,0.1119328684341077,0.0020855057351407,0.6,0.0907061155885458,53.0,0,0.4427,60.38461538461539,1.0649,0.039447
1021,0.0135557872784149,0.1119328684341077,0.0020855057351407,0.466667,0.1795307472348213,52.0,0,0.0,138.46153846153845,1.4199,0.053169
1022,0.0135557872784149,0.1119328684341077,0.0020855057351407,0.45,0.0012634160229936,53.0,0,0.0191,91.76923076923076,1.0649,0.073758
1023,0.0135557872784149,0.1119328684341077,0.0020855057351407,0.45,0.1114671826362609,63.0,0,0.2617,132.15384615384616,1.0649,0.041193
1024,0.0114702815432742,0.0903897706484124,0.0,0.483333,0.0647912248969078,60.0,0,0.0,111.0,1.2015,0.04702
1025,0.0135557872784149,0.1119328684341077,0.0020855057351407,0.433333,0.0416022539138793,58.0,0,0.0,74.61538461538461,1.4199,0.053121
1026,0.0020855057351407,0.0215778448897403,0.0020855057351407,0.416667,0.0081301927566528,63.0,0,0.0,111.0,0.1638,0.064175
1027,0.0145985401459853,0.1237447856620501,0.0031282586027111,0.35,0.6089468002319336,61.0,0,0.2294,110.78571428571428,1.1469,0.04188
1028,0.0135557872784149,0.1119328684341077,0.0020855057351407,0.433333,0.0147801879793405,62.0,0,0.0,137.23076923076923,1.0649,0.063263
1029,0.0031282586027111,0.0334071630686046,0.0031282586027111,0.333333,0.0166012775152921,66.0,0,0.0,83.33333333333333,0.3277,0.045362
1030,0.0177267987486965,0.1508289560710483,0.0062565172054223,0.383333,0.1269717216491699,62.0,0,0.293,86.76470588235294,1.3926,0.046749
1031,0.0135557872784149,0.1119328684341077,0.0020855057351407,0.45,0.0063272393308579,65.0,0,0.0366,100.07692307692308,1.4199,0.051193
1032,0.0114702815432742,0.0903897706484124,0.0,0.45,0.0565249659121036,65.0,0,0.0,107.0,1.8022,0.03718
1033,0.0145985401459853,0.1208721188193353,0.0031282586027111,0.416667,0.1124423146247863,61.0,0,0.0,135.14285714285714,2.2937,0.052747
1034,0.0135557872784149,0.1088402696816117,0.0010427528675703,0.45,0.0610925965011119,58.0,0,0.3598,107.15384615384616,1.0649,0.05291
1035,0.0135557872784149,0.1119328684341077,0.0020855057351407,0.416667,0.0057383328676223,61.0,0,0.0,102.46153846153848,2.1299,0.076045
1036,0.0135557872784149,0.1119328684341077,0.0020855057351407,0.4,0.3979484438896179,58.0,0,0.0,105.3076923076923,1.4199,0.049786
1037,0.0114702815432742,0.0903897706484124,0.0,0.4,0.1754036545753479,57.0,0,0.0691,145.0,1.8022,0.056272
1038,0.0208550573514076,0.1740911575662978,0.0093847758081334,0.416667,0.1308918893337249,57.0,0,0.1502,58.35,1.6384,0.042797
1039,0.0135557872784149,0.1119328684341077,0.0020855057351407,0.416667,0.025079334154725,54.0,0,0.006,143.6153846153846,2.1299,0.060969
1040,0.0135557872784149,0.1119328684341077,0.0020855057351407,0.433333,0.098522275686264,53.0,0,0.014,72.92307692307692,2.1299,0.042327
1041,0.0135557872784149,0.1119328684341077,0.0020855057351407,0.45,0.0729293227195739,51.0,0,0.3429,146.0,1.0649,0.05606
1042,0.0135557872784149,0.1119328684341077,0.0020855057351407,0.483333,0.6795291900634766,46.0,0,0.0904,58.84615384615385,1.4199,0.044392
1043,0.0135557872784149,0.1119328684341077,0.0020855057351407,0.433333,0.0027929842472076,46.0,0,0.005,98.84615384615384,1.0649,0.083165
1044,0.0135557872784149,0.1119328684341077,0.0020855057351407,0.45,0.0094440849497914,41.0,0,0.1469,122.84615384615384,1.4199,0.059018
1045,0.0135557872784149,0.1035366551590045,0.0,0.416667,0.0163538567721843,40.0,0,0.4897,99.0,1.4199,0.037484
1046,0.0135557872784149,0.1035366551590045,0.0,0.45,0.1220664456486702,37.0,0,0.1471,142.0,1.2171,0.059285
1047,0.0020855057351407,0.0215778448897403,0.0020855057351407,0.45,0.0025056179147213,36.0,0,0.0078,142.0,0.3277,0.057285
1048,0.0135557872784149,0.1119328684341077,0.0020855057351407,0.383333,0.3523302376270294,40.0,0,0.5188,88.76923076923077,1.4199,0.052696
1049,0.0020855057351407,0.0215778448897403,0.0020855057351407,0.4,0.016582166776061,39.0,0,0.3461,65.0,0.3277,0.062527
1050,0.0114702815432742,0.0903897706484124,0.0,0.4,0.1718908101320266,50.0,0,0.1103,168.0,1.0298,0.06211
1051,0.0145985401459853,0.1237447856620501,0.0031282586027111,0.433333,0.2607596814632416,57.0,0,0.0232,133.57142857142858,1.5291,0.054983
1052,0.0135557872784149,0.1119328684341077,0.0020855057351407,0.45,0.0279343575239181,55.0,0,0.4568,154.92307692307693,1.0649,0.057913
1053,0.0135557872784149,0.1119328684341077,0.0020855057351407,0.466667,0.005894657690078,52.0,0,0.2759,94.46153846153848,1.2171,0.078442
1054,0.0135557872784149,0.1119328684341077,0.0020855057351407,0.5,0.8549872636795044,48.0,0,0.0184,82.84615384615384,1.2171,0.051327
1055,0.0156412930135557,0.1334696052239823,0.0041710114702815,0.516667,0.4749408364295959,52.0,0,0.5133,96.73333333333332,1.2288,0.057182
1056,0.0135557872784149,0.1119328684341077,0.0020855057351407,0.533333,0.0002559096028562,48.0,0,0.6173,92.15384615384616,2.1299,0.083342
1057,0.0135557872784149,0.1119328684341077,0.0020855057351407,0.466667,0.00184925168287,45.0,0,0.245,82.76923076923077,2.1299,0.071932
1058,0.0145985401459853,0.1237447856620501,0.0031282586027111,0.45,0.0012050755321979,46.0,0,0.454,132.57142857142858,1.1469,0.067191
1059,0.0145985401459853,0.1237447856620501,0.0031282586027111,0.433333,0.211868554353714,48.0,0,0.6675,112.35714285714286,1.5291,0.057478
1060,0.0135557872784149,0.1119328684341077,0.0020855057351407,0.5,0.0042260866612195,45.0,0,0.6234,116.84615384615384,2.1299,0.05402
1061,0.0020855057351407,0.0215778448897403,0.0020855057351407,0.483333,0.0024617386516183,44.0,0,0.6941,107.0,0.1638,0.080471
1062,0.0114702815432742,0.0903897706484124,0.0,0.433333,1.810742974281311,48.0,0,0.769,91.0,0.9011,0.082169
1063,0.0135557872784149,0.1119328684341077,0.0020855057351407,0.416667,0.0150085054337978,44.0,0,0.6879,77.46153846153847,1.0649,0.057103
1064,0.0135557872784149,0.1119328684341077,0.0020855057351407,0.416667,0.0038266780320554,44.0,0,0.1217,98.92307692307692,1.4199,0.062898
1065,0.0135557872784149,0.1119328684341077,0.0020855057351407,0.4,0.0027797890361398,44.0,0,0.3896,58.23076923076923,1.0649,0.055176
1066,0.0135557872784149,0.1119328684341077,0.0020855057351407,0.4,0.0853811129927635,42.0,0,0.1594,82.84615384615384,1.2171,0.054896
1067,0.0135557872784149,0.1119328684341077,0.0020855057351407,0.433333,0.0017858284991234,42.0,0,0.2415,171.3846153846154,1.0649,0.096327
1068,0.0135557872784149,0.1119328684341077,0.0020855057351407,0.433333,0.000522238726262,41.0,0,0.0,95.3076923076923,2.1299,0.055928
1069,0.0145985401459853,0.1237447856620501,0.0031282586027111,0.416667,0.0046660350635647,40.0,0,0.0654,141.5,2.2937,0.063747
1070,0.0135557872784149,0.1119328684341077,0.0020855057351407,0.45,0.006173588335514,36.0,0,0.0,129.15384615384616,1.2171,0.067254
1071,0.0135557872784149,0.1119328684341077,0.0020855057351407,0.433333,0.1281111091375351,36.0,0,0.2574,96.3076923076923,1.0649,0.050676
1072,0.0135557872784149,0.1119328684341077,0.0020855057351407,0.383333,0.0021755853667855,36.0,0,0.0103,125.84615384615384,1.4199,0.071845
1073,0.0135557872784149,0.1119328684341077,0.0020855057351407,0.416667,0.0010981488740071,36.0,0,0.0239,77.0,2.1299,0.077187
1074,0.0114702815432742,0.0903897706484124,0.0,0.416667,0.0029596358072012,34.0,0,0.03,145.0,1.8022,0.067585
1075,0.0135557872784149,0.1119328684341077,0.0020855057351407,0.383333,0.1972881257534027,35.0,0,0.0062,87.84615384615384,1.4199,0.05787
1076,0.0135557872784149,0.1119328684341077,0.0020855057351407,0.416667,0.8964767456054688,38.0,0,0.0,63.92307692307692,1.4199,0.04249
1077,0.0135557872784149,0.1119328684341077,0.0020855057351407,0.4,0.0028553926385939,34.0,0,0.0,84.61538461538461,2.1299,0.068226
1078,0.0135557872784149,0.1119328684341077,0.0020855057351407,0.45,0.0051443353295326,32.0,0,0.1893,154.15384615384616,1.0649,0.070905
1079,0.0114702815432742,0.0903897706484124,0.0,0.433333,0.0065542962402105,36.0,0,0.0,64.0,1.2015,0.061068
1080,0.0135557872784149,0.1119328684341077,0.0020855057351407,0.433333,0.0273808930069208,38.0,0,0.0,113.46153846153848,1.0649,0.066191
1081,0.0135557872784149,0.1035366551590045,0.0,0.416667,0.0125425346195697,36.0,0,0.1527,96.0,1.4199,0.061351
1082,0.0166840458811261,0.1424056700611028,0.0052137643378519,0.45,0.0395334362983703,35.0,0,0.0366,93.125,1.7476,0.06133
1083,0.0135557872784149,0.1119328684341077,0.0020855057351407,0.45,0.070932924747467,38.0,0,0.0,110.3846153846154,1.0649,0.060111
1084,0.0135557872784149,0.1119328684341077,0.0020855057351407,0.416667,0.0333803966641426,36.0,0,0.2951,87.84615384615384,1.0649,0.046329
1085,0.0135557872784149,0.1119328684341077,0.0020855057351407,0.4,0.0076206680387258,36.0,0,0.5574,100.46153846153848,2.1299,0.055622
1086,0.0135557872784149,0.1119328684341077,0.0020855057351407,0.5,0.3884504437446594,38.0,0,0.3185,77.0,1.4199,0.045602
1087,0.0135557872784149,0.1119328684341077,0.0020855057351407,0.45,0.6326102614402771,40.0,0,0.4096,62.92307692307692,2.1299,0.043201
1088,0.0135557872784149,0.1035366551590045,0.0,0.483333,0.105181485414505,38.0,0,0.4786,99.0,2.1299,0.031724
1089,0.0135557872784149,0.1035366551590045,0.0,0.416667,0.1269619613885879,38.0,0,0.6045,107.0,1.0649,0.060584
1090,0.0135557872784149,0.1119328684341077,0.0020855057351407,0.433333,0.323309987783432,38.0,0,0.301,100.6923076923077,2.1299,0.040013
1091,0.0135557872784149,0.1119328684341077,0.0020855057351407,0.466667,0.312537282705307,40.0,0,0.4617,110.0,1.4199,0.034606
1092,0.0114702815432742,0.0903897706484124,0.0,0.45,0.4898637235164642,40.0,0,0.4006,99.0,1.2015,0.036387
1093,0.0145985401459853,0.1237447856620501,0.0031282586027111,0.4,0.119465596973896,40.0,0,0.4927,91.92857142857144,2.2937,0.053605
1094,0.0135557872784149,0.1119328684341077,0.0020855057351407,0.416667,0.2287548333406448,41.0,0,0.4473,79.84615384615384,2.1299,0.047992
1095,0.0114702815432742,0.0903897706484124,0.0,0.416667,0.010962969623506,42.0,0,0.4421,96.0,1.2015,0.056235
1096,0.0114702815432742,0.0903897706484124,0.0,0.416667,0.0269430521875619,39.0,0,0.6324,91.0,0.9011,0.059435
1097,0.0135557872784149,0.1119328684341077,0.0020855057351407,0.4,0.0385922230780124,40.0,0,0.7127,122.07692307692308,2.1299,0.053024
1098,0.0135557872784149,0.1119328684341077,0.0020855057351407,0.4,0.0012677022023126,40.0,0,0.6664,122.92307692307692,1.4199,0.064134
1099,0.0020855057351407,0.0215778448897403,0.0020855057351407,0.416667,0.9155500531196594,36.0,0,0.8997,97.0,0.1638,0.051713
1100,0.0135557872784149,0.1119328684341077,0.0020855057351407,0.433333,0.0827009528875351,45.0,0,0.0,132.15384615384616,1.0649,0.06079
1101,0.0135557872784149,0.1119328684341077,0.0020855057351407,0.433333,0.007807926274836,41.0,0,0.0,88.15384615384616,1.0649,0.043919
1102,0.0135557872784149,0.1119328684341077,0.0020855057351407,0.45,0.0084900632500648,40.0,0,0.0,131.92307692307693,1.4199,0.070198
1103,0.0135557872784149,0.1119328684341077,0.0020855057351407,0.483333,0.0370305590331554,42.0,0,0.0,138.07692307692307,1.0649,0.067651
1104,0.0135557872784149,0.1119328684341077,0.0020855057351407,0.433333,0.0470788516104221,42.0,0,0.0,111.0,1.0649,0.053581
1105,0.0135557872784149,0.1119328684341077,0.0020855057351407,0.433333,0.0001064482275978,40.0,0,0.0,188.15384615384616,1.0649,0.123337
1106,0.0135557872784149,0.1119328684341077,0.0020855057351407,0.433333,0.0140492003411054,38.0,0,0.0208,119.6923076923077,1.4199,0.056937
1107,0.0135557872784149,0.1119328684341077,0.0020855057351407,0.416667,0.0139228301122784,39.0,0,0.0154,63.46153846153846,1.0649,0.043386
1108,0.0135557872784149,0.1119328684341077,0.0020855057351407,0.4,0.0995702147483825,38.0,0,0.0,100.07692307692308,1.4199,0.045989
1109,0.0135416666666666,0.1118367720110489,0.0020833333333333,0.433333,0.0015105515485629,37.0,0,0.0774,51.46153846153846,1.0638,0.047759
1110,0.0135416666666666,0.1118367720110489,0.0020833333333333,0.416667,0.0076815928332507,34.0,0,0.0078,100.15384615384616,2.1277,0.048908
1111,0.0135416666666666,0.1118367720110489,0.0020833333333333,0.433333,0.7417121529579163,32.0,0,0.0404,99.07692307692308,1.0638,0.054307
1112,0.0135416666666666,0.1118367720110489,0.0020833333333333,0.433333,0.0192060340195894,30.0,0,0.2483,120.6923076923077,2.1277,0.057959
1113,0.015625,0.1249667863446588,0.0020833333333333,0.433333,0.334950715303421,30.0,0,0.0147,149.26666666666668,2.455,0.051775
1114,0.0114583333333333,0.090312942798057,0.0,0.416667,0.149809643626213,31.0,0,0.0412,159.0,1.2002,0.069928
1115,0.0135416666666666,0.1118367720110489,0.0020833333333333,0.45,0.0011725700460374,32.0,0,0.1364,145.30769230769232,1.0638,0.074647
1116,0.0135416666666666,0.1168726749861912,0.003125,0.4,0.0001717658306006,33.0,0,0.0,154.07692307692307,1.0638,0.115209
1117,0.0020833333333333,0.0215585037176219,0.0020833333333333,0.483333,0.0001672366488492,33.0,0,0.0,59.0,0.2182,0.078095
1118,0.0135416666666666,0.1118367720110489,0.0020833333333333,0.466667,0.5815832614898682,31.0,0,0.1917,39.23076923076923,1.0638,0.037409
1119,0.0135416666666666,0.1118367720110489,0.0020833333333333,0.416667,0.0004547992139123,31.0,0,0.0,103.6923076923077,1.4184,0.060095
1120,0.0145833333333332,0.1184652631213083,0.0020833333333333,0.5,0.1266164630651474,30.0,0,0.0,86.14285714285714,1.5275,0.041664
1121,0.0135416666666666,0.1118367720110489,0.0020833333333333,0.45,0.0009994279826059,33.0,0,0.0,84.76923076923077,1.0638,0.06491
1122,0.0135416666666666,0.1118367720110489,0.0020833333333333,0.466667,0.1145852357149124,31.0,0,0.0,123.3846153846154,1.2158,0.058732
1123,0.0135416666666666,0.1118367720110489,0.0020833333333333,0.466667,0.389900803565979,32.0,0,0.0,52.15384615384615,1.4184,0.050245
1124,0.0135416666666666,0.1118367720110489,0.0020833333333333,0.483333,0.0119806006550788,30.0,0,0.0,105.6153846153846,2.1277,0.055693
1125,0.0135416666666666,0.1118367720110489,0.0020833333333333,0.416667,0.4817522466182709,29.0,0,0.0,42.07692307692308,1.0638,0.046817
1126,0.0135416666666666,0.1118367720110489,0.0020833333333333,0.45,0.0415342114865779,29.0,0,0.0347,122.3846153846154,1.4184,0.050349
1127,0.0135416666666666,0.1118367720110489,0.0020833333333333,0.45,3.3126251697540283,25.0,0,0.0123,64.61538461538461,1.4184,0.048345
1128,0.0114583333333333,0.090312942798057,0.0,0.466667,0.0674590319395065,27.0,0,0.0,91.0,0.9002,0.044521
1129,0.0135416666666666,0.1118367720110489,0.0020833333333333,0.416667,0.0099489046260714,30.0,0,0.0,103.15384615384616,1.4184,0.050687
1130,0.0135416666666666,0.1118367720110489,0.0020833333333333,0.45,0.0013078240444883,31.0,0,0.0,50.61538461538461,1.4184,0.062863
1131,0.0135416666666666,0.1118367720110489,0.0020833333333333,0.466667,0.2321748584508896,33.0,0,0.0062,151.46153846153845,1.0638,0.055128
1132,0.0135416666666666,0.1118367720110489,0.0020833333333333,0.466667,0.0063517596572637,31.0,0,0.0,147.92307692307693,1.4184,0.066774
1133,0.0135416666666666,0.1034493047914406,0.0,0.433333,0.0314317308366298,32.0,0,0.0,22.0,2.1277,0.042028
1134,0.0135416666666666,0.1118367720110489,0.0020833333333333,0.433333,0.0736644864082336,34.0,0,0.0,31.384615384615383,1.0638,0.028907
1135,0.0135416666666666,0.1118367720110489,0.0020833333333333,0.4,0.0034886470530182,32.0,0,0.0,92.3076923076923,1.0638,0.056065
1136,0.0166666666666667,0.1422826019577353,0.0052083333333333,0.533333,0.0817743614315986,33.0,0,0.0,32.1875,1.1638,0.039191
1137,0.0135416666666666,0.1118367720110489,0.0020833333333333,0.533333,0.0018336640205234,31.0,0,0.068,95.6923076923077,1.0638,0.056622
1138,0.0135416666666666,0.1118367720110489,0.0020833333333333,0.416667,0.0433201678097248,33.0,0,0.1055,61.30769230769231,1.4184,0.046939
1139,0.0135416666666666,0.1118367720110489,0.0020833333333333,0.5,0.0500091686844825,30.0,0,0.0697,80.07692307692308,1.4184,0.045942
1140,0.0135416666666666,0.1118367720110489,0.0020833333333333,0.5,0.254216194152832,33.0,0,0.121,107.23076923076924,1.0638,0.046008
1141,0.0135416666666666,0.1139201053443822,0.0020833333333333,0.45,1.2246943712234497,31.0,0,0.1494,97.53846153846152,1.0638,0.042853
1142,0.0135416666666666,0.1196747124194129,0.0135416666666666,0.5,0.038273774087429,28.0,0,0.1079,67.23076923076923,1.4184,0.045784
1143,0.0135416666666666,0.1118367720110489,0.0020833333333333,0.583333,0.220332846045494,31.0,0,0.0493,94.3846153846154,2.1277,0.051365
1144,0.0114583333333333,0.0953488457731993,0.0010416666666666,0.55,0.3059313297271728,31.0,0,0.2694,134.45454545454547,0.9002,0.059688
1145,0.0145833333333332,0.1236379737501037,0.003125,0.566667,1.2831594944000244,28.0,0,0.8325,67.42857142857143,1.1457,0.051206
1146,0.0135416666666666,0.1118367720110489,0.0020833333333333,0.516667,0.78912752866745,28.0,0,0.4828,93.23076923076924,1.2158,0.048655
1147,0.0145833333333332,0.128673876725246,0.0041666666666666,0.483333,0.1888908594846725,29.0,0,0.6045,74.5,1.1457,0.048715
1148,0.0135416666666666,0.1034493047914406,0.0,0.583333,0.0927125141024589,30.0,0,0.7233,64.0,1.4184,0.061238
1149,0.0166666666666667,0.1313510044560346,0.0020833333333333,0.5,0.1292006969451904,29.0,0,0.2669,62.875,1.7458,0.051347
1150,0.0135416666666666,0.1118367720110489,0.0020833333333333,0.533333,0.1778599917888641,28.0,0,0.5736,130.46153846153845,2.1277,0.057706
1151,0.0135699373695198,0.1120291438964293,0.0020876826722338,0.55,0.2299716621637344,29.0,0,0.2799,65.53846153846153,1.4214,0.04967
1152,0.0135416666666666,0.1118367720110489,0.0020833333333333,0.466667,0.5432595014572144,30.0,0,0.6481,60.30769230769231,1.0638,0.044937
1153,0.0135416666666666,0.1118367720110489,0.0020833333333333,0.466667,0.0033833899069577,30.0,0,0.137,146.84615384615384,1.4184,0.077595
1154,0.0135416666666666,0.1139201053443822,0.0020833333333333,0.5,0.2131065726280212,31.0,0,0.4973,147.69230769230768,2.1277,0.051158
1155,0.0135416666666666,0.1168726749861912,0.003125,0.483333,0.0031165147665888,29.0,0,0.342,149.3846153846154,1.0638,0.100385
1156,0.0135416666666666,0.1168726749861912,0.003125,0.533333,0.2874657213687897,31.0,0,0.4185,45.76923076923077,1.0638,0.054083
1157,0.0895833333333333,0.5575887178077447,0.0041666666666666,0.5,0.3171463310718536,36.0,0,0.7889,97.45348837209302,9.3835,0.062194
1158,0.015625,0.130264876268805,0.003125,0.666667,0.366288959980011,38.0,0,0.6413,39.06666666666667,1.6367,0.061607
1159,0.0135416666666666,0.1118367720110489,0.0020833333333333,0.666667,0.0803893059492111,34.0,0,0.3259,91.46153846153848,1.0638,0.064903
1160,0.0135416666666666,0.1118367720110489,0.0020833333333333,0.533333,0.1227901950478553,35.0,0,0.5787,113.15384615384616,1.4184,0.069751
1161,0.0135416666666666,0.1118367720110489,0.0020833333333333,0.633333,0.3321554660797119,37.0,0,0.7102,139.76923076923077,1.4184,0.116599
1162,0.0197916666666666,0.1664641042680077,0.0083333333333333,0.583333,0.9353111386299132,29.0,0,0.5001,127.63157894736842,1.5548,0.068679
1163,0.0135416666666666,0.1118367720110489,0.0020833333333333,0.65,0.1463804543018341,30.0,0,0.4366,191.0,1.0638,0.089371
1164,0.0114583333333333,0.090312942798057,0.0,0.55,0.1509580761194229,32.0,0,0.3303,95.0,1.0288,0.060502
1165,0.0166666666666667,0.1501205423660994,0.0166666666666666,0.516667,0.3741160035133362,33.0,0,0.3771,87.5,1.7458,0.059153
1166,0.0135416666666666,0.1140030005047709,0.003125,0.55,0.5779467821121216,31.0,0,0.098,92.76923076923076,1.4184,0.055673
1167,0.0135416666666666,0.1118367720110489,0.0020833333333333,0.5,0.3768197894096374,29.0,0,0.0208,100.6923076923077,1.4184,0.066734
1168,0.0135416666666666,0.1118367720110489,0.0020833333333333,0.5,0.31405770778656,29.0,0,0.0055,145.30769230769232,1.0638,0.059546
1169,0.0135416666666666,0.1118367720110489,0.0020833333333333,0.483333,0.0399650000035762,31.0,0,0.0,146.23076923076923,1.4184,0.086303
1170,0.0135416666666666,0.1139201053443822,0.0020833333333333,0.5,0.17292220890522,35.0,0,0.2168,51.84615384615385,1.0638,0.052304
1171,0.0135416666666666,0.1118367720110489,0.0020833333333333,0.55,0.1468783169984817,33.0,0,0.4924,42.92307692307692,1.0638,0.047416
1172,0.0135416666666666,0.1118367720110489,0.0020833333333333,0.616667,0.1122841015458107,33.0,0,0.6777,142.84615384615384,1.2158,0.097439
1173,0.0135416666666666,0.1118367720110489,0.0020833333333333,0.6,1.127495288848877,30.0,0,0.5973,56.84615384615385,1.0638,0.042034
1174,0.0010416666666667,0.0118217020539483,0.0010416666666666,0.5,0.2300092726945877,28.0,0,0.4897,89.0,0.1091,0.058327
1175,0.0124999999999999,0.1099552570996326,0.0124999999999999,0.6,0.0567526221275329,30.0,0,0.7582,80.75,0.982,0.10093
1176,0.0135416666666666,0.1118367720110489,0.0020833333333333,0.65,0.4594061374664306,27.0,0,0.6034,48.92307692307692,1.0638,0.06148
1177,0.003125,0.0333770700219285,0.003125,0.7,0.1280838400125503,26.0,0,0.7442,68.33333333333333,0.3273,0.069635
1178,0.01875,0.1675294476042317,0.0083333333333333,0.683333,2.243427991867065,27.0,0,0.3255,96.11111111111111,2.946,0.064359
1179,0.0166666666666667,0.1422826019577353,0.0052083333333333,0.666667,0.4231183230876922,28.0,0,0.7577,87.8125,1.4964,0.05681
1180,0.0135416666666666,0.1236064181598476,0.0135416666666666,0.633333,0.2173072397708892,28.0,0,0.7166,128.92307692307693,1.4184,0.06945
1181,0.0135416666666666,0.1232267015175556,0.0135416666666666,0.75,0.3318744897842407,26.0,0,0.62,73.07692307692308,1.0638,0.055653
1182,0.0124999999999999,0.0969446060624731,0.0,0.7,0.7812470197677612,27.0,0,0.6946,45.0,0.982,0.049202
1183,0.0135416666666666,0.1034493047914406,0.0,0.766667,1.693779706954956,30.0,0,0.4579,130.0,0.9456,0.051305
1184,0.0135416666666666,0.1118367720110489,0.0020833333333333,0.8,0.6233019828796387,27.0,0,0.597,71.23076923076923,2.1277,0.052846
1185,0.0135416666666666,0.1034493047914406,0.0,0.75,0.3361420333385467,26.0,0,0.744,37.0,1.0638,0.039178
1186,0.0135416666666666,0.1034493047914406,0.0,0.7,0.4775000214576721,25.0,0,0.7143,92.0,1.4184,0.056174
1187,0.0145833333333332,0.1152505065304954,0.0010416666666666,0.666667,0.430317223072052,22.0,0,0.4378,140.5,1.5275,0.080754
1188,0.0135416666666666,0.1034493047914406,0.0,0.683333,0.2310665845870971,23.0,0,0.7581,58.0,2.1277,0.0599
1189,0.0135416666666666,0.1034493047914406,0.0,0.683333,0.3113974630832672,23.0,0,0.3805,56.0,2.1277,0.064886
1190,0.0135416666666666,0.1034493047914406,0.0,0.6,0.1781703680753708,26.0,0,0.3366,155.0,1.0638,0.070364
1191,0.0135416666666666,0.1034493047914406,0.0,0.633333,0.4504017233848572,25.0,0,0.3203,144.0,1.0638,0.061539
1192,0.0855057351407716,0.483087777703336,0.0010427528675703,0.566667,0.4276622831821441,26.0,0,0.2747,101.3170731707317,8.9564,0.058492
1193,0.0135557872784149,0.1035366551590045,0.0,0.783333,0.3632481694221496,27.0,0,0.076,114.0,1.4199,0.043947
1194,0.0135699373695198,0.1089333169615195,0.0010438413361169,0.633333,0.9034534096717834,26.0,0,0.3146,46.30769230769231,1.066,0.047519
1195,0.0,-0.0,0.0,0.6,0.428057998418808,27.0,0,0.0,0.0,0.0,0.0
1196,0.0135557872784149,0.1035366551590045,0.0,0.583333,0.197997584939003,26.0,0,0.0061,134.0,1.2171,0.053342
1197,0.0135557872784149,0.1035366551590045,0.0,0.65,0.2827663421630859,24.0,0,0.1271,38.0,1.4199,0.04851
1198,0.0145985401459853,0.1153485723869469,0.0010427528675703,0.6,0.4576225876808166,25.0,0,0.0078,142.14285714285714,2.2937,0.058947
1199,0.0271115745568299,0.2068045499854308,0.0,0.616667,0.2766332626342773,27.0,0,0.0481,57.0,4.2597,0.048446
1200,0.0135557872784149,0.1035366551590045,0.0,0.65,0.5546777248382568,26.0,0,0.3342,42.0,1.0649,0.051121
1201,0.0166840458811261,0.1393130713086069,0.0041710114702815,0.716667,1.2795346975326538,28.0,0,0.1966,64.5,1.7476,0.050523
1202,0.0135557872784149,0.1035366551590045,0.0,0.65,1.7975183725357056,27.0,0,0.2588,94.0,1.0649,0.037939
1203,0.0135557872784149,0.1035366551590045,0.0,0.683333,0.2846312522888183,29.0,0,0.0576,144.0,1.0649,0.056345
1204,0.0135557872784149,0.1035366551590045,0.0,0.65,0.1797260195016861,27.0,0,0.5414,97.0,1.4199,0.05534
1205,0.0135557872784149,0.1035366551590045,0.0,0.683333,0.4204355776309967,27.0,0,0.0904,112.0,1.4199,0.05679
1206,0.0145985401459853,0.1153485723869469,0.0010427528675703,0.666667,0.9634779691696168,28.0,0,0.2127,68.42857142857143,1.5291,0.063938
1207,0.0333680917622523,0.2435279809022503,0.0,0.716667,0.6980646252632141,26.0,0,0.3549,41.875,2.6214,0.05141
1208,0.0156412930135557,0.1271588976840199,0.0020855057351407,0.7,0.1906550675630569,24.0,0,0.0,24.6,1.6384,0.058732
1209,0.0135557872784149,0.1035366551590045,0.0,0.616667,0.2452904731035232,26.0,0,0.3064,85.0,1.4199,0.058916
1210,0.0135557872784149,0.1035366551590045,0.0,0.716667,0.2200271487236023,23.0,0,0.1549,55.0,1.0649,0.060676
1211,0.0135557872784149,0.1035366551590045,0.0,0.633333,1.1311143636703491,26.0,0,0.4986,53.0,1.0649,0.051841
1212,0.0135557872784149,0.1035366551590045,0.0,0.633333,0.0203060824424028,24.0,0,0.7541,158.0,1.0649,0.180177
1213,0.0135557872784149,0.1088402696816117,0.0010427528675703,0.65,0.0900532603263855,23.0,0,0.3267,131.53846153846155,1.2171,0.058353
1214,0.0135557872784149,0.1035366551590045,0.0,0.683333,0.1195998266339302,27.0,0,0.5735,46.0,2.1299,0.072742
1215,0.0177267987486965,0.1458165931586527,0.0041710114702815,0.566667,0.8539337515830994,27.0,0,0.6313,92.11764705882354,1.8568,0.057688
1216,0.0135557872784149,0.1035366551590045,0.0,0.733333,1.0056564807891846,31.0,0,0.7668,65.0,1.0649,0.0589
1217,0.0135557872784149,0.1035366551590045,0.0,0.566667,0.0940228849649429,28.0,0,0.3794,153.0,2.1299,0.063033
1218,0.0135557872784149,0.1165669740968537,0.013555787278415,0.683333,0.0881535559892654,29.0,0,0.5565,103.0,1.4199,0.063586
1219,0.0135557872784149,0.1035366551590045,0.0,0.65,0.1103701591491699,30.0,0,0.5436,98.0,1.4199,0.061676
1220,0.0010427528675703,0.0118324604766702,0.0010427528675703,0.683333,0.5617291927337646,28.0,0,0.1476,98.0,0.1092,0.055824
1221,0.0135557872784149,0.1035366551590045,0.0,0.65,0.3253307342529297,28.0,0,0.5871,98.0,2.1299,0.056553
1222,0.0135557872784149,0.1035366551590045,0.0,0.583333,0.4156411588191986,28.0,0,0.1754,98.0,2.1299,0.061533
1223,0.0656934306569343,0.3978911385028194,0.0,0.583333,0.4224529266357422,29.0,0,0.1742,72.92063492063492,6.8811,0.057647
1224,0.0145833333333332,0.1152505065304954,0.0010416666666666,0.7,0.0162281300872564,31.0,0,0.241,152.28571428571428,1.1457,0.142615
1225,0.0,-0.0,0.0,0.766667,0.1074096038937568,30.0,0,0.0,0.0,0.0,0.0
1226,0.0145833333333332,0.1152505065304954,0.0010416666666666,0.616667,0.0245207976549863,32.0,0,0.0592,66.71428571428571,1.5275,0.066669
1227,0.0145833333333332,0.1236379737501037,0.003125,0.566667,0.422184556722641,33.0,0,0.0,61.35714285714285,1.5275,0.055792
1228,0.0135416666666666,0.1034493047914406,0.0,0.633333,0.3950313925743103,37.0,0,0.0,89.0,1.2158,0.049531
1229,0.0010416666666667,0.0118217020539483,0.0010416666666666,0.516667,0.1005947440862655,39.0,0,0.0,45.0,0.0818,0.053783
1230,0.0135416666666666,0.1168726749861912,0.003125,0.616667,0.2274383455514907,41.0,0,0.0,36.46153846153846,1.0638,0.056596
1231,0.0135416666666666,0.1034493047914406,0.0,0.633333,0.1248731017112732,45.0,0,0.0,61.0,1.0638,0.061663
1232,0.0135416666666666,0.1034493047914406,0.0,0.633333,0.7989700436592102,50.0,0,0.0611,177.0,1.0638,0.067905
1233,0.0135416666666666,0.1118367720110489,0.0020833333333333,0.683333,0.1104504391551017,49.0,0,0.0,59.69230769230769,1.0638,0.051584
1234,0.0135416666666666,0.1164660504803962,0.0135416666666666,0.633333,0.0499825216829776,44.0,0,0.0,151.07692307692307,2.1277,0.074103
1235,0.0135416666666666,0.1087473947155868,0.0010416666666666,0.6,0.0254361778497695,51.0,0,0.0514,49.30769230769231,1.0638,0.056411
1236,0.0145833333333332,0.1152505065304954,0.0010416666666666,0.566667,0.1166321337223053,53.0,0,0.015,131.35714285714286,1.1457,0.064383
1237,0.0135416666666666,0.1168726749861912,0.003125,0.633333,0.1726890355348587,45.0,0,0.0,139.15384615384616,1.0638,0.060258
1238,0.0135416666666666,0.1034493047914406,0.0,0.766667,0.261455625295639,48.0,0,0.0,140.0,1.0638,0.05513
1239,0.0135416666666666,0.1034493047914406,0.0,0.633333,0.132765308022499,52.0,0,0.088,102.0,1.0638,0.068271
1240,0.0135416666666666,0.1034493047914406,0.0,0.55,0.0048746075481176,47.0,0,0.0,158.0,1.0638,0.182207
1241,0.0145833333333332,0.1152505065304954,0.0010416666666666,0.616667,0.1474089622497558,44.0,0,0.0,93.64285714285714,1.5275,0.066423
1242,0.0135416666666666,0.1034493047914406,0.0,0.6,0.0718183442950248,41.0,0,0.1331,46.0,2.1277,0.147563
1243,0.0135416666666666,0.1034493047914406,0.0,0.616667,0.3089602291584015,41.0,0,0.2712,69.0,1.4184,0.059429
1244,0.0,-0.0,0.0,0.65,0.107354886829853,36.0,0,0.0873,0.0,0.0,0.0
1245,0.0135557872784149,0.1035366551590045,0.0,0.55,0.1364554017782211,39.0,0,0.0109,142.0,1.2171,0.070826
1246,0.0145833333333332,0.1152505065304954,0.0010416666666666,0.633333,0.1504573076963424,38.0,0,0.4018,75.85714285714286,1.5275,0.080973
1247,0.0135416666666666,0.1034493047914406,0.0,0.666667,0.2942168116569519,35.0,0,0.6374,80.0,1.0638,0.069363
1248,0.0135416666666666,0.1034493047914406,0.0,0.633333,0.1781970113515854,36.0,0,0.057,114.0,1.0638,0.05551
1249,0.0177083333333333,0.1456915656557958,0.0041666666666666,0.616667,0.731459379196167,41.0,0,0.0697,91.47058823529412,1.8549,0.064215
1250,0.0166666666666667,0.1222915970693747,0.0,0.583333,1.2392239570617676,37.0,0,0.1416,155.0,2.6186,0.066747
1251,0.0135416666666666,0.1034493047914406,0.0,0.6,0.0220899768173694,36.0,0,0.1237,113.0,2.1277,0.065611
1252,0.0135416666666666,0.1034493047914406,0.0,0.6,0.4585558176040649,39.0,0,0.0717,65.0,1.4184,0.059097
1253,0.0177083333333333,0.1423112401372161,0.0041666666666666,0.583333,0.3584906160831451,40.0,0,0.0437,89.0,1.3912,0.053884
1254,0.0135416666666666,0.1034493047914406,0.0,0.6,0.2762569487094879,36.0,0,0.0,142.0,1.2158,0.07419
1255,0.0145833333333332,0.1152505065304954,0.0010416666666666,0.666667,0.0027107181958854,36.0,0,0.046,88.92857142857143,1.1457,0.1616
1256,0.0145833333333332,0.1152505065304954,0.0010416666666666,0.616667,0.9389498233795166,40.0,0,0.0062,87.28571428571429,1.5275,0.055789
1257,0.0135416666666666,0.1087473947155868,0.0010416666666666,0.616667,0.0196424815803766,39.0,0,0.0211,67.07692307692308,1.4184,0.093821
1258,0.0135416666666666,0.1034493047914406,0.0,0.65,0.031931810081005,37.0,0,0.0,92.0,2.1277,0.087319
1259,0.0135416666666666,0.1034493047914406,0.0,0.616667,0.8459611535072327,37.0,0,0.0,92.0,2.1277,0.063024
1260,0.0135416666666666,0.1034493047914406,0.0,0.633333,0.4370724260807037,41.0,0,0.0056,172.0,1.0638,0.076299
1261,0.0,-0.0,0.0,0.483333,0.0141933020204305,44.0,0,0.0,0.0,0.0,0.0
1262,0.0135416666666666,0.1087473947155868,0.0010416666666666,0.6,0.4652089774608612,38.0,0,0.0,64.46153846153847,1.4184,0.06479
1263,0.0135416666666666,0.1034493047914406,0.0,0.633333,2.5555567741394043,41.0,0,0.0138,36.0,1.0638,0.04604
1264,0.0135416666666666,0.1034493047914406,0.0,0.583333,0.1953978240489959,44.0,0,0.0,42.0,1.0638,0.052709
1265,0.0135416666666666,0.1168726749861912,0.003125,0.583333,0.5691591501235962,42.0,0,0.0,91.92307692307692,0.9456,0.06233
1266,0.015625,0.130264876268805,0.003125,0.566667,0.9454728364944458,44.0,0,0.0,136.86666666666667,2.455,0.063524
1267,0.0135416666666666,0.1034493047914406,0.0,0.7,0.6021378040313721,47.0,0,0.0,145.0,2.1277,0.075806
1268,0.0104166666666666,0.0835428883103223,0.0,0.616667,0.0176178757101297,51.0,0,0.0,15.0,1.6367,0.055716
1269,0.0135416666666666,0.1034493047914406,0.0,0.633333,0.109411709010601,49.0,0,0.0,96.0,1.0638,0.071535
1270,0.0135416666666666,0.1034493047914406,0.0,0.666667,0.4021286964416504,48.0,0,0.0,113.0,1.0638,0.064148
1271,0.0135416666666666,0.1034493047914406,0.0,0.716667,1.359392166137695,48.0,0,0.0069,124.0,1.4184,0.057494
1272,0.0135416666666666,0.1034493047914406,0.0,0.65,0.2568950057029724,51.0,0,0.0,121.0,1.4184,0.066457
1273,0.0135416666666666,0.1034493047914406,0.0,0.666667,0.4564185738563537,53.0,0,0.0139,97.0,1.0638,0.06316
1274,0.0135416666666666,0.1034493047914406,0.0,0.733333,0.5377386808395386,49.0,0,0.0094,64.0,1.4184,0.066718
1275,0.0135416666666666,0.1034493047914406,0.0,0.616667,0.0262111499905586,48.0,0,0.0107,107.0,2.1277,0.071585
1276,0.0135416666666666,0.1034493047914406,0.0,0.666667,0.0150945801287889,52.0,0,0.0,46.0,1.0638,0.153504
1277,0.0135416666666666,0.1034493047914406,0.0,0.683333,0.240448996424675,49.0,0,0.0529,138.0,1.0638,0.072567
1278,0.0135416666666666,0.1034493047914406,0.0,0.633333,0.0730288326740264,40.0,0,0.0277,46.0,2.1277,0.066216
1279,0.0135557872784149,0.1035366551590045,0.0,0.683333,1.162919044494629,46.0,0,0.0321,122.0,1.0649,0.05875
1280,0.0135557872784149,0.1035366551590045,0.0,0.666667,0.7873529195785522,42.0,0,0.0116,142.0,1.2171,0.06705
1281,0.0135557872784149,0.1035366551590045,0.0,0.633333,0.5870266556739807,47.0,0,0.1577,160.0,1.0649,0.067118
1282,0.0135557872784149,0.1035366551590045,0.0,0.616667,0.0481907129287719,44.0,0,0.0109,5.0,2.1299,0.051723
1283,0.0135557872784149,0.1035366551590045,0.0,0.633333,0.2418333888053894,45.0,0,0.0,101.0,1.0649,0.063236
1284,0.0135557872784149,0.1035366551590045,0.0,0.616667,0.3411381542682647,42.0,0,0.0865,138.0,1.0649,0.060455
1285,0.0135557872784149,0.1035366551590045,0.0,0.6,0.0910454541444778,44.0,0,0.0,107.0,2.1299,0.059439
1286,0.0135557872784149,0.1035366551590045,0.0,0.633333,0.7494490742683411,46.0,0,0.0,98.0,1.4199,0.050338
1287,0.0135557872784149,0.1035366551590045,0.0,0.633333,0.5549631714820862,46.0,0,0.0,153.0,1.0649,0.054729
1288,0.0135557872784149,0.1035366551590045,0.0,0.633333,0.5116812586784363,44.0,0,0.0046,147.0,1.0649,0.048373
1289,0.0135557872784149,0.1035366551590045,0.0,0.55,1.031625509262085,47.0,0,0.0,65.0,1.4199,0.04001
1290,0.0,-0.0,0.0,0.566667,0.4206797182559967,52.0,0,0.0535,0.0,0.0,0.0
1291,0.0135557872784149,0.1088402696816117,0.0010427528675703,0.616667,0.207565888762474,49.0,0,0.0,96.0,1.0649,0.050057
1292,0.0135557872784149,0.1141013557688034,0.0031282586027111,0.633333,0.4789367318153381,51.0,0,0.0165,154.53846153846155,1.0649,0.056336
1293,0.0135557872784149,0.1035366551590045,0.0,0.7,0.2326419055461883,56.0,0,0.0097,85.0,1.0649,0.049508
1294,0.0135557872784149,0.1035366551590045,0.0,0.716667,0.0898133367300033,69.0,0,0.0081,130.0,0.9466,0.052078
1295,0.0135557872784149,0.1035366551590045,0.0,0.666667,0.8725462555885315,74.0,0,0.0297,103.0,1.4199,0.07137
1296,0.0,-0.0,0.0,0.583333,0.0378084257245063,75.0,0,0.2276,0.0,0.0,0.0
1297,0.0135557872784149,0.1035366551590045,0.0,0.65,0.1167613416910171,79.0,0,0.1515,110.0,1.0649,0.093054
1298,0.0135557872784149,0.1035366551590045,0.0,0.616667,0.203903317451477,82.0,0,0.0,61.0,1.2171,0.052493
1299,0.0135699373695198,0.1036241663068428,0.0,0.633333,0.6130707859992981,82.0,0,0.0,37.0,0.9476,0.035576
1300,0.0145985401459853,0.1153485723869469,0.0010427528675703,0.683333,0.0706163942813873,87.0,0,0.4493,6.928571428571429,2.2937,0.062353
1301,0.0156412930135557,0.1250733919488791,0.0020855057351407,0.633333,0.2268724143505096,87.0,0,0.378,166.93333333333334,1.6384,0.083137
1302,0.0135416666666666,0.1034493047914406,0.0,0.65,1.4179635047912598,88.0,0,0.0,22.0,1.0638,0.064497
1303,0.0135416666666666,0.1034493047914406,0.0,0.533333,0.1593414545059204,89.0,0,0.22,135.0,1.2158,0.069771
1304,0.0135416666666666,0.1034493047914406,0.0,0.65,0.238831952214241,92.0,0,0.4232,113.0,1.4184,0.079731
1305,0.0135416666666666,0.1034493047914406,0.0,0.566667,0.0976026728749275,91.0,0,0.1459,135.0,1.4184,0.076265
1306,0.0135416666666666,0.1034493047914406,0.0,0.6,0.1388754397630691,91.0,0,0.1942,96.0,2.1277,0.083054
1307,0.0135416666666666,0.1034493047914406,0.0,0.65,0.106549471616745,93.0,0,0.4511,109.0,1.4184,0.078042
1308,0.0135416666666666,0.1034493047914406,0.0,0.683333,0.1867357045412063,93.0,0,0.3734,96.0,1.4184,0.078686
1309,0.0104166666666666,0.0835428883103223,0.0,0.616667,0.0440076030790805,92.0,0,0.2458,32.0,1.6367,0.072806
1310,0.0,-0.0,0.0,0.65,0.2010940015316009,90.0,0,0.4681,0.0,0.0,0.0
1311,0.0,-0.0,0.0,0.583333,0.0676062181591987,88.0,0,0.5381,0.0,0.0,0.0
1312,0.015625,0.1249667863446588,0.0020833333333333,0.616667,1.4197741746902466,88.0,0,0.4832,183.9333333333333,1.2275,0.058973
1313,0.0218749999999999,0.1728143437515096,0.0083333333333333,0.616667,0.2042046636343002,86.0,0,0.3956,44.19047619047619,2.2913,0.072095
1314,0.0135416666666666,0.1034493047914406,0.0,0.633333,0.3722133636474609,80.0,0,0.4876,205.0,1.0638,0.071453
1315,0.0135416666666666,0.1034493047914406,0.0,0.6,0.3980322778224945,79.0,0,0.5636,50.0,1.0638,0.074321
1316,0.0145833333333332,0.1152505065304954,0.0010416666666666,0.65,0.2458489686250686,78.0,0,0.4659,25.857142857142858,1.3093,0.065592
1317,0.0135416666666666,0.1034493047914406,0.0,0.666667,0.1880784928798675,75.0,0,0.492,22.0,2.1277,0.060378
1318,0.0135416666666666,0.1034493047914406,0.0,0.6,0.1932472288608551,70.0,0,0.3419,198.0,1.0638,0.060531
1319,0.0135416666666666,0.1034493047914406,0.0,0.6,0.1185969337821006,69.0,0,0.5804,198.0,1.0638,0.061654
1320,0.0135416666666666,0.1034493047914406,0.0,0.616667,0.4763654470443725,65.0,0,0.5947,149.0,1.4184,0.075063
1321,0.0135416666666666,0.1034493047914406,0.0,0.633333,0.2619532346725464,58.0,0,0.437,159.0,1.4184,0.092951
1322,0.0135416666666666,0.1034493047914406,0.0,0.633333,0.1640145629644394,54.0,0,0.7652,149.0,1.0638,0.068503
1323,0.0,-0.0,0.0,0.55,1.9398143291473389,51.0,0,0.2864,0.0,0.0,0.0
1324,0.0135416666666666,0.1034493047914406,0.0,0.633333,1.0500516891479492,52.0,0,0.7093,149.0,1.4184,0.072422
1325,0.0135416666666666,0.1034493047914406,0.0,0.666667,1.273413062095642,55.0,0,0.6967,80.0,1.0638,0.05191
1326,0.0135416666666666,0.1034493047914406,0.0,0.6,0.0943215787410736,52.0,0,0.6738,149.0,1.0638,0.071981
1327,0.0135416666666666,0.1164660504803962,0.0135416666666666,0.65,1.3321045637130735,52.0,0,0.6309,137.69230769230768,0.9456,0.059527
1328,0.0135416666666666,0.1034493047914406,0.0,0.65,0.3463552296161651,52.0,0,0.6112,159.0,1.4184,0.078481
1329,0.0135416666666666,0.1140030005047709,0.003125,0.7,0.1640911549329757,55.0,0,0.823,104.23076923076924,1.0638,0.062456
